CodePotTab 3 4096  3304.3 
AAAAAA	 -2.2962500e-01	 -3.5321572e-01	 -2.8058311e-01
AAAAAC	  6.0971327e-02	  2.2505517e-01	  2.8656438e-01
AAAAAG	  4.4798127e-01	  5.2821761e-01	  1.4919762e-01
AAAAAT	 -4.5654517e-02	 -1.5762199e-01	  6.5631434e-02
AAAACA	 -8.7631226e-02	 -7.4984103e-02	 -9.6941009e-02
AAAACC	  5.8507908e-02	  5.2565117e-03	  1.7526621e-01
AAAACG	  3.3359293e-02	  2.6710567e-01	  1.5563649e-01
AAAACT	  2.6537098e-02	 -1.1559259e-01	 -1.2039220e-01
AAAAGA	  7.4110396e-02	  8.5732527e-02	  1.3082576e-01
AAAAGC	  8.5076556e-02	  7.4120745e-02	  1.2586395e-01
AAAAGG	 -1.7107862e-01	  2.3117504e-01	 -1.5804837e-02
AAAAGT	 -4.8088364e-02	 -2.9801771e-01	 -2.0964932e-01
AAAATA	 -2.9942957e-01	 -6.2733091e-02	 -1.6395110e-01
AAAATC	  1.4475246e-01	  1.5957311e-01	  3.2827476e-01
AAAATG	  2.7969539e-01	  3.5455102e-01	  5.2141733e-02
AAAATT	 -1.3405846e-01	 -4.1855443e-01	 -1.6982150e-01
AAACAA	  3.3899192e-02	 -4.4802301e-02	  2.4683953e-03
AAACAC	 -1.0572697e-01	  4.0489182e-02	  1.2232443e-01
AAACAG	  2.0826863e-01	  1.6430911e-01	 -7.0696652e-02
AAACAT	 -1.5212238e-01	 -7.0460148e-02	 -4.3478794e-02
AAACCA	  1.6692254e-01	 -2.7489912e-02	 -4.1072112e-02
AAACCC	 -2.8845930e-01	 -2.7160598e-02	  1.1298104e-01
AAACCG	 -4.8114795e-02	  2.3242605e-01	 -9.6327486e-04
AAACCT	 -1.2657329e-01	 -2.6490182e-01	 -2.4345880e-02
AAACGA	  1.2651913e-01	  1.6911095e-02	  6.1943881e-02
AAACGC	 -1.6489950e-01	  2.3150137e-03	  6.3552499e-02
AAACGG	 -5.5385418e-02	  7.4111141e-02	  4.6096310e-02
AAACGT	 -7.2777137e-02	 -9.1086961e-02	 -1.9141933e-01
AAACTA	 -2.2430775e-01	 -1.1369705e-01	 -9.8575950e-02
AAACTC	  7.1054868e-02	  1.4411283e-01	  2.3352493e-01
AAACTG	  9.7235978e-02	  2.7121273e-01	 -1.5459234e-01
AAACTT	  1.4490262e-02	 -3.2635787e-01	 -1.0518617e-02
AAAGAA	 -5.9227861e-02	 -1.0508476e-01	  6.1080236e-02
AAAGAC	  1.1335192e-02	  7.3885366e-02	  8.9717649e-02
AAAGAG	  4.2359754e-02	  1.9010453e-01	 -1.8036757e-01
AAAGAT	  5.5283129e-02	 -7.1983144e-02	 -5.2167200e-02
AAAGCA	 -8.4334118e-03	 -7.5873296e-04	 -2.3003723e-02
AAAGCC	  5.5922292e-02	  7.5006433e-02	  1.3898939e-01
AAAGCG	 -5.4975066e-02	  1.6325915e-01	 -2.6041012e-02
AAAGCT	  2.2245247e-03	 -1.5805562e-01	 -5.1647350e-02
AAAGGA	  2.6290238e-01	  8.8549525e-02	  1.6551296e-01
AAAGGC	 -1.8486229e-01	  1.0909811e-01	  5.0215844e-02
AAAGGG	 -3.4159991e-01	  6.3573919e-02	 -1.0758617e-01
AAAGGT	 -2.8646100e-01	 -3.2946816e-01	 -3.0289546e-01
AAAGTA	 -1.4999922e-01	 -6.2397409e-02	 -8.0577776e-02
AAAGTC	  1.0180468e-01	  1.7508465e-01	  2.6823863e-01
AAAGTG	  1.0471904e-01	  2.8825384e-01	 -1.5806295e-01
AAAGTT	 -3.3876844e-02	 -3.4837520e-01	 -1.0664106e-02
AAATAA	 -3.7445865e+00	 -1.6632140e-02	 -6.0486339e-02
AAATAC	  4.3126950e-01	  2.0400349e-02	  1.4848287e-01
AAATAG	 -3.3386235e+00	  2.1051499e-01	 -7.2882138e-02
AAATAT	  2.3058222e-01	 -1.0990829e-01	  1.1438427e-02
AAATCA	  1.6725969e-02	  2.6641700e-02	 -7.9192623e-04
AAATCC	  2.7354867e-03	 -3.4300897e-02	  1.6141729e-01
AAATCG	 -3.0536743e-02	  1.5952800e-01	 -8.7897077e-02
AAATCT	  3.5357766e-03	 -2.3550808e-01	 -5.0267916e-02
AAATGA	 -3.7653472e+00	  3.8070364e-03	  3.4579001e-02
AAATGC	  1.8516365e-01	  7.1770445e-02	  8.2102232e-02
AAATGG	  3.5469651e-01	  2.2577395e-01	  1.1638615e-01
AAATGT	 -7.6595820e-03	 -2.6555252e-01	 -1.8154243e-01
AAATTA	 -9.5232636e-02	 -5.5658430e-02	 -1.2557025e-01
AAATTC	  2.5825539e-01	  1.9653817e-01	  2.9454699e-01
AAATTG	  2.0247866e-01	  3.3347240e-01	 -9.2929378e-02
AAATTT	 -2.7572009e-01	 -4.5482916e-01	 -8.3383836e-02
AACAAA	 -2.1812889e-01	 -2.1655160e-01	 -1.8175434e-01
AACAAC	  1.1940602e-01	  2.5659975e-01	  2.5607872e-01
AACAAG	  2.4241912e-01	  2.7752700e-01	 -4.2885739e-02
AACAAT	  8.8152690e-03	 -1.7703135e-01	  3.6850609e-02
AACACA	 -6.6873647e-02	 -7.3552564e-02	 -1.4310853e-01
AACACC	  3.9523099e-02	 -1.1747546e-01	  2.5566968e-01
AACACG	  1.0459006e-02	  3.1433988e-01	 -1.1313330e-01
AACACT	  3.8865004e-02	 -1.3765325e-01	 -2.2984209e-02
AACAGA	 -4.2479426e-02	 -5.9784941e-02	  1.7757775e-02
AACAGC	  1.0595868e-01	  2.0324309e-01	  1.0213460e-01
AACAGG	 -2.9091549e-01	  1.8784551e-01	 -1.1580298e-01
AACAGT	  7.1384303e-02	 -2.7103490e-01	 -3.2431703e-02
AACATA	 -3.9255801e-01	 -1.1954072e-01	 -2.6320851e-01
AACATC	  1.4427553e-01	  2.8846288e-01	  3.7697399e-01
AACATG	  1.9723272e-01	  1.8178962e-01	 -1.3393833e-01
AACATT	 -5.1795390e-02	 -2.6615453e-01	 -1.0848840e-01
AACCAA	  1.4332453e-02	 -9.5699362e-02	 -6.0560737e-02
AACCAC	 -1.1067550e-01	  4.5379978e-02	  2.3239724e-01
AACCAG	  1.4509811e-01	  2.0967703e-01	 -1.1206309e-01
AACCAT	 -7.7533819e-02	 -9.7556017e-02	 -7.2203547e-02
AACCCA	  1.3908215e-01	 -4.8853748e-02	 -3.9679836e-02
AACCCC	 -3.6675230e-01	 -8.1369355e-02	  5.8797162e-02
AACCCG	  1.3458623e-01	  2.8760457e-01	 -3.7648167e-02
AACCCT	 -1.7040616e-01	 -2.7013227e-01	  2.5988841e-02
AACCGA	 -6.0793222e-03	  2.2600633e-03	  8.2966290e-02
AACCGC	  5.6786530e-02	 -3.9773073e-02	  5.4687534e-02
AACCGG	 -2.5238925e-01	  1.1050164e-01	 -7.0710517e-02
AACCGT	  1.3202703e-01	 -1.1408282e-01	 -1.2597504e-01
AACCTA	 -2.2906546e-01	 -1.6511761e-01	  1.7370457e-02
AACCTC	  4.4055197e-02	  1.1426592e-01	  1.8379593e-01
AACCTG	  1.0614109e-01	  2.4308799e-01	 -1.2029271e-01
AACCTT	  2.3825232e-02	 -2.6573288e-01	 -9.1017969e-02
AACGAA	 -1.4413898e-01	 -8.3053224e-02	 -7.8567386e-02
AACGAC	  3.7574586e-02	  5.9631642e-02	  2.0711115e-01
AACGAG	  1.1077155e-01	  1.4604023e-01	 -1.8760845e-01
AACGAT	  5.0574455e-02	 -8.2534522e-02	  5.5737689e-02
AACGCA	 -9.5295049e-02	 -9.3338303e-02	 -1.1392952e-01
AACGCC	  7.9807639e-02	  1.7870614e-01	  2.6493421e-01
AACGCG	 -3.5766788e-02	  1.0618728e-01	 -3.5643551e-01
AACGCT	  5.1960383e-02	 -2.3388918e-01	  2.1544686e-02
AACGGA	  1.7701037e-01	  2.3666417e-02	  9.6347287e-02
AACGGC	 -1.7903429e-01	  4.8005149e-02	  2.4578473e-02
AACGGG	 -1.5422739e-01	  1.2617749e-01	 -1.3842002e-01
AACGGT	 -1.1937935e-01	 -2.7333891e-01	 -1.0417488e-01
AACGTA	 -2.0165080e-01	 -1.7038877e-01	 -2.0890337e-01
AACGTC	  1.1052062e-01	  2.6326498e-01	  2.4287596e-01
AACGTG	  1.2999575e-01	  2.3229209e-01	 -1.3050687e-01
AACGTT	 -7.7488951e-02	 -4.7584534e-01	 -9.4757546e-03
AACTAA	 -3.5467825e+00	 -7.4800014e-02	 -1.9399391e-01
AACTAC	  3.1588858e-01	 -1.5619456e-02	  2.0590146e-01
AACTAG	 -3.2521596e+00	  2.0842440e-01	 -1.7872660e-01
AACTAT	  2.2567657e-01	 -5.9140883e-02	  2.6361343e-02
AACTCA	 -6.3289627e-02	  5.6922366e-03	 -6.5812588e-02
AACTCC	 -1.2187491e-01	 -1.1469416e-01	  2.1779023e-01
AACTCG	  1.4005908e-01	  2.5447801e-01	 -1.6562222e-01
AACTCT	  2.4540016e-02	 -2.4338374e-01	 -3.4611396e-02
AACTGA	 -3.4951541e+00	  5.2599818e-02	 -3.3399690e-02
AACTGC	  2.2934270e-01	  1.0591247e-04	  1.1059283e-01
AACTGG	  2.5166440e-01	  1.6042937e-01	  5.4054733e-02
AACTGT	  1.1464521e-01	 -2.8229976e-01	 -8.9560717e-02
AACTTA	 -3.0037889e-01	 -1.4065318e-01	 -1.2310517e-01
AACTTC	  1.7314416e-01	  2.3878297e-01	  3.2638627e-01
AACTTG	  1.9918101e-01	  2.7037555e-01	 -1.1156644e-01
AACTTT	 -1.4458331e-01	 -3.6867389e-01	 -1.6833521e-01
AAGAAA	 -1.1493748e-01	 -1.9578339e-01	 -1.0366279e-01
AAGAAC	 -2.6817929e-02	  1.1017123e-01	  1.5940712e-01
AAGAAG	  2.1800900e-01	  2.5655252e-01	 -2.4049828e-02
AAGAAT	 -7.6426081e-02	 -1.3106975e-01	  8.3824925e-02
AAGACA	 -4.7520202e-02	 -4.6454106e-02	 -7.5026430e-02
AAGACC	  3.4094516e-02	 -2.0260513e-01	  2.0266517e-01
AAGACG	 -4.9413305e-02	  2.3970622e-01	 -5.1986117e-02
AAGACT	  6.7888916e-02	 -1.3530013e-01	 -3.0100476e-02
AAGAGA	  6.8789430e-02	 -7.8938283e-02	  2.1848403e-02
AAGAGC	  3.4231529e-02	  9.0058975e-02	  8.3784841e-02
AAGAGG	 -2.1867196e-01	  1.7279385e-01	 -9.3571223e-02
AAGAGT	 -1.7285194e-02	 -1.7226629e-01	 -5.9347887e-02
AAGATA	 -4.5637953e-01	 -9.2998698e-02	 -1.1540011e-01
AAGATC	  1.4799815e-01	  6.5627165e-02	  2.4743810e-01
AAGATG	  4.8420329e-02	  2.5156549e-01	 -1.2867527e-01
AAGATT	  4.5658719e-02	 -2.8244856e-01	 -4.5063537e-02
AAGCAA	 -1.2079716e-02	 -4.0122572e-02	 -2.8600663e-02
AAGCAC	 -5.7635311e-02	  1.4152539e-02	  1.2090857e-01
AAGCAG	  1.3077235e-01	  1.3728331e-01	  3.6253254e-03
AAGCAT	 -7.3301777e-02	 -8.8877335e-02	 -5.3916708e-02
AAGCCA	  1.6654998e-01	 -3.1008285e-02	 -7.1198933e-02
AAGCCC	 -1.9854018e-01	 -5.5214297e-03	  2.6275533e-01
AAGCCG	  4.0492252e-02	  3.2691768e-01	  8.4969200e-02
AAGCCT	 -2.1519558e-01	 -3.5830262e-01	 -1.7232268e-01
AAGCGA	  7.7222772e-02	  8.0913845e-03	  9.7424775e-02
AAGCGC	 -1.7665806e-01	 -1.1052587e-01	 -2.8795986e-02
AAGCGG	 -8.4475622e-02	  1.3417384e-01	 -1.5592327e-02
AAGCGT	  5.4097522e-02	 -1.0166676e-01	 -1.3887337e-01
AAGCTA	 -2.8857476e-01	 -1.0349124e-01	 -7.6936856e-02
AAGCTC	  8.5735284e-02	  9.9064425e-02	  2.4978757e-01
AAGCTG	  5.7295460e-02	  2.3405099e-01	 -2.3485583e-01
AAGCTT	  7.3522427e-03	 -3.0939412e-01	 -6.2623195e-02
AAGGAA	 -1.1592260e-01	 -1.1759697e-01	  2.8050249e-02
AAGGAC	  1.8482955e-02	  9.8970987e-02	  9.1624372e-02
AAGGAG	  4.7263544e-02	  1.4083570e-01	 -1.6163500e-01
AAGGAT	  1.0848935e-01	 -2.7837364e-02	  1.7900582e-02
AAGGCA	 -1.0494725e-01	 -1.2910825e-01	  1.0696276e-02
AAGGCC	  5.3251453e-02	  1.3490780e-01	  1.6958269e-01
AAGGCG	 -1.7150800e-01	  1.5193844e-01	 -2.8947628e-01
AAGGCT	  1.7448798e-01	 -1.3902983e-01	  5.0334077e-02
AAGGGA	  2.4548925e-01	 -6.6210374e-02	  1.4055568e-01
AAGGGC	 -2.3577063e-01	  2.9408699e-01	  6.1425947e-02
AAGGGG	 -4.8418331e-01	 -5.5590320e-02	 -3.0230582e-01
AAGGGT	 -1.3419895e-01	 -1.4568985e-01	 -1.0445252e-01
AAGGTA	 -3.9171919e-01	 -3.4282213e-01	 -2.2523619e-01
AAGGTC	  1.5669687e-01	  2.3329364e-01	  2.7690768e-01
AAGGTG	 -2.2617195e-02	  2.5671065e-01	 -3.0613267e-01
AAGGTT	  1.0426880e-01	 -2.8221327e-01	  1.0296453e-01
AAGTAA	 -3.5090506e+00	 -5.5740010e-02	 -1.0809018e-01
AAGTAC	  3.9566362e-01	  4.9538154e-02	  1.0936297e-01
AAGTAG	 -3.3210254e+00	  1.1084484e-01	 -9.7331703e-02
AAGTAT	  2.3298377e-01	 -6.8497859e-02	  6.8245269e-02
AAGTCA	 -1.3496910e-02	  7.2604090e-02	 -2.5411746e-02
AAGTCC	 -8.8575393e-02	 -1.4370528e-01	  1.4192641e-01
AAGTCG	  9.2400581e-02	  1.9574282e-01	 -6.3226625e-02
AAGTCT	 -1.9251138e-02	 -2.7695596e-01	 -2.0021521e-02
AAGTGA	 -3.4672067e+00	  6.0404118e-02	  2.5620246e-03
AAGTGC	  2.6448804e-01	 -2.6161280e-02	  8.3058275e-02
AAGTGG	  1.3111694e-01	  1.0274088e-01	  2.0010278e-03
AAGTGT	  1.4588973e-01	 -1.7830779e-01	 -6.5184943e-02
AAGTTA	 -2.4629042e-01	 -3.9254151e-02	 -1.2286440e-01
AAGTTC	  2.4830692e-01	  1.9046691e-01	  2.8824064e-01
AAGTTG	  1.2447371e-01	  2.5622490e-01	 -1.4383122e-01
AAGTTT	 -1.5293120e-01	 -3.7446329e-01	 -6.4730197e-02
AATAAA	 -2.3279096e-01	 -2.4573688e-01	 -1.8623494e-01
AATAAC	  9.0278052e-02	  2.9901686e-01	  2.2517627e-01
AATAAG	  2.8619099e-01	  3.3313158e-01	 -3.2187484e-02
AATAAT	  5.7883959e-02	 -1.0462142e-01	  9.3572468e-02
AATACA	 -3.4205973e-02	 -5.1452667e-02	 -1.6243684e-01
AATACC	 -8.6352520e-02	 -2.5343413e-02	  2.2734600e-01
AATACG	  7.5105302e-02	  2.7729955e-01	 -7.3930109e-03
AATACT	  3.8278960e-02	 -1.7143263e-01	  7.2984351e-03
AATAGA	 -3.8958382e-02	 -1.3291414e-01	 -1.0743915e-02
AATAGC	  7.6333731e-02	  2.0406169e-01	  1.7658134e-01
AATAGG	 -2.4200420e-01	  1.5898298e-01	 -1.2356365e-01
AATAGT	  8.6763687e-02	 -1.2169707e-01	 -3.7222441e-02
AATATA	 -3.5058406e-01	 -1.5570810e-01	 -3.6243701e-01
AATATC	  6.5228477e-02	  2.1426748e-01	  2.9478800e-01
AATATG	  2.4890560e-01	  2.9831755e-01	 -4.9966820e-02
AATATT	 -3.2622255e-02	 -2.6941791e-01	 -1.6193651e-02
AATCAA	  1.9749064e-02	 -6.1180770e-02	  8.4746750e-03
AATCAC	 -1.1252167e-01	  2.4290709e-02	  1.6104713e-01
AATCAG	  1.0203601e-01	  1.3027993e-01	 -1.3466652e-01
AATCAT	 -6.2048960e-02	 -4.1074499e-02	 -4.8966158e-02
AATCCA	  1.2455916e-01	 -4.4235863e-02	 -1.2089197e-01
AATCCC	 -2.9821149e-01	  3.6053020e-03	  1.1439507e-01
AATCCG	  6.3152656e-02	  2.3327576e-01	  9.3636155e-02
AATCCT	 -1.5124063e-01	 -2.3938052e-01	 -1.1179827e-02
AATCGA	  2.5945634e-02	 -5.2267157e-02	  5.2817535e-02
AATCGC	 -5.6945521e-02	  1.0420037e-02	  1.2231688e-01
AATCGG	 -1.8015188e-01	  7.8157179e-02	 -9.5131733e-02
AATCGT	  1.2761724e-01	 -5.4343711e-03	 -1.2707426e-01
AATCTA	 -1.7091152e-01	 -1.6176106e-01	 -1.6256744e-02
AATCTC	  8.3230957e-03	  1.0672890e-01	  1.5511316e-01
AATCTG	  1.4390104e-02	  2.1159169e-01	 -1.1802906e-01
AATCTT	  7.9511575e-02	 -2.4255228e-01	 -4.0322382e-02
AATGAA	 -1.1280622e-01	 -2.0443612e-01	 -8.0506101e-02
AATGAC	 -4.1120000e-02	  2.2743632e-01	  8.8993654e-02
AATGAG	  8.8750541e-02	  1.0460963e-01	 -6.2868930e-02
AATGAT	  9.2268862e-02	 -8.8399295e-03	  9.2460930e-02
AATGCA	 -9.7505711e-03	 -2.4705701e-02	 -3.2038257e-02
AATGCC	 -9.0541355e-02	  7.2739325e-02	  9.6335046e-02
AATGCG	 -5.6788161e-02	  9.6192315e-02	 -1.1330844e-01
AATGCT	  8.8936746e-02	 -1.0021316e-01	  3.1361621e-02
AATGGA	  2.0169117e-01	 -1.6693173e-02	  3.7119143e-02
AATGGC	 -2.7282298e-01	  3.1212696e-03	  1.1098031e-01
AATGGG	 -2.7282196e-01	  9.9493235e-02	 -1.1751498e-01
AATGGT	 -8.9146972e-02	 -7.9138301e-02	 -7.5915746e-02
AATGTA	 -1.4803927e-01	 -6.2784389e-02	 -1.4210221e-01
AATGTC	  2.7575035e-02	  1.4973857e-01	  2.9486078e-01
AATGTG	  1.4413844e-01	  2.8408554e-01	 -1.1077454e-01
AATGTT	 -3.6272466e-02	 -3.5726210e-01	 -4.9039591e-02
AATTAA	 -3.5658622e+00	 -7.3064953e-02	 -1.2467479e-01
AATTAC	  3.5070848e-01	  8.1773967e-02	  1.0406678e-01
AATTAG	 -3.1814663e+00	  2.2883372e-01	 -1.3989776e-01
AATTAT	  2.8542614e-01	 -1.1138536e-01	  1.0042158e-01
AATTCA	 -3.1361513e-02	 -2.9398322e-02	 -5.9604391e-02
AATTCC	 -1.2077723e-01	 -1.8428697e-03	  6.7181371e-02
AATTCG	  1.1746267e-01	  1.7984560e-01	  3.8930753e-05
AATTCT	  3.1776126e-02	 -1.2773266e-01	  1.2756129e-02
AATTGA	 -3.5967326e+00	  3.2504857e-02	  2.2181969e-02
AATTGC	  1.2732914e-01	 -1.1013403e-01	  5.4087281e-02
AATTGG	  2.9385680e-01	  2.5533193e-01	 -2.6480483e-02
AATTGT	  1.4496557e-01	 -2.8378811e-01	 -5.3239085e-02
AATTTA	 -1.4527615e-02	  6.5985830e-03	 -7.6905176e-02
AATTTC	  1.0040933e-01	  3.1515725e-02	  2.2108704e-01
AATTTG	  3.5503146e-01	  4.1646591e-01	  1.5208217e-02
AATTTT	 -3.1228113e-01	 -3.6287081e-01	 -1.1384717e-01
ACAAAA	 -1.2043298e-01	 -1.5001819e-01	 -1.4251871e-01
ACAAAC	 -8.9794677e-03	  8.9061812e-02	  1.0818440e-01
ACAAAG	  2.1667410e-01	  3.7562010e-01	  6.5961130e-02
ACAAAT	  7.2020955e-02	 -8.0756098e-02	  1.1263712e-01
ACAACA	 -2.6593441e-02	 -1.4731276e-02	  7.5600758e-02
ACAACC	 -2.1684833e-02	 -5.8108021e-02	  1.9235834e-01
ACAACG	 -3.4067079e-02	  2.4950461e-01	 -7.2798319e-02
ACAACT	  4.7198623e-02	 -1.2475005e-01	 -1.8957810e-01
ACAAGA	  1.5996300e-02	 -1.2445495e-02	 -8.2910676e-03
ACAAGC	  2.9858196e-02	  4.0476780e-02	  1.4867383e-01
ACAAGG	 -2.1970288e-01	  2.2432829e-01	  5.1697008e-02
ACAAGT	  5.0047986e-02	 -1.9895299e-01	 -1.3533095e-01
ACAATA	 -3.1360719e-01	 -2.0239219e-02	 -1.5693046e-01
ACAATC	  1.0516088e-01	  1.9618726e-01	  3.2164291e-01
ACAATG	  2.2957720e-01	  2.9561186e-01	 -4.3901126e-03
ACAATT	 -4.3483663e-02	 -3.2396472e-01	 -9.3603209e-02
ACACAA	  8.3993331e-02	  3.2794144e-02	  6.4540535e-02
ACACAC	 -3.3837658e-01	 -1.6813964e-01	 -9.3597390e-02
ACACAG	  1.9108987e-01	  1.8051255e-01	 -2.5701230e-02
ACACAT	 -5.5596177e-02	 -4.9471579e-02	 -7.5016897e-03
ACACCA	  9.9735834e-02	 -1.9486887e-02	  4.5751035e-02
ACACCC	 -3.5688519e-01	 -5.6591704e-03	  4.2554032e-02
ACACCG	  5.4340027e-02	  1.7059872e-01	 -8.3796773e-03
ACACCT	 -4.3942980e-02	 -1.4140783e-01	 -9.5754638e-02
ACACGA	  3.8550787e-02	 -1.5041275e-02	  6.3969843e-02
ACACGC	 -1.9359994e-01	 -1.3094312e-01	  2.9841907e-02
ACACGG	 -8.7930419e-02	  1.4241920e-01	  5.5642179e-03
ACACGT	  8.4736519e-02	 -2.8775157e-02	 -1.1797718e-01
ACACTA	 -2.1976419e-01	 -6.4433075e-02	 -4.1647937e-02
ACACTC	 -9.0765864e-02	  8.5166603e-02	  1.8569025e-01
ACACTG	  6.8481423e-02	  2.3262191e-01	 -1.4025837e-01
ACACTT	  7.5684741e-02	 -2.3082723e-01	 -2.3826079e-02
ACAGAA	 -4.9439237e-02	 -7.4780300e-02	 -3.0000249e-02
ACAGAC	 -5.1140059e-02	  1.8204229e-02	  1.0020250e-01
ACAGAG	  1.9899774e-02	  1.9771916e-01	 -4.1933056e-02
ACAGAT	  9.3503810e-02	 -7.3056437e-02	  1.8270800e-02
ACAGCA	 -2.5531756e-02	  6.2790560e-03	  1.4175163e-01
ACAGCC	 -6.5914653e-02	 -4.3383699e-02	  7.8069508e-02
ACAGCG	 -6.9901980e-02	  2.1612523e-01	 -2.9461819e-01
ACAGCT	  7.7358179e-02	 -1.2776844e-01	 -1.2041440e-01
ACAGGA	  2.3946266e-01	  5.3131815e-02	  1.1268381e-01
ACAGGC	 -1.1921754e-01	  9.9607393e-02	  1.1399472e-01
ACAGGG	 -2.9951397e-01	  1.0333748e-01	 -7.8942545e-02
ACAGGT	 -2.8492713e-01	 -2.8834429e-01	 -2.8731796e-01
ACAGTA	 -1.7523742e-01	 -1.6521363e-01	 -2.4594568e-01
ACAGTC	  1.2557241e-01	  1.7192018e-01	  2.1433018e-01
ACAGTG	  6.9491086e-03	  3.1560057e-01	 -3.9238200e-02
ACAGTT	  7.3762454e-02	 -2.1764812e-01	  8.6753257e-02
ACATAA	 -3.3495383e+00	  8.8724211e-02	  2.8267954e-03
ACATAC	  2.9212955e-01	 -1.1685321e-01	  4.1230854e-02
ACATAG	 -3.0220702e+00	  1.0266373e-01	 -1.0418808e-01
ACATAT	  2.5701588e-01	 -9.1647819e-02	  1.3397345e-02
ACATCA	  4.2260680e-03	  4.3085631e-02	  2.0854853e-02
ACATCC	 -1.2058987e-01	 -8.2886666e-03	  1.3952243e-01
ACATCG	  3.5723250e-02	  1.6946319e-01	 -6.6899266e-03
ACATCT	  3.4772590e-02	 -1.9817214e-01	 -1.3646074e-01
ACATGA	 -3.4203522e+00	  1.6634746e-02	  3.8144410e-02
ACATGC	  1.7333388e-01	  2.6750365e-02	  6.7304030e-02
ACATGG	  2.8505895e-01	  1.5815538e-01	  2.6566075e-02
ACATGT	  5.7395495e-02	 -1.8336776e-01	 -1.1494821e-01
ACATTA	 -5.2768636e-02	 -3.4847617e-02	 -3.0626344e-02
ACATTC	  2.4113680e-01	  2.0143829e-01	  2.2685878e-01
ACATTG	  1.6090965e-01	  3.4462109e-01	 -9.7506277e-02
ACATTT	 -1.7612873e-01	 -3.2835022e-01	 -6.0639098e-02
ACCAAA	 -2.0406093e-01	 -1.6907954e-01	 -1.3489841e-01
ACCAAC	  1.5800028e-01	  1.8039545e-01	  2.0838137e-01
ACCAAG	  2.7117565e-01	  2.9397529e-01	 -1.5281829e-02
ACCAAT	 -4.5805078e-02	 -1.4717914e-01	  2.5087271e-02
ACCACA	 -1.7373988e-02	  1.5191820e-02	 -3.8772788e-02
ACCACC	  5.8606125e-02	 -6.9346502e-02	  2.4869923e-01
ACCACG	 -2.1588139e-01	  2.2329211e-01	 -2.7081999e-01
ACCACT	  7.2920829e-02	 -2.0300014e-01	 -1.6345121e-01
ACCAGA	 -2.7648292e-02	 -4.1404661e-02	 -3.3170380e-02
ACCAGC	  1.1683982e-01	  1.2247210e-01	  1.1463248e-01
ACCAGG	 -2.9996207e-01	  1.5035385e-01	  2.6879201e-02
ACCAGT	  6.2845774e-02	 -2.3166355e-01	 -9.1086380e-02
ACCATA	 -3.2463998e-01	 -7.6152869e-02	 -2.7472669e-01
ACCATC	  1.9714572e-01	  2.0123750e-01	  3.1109309e-01
ACCATG	  1.1304200e-01	  1.6585325e-01	 -2.3697978e-01
ACCATT	 -8.6867869e-02	 -2.9551750e-01	 -7.4959546e-02
ACCCAA	  5.2554175e-02	 -6.3585639e-02	 -2.0949254e-02
ACCCAC	 -8.6906537e-02	  2.7337382e-02	  1.1784928e-01
ACCCAG	  1.4869912e-01	  2.2389127e-01	  1.0508670e-01
ACCCAT	 -1.3994007e-01	 -1.0091904e-01	 -1.3398629e-01
ACCCCA	  2.3537415e-01	  2.4913274e-02	  4.6739690e-02
ACCCCC	 -4.7775304e-01	 -1.5483168e-01	  1.0555635e-01
ACCCCG	  5.9128743e-02	  3.0290553e-01	 -4.3263659e-02
ACCCCT	 -2.0477213e-01	 -2.8229633e-01	 -1.5517694e-01
ACCCGA	 -5.7308741e-02	  7.3491789e-02	  9.1466114e-02
ACCCGC	  8.5559696e-02	 -1.3598827e-01	 -7.1550854e-02
ACCCGG	 -2.7575099e-01	  1.4956397e-01	  7.3618405e-02
ACCCGT	  1.4090046e-01	 -2.0596021e-01	 -1.8065774e-01
ACCCTA	 -2.0445274e-01	 -1.3452448e-01	  3.2928158e-02
ACCCTC	  1.3661830e-01	  1.0609442e-01	  1.9050206e-01
ACCCTG	  2.0073865e-02	  2.8256491e-01	 -2.5640512e-01
ACCCTT	 -5.1849838e-03	 -3.2152605e-01	 -7.4627466e-02
ACCGAA	 -1.1789173e-01	 -5.0546076e-02	 -9.1039026e-03
ACCGAC	  6.3913010e-02	  3.4990735e-02	  1.0298222e-01
ACCGAG	  1.1016010e-01	  1.4505978e-01	 -1.4742900e-01
ACCGAT	  3.2476898e-02	 -7.3775664e-02	  2.3840914e-02
ACCGCA	 -3.9880179e-02	 -6.8966765e-03	 -9.8118462e-02
ACCGCC	  2.6277432e-02	 -1.5178847e-03	  2.0593230e-01
ACCGCG	 -1.5696226e-01	  1.9782947e-01	 -3.9036328e-01
ACCGCT	  8.2118511e-02	 -1.7842850e-01	 -6.0643442e-02
ACCGGA	  2.0057891e-01	  2.0838669e-02	  7.2223723e-02
ACCGGC	 -2.1519838e-01	 -3.7911721e-02	 -1.0751186e-02
ACCGGG	 -2.6166448e-01	  1.6296113e-01	 -5.9202019e-02
ACCGGT	 -8.8311560e-02	 -1.5890171e-01	 -8.5353047e-02
ACCGTA	 -2.0731716e-01	 -1.3789423e-01	 -2.4723244e-01
ACCGTC	  2.1934165e-01	  1.7375588e-01	  2.7978170e-01
ACCGTG	 -6.6582963e-02	  2.7744782e-01	 -1.8997982e-01
ACCGTT	  4.0606134e-02	 -3.1161150e-01	  4.9866583e-02
ACCTAA	 -3.2627060e+00	 -3.4678798e-02	 -1.3518113e-01
ACCTAC	  3.3343080e-01	 -3.9271068e-02	  1.4872192e-01
ACCTAG	 -2.9866531e+00	  1.3417850e-01	 -1.0931406e-01
ACCTAT	  2.2296491e-01	 -2.2671599e-02	  2.3999374e-02
ACCTCA	  3.1558428e-02	  8.7314015e-03	 -3.3853590e-02
ACCTCC	 -1.0863465e-01	 -9.4263099e-02	  2.1257737e-01
ACCTCG	  7.4914031e-02	  2.8033400e-01	 -1.5444982e-01
ACCTCT	  7.2855549e-03	 -1.7267250e-01	 -1.6487978e-01
ACCTGA	 -3.1300180e+00	  2.1710286e-02	 -4.5746747e-02
ACCTGC	  2.5877872e-01	 -8.5297778e-02	  2.2590725e-02
ACCTGG	  2.2497138e-01	  1.8642722e-01	  1.0444688e-01
ACCTGT	  9.2143424e-02	 -1.7184658e-01	 -4.8966765e-02
ACCTTA	 -1.4580913e-01	 -6.7101926e-02	 -1.2449014e-01
ACCTTC	  2.0501544e-01	  1.7467728e-01	  3.0636650e-01
ACCTTG	  1.4649484e-01	  2.1998380e-01	 -2.4867967e-01
ACCTTT	 -2.5808269e-01	 -3.4920275e-01	 -1.8934849e-01
ACGAAA	 -8.6704403e-02	 -1.6579969e-01	 -9.5891073e-02
ACGAAC	 -1.4055951e-02	  7.8148052e-02	  7.8176849e-02
ACGAAG	  7.0763022e-02	  3.0749786e-01	  3.0690886e-02
ACGAAT	  8.8439569e-02	 -1.1868353e-01	  8.2431220e-02
ACGACA	  1.6513500e-02	 -4.1844916e-02	 -2.3930527e-02
ACGACC	 -1.5592822e-01	 -1.2787810e-01	  1.0400207e-01
ACGACG	  7.4245692e-03	  1.6584577e-01	 -5.8037657e-02
ACGACT	  4.3223720e-02	 -1.1193428e-01	  2.1057513e-02
ACGAGA	 -3.1222355e-02	 -7.4539959e-02	  4.7264982e-02
ACGAGC	  7.3917821e-02	  3.7343573e-02	  2.9094361e-02
ACGAGG	 -1.9564210e-01	  1.6959620e-01	 -1.2858306e-01
ACGAGT	  9.7270161e-02	 -8.9884259e-02	 -2.2342131e-02
ACGATA	 -2.2720425e-01	 -2.5035160e-02	 -1.7805550e-01
ACGATC	  5.2928049e-02	  1.0066169e-01	  1.8756683e-01
ACGATG	  4.7189523e-02	  1.8603036e-01	 -2.5623640e-01
ACGATT	  4.0962871e-02	 -2.6234207e-01	  9.6103407e-02
ACGCAA	 -2.9454667e-02	 -1.0351119e-02	  8.5004270e-02
ACGCAC	 -1.1182248e-01	 -4.5722760e-02	  2.8716978e-02
ACGCAG	  7.5081050e-02	  8.7704979e-02	 -1.1959544e-01
ACGCAT	  1.8733786e-02	 -5.5281803e-02	 -5.1189244e-02
ACGCCA	  6.6976510e-02	  1.3461596e-02	 -3.3757247e-02
ACGCCC	 -2.0779356e-01	 -1.7388250e-01	  9.6487515e-02
ACGCCG	  1.5258905e-01	  2.5380260e-01	  6.7098074e-02
ACGCCT	 -1.4583713e-01	 -2.5724569e-01	 -8.8800952e-02
ACGCGA	  8.2721710e-02	  6.4179391e-02	  1.5499046e-01
ACGCGC	 -3.1122187e-01	 -3.3895653e-01	 -2.1334153e-01
ACGCGG	  9.6627370e-02	  1.5798007e-01	  5.7123415e-02
ACGCGT	  2.8308712e-02	  1.9919579e-03	 -1.1022718e-01
ACGCTA	 -1.7339739e-01	 -5.9355479e-02	  4.1084543e-02
ACGCTC	 -4.7295723e-02	 -5.4338207e-03	  1.3539439e-01
ACGCTG	  1.0946133e-01	  2.3280326e-01	 -2.4462381e-01
ACGCTT	  2.0063682e-02	 -2.4707884e-01	  7.2880997e-03
ACGGAA	 -7.7897146e-02	 -9.1563687e-02	  1.8048260e-02
ACGGAC	 -4.7537468e-02	  7.1806207e-02	  5.5285461e-02
ACGGAG	 -2.9811760e-02	  1.8407796e-01	 -7.4552961e-02
ACGGAT	  1.5805414e-01	 -1.2088191e-01	 -2.1084745e-03
ACGGCA	 -4.9402341e-02	 -1.2776850e-01	 -1.0261656e-02
ACGGCC	 -1.2463497e-01	  3.1493191e-02	  5.1463366e-02
ACGGCG	  3.8853439e-03	  1.8883763e-01	 -1.1513626e-01
ACGGCT	  1.1391944e-01	 -9.3999073e-02	  6.0220640e-02
ACGGGA	  1.0159519e-01	 -5.6516740e-02	  1.2327322e-01
ACGGGC	 -2.5999291e-02	  1.3813441e-01	  1.7980017e-02
ACGGGG	 -3.6783659e-01	  5.6689358e-03	 -3.1198758e-01
ACGGGT	  3.6940962e-02	 -5.0672308e-02	 -7.1584463e-02
ACGGTA	 -2.2120281e-01	 -2.7369335e-01	 -3.2195479e-01
ACGGTC	  9.4781414e-02	  1.8706933e-01	  1.8763128e-01
ACGGTG	  3.3918250e-02	  2.9627419e-01	 -8.3814628e-02
ACGGTT	  9.0765834e-02	 -2.4652259e-01	  1.4530244e-01
ACGTAA	 -3.0090444e+00	  7.8479061e-03	  8.1733055e-04
ACGTAC	  2.9387951e-01	  8.0907144e-02	  1.0850242e-01
ACGTAG	 -2.9393358e+00	  3.1163713e-02	 -1.6612850e-01
ACGTAT	  3.4739253e-01	 -1.0085990e-01	  3.7196614e-02
ACGTCA	  3.7448980e-02	 -3.8880815e-03	 -1.3882358e-01
ACGTCC	 -2.0850095e-01	 -1.1379093e-01	  1.2166724e-01
ACGTCG	  7.8646906e-02	  2.0407495e-01	  6.7517608e-02
ACGTCT	 -3.7435338e-02	 -1.4117694e-01	  6.1529439e-02
ACGTGA	 -3.2083442e+00	 -3.1602286e-02	  1.2958332e-02
ACGTGC	  1.3253689e-01	 -9.0076633e-02	  3.1422596e-02
ACGTGG	  9.6228205e-02	  1.5140480e-01	  1.6718097e-02
ACGTGT	  1.8506977e-01	 -1.4472020e-01	 -5.8095802e-02
ACGTTA	 -6.7426667e-02	 -2.8028725e-02	  1.1843161e-02
ACGTTC	  1.3708761e-01	  1.2787491e-01	  2.2504614e-01
ACGTTG	  1.6737182e-01	  2.7772093e-01	 -1.5195294e-01
ACGTTT	 -1.6530704e-01	 -3.1628445e-01	 -7.5815476e-02
ACTAAA	 -8.1110865e-02	 -2.4145803e-01	 -1.1689743e-01
ACTAAC	 -1.3307386e-02	  1.5209436e-01	  1.1158275e-01
ACTAAG	  2.3468436e-01	  4.6691516e-01	 -6.8175723e-03
ACTAAT	  2.5681125e-02	 -8.2984775e-02	  6.9592737e-02
ACTACA	 -5.9060145e-02	 -4.8182268e-02	 -1.6410387e-01
ACTACC	  7.9877302e-02	  5.2748229e-03	  2.3968670e-01
ACTACG	 -4.5478716e-02	  2.8365240e-01	  4.5353163e-02
ACTACT	  5.3790342e-02	 -1.4522702e-01	  1.1572741e-02
ACTAGA	 -4.8657507e-02	 -1.8764572e-01	  9.5561305e-03
ACTAGC	  1.2906109e-01	  2.0679463e-01	  1.7558734e-01
ACTAGG	 -3.1220248e-01	  1.4088507e-01	 -1.1714152e-01
ACTAGT	  1.0923054e-01	 -4.7443446e-02	 -7.3126033e-02
ACTATA	 -3.3673596e-01	 -1.3002884e-01	 -4.6034712e-01
ACTATC	  1.4085704e-01	  1.9756064e-01	  3.1970203e-01
ACTATG	  1.0650274e-01	  2.6586834e-01	 -1.1198857e-01
ACTATT	  1.4127081e-02	 -2.3808028e-01	  1.2089144e-02
ACTCAA	  7.5395510e-02	 -3.3037539e-03	  2.1292171e-02
ACTCAC	 -2.6688385e-01	 -8.7732017e-02	 -2.2296157e-02
ACTCAG	  1.2773959e-01	  7.9709232e-02	  6.2447637e-03
ACTCAT	 -2.8025357e-02	  2.8972382e-02	 -1.7928846e-02
ACTCCA	  1.4633851e-01	 -2.6032191e-02	 -1.1924483e-01
ACTCCC	 -3.7950820e-01	  1.3180587e-01	  9.6808195e-02
ACTCCG	  1.1680909e-02	  7.2232977e-02	  2.1082221e-01
ACTCCT	 -1.4634053e-01	 -1.2634721e-01	 -1.0259797e-01
ACTCGA	 -2.9572668e-02	 -1.4422569e-02	  7.3298708e-02
ACTCGC	  5.8722638e-02	 -2.0924127e-02	  7.4424960e-02
ACTCGG	 -3.0417803e-01	  1.1102986e-01	 -3.4874883e-02
ACTCGT	  1.6220452e-01	 -8.9609995e-02	 -1.4722016e-01
ACTCTA	 -1.7059033e-01	 -6.0068224e-02	  1.8939272e-02
ACTCTC	 -4.8566423e-02	 -2.5824094e-02	  1.7283954e-01
ACTCTG	 -3.9259002e-02	  2.5053877e-01	 -1.7912066e-01
ACTCTT	  1.2136863e-01	 -1.9486105e-01	 -7.6380670e-02
ACTGAA	 -6.3827127e-02	 -2.6560482e-01	  1.4469939e-03
ACTGAC	 -5.4473884e-02	  2.4632320e-01	  8.4078059e-02
ACTGAG	  3.4724317e-02	  2.8858590e-01	 -6.3896090e-02
ACTGAT	  9.9236205e-02	 -3.1410929e-02	 -2.3616718e-02
ACTGCA	 -6.1564804e-03	 -1.3270928e-02	 -5.3979490e-02
ACTGCC	 -6.3082658e-02	  3.9718743e-02	  7.4375927e-02
ACTGCG	 -1.4043698e-01	  1.5605289e-01	 -1.2626824e-01
ACTGCT	  9.0760536e-02	 -1.1274917e-01	  4.9922798e-02
ACTGGA	  1.8682240e-01	 -2.2258498e-02	  7.8223467e-02
ACTGGC	 -2.5986323e-01	 -6.9260029e-03	  4.3668453e-02
ACTGGG	 -3.5370815e-01	  1.9823417e-01	 -1.4901738e-01
ACTGGT	 -1.0189113e-01	 -1.4621621e-01	 -1.1360266e-01
ACTGTA	 -2.0235229e-01	 -1.7038383e-01	 -3.3363682e-01
ACTGTC	  2.0755883e-01	  1.0129824e-01	  2.6822770e-01
ACTGTG	  1.0481647e-02	  3.4421450e-01	 -5.9894450e-02
ACTGTT	  4.5175388e-02	 -2.4296886e-01	  1.0089284e-01
ACTTAA	 -3.2765648e+00	 -2.0391366e-02	 -1.1138110e-01
ACTTAC	  6.9623210e-02	 -5.3447012e-02	 -5.5716611e-02
ACTTAG	 -2.8333907e+00	  1.8284510e-01	 -1.7618619e-01
ACTTAT	  3.1703293e-01	 -1.7599231e-02	  1.4540111e-01
ACTTCA	  2.7711496e-02	  5.9114601e-02	 -3.8459893e-02
ACTTCC	 -1.2972979e-01	  2.9473014e-02	  6.1786875e-02
ACTTCG	  6.8124250e-02	  8.8990651e-02	  1.1888806e-01
ACTTCT	  1.8769039e-02	 -1.4146939e-01	 -6.5061942e-02
ACTTGA	 -3.4348056e+00	  1.4428668e-02	 -3.6867291e-02
ACTTGC	  2.6578999e-01	 -4.0891614e-02	  1.2954453e-01
ACTTGG	  1.4900829e-01	  2.1929397e-01	  2.9199269e-02
ACTTGT	  1.3919286e-01	 -2.3852810e-01	 -8.2784958e-02
ACTTTA	 -3.0734718e-02	  3.9128322e-02	 -1.4020371e-01
ACTTTC	  1.2835869e-01	 -1.2424813e-01	  2.0941080e-01
ACTTTG	  2.4214692e-01	  4.0595150e-01	 -1.0299578e-01
ACTTTT	 -1.9896998e-01	 -2.7459764e-01	 -3.5062663e-02
AGAAAA	 -1.4337158e-01	 -1.1858795e-01	 -1.3108130e-01
AGAAAC	  5.1110692e-02	  1.7072490e-01	  1.6513920e-01
AGAAAG	  2.3155302e-01	  3.2987624e-01	  2.9606557e-02
AGAAAT	  5.9270047e-02	 -1.5457688e-01	  8.8397793e-02
AGAACA	 -5.5651017e-02	  1.7283699e-02	 -1.1722746e-01
AGAACC	  4.3496873e-02	 -4.5163367e-02	  1.3759018e-01
AGAACG	 -1.3548635e-01	  2.0744185e-01	  1.4370379e-01
AGAACT	  9.1513507e-02	 -1.6217831e-01	 -4.1044112e-02
AGAAGA	  1.9150952e-02	 -2.6321320e-02	  4.7566000e-02
AGAAGC	 -1.5765054e-02	  7.8495011e-02	  5.2121349e-02
AGAAGG	 -2.1290895e-01	  2.2702849e-01	 -7.7844217e-02
AGAAGT	  8.1478298e-02	 -3.0453777e-01	 -8.5724525e-02
AGAATA	 -2.8514862e-01	  3.1503618e-03	 -1.6289209e-01
AGAATC	  1.0473897e-01	  1.6973497e-01	  2.5518832e-01
AGAATG	  2.0666765e-01	  2.4091856e-01	  6.9078878e-03
AGAATT	 -4.7084890e-02	 -3.5152781e-01	 -7.0451133e-02
AGACAA	  2.9731790e-02	  1.8643384e-03	  6.7890952e-03
AGACAC	 -2.0822476e-01	  6.0831476e-02	  7.2337560e-02
AGACAG	  1.1721788e-01	  8.0597036e-02	 -8.4024698e-02
AGACAT	 -1.0032502e-02	 -1.1911020e-01	 -1.7921237e-02
AGACCA	  1.5754645e-01	  7.9985186e-02	 -8.5649133e-02
AGACCC	 -3.4189218e-01	 -1.3400665e-01	 -6.5386142e-03
AGACCG	  4.0140124e-03	  1.8982537e-01	  8.5199453e-02
AGACCT	 -2.7624842e-02	 -2.4347490e-01	  5.0268926e-02
AGACGA	 -4.5472439e-03	  2.4993975e-02	  1.2244298e-01
AGACGC	 -1.3998792e-01	 -5.5867907e-02	 -7.8890949e-02
AGACGG	 -2.2197442e-02	  9.6852481e-02	 -3.2953084e-02
AGACGT	  1.0842123e-01	 -9.7886391e-02	 -1.4089996e-01
AGACTA	 -2.4689624e-01	 -2.5368163e-02	 -8.0019683e-02
AGACTC	  8.0831461e-02	  9.5315538e-02	  1.5654971e-01
AGACTG	 -5.0257340e-02	  2.3984133e-01	 -9.8800495e-02
AGACTT	  1.0489254e-01	 -3.1416062e-01	  9.7956164e-03
AGAGAA	 -3.4708656e-02	  2.4828644e-02	  4.3561034e-02
AGAGAC	 -3.6898743e-02	  8.6880855e-02	  1.5706787e-01
AGAGAG	 -1.8707858e-01	 -2.3162713e-02	 -3.1871116e-01
AGAGAT	  2.0622826e-01	 -9.3486562e-02	  5.3213440e-02
AGAGCA	 -4.6396956e-02	  5.4757368e-02	 -4.3529186e-02
AGAGCC	  5.7549290e-02	  3.5035249e-02	  9.9417351e-02
AGAGCG	 -2.5622746e-01	  4.0575672e-02	 -1.6073975e-01
AGAGCT	  9.6274786e-02	 -1.3792905e-01	  4.4353865e-02
AGAGGA	  1.8203081e-01	  4.6229165e-02	  1.6854538e-01
AGAGGC	 -1.5091565e-01	  1.7502719e-01	  3.8313139e-02
AGAGGG	 -4.3286535e-01	 -4.9875315e-02	 -2.9523537e-01
AGAGGT	 -6.9998868e-02	 -2.3520912e-01	 -2.4573597e-01
AGAGTA	 -2.3702420e-01	 -3.5076499e-02	 -1.3576747e-01
AGAGTC	  1.1201310e-01	  1.4023399e-01	  1.8413170e-01
AGAGTG	 -1.3550064e-01	  2.3136263e-01	 -2.1818827e-01
AGAGTT	  1.1268622e-01	 -2.7949011e-01	  7.1607687e-02
AGATAA	 -3.3641102e+00	  5.6336164e-02	 -3.3050925e-02
AGATAC	  3.5977945e-01	  7.1657961e-03	  5.9699472e-02
AGATAG	 -2.9953749e+00	  1.4358522e-01	 -9.6772738e-02
AGATAT	  2.4277097e-01	 -1.4601201e-01	  3.4088343e-02
AGATCA	 -2.9502206e-02	  4.8005749e-02	 -4.4407234e-02
AGATCC	  1.1067031e-02	 -3.4114875e-02	  8.9768894e-02
AGATCG	  5.9743584e-03	  1.7034175e-01	  5.0455183e-02
AGATCT	  2.7949139e-02	 -2.0210065e-01	 -3.6675856e-02
AGATGA	 -3.3872521e+00	  1.7414527e-02	  8.0682680e-02
AGATGC	  1.9879432e-01	  8.9895777e-02	  3.5492111e-02
AGATGG	  2.1813443e-01	  1.0483149e-01	 -3.5462290e-02
AGATGT	  1.4939344e-01	 -2.2277199e-01	 -1.2567587e-01
AGATTA	 -6.8594500e-02	  6.5312356e-02	 -1.1502336e-01
AGATTC	  2.8665936e-01	  2.3147337e-01	  2.3604149e-01
AGATTG	  1.0950696e-01	  2.7166620e-01	 -7.8542016e-02
AGATTT	 -2.0571879e-01	 -3.9079490e-01	 -5.6662031e-02
AGCAAA	 -1.4293174e-01	 -1.7584196e-01	 -1.0725775e-01
AGCAAC	  3.2370761e-02	  2.4419032e-01	  9.7323410e-02
AGCAAG	  2.1800043e-01	  1.9924228e-01	 -4.5388382e-02
AGCAAT	 -5.6018713e-03	 -1.7620540e-01	  8.5911781e-02
AGCACA	  1.8908838e-02	  3.5916947e-02	 -9.5706329e-02
AGCACC	 -3.5054523e-02	 -1.6839351e-01	  1.8415263e-01
AGCACG	 -7.7427439e-02	  2.1705575e-01	 -1.3947861e-01
AGCACT	  4.1378483e-02	 -1.5682603e-01	  2.7957199e-02
AGCAGA	 -4.9871571e-02	 -4.4665267e-03	 -1.1362473e-02
AGCAGC	 -1.4512439e-02	  1.0859404e-01	  7.6399639e-02
AGCAGG	 -3.4029955e-01	  6.4831205e-02	 -1.4871250e-01
AGCAGT	  1.8026026e-01	 -2.1449375e-01	  6.3609495e-03
AGCATA	 -3.2314673e-01	 -2.3516500e-02	 -2.6615658e-01
AGCATC	  3.7415918e-02	  1.6020811e-01	  1.9812050e-01
AGCATG	  2.0710504e-01	  1.8078701e-01	 -1.2428735e-01
AGCATT	 -1.7293088e-02	 -2.7716866e-01	  1.5345969e-02
AGCCAA	  2.9065553e-02	 -6.1383411e-02	  7.4941870e-03
AGCCAC	 -1.3432981e-01	  6.1402664e-02	  1.0308455e-01
AGCCAG	  1.2375819e-01	  1.8195537e-01	 -1.0447042e-01
AGCCAT	 -7.5246140e-02	 -1.5896282e-01	 -2.9579123e-02
AGCCCA	  9.8991424e-02	 -3.2780699e-02	 -8.9848250e-02
AGCCCC	 -2.4796104e-01	 -5.0879095e-02	  1.7378151e-01
AGCCCG	  1.2104364e-01	  2.9525393e-01	 -3.4100514e-02
AGCCCT	 -1.6492005e-01	 -4.1683808e-01	 -2.1574151e-02
AGCCGA	 -4.8097588e-02	  5.1092287e-03	  1.2898229e-02
AGCCGC	 -3.9706413e-02	 -8.3294429e-02	  5.4644030e-02
AGCCGG	 -1.6898687e-01	  1.6645642e-01	  1.7921250e-02
AGCCGT	  1.9803257e-01	 -1.4989984e-01	 -1.0999881e-01
AGCCTA	 -2.7535874e-01	 -2.5640500e-01	 -1.1594103e-01
AGCCTC	  6.5610029e-02	  8.5593961e-02	  1.7896591e-01
AGCCTG	  5.4086320e-02	  2.8818557e-01	 -1.2553805e-01
AGCCTT	  1.5356450e-01	 -2.1384718e-01	  5.5091683e-02
AGCGAA	 -1.2206179e-01	 -4.3582555e-02	 -3.5076130e-02
AGCGAC	  1.9730117e-02	  7.8177497e-02	  7.0071995e-02
AGCGAG	  1.0662600e-01	  1.1788504e-01	 -1.3813202e-01
AGCGAT	  4.9772788e-02	 -1.0820679e-01	  8.2377180e-02
AGCGCA	  3.5175305e-02	  1.0204264e-01	 -6.2957644e-02
AGCGCC	  2.6994763e-02	  5.7842497e-02	  1.7980547e-01
AGCGCG	 -3.0599979e-01	  2.8562559e-02	 -4.4241020e-01
AGCGCT	  1.3061789e-01	 -3.0946299e-01	  1.0614215e-01
AGCGGA	  1.8725982e-01	  8.0017701e-02	  9.4791360e-02
AGCGGC	 -1.9701953e-01	  6.2001073e-03	  7.5969659e-02
AGCGGG	 -2.0077293e-01	  8.6624905e-02	 -2.1708646e-01
AGCGGT	 -1.2199798e-02	 -2.3989956e-01	 -1.1602549e-01
AGCGTA	 -1.7069595e-01	 -5.8161411e-02	 -2.6554427e-01
AGCGTC	  1.3486874e-01	  1.6697727e-01	  1.2036670e-01
AGCGTG	 -3.7181210e-02	  2.1989851e-01	 -7.8448474e-02
AGCGTT	  4.5812284e-03	 -4.4252813e-01	  6.8800695e-02
AGCTAA	 -3.1457362e+00	 -9.1718175e-03	 -6.5433487e-02
AGCTAC	  3.8596079e-01	  4.5572307e-02	  1.1326962e-01
AGCTAG	 -2.8713946e+00	  1.7078388e-01	 -1.0118492e-01
AGCTAT	  2.0991208e-01	 -1.5939288e-01	  2.5685614e-02
AGCTCA	  1.4882958e-02	  6.3189410e-02	 -3.0113293e-02
AGCTCC	 -6.4527273e-02	 -1.4791936e-01	  1.3296352e-01
AGCTCG	  9.0935290e-02	  2.1059451e-01	 -1.0872671e-01
AGCTCT	 -3.6966667e-02	 -1.9668892e-01	 -3.1056717e-02
AGCTGA	 -3.1023459e+00	  5.7780679e-02	 -2.9227510e-02
AGCTGC	  1.9140045e-01	 -9.4843343e-02	  1.4029543e-01
AGCTGG	  1.9446474e-01	  1.4231901e-01	 -3.9955124e-02
AGCTGT	  1.8952185e-01	 -2.1414898e-01	 -6.7240767e-02
AGCTTA	 -1.7848657e-01	  6.8146302e-03	 -1.8678792e-01
AGCTTC	  1.4652021e-01	  1.1442307e-01	  2.1229254e-01
AGCTTG	  1.0731454e-01	  1.9295709e-01	 -1.9007544e-01
AGCTTT	 -1.5248640e-01	 -3.3550459e-01	 -6.1248455e-02
AGGAAA	 -7.5009383e-02	 -1.1108454e-01	 -9.0203717e-02
AGGAAC	 -1.0845717e-01	  8.2425401e-02	  1.5543738e-01
AGGAAG	  1.0332650e-01	  2.6272792e-01	 -5.5491738e-02
AGGAAT	  8.3268262e-02	 -1.8130606e-01	  8.5652582e-02
AGGACA	  1.8491041e-02	 -1.0691889e-03	 -5.1693387e-02
AGGACC	 -9.1451995e-02	 -2.6218858e-01	  2.0621638e-01
AGGACG	  2.8273009e-02	  2.2343515e-01	 -1.4859243e-01
AGGACT	  9.7623589e-03	 -1.0450114e-01	 -2.2871232e-02
AGGAGA	  2.6110005e-02	  4.5159988e-02	  2.0232912e-02
AGGAGC	 -3.5273042e-02	  4.4049628e-02	  6.0445879e-02
AGGAGG	 -1.0302247e-01	  5.6498017e-02	 -3.0695239e-02
AGGAGT	  7.3604815e-02	 -2.3336431e-01	 -6.6241726e-02
AGGATA	 -1.8453380e-02	  3.4009792e-02	 -1.2294551e-01
AGGATC	  1.0157885e-02	  4.5689341e-02	  2.2306988e-01
AGGATG	  6.3920826e-02	  2.2089542e-01	 -1.3383739e-01
AGGATT	 -3.6358558e-02	 -2.9823780e-01	 -3.2514833e-02
AGGCAA	  3.3374205e-02	  6.2179852e-02	  5.1443592e-02
AGGCAC	 -2.0918168e-01	  5.1360849e-02	  7.6034456e-02
AGGCAG	  3.0370798e-02	  1.9688955e-02	 -1.3642667e-01
AGGCAT	  4.5915298e-02	 -1.8006966e-01	 -2.3972131e-02
AGGCCA	 -4.3916635e-02	 -7.5955957e-02	 -1.2080660e-01
AGGCCC	 -1.2999757e-01	  3.6352854e-03	  1.8725407e-01
AGGCCG	  1.0413379e-01	  3.2420939e-01	  7.1532177e-03
AGGCCT	  4.8289809e-02	 -3.3376771e-01	  1.6610630e-02
AGGCGA	  1.1229011e-01	  1.5961222e-01	  1.2694062e-01
AGGCGC	 -3.3361676e-01	 -1.6051900e-01	 -8.3873600e-02
AGGCGG	  1.7299172e-02	 -4.6851472e-03	  5.2045900e-02
AGGCGT	  3.9017696e-02	 -1.2222181e-01	 -2.0943023e-01
AGGCTA	 -7.5186886e-02	 -4.1432132e-04	  1.4542595e-01
AGGCTC	  1.7852092e-02	  1.4978525e-01	  1.3127489e-01
AGGCTG	  8.1944928e-02	  2.9115275e-01	 -1.4724410e-01
AGGCTT	 -2.1885671e-02	 -4.5054069e-01	 -1.1135344e-01
AGGGAA	 -1.0415715e-01	 -7.2131932e-02	  1.1631818e-02
AGGGAC	 -4.3565471e-02	  1.2229716e-01	  9.7122394e-02
AGGGAG	 -2.5225976e-02	  1.4065044e-01	 -1.7245074e-01
AGGGAT	  1.7010261e-01	 -1.2431475e-01	  4.5943201e-02
AGGGCA	 -2.3984442e-02	 -3.6591848e-03	  2.0708283e-05
AGGGCC	 -1.2432819e-01	  2.1525372e-02	  1.3718802e-01
AGGGCG	 -3.7742861e-02	  1.5896033e-01	 -3.1967989e-01
AGGGCT	  9.8138750e-02	 -1.5552901e-01	  5.0961129e-02
AGGGGA	  2.0298165e-01	  8.1364088e-02	  2.0846629e-01
AGGGGC	  2.6475679e-02	  2.7116972e-01	  1.1529463e-01
AGGGGG	 -4.9120206e-01	 -1.8808642e-01	 -2.7715826e-01
AGGGGT	 -3.1165920e-02	 -1.8033758e-01	 -2.0863436e-01
AGGGTA	 -9.9480338e-02	 -7.5094275e-02	 -7.5917535e-02
AGGGTC	  3.9110437e-02	  1.9297346e-01	  1.3819511e-01
AGGGTG	 -3.2431647e-02	  1.9504569e-01	 -1.8851349e-01
AGGGTT	  5.6519929e-02	 -3.6550817e-01	  6.3952327e-02
AGGTAA	 -2.5632014e+00	 -5.7893328e-02	 -2.0421509e-01
AGGTAC	  4.0767437e-01	  7.1009137e-03	  1.8098567e-01
AGGTAG	 -2.4498918e+00	  5.9524179e-02	 -1.4017834e-01
AGGTAT	  2.7910367e-01	  6.9949654e-04	  1.1431018e-01
AGGTCA	 -3.3757247e-02	  2.5564088e-02	 -7.5984292e-02
AGGTCC	 -6.9183037e-02	 -1.0155211e-01	  1.1664339e-01
AGGTCG	  8.5173368e-02	  2.3842013e-01	 -6.5196916e-02
AGGTCT	  1.6615113e-02	 -2.5616735e-01	  4.9613390e-02
AGGTGA	 -2.5630193e+00	  2.0628499e-02	 -1.4456789e-01
AGGTGC	  1.3932768e-01	  4.9873842e-03	  4.9619626e-02
AGGTGG	  1.1094978e-01	  7.5539455e-02	  1.4487495e-01
AGGTGT	  2.1908897e-01	 -1.1630690e-01	 -4.8255537e-02
AGGTTA	  2.1960489e-02	  5.6633640e-02	  1.8278297e-02
AGGTTC	  1.6667593e-01	  1.8550038e-01	  2.6952672e-01
AGGTTG	  1.2105665e-01	  2.7271211e-01	 -9.4419718e-02
AGGTTT	 -1.7945069e-01	 -4.1442072e-01	 -1.5182497e-01
AGTAAA	 -4.9277321e-02	 -1.9944969e-01	 -1.0995591e-01
AGTAAC	  7.6668814e-02	  2.0221570e-01	  2.7078027e-01
AGTAAG	 -9.3350813e-02	  2.0695047e-01	 -3.8657740e-01
AGTAAT	  5.8565903e-02	 -6.7601807e-02	  6.1179765e-02
AGTACA	  4.8345950e-02	  7.5557210e-02	 -5.2192014e-02
AGTACC	 -8.6932600e-02	 -8.8032775e-02	  1.4621311e-01
AGTACG	 -3.2091960e-02	  2.2183180e-01	 -2.8100191e-02
AGTACT	  1.1303466e-02	 -2.0556429e-01	 -4.8867740e-02
AGTAGA	 -6.6499934e-02	 -1.2034179e-01	  8.4302731e-02
AGTAGC	  1.2810560e-01	  1.7174526e-01	  1.4559881e-01
AGTAGG	 -4.1317862e-01	  1.1982575e-01	 -2.9705033e-01
AGTAGT	  1.2648144e-01	 -9.6371785e-02	 -6.5545313e-02
AGTATA	 -3.0711365e-01	  1.0003502e-02	 -3.2397407e-01
AGTATC	  1.4983702e-02	  1.5521106e-01	  2.6337904e-01
AGTATG	  1.9683954e-01	  1.9064425e-01	 -7.3909134e-02
AGTATT	  3.3623772e-03	 -2.5682244e-01	  5.0789624e-04
AGTCAA	  4.9086958e-02	 -2.1774912e-02	  9.1551393e-03
AGTCAC	 -1.9632724e-01	  7.9546750e-02	  1.5004492e-01
AGTCAG	  1.2031255e-01	  9.4553560e-02	 -9.3402840e-02
AGTCAT	 -6.3300587e-02	 -1.0261495e-01	 -7.7252425e-02
AGTCCA	  1.1516308e-01	 -1.0240293e-02	 -1.4913057e-01
AGTCCC	 -2.7794930e-01	  9.5322756e-03	  1.4261086e-01
AGTCCG	  4.2065963e-02	  1.9440925e-01	  1.3764951e-01
AGTCCT	 -8.1968099e-02	 -2.2050385e-01	 -6.3438676e-02
AGTCGA	  2.5232868e-02	  2.5061516e-02	  5.2461233e-02
AGTCGC	 -3.7096482e-02	 -1.0419919e-02	  7.5976655e-02
AGTCGG	 -1.3730139e-01	  8.8011198e-02	 -6.3580751e-02
AGTCGT	  7.9399303e-02	 -1.3536358e-01	 -8.0616787e-02
AGTCTA	 -1.8750152e-01	 -1.0054246e-01	  3.5321232e-02
AGTCTC	 -2.2057706e-02	  7.4399173e-02	  1.3523103e-01
AGTCTG	 -3.1339750e-02	  2.2663102e-01	 -1.3555284e-01
AGTCTT	  1.2538366e-01	 -2.5678492e-01	 -6.1571617e-02
AGTGAA	 -3.9664973e-02	 -1.8717760e-01	  3.2922063e-02
AGTGAC	  3.9746673e-03	  2.2247955e-01	  9.2440426e-02
AGTGAG	 -9.5573887e-02	  8.3375484e-02	 -3.2112014e-01
AGTGAT	  1.0771416e-01	 -1.5679514e-02	  6.5228783e-02
AGTGCA	  4.1671032e-03	 -3.5556957e-02	 -1.2707305e-01
AGTGCC	 -8.8429086e-02	  8.5497573e-02	  1.6010055e-01
AGTGCG	 -1.6478167e-01	  9.6535645e-02	 -3.3417627e-01
AGTGCT	  1.0753657e-01	 -8.4574498e-02	  1.2317323e-01
AGTGGA	  2.2535641e-01	  3.6715850e-02	  1.3130291e-01
AGTGGC	 -2.4022026e-01	  3.8190778e-02	  1.0955781e-01
AGTGGG	 -3.6385006e-01	  2.2663999e-02	 -4.9154037e-01
AGTGGT	 -7.6992363e-02	 -1.0687588e-01	 -7.1332894e-02
AGTGTA	 -1.2667137e-01	  2.0679001e-02	 -1.5244985e-01
AGTGTC	  2.0224115e-02	  9.1487758e-02	  1.3986182e-01
AGTGTG	 -1.9047966e-03	  2.1039122e-01	 -1.5849456e-01
AGTGTT	  5.5279080e-02	 -3.5321951e-01	  6.5005295e-02
AGTTAA	 -3.1829917e+00	 -3.2806188e-02	 -6.4671397e-02
AGTTAC	  2.6406077e-01	  8.8974796e-02	  9.2566989e-02
AGTTAG	 -2.9255435e+00	  9.8173238e-02	 -1.9909936e-01
AGTTAT	  2.9508743e-01	 -8.2419552e-02	  7.4753188e-02
AGTTCA	  1.1700111e-02	  4.6204269e-02	 -4.5165174e-02
AGTTCC	 -8.9996755e-02	 -9.5010214e-03	  7.8546420e-02
AGTTCG	  7.4170016e-02	  9.8908074e-02	  7.8502178e-02
AGTTCT	 -3.4602615e-04	 -1.2480032e-01	 -5.3120825e-02
AGTTGA	 -3.2545800e+00	  6.2745735e-02	  1.4111294e-02
AGTTGC	  1.7062512e-01	 -9.0652779e-02	  8.9501068e-02
AGTTGG	  2.2903369e-01	  2.0379166e-01	 -5.2845255e-02
AGTTGT	  1.4853106e-01	 -3.1968561e-01	 -4.4453345e-02
AGTTTA	  1.0085658e-02	  1.0283532e-01	 -9.5197447e-02
AGTTTC	  1.0622761e-01	 -8.9270929e-03	  2.2638507e-01
AGTTTG	  2.3257349e-01	  3.5395694e-01	 -1.9479956e-02
AGTTTT	 -1.9208933e-01	 -3.1127310e-01	 -8.7554261e-02
ATAAAA	 -9.5833771e-02	 -1.3396567e-01	 -2.6462102e-01
ATAAAC	  1.0342067e-01	  1.8267950e-01	  3.0286691e-01
ATAAAG	  1.7500681e-01	  3.9421371e-01	  3.7786084e-01
ATAAAT	  7.7549010e-03	 -1.6419385e-01	 -9.4826080e-02
ATAACA	 -3.8010173e-02	  2.5897836e-02	 -1.4793277e-01
ATAACC	  5.8063809e-02	 -4.7612306e-02	  2.0642880e-01
ATAACG	 -2.8780855e-02	  2.7328780e-01	  2.9194039e-01
ATAACT	  1.7930143e-02	 -1.6810463e-01	 -1.6492032e-01
ATAAGA	 -8.2635228e-03	  1.0289663e-02	 -1.5241709e-01
ATAAGC	  8.3118349e-02	  4.3665223e-02	  1.3332736e-01
ATAAGG	 -2.2101158e-01	  2.7987704e-01	  1.9016257e-01
ATAAGT	  4.4402473e-02	 -3.7742066e-01	 -7.8643113e-02
ATAATA	 -2.9634100e-01	 -2.4701316e-02	 -1.0457174e-02
ATAATC	  1.6481432e-01	  1.9404529e-01	  2.3635647e-01
ATAATG	  2.5606611e-01	  3.3335739e-01	  2.1161392e-01
ATAATT	 -6.7015953e-02	 -3.4674877e-01	 -2.5067207e-01
ATACAA	  5.4291006e-02	 -1.5393574e-02	  1.3486590e-02
ATACAC	 -1.3567996e-01	  9.1496736e-02	  1.1925235e-01
ATACAG	  1.5165183e-01	  1.9583187e-01	 -3.1314936e-02
ATACAT	 -1.0528244e-01	 -1.9156404e-01	 -7.8506380e-02
ATACCA	  1.2526739e-01	  1.1843916e-02	 -6.8558633e-02
ATACCC	 -1.7742878e-01	  3.0581079e-02	  1.0530183e-01
ATACCG	  3.6898572e-03	  2.3792298e-01	  7.4026801e-02
ATACCT	 -1.0462886e-01	 -2.9973313e-01	 -3.7348159e-02
ATACGA	  1.1533548e-01	  1.6780961e-02	  8.4756114e-02
ATACGC	 -1.5582071e-01	 -6.6377312e-02	 -1.1928855e-02
ATACGG	 -1.1413527e-01	  1.4320345e-01	 -5.4600440e-02
ATACGT	  1.3675209e-02	 -1.8002553e-01	 -7.0085615e-02
ATACTA	 -1.3274644e-01	 -1.0762349e-01	 -2.1438912e-02
ATACTC	  6.9035754e-02	  1.5089591e-01	  1.5973958e-01
ATACTG	  3.7637417e-04	  2.2955041e-01	 -9.4985932e-02
ATACTT	  2.4620544e-02	 -2.6755801e-01	 -3.5943344e-02
ATAGAA	 -6.2893368e-02	 -4.0832173e-02	 -2.3535477e-01
ATAGAC	  7.3121078e-02	  5.8161538e-02	  2.7262920e-01
ATAGAG	  4.6114521e-03	  1.3955303e-01	  1.4274549e-01
ATAGAT	  5.0344497e-02	 -9.1453210e-02	 -1.1581669e-02
ATAGCA	  3.1500536e-03	  8.5477427e-02	 -1.1846245e-01
ATAGCC	  3.1597521e-02	 -4.9398717e-02	  1.5296748e-01
ATAGCG	 -9.4298899e-02	  1.1859884e-01	  2.5744206e-01
ATAGCT	  1.3529299e-02	 -1.3563511e-01	 -1.5548480e-01
ATAGGA	  2.6507220e-01	  1.0441212e-01	 -1.1206269e-01
ATAGGC	 -1.8456969e-01	  2.2251179e-02	  3.5088401e-02
ATAGGG	 -2.7815777e-01	  9.1970198e-02	  2.0171748e-01
ATAGGT	 -2.2827692e-01	 -2.7983764e-01	 -6.2494185e-02
ATAGTA	 -1.3819735e-01	 -4.6162460e-02	  4.6474528e-02
ATAGTC	  1.3807940e-01	  1.3145119e-01	  2.0431364e-01
ATAGTG	  7.0079523e-03	  2.6593354e-01	  1.1131562e-01
ATAGTT	 -3.8962913e-04	 -2.6790896e-01	 -2.3118003e-01
ATATAA	 -3.0476723e+00	  8.1723019e-02	 -1.4462712e-02
ATATAC	  4.2316374e-01	  4.4849645e-02	  1.1448589e-01
ATATAG	 -2.6540251e+00	  1.7521361e-01	 -9.7807691e-02
ATATAT	  1.8141036e-01	 -1.9681659e-01	 -8.0987383e-03
ATATCA	  3.0537024e-02	  9.5576517e-02	 -1.7747005e-02
ATATCC	 -1.7196177e-02	 -1.3441725e-01	  8.6171642e-02
ATATCG	  9.0578003e-03	  1.8954234e-01	  1.4478545e-02
ATATCT	 -3.3292580e-02	 -2.5070480e-01	 -4.8642885e-02
ATATGA	 -3.1613016e+00	 -4.7039564e-04	  2.1828957e-02
ATATGC	  2.3223315e-01	  4.7443110e-02	  8.7336175e-02
ATATGG	  2.2824799e-01	  2.1213244e-01	  6.4148754e-02
ATATGT	  1.0184060e-01	 -2.6609462e-01	 -1.4231130e-01
ATATTA	 -1.1065692e-01	 -1.1863160e-03	 -7.1427993e-02
ATATTC	  2.6630482e-01	  2.0641109e-01	  1.7913374e-01
ATATTG	  5.7436954e-02	  3.3827502e-01	 -3.0010458e-02
ATATTT	 -1.4108178e-01	 -4.0035897e-01	 -5.1951189e-02
ATCAAA	 -1.5685238e-01	 -1.5060225e-01	 -1.2169817e-01
ATCAAC	  9.0415254e-02	  1.6927136e-01	  1.9074290e-01
ATCAAG	  2.5822029e-01	  2.7396813e-01	 -1.3590221e-02
ATCAAT	 -3.9073274e-02	 -1.3814300e-01	  2.9222259e-02
ATCACA	 -2.9592454e-02	 -4.9736267e-03	 -8.9154057e-02
ATCACC	  6.3214883e-02	 -1.2331981e-01	  2.2591883e-01
ATCACG	 -1.3906077e-01	  2.6751477e-01	 -1.3641605e-01
ATCACT	  4.8955206e-02	 -1.2534103e-01	 -2.3789166e-02
ATCAGA	 -8.2247676e-03	  1.8797003e-02	 -1.8922195e-02
ATCAGC	  3.8645476e-02	  8.6959139e-02	  1.0633171e-01
ATCAGG	 -3.5395363e-01	  1.4012115e-01	 -1.6566355e-02
ATCAGT	  9.7671926e-02	 -2.2478037e-01	 -5.5826925e-02
ATCATA	 -3.0644208e-01	 -7.4850418e-02	 -4.1370201e-01
ATCATC	  6.6146165e-02	  9.5786773e-02	  2.8778827e-01
ATCATG	  1.6815306e-01	  2.0685254e-01	 -1.8833572e-01
ATCATT	 -3.1245963e-03	 -1.8429266e-01	 -4.4936400e-02
ATCCAA	  1.6302675e-02	 -7.2608240e-02	 -4.1050855e-02
ATCCAC	  2.4458300e-02	  4.5956381e-02	  2.1847641e-01
ATCCAG	  8.1174344e-02	  1.6714984e-01	 -4.4794809e-02
ATCCAT	 -1.1197147e-01	 -8.5118756e-02	 -1.2709197e-01
ATCCCA	  1.5372492e-01	 -2.2996737e-02	 -6.7832679e-02
ATCCCC	 -3.4012640e-01	 -7.0555821e-02	  5.8991864e-02
ATCCCG	  5.1760659e-02	  2.7688092e-01	  8.4104165e-02
ATCCCT	 -1.5566602e-01	 -2.7400541e-01	 -2.5580598e-02
ATCCGA	 -2.3622895e-02	  2.5338564e-02	  6.5381482e-02
ATCCGC	  6.2308777e-02	 -1.2160880e-01	  1.3520316e-02
ATCCGG	 -3.1165028e-01	  1.5602165e-01	  4.2745929e-02
ATCCGT	  1.4951700e-01	 -1.5021048e-01	 -1.8301795e-01
ATCCTA	 -1.6114986e-01	 -8.2569636e-02	 -3.9797273e-02
ATCCTC	  5.4260485e-02	  3.4296118e-02	  1.8311483e-01
ATCCTG	  3.0082593e-02	  2.6861775e-01	 -1.2141337e-01
ATCCTT	  1.9603202e-02	 -2.7033412e-01	 -9.3268029e-02
ATCGAA	 -7.5323403e-02	 -4.5131601e-02	  1.0298360e-02
ATCGAC	  6.7140304e-02	  3.8291048e-02	  1.1797291e-01
ATCGAG	  1.2410799e-01	  2.3049489e-01	 -8.7902151e-02
ATCGAT	 -2.6364144e-02	 -1.3877541e-01	 -3.8350366e-02
ATCGCA	 -5.6289744e-02	 -1.3295951e-03	 -5.3429596e-02
ATCGCC	  9.5356561e-02	  1.4582136e-02	  1.2115968e-01
ATCGCG	 -1.1974137e-01	  1.7427330e-01	 -2.0925914e-01
ATCGCT	  2.0449050e-02	 -1.6194558e-01	  2.2468626e-02
ATCGGA	  2.1758640e-01	  3.7466120e-02	  1.1016086e-01
ATCGGC	 -3.3297199e-01	 -7.0331685e-02	 -4.2684004e-02
ATCGGG	 -1.6753373e-01	  1.9008040e-01	 -7.9448700e-02
ATCGGT	 -7.4045964e-02	 -1.5401798e-01	 -1.1436211e-01
ATCGTA	 -2.7038568e-01	 -1.7209069e-01	 -3.2748741e-01
ATCGTC	  1.4921907e-01	  1.3103175e-01	  2.3244518e-01
ATCGTG	 -2.8053300e-02	  2.4205425e-01	 -1.5691033e-01
ATCGTT	  3.0491563e-02	 -2.7975494e-01	  2.2966936e-02
ATCTAA	 -3.4829493e+00	 -1.0273443e-01	 -1.3661753e-01
ATCTAC	  3.7623757e-01	  8.2171217e-02	  1.4740101e-01
ATCTAG	 -3.2351437e+00	  1.2578900e-01	 -7.7433966e-02
ATCTAT	  1.5146551e-01	 -8.4812745e-02	  6.3374802e-03
ATCTCA	  1.9384414e-02	  6.5174475e-02	 -2.6766662e-02
ATCTCC	  2.0093093e-02	 -1.1176197e-01	  1.6520509e-01
ATCTCG	  5.7283074e-02	  1.9325542e-01	 -8.4510401e-02
ATCTCT	 -8.5633777e-02	 -2.0497370e-01	 -7.9242118e-02
ATCTGA	 -3.4280052e+00	  1.0650864e-02	 -6.8857074e-02
ATCTGC	  2.5713661e-01	 -4.8820496e-02	  1.2455487e-01
ATCTGG	  2.3467618e-01	  1.5088794e-01	  7.1460061e-02
ATCTGT	  1.5488571e-01	 -1.7059153e-01	 -8.5620128e-02
ATCTTA	 -2.8331125e-01	 -7.7291884e-02	 -2.3982722e-01
ATCTTC	  2.2284441e-01	  1.2595043e-01	  2.7555856e-01
ATCTTG	 -4.0635657e-02	  1.9258785e-01	 -1.9608973e-01
ATCTTT	 -1.4432015e-01	 -3.0591834e-01	 -1.7582439e-01
ATGAAA	 -1.4766502e-01	 -1.5680858e-01	 -2.5231197e-01
ATGAAC	  1.1708566e-01	  5.9955101e-02	  2.7715799e-01
ATGAAG	  1.5026218e-01	  3.2521650e-01	  1.5909842e-01
ATGAAT	  2.7700953e-02	 -1.6238846e-01	  4.0548421e-03
ATGACA	  3.5237081e-02	 -3.7246349e-03	 -1.4371432e-01
ATGACC	 -5.7988312e-02	 -2.0446609e-01	  1.7608015e-01
ATGACG	 -8.4923804e-02	  2.1369956e-01	  6.0581218e-02
ATGACT	  4.6164840e-02	 -1.3748054e-01	 -2.9901737e-02
ATGAGA	  1.9901307e-02	 -2.0137990e-02	 -1.8244204e-01
ATGAGC	  9.8305866e-02	  6.1636053e-02	  4.6112046e-02
ATGAGG	 -2.5404084e-01	  1.6166916e-01	  1.7797537e-01
ATGAGT	 -2.7815348e-03	 -2.2310446e-01	  3.8646426e-02
ATGATA	 -3.1712162e-01	 -3.3319637e-02	  2.0846611e-02
ATGATC	  5.6258217e-02	  8.4609956e-02	  1.7608225e-01
ATGATG	  1.4762934e-01	  1.8884902e-01	 -1.9531588e-03
ATGATT	 -1.5738418e-03	 -2.6028356e-01	 -1.3851723e-01
ATGCAA	  4.2123757e-02	 -2.5318606e-02	  2.7550359e-03
ATGCAC	 -9.8138444e-02	 -2.5630765e-02	  5.5883877e-02
ATGCAG	  1.2496558e-01	  1.9203721e-01	 -1.0474613e-01
ATGCAT	 -1.1142817e-01	 -1.1737268e-01	  1.3683035e-02
ATGCCA	  1.5075810e-01	  3.5898644e-02	 -5.8136430e-02
ATGCCC	 -2.5511754e-01	 -7.1487345e-02	  2.4798052e-01
ATGCCG	 -7.0301713e-03	  2.2843954e-01	 -3.8923614e-02
ATGCCT	 -1.3984625e-01	 -2.7258042e-01	 -8.8482931e-02
ATGCGA	  5.8384910e-02	  8.5757256e-02	  1.0778590e-01
ATGCGC	 -1.1736412e-01	 -1.6807929e-01	 -6.0636867e-02
ATGCGG	 -2.0652217e-01	  9.0814680e-02	 -6.2732793e-02
ATGCGT	  1.2924594e-01	 -1.3900167e-01	 -6.6903576e-02
ATGCTA	 -2.2077300e-01	 -2.8515738e-02	 -1.0643579e-01
ATGCTC	  9.4608150e-02	  7.7912249e-02	  1.1198341e-01
ATGCTG	 -6.7333795e-02	  1.9039698e-01	 -1.1806411e-01
ATGCTT	  3.6227740e-02	 -2.9969123e-01	  1.0600816e-03
ATGGAA	 -8.9130796e-02	 -5.1537126e-02	 -8.9867674e-02
ATGGAC	  4.8667647e-02	  5.1316738e-02	  2.1122998e-01
ATGGAG	 -1.0400802e-02	  1.3675870e-01	 -8.9005463e-02
ATGGAT	  1.1154995e-01	 -8.7065049e-02	  7.3394082e-02
ATGGCA	 -1.5688181e-02	 -8.5858375e-02	 -2.0181835e-02
ATGGCC	 -1.4865400e-01	 -3.9157681e-03	 -4.1257227e-03
ATGGCG	 -1.0579913e-01	  2.2714275e-01	 -1.8491302e-01
ATGGCT	  1.2978089e-01	 -8.5200571e-02	  9.5356151e-02
ATGGGA	  1.6842245e-01	 -3.5984207e-02	  2.0609589e-02
ATGGGC	 -7.3957257e-02	  1.7981455e-01	  7.7340372e-02
ATGGGG	 -4.8521930e-01	  3.5505664e-02	 -3.5452429e-02
ATGGGT	 -4.7302909e-02	 -1.5852939e-01	 -7.1876526e-02
ATGGTA	 -1.7397094e-01	 -1.2601125e-01	 -9.3226701e-02
ATGGTC	  5.4225393e-02	  1.5107477e-01	  1.4868563e-01
ATGGTG	 -6.4194195e-02	  1.9331375e-01	 -1.5697338e-01
ATGGTT	  9.3463644e-02	 -2.5862846e-01	  5.5814859e-02
ATGTAA	 -3.4505961e+00	 -2.8286919e-03	  5.4976642e-03
ATGTAC	  4.1413441e-01	  7.0783429e-02	  6.1803263e-02
ATGTAG	 -3.2857113e+00	  8.6589746e-02	 -2.2483753e-01
ATGTAT	  1.7831160e-01	 -1.0884553e-01	  5.4819934e-02
ATGTCA	  5.1947288e-02	  8.7423131e-02	 -6.1501317e-02
ATGTCC	 -4.8689097e-02	 -1.6140197e-01	  1.5596877e-01
ATGTCG	  3.4872312e-02	  1.4296143e-01	 -1.1008160e-01
ATGTCT	 -6.3756578e-02	 -1.7170526e-01	  2.0533057e-02
ATGTGA	 -3.5330546e+00	  8.4851429e-02	  3.1465936e-02
ATGTGC	  2.5741309e-01	 -1.0959180e-03	  3.5792340e-02
ATGTGG	  2.6322848e-01	  1.4230730e-01	  1.4465275e-02
ATGTGT	  2.7131112e-02	 -2.9142582e-01	 -7.8924164e-02
ATGTTA	 -1.1579693e-01	  5.3869285e-02	 -1.2602894e-01
ATGTTC	  2.5193101e-01	  1.7527878e-01	  1.5422298e-01
ATGTTG	  5.4559436e-02	  2.4097678e-01	  2.0714739e-02
ATGTTT	 -1.8125081e-01	 -3.8476980e-01	 -6.1009765e-02
ATTAAA	 -1.5846246e-01	 -2.8530115e-01	 -1.7792638e-01
ATTAAC	  9.8911084e-02	  3.2286832e-01	  2.5420752e-01
ATTAAG	  2.7646384e-01	  4.0268123e-01	  1.1367181e-01
ATTAAT	  4.0051427e-02	 -7.9181910e-02	  5.1703259e-02
ATTACA	 -2.9134989e-02	 -3.5246601e-03	 -5.4026801e-02
ATTACC	 -4.6394881e-02	 -9.7929589e-02	  1.6718896e-01
ATTACG	 -4.7254592e-02	  2.6940069e-01	 -4.3328181e-02
ATTACT	  7.3925279e-02	 -1.5783218e-01	 -4.2653818e-02
ATTAGA	 -3.5023376e-02	 -1.5746103e-01	  3.5760727e-02
ATTAGC	  9.0391420e-02	  1.8105249e-01	  1.4797196e-01
ATTAGG	 -2.4724913e-01	  1.5570754e-01	 -7.9428934e-02
ATTAGT	  8.5470580e-02	 -8.1055112e-02	 -1.1207160e-01
ATTATA	 -3.1092539e-01	 -1.8718883e-02	 -3.1345680e-01
ATTATC	  1.1529269e-01	  1.3547899e-01	  2.9400283e-01
ATTATG	  1.9806676e-01	  2.9350978e-01	 -5.1175121e-02
ATTATT	 -3.5958812e-02	 -2.8083548e-01	 -3.6150690e-02
ATTCAA	  1.2248374e-02	 -5.2141745e-02	 -4.9107525e-02
ATTCAC	 -5.4392751e-02	  7.6436855e-02	  2.0507620e-01
ATTCAG	  3.2354999e-02	  8.5140005e-02	 -1.7599535e-01
ATTCAT	 -1.7556965e-02	 -2.5579637e-02	  3.5526462e-02
ATTCCA	  1.3127160e-01	 -2.8951079e-02	 -8.2005866e-02
ATTCCC	 -2.7830529e-01	 -1.6899897e-02	  4.0630274e-02
ATTCCG	 -5.3871900e-02	  1.6666326e-01	  2.7453454e-02
ATTCCT	 -7.6659434e-02	 -1.3408343e-01	  7.0373200e-02
ATTCGA	  2.2257229e-02	 -5.5882830e-02	  2.9020712e-02
ATTCGC	 -3.9782550e-02	 -6.6643804e-02	  6.5036722e-02
ATTCGG	 -2.3524360e-01	  1.6189867e-01	 -6.6011092e-03
ATTCGT	  1.4157267e-01	 -7.0781432e-02	 -1.0337565e-01
ATTCTA	 -1.4038843e-01	 -1.2641315e-01	 -8.1496462e-02
ATTCTC	  6.7804694e-02	  4.9713828e-02	  8.5154518e-02
ATTCTG	 -3.8523618e-02	  2.1773373e-01	 -1.4574850e-01
ATTCTT	  5.2285105e-02	 -2.1975872e-01	  6.7528509e-02
ATTGAA	 -1.3268045e-01	 -2.5294855e-01	 -4.3263063e-02
ATTGAC	  3.4391835e-02	  2.9315126e-01	  1.4347410e-01
ATTGAG	  9.0272717e-02	  1.9189896e-01	 -9.7493269e-03
ATTGAT	  1.0227658e-01	 -2.4327755e-02	 -6.3248109e-03
ATTGCA	 -2.4399683e-02	  1.6181137e-02	 -4.4351585e-02
ATTGCC	 -9.1088548e-02	 -8.4005378e-02	 -2.3189718e-02
ATTGCG	 -7.5728677e-02	  1.5251563e-01	 -1.4711951e-01
ATTGCT	  1.1926525e-01	 -3.8146973e-02	  1.1491568e-01
ATTGGA	  1.8311056e-01	 -1.8835841e-02	  5.5740237e-02
ATTGGC	 -2.1412122e-01	  4.7513256e-03	  1.1063652e-01
ATTGGG	 -2.9567418e-01	  1.7758301e-01	 -1.2063620e-01
ATTGGT	 -8.2992323e-02	 -1.3588621e-01	 -1.4574637e-01
ATTGTA	 -1.5583499e-01	 -2.0556995e-03	 -1.8216115e-01
ATTGTC	  6.4992063e-02	  8.2848273e-02	  2.1113348e-01
ATTGTG	  1.0359654e-01	  2.6773137e-01	 -1.3630357e-01
ATTGTT	 -1.9446820e-02	 -3.3949128e-01	  2.0928420e-02
ATTTAA	 -3.5972633e+00	 -6.3285522e-02	 -1.4332499e-01
ATTTAC	  3.4966940e-01	  1.0685332e-01	  9.1034971e-02
ATTTAG	 -3.1965034e+00	  1.5088645e-01	 -2.4684231e-01
ATTTAT	  2.8222412e-01	 -7.2878622e-02	  1.3723357e-01
ATTTCA	 -4.9291212e-02	 -3.1084968e-02	 -5.1513925e-02
ATTTCC	 -4.2155519e-02	 -5.6344502e-02	 -1.1039793e-02
ATTTCG	  6.2227942e-02	  2.3128793e-01	 -6.9760919e-02
ATTTCT	  5.4260075e-02	 -9.3939453e-02	  9.6940286e-02
ATTTGA	 -3.7223558e+00	  1.7109532e-02	 -2.8372763e-02
ATTTGC	  1.5101576e-01	 -1.7671393e-01	  1.2468018e-02
ATTTGG	  2.6036391e-01	  2.7596581e-01	  3.1155426e-02
ATTTGT	  1.8285009e-01	 -2.4072824e-01	  6.3381437e-03
ATTTTA	 -2.4296355e-02	  7.4685544e-02	 -1.0808722e-01
ATTTTC	  1.6254263e-01	 -3.5984937e-02	  1.2125003e-01
ATTTTG	  2.6069209e-01	  4.1697702e-01	 -8.7606937e-02
ATTTTT	 -2.8635755e-01	 -3.8351509e-01	 -5.9168600e-03
CAAAAA	 -1.7178364e-01	 -2.3351163e-01	 -3.8187444e-02
CAAAAC	  1.1156120e-01	  1.9587184e-01	  1.3174921e-01
CAAAAG	  3.1771919e-01	  4.8752016e-01	  6.3548692e-02
CAAAAT	  1.3480116e-02	 -1.5707903e-01	 -3.6533128e-02
CAAACA	 -2.6690379e-02	 -8.4065171e-03	  3.3578048e-03
CAAACC	  2.0776337e-02	 -6.2166870e-02	  8.1883535e-02
CAAACG	 -2.4306478e-03	  2.5946552e-01	  1.2020849e-01
CAAACT	  1.4217228e-02	 -1.2361360e-01	 -1.1622661e-01
CAAAGA	  1.0086691e-01	  3.5064045e-02	  1.3065818e-01
CAAAGC	  2.0411194e-03	  3.6955416e-02	  4.3659419e-02
CAAAGG	 -1.7016032e-01	  2.9354677e-01	  4.7268882e-02
CAAAGT	 -5.3073846e-02	 -2.7468348e-01	 -2.2316281e-01
CAAATA	 -3.4599760e-01	 -3.8131736e-02	 -8.4898688e-02
CAAATC	  1.1044890e-01	  1.3929303e-01	  2.1743214e-01
CAAATG	  3.1681478e-01	  3.7328652e-01	  5.4251622e-02
CAAATT	 -1.2432988e-01	 -4.1023454e-01	 -1.0368829e-01
CAACAA	  7.5252876e-02	 -5.1361170e-02	  2.5060248e-02
CAACAC	 -1.9067265e-01	  5.8690980e-02	  1.0184751e-01
CAACAG	  1.8624596e-01	  1.3929217e-01	 -1.1172363e-01
CAACAT	 -2.3394574e-01	 -6.6768281e-02	 -5.6596469e-02
CAACCA	  1.4341289e-01	  2.7275492e-02	 -7.9319045e-02
CAACCC	 -3.2579717e-01	 -4.6129875e-02	  1.7601170e-01
CAACCG	 -1.7470237e-02	  1.8428856e-01	  5.8278805e-03
CAACCT	 -1.4400113e-01	 -2.5634995e-01	 -1.8784536e-02
CAACGA	  2.3380106e-02	 -1.2372645e-02	  7.7403799e-02
CAACGC	 -7.4461259e-02	 -2.5247239e-02	  1.8150905e-02
CAACGG	 -9.3929172e-02	  1.3170506e-01	  1.4533973e-02
CAACGT	  6.7451037e-02	 -8.6003534e-02	 -1.6874762e-01
CAACTA	 -1.3881642e-01	  2.4647839e-02	  3.6176249e-02
CAACTC	  9.6124314e-02	  1.3549328e-01	  2.1336314e-01
CAACTG	 -4.0280856e-02	  2.1531375e-01	 -1.7492902e-01
CAACTT	  2.6905380e-02	 -3.6387295e-01	 -7.5893305e-02
CAAGAA	 -4.0660381e-02	 -8.0350801e-02	  6.5793201e-02
CAAGAC	 -1.0469318e-02	  5.7281166e-02	  2.5628271e-02
CAAGAG	  5.9192441e-02	  1.7621632e-01	 -1.4476626e-01
CAAGAT	  3.3519730e-02	 -6.0936581e-02	 -6.8517350e-02
CAAGCA	 -1.2618309e-03	  5.5084798e-02	  5.5819869e-02
CAAGCC	 -2.5488244e-02	  3.6557488e-02	  6.6350535e-02
CAAGCG	 -1.2298454e-01	  5.7444215e-02	 -7.4699193e-02
CAAGCT	  5.8786493e-02	 -1.1922511e-01	 -7.3559426e-02
CAAGGA	  2.1738142e-01	  4.1873015e-02	  1.2465875e-01
CAAGGC	 -2.1872590e-01	  1.3027883e-01	  2.9110290e-02
CAAGGG	 -3.0641496e-01	  8.7146185e-02	 -4.2450394e-02
CAAGGT	 -2.2940359e-01	 -3.1042814e-01	 -2.8983128e-01
CAAGTA	 -1.1404499e-01	  1.6380507e-02	 -3.1043926e-02
CAAGTC	  9.1492161e-02	  1.3767451e-01	  1.6980064e-01
CAAGTG	  5.0996672e-02	  2.3280212e-01	 -8.2955167e-02
CAAGTT	 -1.2783776e-02	 -3.0866796e-01	 -2.2973865e-02
CAATAA	 -3.6439734e+00	 -2.2168620e-02	  2.6770392e-03
CAATAC	  4.2295465e-01	 -1.6875783e-02	  5.4894492e-02
CAATAG	 -3.2014298e+00	  1.4807042e-01	 -4.8443466e-02
CAATAT	  2.4503839e-01	 -4.1690819e-02	 -1.2212364e-02
CAATCA	 -1.1218182e-03	  2.6357053e-02	 -6.4191152e-03
CAATCC	 -2.6470000e-02	 -9.1454908e-02	  1.4595567e-01
CAATCG	  4.6347048e-02	  1.9200641e-01	  7.5596729e-03
CAATCT	 -1.7601011e-02	 -1.9505015e-01	 -1.2068626e-01
CAATGA	 -3.6393239e+00	 -2.1319974e-02	  5.6064736e-02
CAATGC	  1.9138661e-01	  4.8628584e-02	  1.8794324e-02
CAATGG	  2.8834981e-01	  1.5873526e-01	  7.4980557e-02
CAATGT	  6.5505147e-02	 -1.6297294e-01	 -1.5988380e-01
CAATTA	 -3.6591221e-02	  2.4472492e-02	 -6.9402479e-02
CAATTC	  2.7341256e-01	  2.1058682e-01	  2.4894759e-01
CAATTG	  2.1462552e-01	  3.4765652e-01	 -6.5959364e-02
CAATTT	 -2.6126674e-01	 -4.0224701e-01	 -7.0429310e-02
CACAAA	 -1.6172600e-01	 -1.7611703e-01	 -9.1242142e-02
CACAAC	  5.9380200e-02	  1.6767579e-01	  1.5823065e-01
CACAAG	  2.3873094e-01	  2.9592544e-01	 -1.1844943e-01
CACAAT	  1.7212115e-03	 -1.4130425e-01	  6.5409802e-02
CACACA	 -9.8583877e-02	 -7.9034165e-02	 -1.7393295e-01
CACACC	  2.7213689e-02	 -1.3083594e-01	  2.3334545e-01
CACACG	  7.1175121e-02	  3.2426417e-01	 -1.3011889e-01
CACACT	  7.3271811e-02	 -9.1160998e-02	  8.3947927e-02
CACAGA	  2.8452311e-02	 -4.9322240e-02	  1.6838737e-02
CACAGC	  1.9072773e-02	  1.1609126e-01	  8.2321756e-02
CACAGG	 -2.2202180e-01	  1.9114451e-01	 -1.1736514e-01
CACAGT	  4.0222064e-02	 -1.9076872e-01	 -2.6767762e-02
CACATA	 -4.0015590e-01	 -2.8861489e-02	 -2.3808314e-01
CACATC	  8.5679360e-02	  1.8962759e-01	  2.4896024e-01
CACATG	  2.1292561e-01	  1.9386095e-01	 -1.0555358e-01
CACATT	 -2.6808457e-02	 -2.4548037e-01	 -2.4079321e-02
CACCAA	 -3.1591542e-02	 -7.8250423e-02	  4.3301608e-02
CACCAC	 -7.2115853e-02	  5.5384364e-02	  1.0047095e-01
CACCAG	  6.8462186e-02	  1.6367282e-01	 -1.7962267e-01
CACCAT	  6.2517151e-02	 -1.2472118e-01	 -9.9870689e-02
CACCCA	  1.2698963e-01	 -1.4189740e-02	 -4.9846921e-02
CACCCC	 -4.1982478e-01	 -9.2556655e-02	  5.4012585e-02
CACCCG	  1.8256257e-01	  3.1088471e-01	  2.2713087e-02
CACCCT	 -1.7215385e-01	 -3.3216241e-01	  2.5183782e-03
CACCGA	 -4.7267292e-02	 -3.6255892e-02	  5.7364602e-02
CACCGC	 -1.6672378e-02	  2.4543637e-02	  3.7621018e-02
CACCGG	 -1.5586966e-01	  1.4462045e-01	  2.7880110e-03
CACCGT	  1.6459985e-01	 -1.3000116e-01	 -1.6746970e-01
CACCTA	 -1.4908493e-01	 -1.0881493e-01	  1.1380572e-01
CACCTC	  5.8923073e-02	  1.3050824e-01	  1.5413460e-01
CACCTG	  7.3486149e-02	  2.0195603e-01	 -1.6845095e-01
CACCTT	 -2.8253626e-02	 -3.5297814e-01	 -1.3494563e-01
CACGAA	 -1.0465712e-01	 -4.4276647e-02	  2.3986928e-02
CACGAC	  1.6581777e-02	  1.1130501e-01	  1.4820650e-01
CACGAG	  1.2741785e-01	  1.1730313e-01	 -2.1525723e-01
CACGAT	  8.4576663e-03	 -1.5205485e-01	 -1.5347123e-02
CACGCA	 -6.9335699e-02	 -4.7945365e-02	 -5.2368451e-02
CACGCC	  4.7221356e-03	  5.8999863e-02	  1.5825748e-01
CACGCG	  1.7435864e-02	  1.8152702e-01	 -3.1430665e-01
CACGCT	  5.7083648e-02	 -2.5420478e-01	  6.4588234e-02
CACGGA	  1.9465668e-01	 -2.1453327e-02	  1.0449500e-01
CACGGC	 -2.5230315e-01	  1.3011229e-01	  4.2827230e-02
CACGGG	 -3.1870812e-01	  1.0542327e-01	 -1.8654053e-01
CACGGT	 -8.4508829e-02	 -2.7865282e-01	 -1.5287973e-01
CACGTA	 -2.3699653e-01	 -1.2476890e-01	 -1.9999622e-01
CACGTC	  5.7657566e-02	  1.4358087e-01	  2.3490088e-01
CACGTG	  9.2646971e-02	  1.7870814e-01	 -1.1831231e-01
CACGTT	 -3.4915783e-02	 -4.2496932e-01	  1.0499435e-02
CACTAA	 -3.1680343e+00	 -5.0793394e-02	 -9.0582460e-02
CACTAC	  3.5115650e-01	  4.6499319e-02	  1.5890898e-01
CACTAG	 -2.8302507e+00	  1.6519286e-01	 -1.1385509e-01
CACTAT	  2.0890751e-01	 -8.9306302e-02	 -4.8194821e-03
CACTCA	 -8.7771811e-02	  4.8402406e-02	 -5.6039430e-03
CACTCC	 -1.2184885e-01	 -9.6108124e-02	  1.7318019e-01
CACTCG	  2.6921526e-01	  2.0463710e-01	 -8.6443886e-02
CACTCT	 -6.6217244e-02	 -1.8213230e-01	 -9.6888363e-02
CACTGA	 -3.1812730e+00	 -5.7179718e-03	 -5.8660079e-03
CACTGC	  2.0617040e-01	 -4.0006354e-02	  7.2948366e-02
CACTGG	  2.7130455e-01	  2.0922960e-01	  2.9262722e-02
CACTGT	  1.1594754e-01	 -2.2571328e-01	 -8.0867402e-02
CACTTA	 -1.9941826e-01	 -5.5909798e-02	  4.2295032e-03
CACTTC	  1.3740852e-01	  2.0525022e-01	  2.0829247e-01
CACTTG	  1.9683909e-01	  2.1578646e-01	 -3.5590585e-02
CACTTT	 -1.5142667e-01	 -2.9562333e-01	 -1.2337101e-01
CAGAAA	 -1.6035676e-01	 -2.2715476e-01	 -5.5691864e-02
CAGAAC	  2.4636541e-02	  7.8154840e-02	  4.2816535e-02
CAGAAG	  2.2278829e-01	  3.6340097e-01	  8.1898667e-02
CAGAAT	  3.3047974e-02	 -1.3886079e-01	  1.1687108e-02
CAGACA	 -2.1414492e-02	 -7.8675404e-02	 -3.0034481e-02
CAGACC	 -4.1836675e-02	 -1.5945350e-01	  1.1966542e-01
CAGACG	  1.3660160e-02	  2.4729490e-01	 -5.2079591e-03
CAGACT	  4.0631264e-02	 -7.4514180e-02	 -3.2158546e-02
CAGAGA	  5.7791330e-02	 -8.8648148e-02	  5.2062571e-02
CAGAGC	  1.6054478e-02	  8.9721948e-02	  5.8947347e-02
CAGAGG	 -6.4120620e-02	  2.0639864e-01	 -2.7899822e-02
CAGAGT	 -8.4118754e-02	 -1.2517589e-01	 -1.4377125e-01
CAGATA	 -3.3128050e-01	 -5.6508217e-02	 -7.8146540e-02
CAGATC	  6.9903135e-02	  5.3316072e-02	  1.7944235e-01
CAGATG	  1.5316516e-01	  2.4981135e-01	 -6.4435959e-02
CAGATT	 -1.6088793e-02	 -2.6671579e-01	 -1.8012861e-02
CAGCAA	  4.7226440e-02	 -7.6094791e-02	  2.4487171e-02
CAGCAC	 -2.5931501e-01	  6.4749904e-02	  1.0025803e-01
CAGCAG	  1.8175828e-01	  1.1749724e-01	 -4.9357530e-02
CAGCAT	 -2.3016939e-01	 -8.4876940e-02	 -8.5280173e-02
CAGCCA	  1.6520786e-01	 -9.0156207e-03	 -2.8191995e-02
CAGCCC	 -3.3779880e-01	 -5.1036865e-02	  2.2558406e-01
CAGCCG	 -5.5278275e-02	  1.9016455e-01	 -8.9899287e-02
CAGCCT	 -1.6307524e-01	 -2.9417017e-01	 -4.6866808e-02
CAGCGA	  7.1996003e-02	  2.7378505e-02	  1.2548201e-01
CAGCGC	 -1.8180335e-01	 -6.2268887e-02	 -2.9667281e-02
CAGCGG	 -8.2255751e-02	  2.7195117e-02	 -5.2823998e-02
CAGCGT	  7.5049430e-02	 -2.8245805e-02	 -1.7242362e-01
CAGCTA	 -1.1016772e-01	 -5.6947675e-02	  5.7884909e-02
CAGCTC	  9.1799289e-02	  1.0421105e-01	  2.3610047e-01
CAGCTG	 -4.7997725e-03	  1.5797524e-01	 -3.2947943e-01
CAGCTT	 -1.8971516e-02	 -2.9178962e-01	 -6.4934708e-02
CAGGAA	 -1.2816474e-01	 -1.7759623e-01	  4.6137515e-02
CAGGAC	 -4.8077986e-02	  2.0533645e-01	  4.8908811e-02
CAGGAG	  1.1163372e-01	  1.6949373e-01	 -9.3350656e-02
CAGGAT	  1.0996012e-01	 -7.3697962e-02	 -4.9163409e-02
CAGGCA	 -8.9071013e-02	 -1.7409812e-01	 -2.3775768e-02
CAGGCC	 -7.6245673e-02	  1.8091318e-01	  1.6661602e-01
CAGGCG	  1.6090350e-02	  1.8494985e-01	 -1.7592214e-01
CAGGCT	  1.1962843e-01	 -1.2647504e-01	  1.2827110e-02
CAGGGA	  2.3945339e-01	 -7.6600142e-02	  2.1764798e-01
CAGGGC	 -2.3744415e-01	  2.8377756e-01	 -3.8548145e-02
CAGGGG	 -5.0485313e-01	 -1.0348168e-01	 -3.9773595e-01
CAGGGT	 -8.6638704e-02	 -1.3205913e-01	 -2.1129803e-01
CAGGTA	 -3.4799489e-01	 -3.9429277e-01	 -2.0300385e-01
CAGGTC	  2.0520125e-01	  2.8946134e-01	  2.3596834e-01
CAGGTG	  2.6219681e-02	  2.3653263e-01	 -1.0988808e-01
CAGGTT	  5.8470029e-02	 -2.7403501e-01	  6.4563386e-02
CAGTAA	 -3.3452680e+00	 -6.0690980e-02	 -4.9349528e-02
CAGTAC	  3.4332427e-01	 -1.2689184e-03	 -2.5003105e-02
CAGTAG	 -3.0769029e+00	  7.4820481e-02	 -7.0931979e-02
CAGTAT	  3.2252619e-01	  1.8859368e-02	  1.2121137e-01
CAGTCA	 -2.0152577e-03	  3.4547016e-02	 -2.0644866e-02
CAGTCC	 -9.0750009e-02	 -4.2140231e-02	  1.7919742e-01
CAGTCG	  1.0738300e-01	  1.8215755e-01	 -3.7013654e-02
CAGTCT	 -4.1120969e-02	 -2.3686661e-01	 -6.9173440e-02
CAGTGA	 -3.3187017e+00	  9.6573075e-03	  4.9353119e-02
CAGTGC	  2.7661374e-01	  4.0212575e-02	 -1.5852893e-02
CAGTGG	  1.2822631e-01	  1.0406393e-01	  5.4118272e-02
CAGTGT	  1.5202893e-01	 -1.6984841e-01	 -1.2241688e-01
CAGTTA	 -1.0839550e-01	  8.3128363e-03	  1.1418306e-02
CAGTTC	  1.7053756e-01	  1.7071739e-01	  2.1078280e-01
CAGTTG	  1.5805712e-01	  2.4284199e-01	 -1.5185988e-01
CAGTTT	 -1.5792541e-01	 -3.2701087e-01	 -4.3102115e-02
CATAAA	 -1.3362533e-01	 -2.2299662e-01	 -7.2313115e-02
CATAAC	  3.8753737e-02	  2.2027847e-01	  1.1883883e-01
CATAAG	  1.9050787e-01	  3.1950629e-01	 -9.0814866e-02
CATAAT	  4.0689252e-02	 -9.6066557e-02	  5.1541951e-02
CATACA	 -3.7967909e-02	 -2.7854888e-02	 -1.2448505e-01
CATACC	 -3.8653761e-02	 -9.6758895e-02	  1.8927108e-01
CATACG	  4.7579173e-02	  2.8157768e-01	 -7.0763059e-02
CATACT	  4.4299353e-02	 -1.0779810e-01	  1.8383466e-02
CATAGA	  6.5845296e-02	 -1.3419765e-01	  3.7291028e-02
CATAGC	  2.0925755e-02	  1.8277360e-01	  1.5748319e-01
CATAGG	 -1.9403350e-01	  1.5999751e-01	 -1.7002952e-01
CATAGT	 -2.0637363e-03	 -1.1045953e-01	 -6.7224175e-02
CATATA	 -4.0023273e-01	 -1.3944831e-01	 -2.9569724e-01
CATATC	  3.2662105e-02	  1.2740441e-01	  2.2351369e-01
CATATG	  2.1553585e-01	  2.8466317e-01	 -2.0344049e-01
CATATT	  1.1629993e-03	 -2.1101996e-01	  3.8973540e-02
CATCAA	 -2.2375515e-02	 -4.3146655e-02	  8.0142424e-02
CATCAC	 -1.3992187e-02	  1.0901005e-02	  1.2044854e-01
CATCAG	  9.9139877e-02	  1.6089092e-01	 -1.4638871e-01
CATCAT	 -3.0167760e-02	 -7.3559187e-02	 -1.3251810e-01
CATCCA	  1.5473691e-01	 -4.4813722e-02	 -8.1547439e-02
CATCCC	 -3.6838043e-01	  2.2298297e-02	  1.3958663e-01
CATCCG	  5.7038710e-02	  1.8836093e-01	  5.2472975e-02
CATCCT	 -1.9308510e-01	 -1.5627424e-01	 -4.3717913e-02
CATCGA	  3.2768846e-03	 -1.9362772e-02	  8.4020764e-02
CATCGC	 -7.5066738e-02	 -3.3357147e-02	  1.0109988e-01
CATCGG	 -1.5053584e-01	  1.4278854e-01	 -2.0208655e-02
CATCGT	  1.1148471e-01	 -8.7540202e-02	 -2.2323225e-01
CATCTA	 -1.4453247e-01	 -4.8145249e-02	  7.6364771e-02
CATCTC	  4.2891916e-02	  3.0819135e-02	  1.5553902e-01
CATCTG	 -1.0378897e-01	  1.9058533e-01	 -1.6919708e-01
CATCTT	  8.7838173e-02	 -2.0844269e-01	 -8.5016705e-02
CATGAA	 -7.5616978e-02	 -1.9872594e-01	  3.6708117e-03
CATGAC	  1.0507673e-02	  2.0236751e-01	  7.7940762e-02
CATGAG	  5.9599556e-02	  1.8443047e-01	 -7.3597610e-02
CATGAT	  5.0703555e-02	 -5.6231845e-02	 -1.3495094e-02
CATGCA	 -3.2685427e-03	 -2.8483726e-02	  3.8137597e-03
CATGCC	 -1.5570174e-01	  6.4470783e-02	  1.7013511e-02
CATGCG	 -4.7198318e-02	  6.9953375e-02	 -7.4340120e-02
CATGCT	  1.0624833e-01	 -6.3414708e-02	  1.8575527e-02
CATGGA	  2.3819041e-01	  2.8202375e-02	  1.1046005e-01
CATGGC	 -2.6138672e-01	 -2.8970392e-02	  3.4326494e-02
CATGGG	 -3.4870592e-01	  1.7601101e-01	 -4.0662289e-02
CATGGT	 -1.2849773e-01	 -1.8770310e-01	 -2.0446365e-01
CATGTA	 -1.9520298e-01	 -1.4417324e-02	 -1.3507622e-01
CATGTC	  3.3444818e-02	  7.8709714e-02	  1.8997514e-01
CATGTG	  6.3967966e-02	  2.6777536e-01	 -1.0259518e-01
CATGTT	  3.1721652e-02	 -3.2150549e-01	 -2.4831743e-04
CATTAA	 -3.3230300e+00	 -4.1273382e-02	 -4.0863141e-02
CATTAC	  3.1886747e-01	  3.1015176e-02	  6.9692403e-02
CATTAG	 -2.9634378e+00	  2.0164323e-01	 -1.4313366e-01
CATTAT	  2.7400172e-01	 -9.5910795e-02	  5.0605327e-02
CATTCA	 -3.4818111e-03	 -9.0689054e-03	 -5.7564996e-02
CATTCC	 -1.2962468e-01	  3.3079114e-02	  7.0688151e-02
CATTCG	  1.4587899e-01	  1.5274832e-01	  5.9116136e-02
CATTCT	 -7.8478958e-03	 -1.2812863e-01	 -3.1010620e-02
CATTGA	 -3.3458529e+00	  2.2281231e-02	  5.7197489e-02
CATTGC	  1.4690916e-01	 -9.6919328e-02	  7.5664997e-02
CATTGG	  2.8118098e-01	  2.5939673e-01	 -7.1220235e-03
CATTGT	  1.3982213e-01	 -2.6315293e-01	 -1.4610349e-01
CATTTA	  3.9096341e-02	  4.9868986e-02	 -5.3216819e-02
CATTTC	  1.1039352e-01	 -5.0485708e-02	  1.6376120e-01
CATTTG	  3.2369149e-01	  4.3021482e-01	  2.9446309e-02
CATTTT	 -2.6733318e-01	 -2.9930678e-01	 -7.3710471e-02
CCAAAA	 -1.7154078e-01	 -1.7177510e-01	 -1.0456315e-01
CCAAAC	  5.9581593e-02	  1.5996316e-01	  1.7548552e-01
CCAAAG	  3.3436248e-01	  3.9780638e-01	 -7.8355083e-03
CCAAAT	  4.1798867e-02	 -8.6731240e-02	  7.9077020e-02
CCAACA	  3.5711948e-02	 -1.4473231e-02	  8.5212171e-02
CCAACC	 -1.4022505e-01	 -1.0903658e-01	  1.0161298e-01
CCAACG	 -5.4430395e-02	  2.7012220e-01	 -1.4658203e-02
CCAACT	  3.5067294e-02	 -1.0100085e-01	 -1.6191651e-01
CCAAGA	  8.9740261e-02	 -1.1414398e-02	  3.0638542e-02
CCAAGC	 -2.1056732e-02	  3.7938278e-02	  4.4117220e-02
CCAAGG	 -2.8140181e-01	  2.8461766e-01	  1.1154891e-01
CCAAGT	 -3.2973115e-03	 -2.4171317e-01	 -1.3212198e-01
CCAATA	 -3.2894740e-01	  5.8843219e-03	 -1.6619265e-01
CCAATC	  7.9157270e-02	  1.3510509e-01	  2.8601530e-01
CCAATG	  2.6630539e-01	  3.0258796e-01	  3.7808079e-02
CCAATT	 -6.3911147e-02	 -3.1215620e-01	 -1.0934500e-01
CCACAA	  1.0258009e-01	  2.1807341e-02	  5.0154734e-02
CCACAC	 -2.3398073e-01	 -4.4826604e-02	  3.7846658e-02
CCACAG	  1.0738426e-01	  7.4625380e-02	 -1.4447291e-01
CCACAT	 -1.5430659e-01	 -6.2937237e-02	 -2.4284145e-02
CCACCA	  1.6621314e-01	 -1.8962672e-02	  1.1030894e-02
CCACCC	 -5.2866638e-01	 -1.3384873e-01	  5.6099549e-02
CCACCG	 -1.4405712e-02	  2.1711121e-01	  1.0388850e-02
CCACCT	 -1.8491314e-01	 -1.3151836e-01	 -7.3967725e-02
CCACGA	 -4.8604723e-02	 -1.1124319e-01	  5.1413883e-02
CCACGC	 -1.4259066e-01	 -1.4756095e-01	  2.5041578e-02
CCACGG	 -1.6595641e-01	  5.3904038e-02	  7.1476158e-03
CCACGT	  1.2976407e-01	  1.0439608e-01	 -6.6918127e-02
CCACTA	 -1.9097227e-01	  2.0734288e-02	 -3.0720351e-02
CCACTC	  5.1409051e-02	  4.1439664e-02	  2.2354396e-01
CCACTG	 -2.5776133e-02	  1.9848792e-01	 -1.5006292e-01
CCACTT	  6.3677438e-02	 -2.4359968e-01	 -5.2566875e-02
CCAGAA	 -4.3944329e-02	 -4.4392671e-02	  1.5850019e-02
CCAGAC	 -3.2121252e-02	  3.1571619e-02	  1.0313044e-01
CCAGAG	  6.4559720e-02	  1.7858650e-01	 -1.1129570e-01
CCAGAT	  4.7702257e-02	 -9.7738437e-02	 -2.7204167e-02
CCAGCA	 -4.0584877e-03	  5.1298611e-02	  7.8173779e-02
CCAGCC	 -8.4429339e-02	 -1.3714048e-01	  8.2253136e-02
CCAGCG	 -1.1332322e-01	  2.1433224e-01	 -1.4484885e-01
CCAGCT	  8.3232574e-02	 -1.1800378e-01	 -9.6588366e-02
CCAGGA	  2.5958401e-01	 -1.0122766e-02	  6.4859919e-02
CCAGGC	 -3.2776499e-01	  9.0386584e-02	  1.1398233e-01
CCAGGG	 -3.7037319e-01	  1.9316733e-01	 -2.3244054e-04
CCAGGT	 -3.3698702e-01	 -2.5281957e-01	 -2.6989520e-01
CCAGTA	 -1.3415866e-01	 -3.4728959e-02	 -1.1505619e-01
CCAGTC	  6.7832321e-02	  8.4890984e-02	  1.9840944e-01
CCAGTG	 -3.3728827e-02	  2.5490642e-01	 -1.0107069e-01
CCAGTT	  4.2946409e-02	 -2.9998392e-01	 -3.5085329e-03
CCATAA	 -3.5140882e+00	  3.8118607e-03	 -7.5220224e-03
CCATAC	  4.1421539e-01	 -4.1077260e-02	  9.3638659e-02
CCATAG	 -3.1406212e+00	  1.9653304e-01	 -7.3860399e-02
CCATAT	  2.2519846e-01	 -1.0022487e-01	 -1.1653695e-02
CCATCA	  4.9760692e-02	  4.8054051e-02	  8.3175637e-02
CCATCC	 -1.1840958e-01	 -1.0307268e-01	  7.5066023e-02
CCATCG	 -4.1682431e-03	  1.8982854e-01	 -8.6260729e-02
CCATCT	  4.1639754e-03	 -2.1592569e-01	 -1.2900752e-01
CCATGA	 -3.3841841e+00	  2.4750650e-02	  1.0280091e-01
CCATGC	  1.5964180e-01	 -1.5685847e-02	  2.2676677e-02
CCATGG	  2.8115961e-01	  1.1122251e-01	 -5.8087599e-03
CCATGT	  4.4318896e-02	 -1.0962413e-01	 -1.4073072e-01
CCATTA	 -7.2460942e-02	  1.9102054e-02	 -2.9768566e-02
CCATTC	  2.0362237e-01	  1.0399560e-01	  1.3139847e-01
CCATTG	  1.3658495e-01	  2.8006580e-01	 -9.8139584e-02
CCATTT	 -1.8518333e-01	 -2.9231247e-01	 -1.9656377e-02
CCCAAA	 -1.6171654e-01	 -2.4380751e-01	 -2.0147173e-01
CCCAAC	  1.4185718e-01	  2.3393570e-01	  2.4043295e-01
CCCAAG	  1.7984399e-01	  2.8696001e-01	 -2.6333861e-02
CCCAAT	  2.2090949e-02	 -6.8974331e-02	  8.0345608e-02
CCCACA	  7.4131697e-02	  2.3244096e-02	 -4.5236237e-03
CCCACC	 -9.7108953e-02	 -1.4122771e-01	  1.7722853e-01
CCCACG	  9.9435426e-02	  3.2376131e-01	 -1.5734150e-01
CCCACT	 -6.4463310e-02	 -1.7453240e-01	 -1.1668932e-01
CCCAGA	 -2.4616821e-02	 -7.2818831e-02	 -1.6373552e-02
CCCAGC	  6.4900942e-02	  1.4562759e-01	  6.5446094e-02
CCCAGG	 -1.7203058e-01	  1.5596849e-01	  8.5440129e-02
CCCAGT	  5.0789557e-02	 -1.7817892e-01	 -9.1823004e-02
CCCATA	 -2.2936107e-01	 -8.6147999e-03	 -2.0310400e-01
CCCATC	  1.2481487e-01	  1.2471985e-01	  2.0940116e-01
CCCATG	  2.1242803e-01	  2.4638824e-01	 -1.7148510e-01
CCCATT	 -1.0992196e-01	 -2.7428615e-01	 -2.9246449e-02
CCCCAA	  7.9841800e-02	 -1.3213076e-01	  7.3548041e-02
CCCCAC	 -1.4034870e-01	  9.7344667e-03	  4.1223086e-02
CCCCAG	  9.8616004e-02	  2.8644353e-01	 -5.9118785e-02
CCCCAT	 -8.9319661e-02	 -1.1968910e-01	 -1.2148367e-01
CCCCCA	  3.2870516e-01	  1.8086256e-01	  2.4946877e-01
CCCCCC	 -8.6453784e-01	 -7.1223289e-01	 -4.9590653e-01
CCCCCG	  2.4044420e-01	  4.4561073e-01	  1.5016678e-01
CCCCCT	 -7.2222985e-02	 -1.4052944e-01	  5.7051014e-02
CCCCGA	  1.4680949e-02	 -3.9000917e-02	  1.6765426e-01
CCCCGC	 -6.1788619e-02	 -2.0096995e-02	 -1.2893498e-01
CCCCGG	 -2.5298667e-01	  1.8505809e-01	  6.1917938e-02
CCCCGT	  1.4167948e-01	 -1.0874572e-01	 -2.3152804e-01
CCCCTA	 -6.7938544e-02	 -1.8163987e-01	 -3.7388783e-02
CCCCTC	 -2.4244454e-02	  2.9860953e-02	  1.2115262e-01
CCCCTG	  1.0402204e-01	  3.4229779e-01	 -7.1176820e-02
CCCCTT	 -8.8219400e-03	 -3.4208861e-01	 -5.6388739e-02
CCCGAA	 -9.3390517e-02	 -9.5988408e-02	  6.0546244e-03
CCCGAC	 -2.3671605e-02	  1.0561156e-01	  3.4195829e-02
CCCGAG	  1.3857277e-01	  1.6462387e-01	 -1.3453083e-01
CCCGAT	  4.6861336e-02	 -7.6748691e-02	  3.4585267e-02
CCCGCA	  4.9722511e-02	 -1.2242031e-01	 -3.3039637e-02
CCCGCC	 -9.5879219e-02	 -4.0351383e-02	  4.8135567e-02
CCCGCG	 -5.4085642e-02	  2.3986560e-01	 -2.9207239e-01
CCCGCT	  1.0143139e-01	 -1.6106442e-02	  8.7818421e-02
CCCGGA	  1.7898940e-01	 -4.4723440e-02	  1.3732517e-01
CCCGGC	 -9.6980035e-02	  1.6304995e-01	 -2.1692859e-02
CCCGGG	 -2.7787760e-01	  3.9002929e-02	 -1.3012370e-01
CCCGGT	 -9.0703338e-02	 -1.7641547e-01	 -1.4217144e-01
CCCGTA	 -1.3197358e-01	 -1.1680776e-01	 -1.8001245e-01
CCCGTC	  1.0789888e-01	  1.8518806e-01	  1.7482443e-01
CCCGTG	  2.7218698e-02	  2.1066517e-01	 -1.6796985e-01
CCCGTT	 -1.7752238e-02	 -3.2212728e-01	  3.9925780e-02
CCCTAA	 -2.7685835e+00	 -8.5764609e-02	 -5.8197755e-02
CCCTAC	  3.3533722e-01	  5.2875571e-02	  4.3792833e-02
CCCTAG	 -2.4170675e+00	  1.4696777e-01	 -5.7463396e-02
CCCTAT	  2.1496984e-01	 -5.3184312e-02	  4.7504373e-02
CCCTCA	  1.0385394e-01	 -1.2091640e-02	  4.2267982e-02
CCCTCC	 -9.7723976e-02	 -4.9780756e-02	  1.0130575e-01
CCCTCG	  1.3651763e-01	  2.3076086e-01	 -5.4044012e-02
CCCTCT	 -1.2450366e-01	 -1.1768982e-01	 -1.2499199e-01
CCCTGA	 -2.5475206e+00	 -5.5898167e-02	  4.9616909e-03
CCCTGC	  2.4564271e-01	 -2.0966532e-02	  7.8617707e-02
CCCTGG	  2.2789006e-01	  1.8862957e-01	  3.9112568e-02
CCCTGT	  9.0746842e-02	 -1.0234986e-01	 -1.1718379e-01
CCCTTA	  2.6999047e-02	 -6.3781910e-02	  3.5809170e-02
CCCTTC	  1.5289116e-01	  1.3639727e-01	  2.1138516e-01
CCCTTG	  1.9576253e-01	  2.6050866e-01	 -1.1721817e-01
CCCTTT	 -3.3819309e-01	 -3.3253169e-01	 -1.8304281e-01
CCGAAA	 -1.0619071e-01	 -2.3070572e-01	 -8.6252265e-02
CCGAAC	  1.5823711e-02	  1.1027370e-01	  1.5405403e-01
CCGAAG	  1.7983565e-01	  4.1342190e-01	  4.3540336e-02
CCGAAT	  4.0902093e-02	 -1.1139716e-01	  1.9716017e-02
CCGACA	 -6.7779332e-02	 -1.1866523e-01	 -9.7997509e-02
CCGACC	 -1.1579385e-01	 -1.0982658e-01	  1.1973523e-01
CCGACG	  1.0375904e-01	  2.5345597e-01	  4.7939923e-02
CCGACT	  5.3072855e-02	 -7.4189223e-02	  1.2177902e-02
CCGAGA	  4.2503711e-02	 -8.2860328e-02	  1.9581277e-02
CCGAGC	  3.6093693e-02	  7.0949227e-02	  5.5873636e-02
CCGAGG	 -1.9869435e-01	  2.1403122e-01	 -6.9282189e-02
CCGAGT	 -5.4492070e-03	 -1.2282875e-01	 -4.2412378e-02
CCGATA	 -2.4065250e-01	 -7.3856907e-03	 -1.3337553e-01
CCGATC	  7.6414108e-02	  1.3643521e-01	  2.9809859e-01
CCGATG	  1.7384456e-01	  3.0694062e-01	 -5.9672218e-02
CCGATT	 -4.8598323e-02	 -3.3212459e-01	 -8.3563820e-02
CCGCAA	  6.1558101e-02	 -5.0656918e-02	  1.2336987e-01
CCGCAC	 -2.3026162e-01	 -5.2363604e-02	 -2.9979890e-02
CCGCAG	  1.7053691e-01	  2.0411013e-01	 -3.5265826e-02
CCGCAT	 -1.0722790e-01	 -7.8313507e-02	 -1.7067862e-01
CCGCCA	  1.1881340e-01	 -2.8761467e-02	 -7.7561572e-02
CCGCCC	 -3.3964476e-01	 -1.5374103e-01	 -2.9461381e-03
CCGCCG	  7.2716467e-02	  2.1776007e-01	  9.2532016e-02
CCGCCT	 -9.2893533e-02	 -1.9649878e-01	  4.9558876e-04
CCGCGA	  6.2504239e-02	 -3.3585861e-02	  1.8247713e-01
CCGCGC	 -2.5349471e-01	 -1.9190904e-01	 -2.0152146e-01
CCGCGG	  1.9843740e-02	  1.3408512e-01	  9.8183937e-03
CCGCGT	  1.0105651e-01	  8.9943804e-02	 -1.5263045e-01
CCGCTA	 -1.5244596e-01	 -1.3196537e-01	  1.8654389e-02
CCGCTC	 -2.0719811e-03	  2.9441034e-02	  2.2600579e-01
CCGCTG	  8.3629988e-02	  2.0283468e-01	 -2.3470524e-01
CCGCTT	 -3.5312369e-03	 -2.2383752e-01	 -5.3880487e-02
CCGGAA	 -1.6786572e-01	 -2.4768306e-01	 -2.9884905e-02
CCGGAC	  4.1986629e-02	  2.0375128e-01	  8.7559082e-02
CCGGAG	  1.2047338e-01	  3.2524437e-01	 -1.5484904e-02
CCGGAT	  1.8574525e-01	 -1.5817748e-02	  3.7094615e-02
CCGGCA	 -2.2215931e-01	 -3.1852323e-01	 -1.4923911e-01
CCGGCC	 -2.2859382e-03	  1.7096606e-01	  1.6880424e-01
CCGGCG	  8.0469124e-02	  3.2825941e-01	 -5.0407324e-02
CCGGCT	  2.6886502e-01	  5.1826462e-02	  1.9708426e-01
CCGGGA	  1.9499378e-01	 -8.1488505e-02	  1.6511662e-01
CCGGGC	 -4.0317267e-02	  2.1556635e-01	  3.8546000e-02
CCGGGG	 -4.1305044e-01	 -7.7311983e-03	 -3.1822401e-01
CCGGGT	 -1.3650848e-01	 -8.5870907e-02	 -1.6530907e-01
CCGGTA	 -9.2232876e-02	 -1.6301322e-01	 -9.1418929e-02
CCGGTC	  1.8165056e-02	  7.9124443e-02	  1.6897774e-01
CCGGTG	  1.0289006e-01	  3.2244584e-01	 -1.3141243e-01
CCGGTT	 -3.3223193e-02	 -3.4666786e-01	  1.8148025e-02
CCGTAA	 -3.1805055e+00	 -1.2202155e-01	  1.4738403e-02
CCGTAC	  3.7026012e-01	  7.6340929e-02	  1.2719965e-01
CCGTAG	 -2.8470182e+00	  1.2205610e-01	 -2.3129471e-01
CCGTAT	  2.7917311e-01	 -3.4782102e-03	 -1.1492749e-02
CCGTCA	  5.6994555e-04	 -2.1125892e-02	  3.5470977e-02
CCGTCC	 -1.5428248e-01	 -1.0265750e-01	  3.8397692e-02
CCGTCG	  1.3255398e-01	  2.4019831e-01	 -1.3418771e-04
CCGTCT	 -4.1128512e-02	 -2.0680083e-01	 -6.7771435e-02
CCGTGA	 -3.0418646e+00	 -2.1316255e-03	  8.6975664e-02
CCGTGC	  1.8009020e-01	 -2.9419421e-03	  1.6704796e-02
CCGTGG	  1.6487043e-01	  1.3094720e-01	 -1.4848956e-03
CCGTGT	  1.5146595e-01	 -1.1772463e-01	 -1.3496040e-01
CCGTTA	 -8.7341852e-02	  7.7588679e-03	  6.5764502e-02
CCGTTC	  1.4116402e-01	  1.2769623e-01	  2.1828605e-01
CCGTTG	  1.7207868e-01	  2.7981433e-01	 -5.9686832e-02
CCGTTT	 -1.7017943e-01	 -3.4078830e-01	 -1.5086952e-01
CCTAAA	 -4.8948802e-02	 -2.4341224e-01	 -1.3213918e-01
CCTAAC	  1.1932040e-01	  2.6350111e-01	  2.4528465e-01
CCTAAG	 -1.2484918e-01	  1.7877413e-01	 -3.8800663e-01
CCTAAT	  6.9228172e-02	 -1.7368115e-02	  1.5227400e-01
CCTACA	  1.0504086e-02	 -1.9830564e-02	 -1.4591455e-01
CCTACC	 -2.0697658e-01	 -1.4896092e-01	  4.5026056e-02
CCTACG	  6.9742259e-03	  2.7896836e-01	  1.4321584e-02
CCTACT	  1.1948931e-01	 -5.9810728e-02	  1.0974137e-01
CCTAGA	  2.7942490e-02	 -1.9329706e-01	 -2.6031394e-02
CCTAGC	  8.5818492e-02	  2.1273747e-01	  1.8778419e-01
CCTAGG	 -3.7815034e-01	  1.1846542e-01	 -1.5069498e-01
CCTAGT	  7.6422177e-02	 -2.7511423e-02	 -7.1744709e-03
CCTATA	 -2.2687374e-01	 -3.9185677e-02	 -4.3227714e-01
CCTATC	  1.0213500e-01	  1.1669188e-01	  2.5895864e-01
CCTATG	  9.9011295e-02	  2.6404327e-01	 -1.9066851e-01
CCTATT	  2.4846622e-03	 -2.5935233e-01	  6.2622175e-02
CCTCAA	  9.6144736e-02	 -1.8945476e-02	  4.9840575e-03
CCTCAC	 -2.1970969e-01	 -3.5889108e-02	  1.0188163e-01
CCTCAG	  1.9343242e-01	  8.6750969e-02	 -6.0285963e-02
CCTCAT	 -1.5635695e-01	  6.9353520e-03	 -6.0452364e-02
CCTCCA	  2.1545061e-01	  2.9411742e-03	 -2.9972458e-02
CCTCCC	 -4.4317919e-01	  1.4457813e-02	 -4.9198836e-02
CCTCCG	 -9.8406700e-03	  1.2872915e-01	  2.0936450e-01
CCTCCT	 -2.1227835e-01	 -1.1983477e-01	 -1.1083879e-01
CCTCGA	  5.4591618e-02	 -8.2847483e-02	  7.8806922e-02
CCTCGC	 -5.8458321e-02	 -7.2586454e-02	  4.1784573e-02
CCTCGG	 -2.1323983e-01	  1.1029369e-01	  7.0781410e-02
CCTCGT	  6.1956048e-02	  4.0590104e-02	 -2.0422873e-01
CCTCTA	 -5.1827181e-02	 -3.1062195e-02	 -1.6702533e-02
CCTCTC	 -8.5840866e-02	 -8.4652185e-02	  1.4049557e-01
CCTCTG	  7.5415142e-02	  3.2137743e-01	 -3.9706498e-02
CCTCTT	  3.9158788e-02	 -2.1544854e-01	 -9.8321818e-02
CCTGAA	 -6.9825612e-02	 -3.0079079e-01	 -5.4365907e-02
CCTGAC	 -3.7142102e-02	  2.9172155e-01	  1.1981592e-01
CCTGAG	  4.3140832e-04	  3.0398500e-01	 -5.6389153e-02
CCTGAT	  1.2723878e-01	  2.7624441e-03	  5.4700457e-02
CCTGCA	  8.1286423e-02	  2.6367432e-02	  1.3932752e-03
CCTGCC	 -2.5198060e-01	 -8.5753351e-02	 -6.1621912e-02
CCTGCG	 -7.9642199e-02	  2.0820767e-01	 -1.3656431e-01
CCTGCT	  1.1893661e-01	 -8.2424216e-02	  9.9564537e-02
CCTGGA	  1.8300146e-01	 -4.8277494e-02	  4.0270243e-02
CCTGGC	 -1.8711132e-01	 -5.2077595e-02	  1.3979951e-01
CCTGGG	 -3.4425390e-01	  2.1790959e-01	 -1.5361218e-01
CCTGGT	 -1.3100551e-01	 -6.2422149e-02	 -1.2154728e-01
CCTGTA	 -7.6861672e-02	 -2.7811144e-02	 -1.9254892e-01
CCTGTC	  1.2279830e-02	  7.1821041e-02	  1.4266858e-01
CCTGTG	  6.2113531e-02	  2.7245548e-01	 -9.9843159e-02
CCTGTT	 -3.1509475e-04	 -3.7507275e-01	  5.8949605e-02
CCTTAA	 -2.9848778e+00	 -6.9261849e-02	 -1.2832516e-01
CCTTAC	  3.1104818e-01	  7.0045386e-03	  7.0624746e-02
CCTTAG	 -2.4757974e+00	  2.2526902e-01	 -1.7898043e-01
CCTTAT	  2.1845964e-01	 -3.0351574e-02	  9.3566671e-02
CCTTCA	  7.1161762e-02	  7.6090731e-03	 -9.8134242e-03
CCTTCC	 -9.2358693e-02	  6.3762076e-02	  7.3401727e-02
CCTTCG	  9.0065457e-02	  1.9111261e-01	  2.5624026e-02
CCTTCT	 -6.4534813e-02	 -1.7321491e-01	 -5.1037241e-02
CCTTGA	 -2.9229250e+00	  2.1203332e-02	 -3.2789689e-02
CCTTGC	  2.5212541e-01	 -2.9123358e-02	  1.0652199e-01
CCTTGG	  3.0278704e-01	  1.7095362e-01	  6.9015443e-02
CCTTGT	  3.9448220e-02	 -1.5143096e-01	 -8.6159386e-02
CCTTTA	 -1.9286046e-02	  9.1431296e-04	 -1.6908990e-01
CCTTTC	  1.1647203e-01	 -1.1900171e-01	  1.8844873e-01
CCTTTG	  2.9637256e-01	  4.4428986e-01	  1.8790409e-02
CCTTTT	 -2.5674102e-01	 -3.0516446e-01	 -5.6010094e-02
CGAAAA	 -8.2660191e-02	 -1.3142243e-01	 -8.7325871e-02
CGAAAC	  5.5405874e-02	  2.0925413e-01	  1.6204071e-01
CGAAAG	  2.5971401e-01	  3.7216425e-01	  1.1281125e-01
CGAAAT	 -6.6619311e-03	 -1.2892807e-01	  2.3424553e-02
CGAACA	  1.8355427e-02	  5.9328765e-02	 -4.0537458e-02
CGAACC	 -4.7655258e-02	 -8.2909860e-02	  5.1686987e-02
CGAACG	 -3.1464472e-02	  1.5762180e-01	  1.3420789e-01
CGAACT	  2.0766813e-02	 -1.8369873e-01	 -8.6292997e-02
CGAAGA	  6.4328811e-03	 -5.9800703e-05	  5.4361861e-02
CGAAGC	 -2.5864482e-02	  1.0244926e-01	 -1.0165480e-02
CGAAGG	 -1.4557886e-01	  2.0128359e-01	  3.6128327e-02
CGAAGT	  8.1002578e-02	 -3.8882378e-01	 -1.3953379e-01
CGAATA	 -3.2300416e-01	  5.8495417e-02	 -1.4598832e-01
CGAATC	  9.6428603e-02	  1.8131256e-01	  2.7267918e-01
CGAATG	  3.1739858e-01	  2.3513587e-01	  5.8179338e-02
CGAATT	 -1.1864033e-01	 -3.3313867e-01	 -1.1992104e-01
CGACAA	  3.8065828e-02	 -2.1747803e-02	  2.2878539e-02
CGACAC	 -1.9966342e-01	  7.1110995e-03	 -3.7574810e-03
CGACAG	  1.7062826e-01	  1.5457880e-01	 -6.4845078e-02
CGACAT	 -6.5942883e-02	 -1.0409962e-01	  2.8470606e-03
CGACCA	  1.2073704e-01	  1.4936885e-02	 -9.3118206e-02
CGACCC	 -2.5837046e-01	 -1.1273290e-01	  1.6876167e-01
CGACCG	  3.5736602e-02	  2.3125999e-01	 -2.8961346e-02
CGACCT	 -1.2005470e-01	 -2.7835503e-01	  5.9028622e-03
CGACGA	  7.9780491e-03	 -2.0220939e-02	  9.5299870e-02
CGACGC	 -1.5100048e-01	 -3.0897867e-02	 -2.1262826e-02
CGACGG	 -5.9663638e-02	  1.0743992e-01	 -6.0665414e-02
CGACGT	  1.2466461e-01	 -4.6993300e-02	 -1.6594848e-01
CGACTA	 -1.0320880e-01	  6.7786045e-02	  3.5541300e-02
CGACTC	  6.5266475e-02	  9.5215760e-02	  1.5872388e-01
CGACTG	 -3.8716212e-02	  1.8152975e-01	 -1.5394641e-01
CGACTT	  3.1744272e-02	 -3.0933931e-01	 -4.4673085e-02
CGAGAA	 -1.2481672e-02	  1.1984099e-02	  6.8198062e-02
CGAGAC	 -1.1891548e-01	 -4.2251717e-02	 -4.7353052e-02
CGAGAG	  5.1593672e-02	  1.3465412e-01	 -1.2862608e-01
CGAGAT	  5.6549154e-02	 -1.2587412e-01	 -1.9832272e-02
CGAGCA	  2.8190147e-02	  9.1912255e-02	  3.2290503e-02
CGAGCC	  8.6823311e-03	  2.7360010e-03	 -6.1515183e-03
CGAGCG	 -5.1893014e-02	 -3.7394648e-03	 -3.1366244e-02
CGAGCT	 -2.0307435e-02	 -1.3594005e-01	 -2.3170194e-02
CGAGGA	  1.4299230e-01	  9.7295558e-03	  1.3565791e-01
CGAGGC	 -1.2125807e-01	  9.7376876e-02	 -2.0620326e-02
CGAGGG	 -2.9269943e-01	  8.1862092e-02	 -1.4659041e-01
CGAGGT	 -8.5619308e-02	 -2.0419164e-01	 -2.4209648e-01
CGAGTA	 -9.3993187e-02	  8.6748593e-02	 -6.6463277e-02
CGAGTC	  7.3722914e-02	  1.1116648e-01	  1.6256538e-01
CGAGTG	  2.0146180e-02	  1.9010320e-01	 -1.0775165e-01
CGAGTT	  2.2738145e-03	 -2.6756740e-01	 -3.3004154e-03
CGATAA	 -3.2976322e+00	 -3.5512738e-02	 -3.4382099e-03
CGATAC	  3.8107696e-01	  3.1115621e-02	 -1.4171178e-02
CGATAG	 -2.8898215e+00	  1.8543370e-01	 -5.5222329e-02
CGATAT	  2.9811352e-01	 -9.2206851e-02	  3.3776544e-02
CGATCA	  3.4916453e-02	  6.8678811e-02	  9.8683983e-03
CGATCC	 -5.3790618e-02	 -8.9351036e-02	  8.6840801e-02
CGATCG	  1.9489516e-02	  1.2145866e-01	 -2.8648108e-02
CGATCT	 -2.5860222e-02	 -1.8267603e-01	 -6.8192311e-02
CGATGA	 -3.2745366e+00	  6.2866593e-03	  1.0698886e-01
CGATGC	  1.9136167e-01	  7.0306279e-02	 -3.0289648e-02
CGATGG	  2.1612549e-01	  1.0113162e-01	 -6.9775112e-02
CGATGT	  1.8492860e-01	 -2.4911611e-01	 -1.2679343e-01
CGATTA	  9.0555318e-02	  9.3217306e-02	 -1.8230176e-02
CGATTC	  3.0200228e-01	  2.8076521e-01	  2.3321879e-01
CGATTG	  1.8307842e-01	  3.0738279e-01	 -3.0699128e-02
CGATTT	 -2.8699821e-01	 -3.8736603e-01	 -8.6263910e-02
CGCAAA	 -1.3997401e-01	 -1.0208546e-01	 -7.8097828e-02
CGCAAC	  7.8574032e-02	  1.3382086e-01	  4.9027167e-02
CGCAAG	  2.7440172e-01	  2.1962440e-01	 -1.1025304e-01
CGCAAT	 -9.4302334e-02	 -1.4245100e-01	  1.2231290e-01
CGCACA	 -8.4843867e-02	  7.1336769e-02	 -9.9913664e-02
CGCACC	  1.3721417e-01	 -8.3846033e-02	  1.4951175e-01
CGCACG	  4.7934175e-02	  1.8309198e-01	 -1.5926914e-01
CGCACT	 -2.7409120e-02	 -2.3205912e-01	  7.2979040e-02
CGCAGA	  9.4799027e-03	  1.0108268e-02	 -3.1299967e-02
CGCAGC	 -1.2265769e-03	  2.4643634e-02	  7.1068451e-02
CGCAGG	 -2.3276050e-01	  1.0983981e-01	 -1.0878338e-01
CGCAGT	  9.3203068e-02	 -1.3858204e-01	  4.1756079e-02
CGCATA	 -3.2218355e-01	  1.1036208e-01	 -2.2720596e-01
CGCATC	  2.3459934e-01	  1.2711945e-01	  1.7914636e-01
CGCATG	  1.2659754e-01	  1.3176455e-01	 -1.6556053e-01
CGCATT	 -1.1639871e-01	 -2.2938724e-01	  2.7891513e-02
CGCCAA	  4.2540608e-03	 -9.4705500e-02	  1.0427416e-02
CGCCAC	 -5.9289008e-02	  8.7362297e-02	  5.6200542e-02
CGCCAG	  1.2680003e-01	  1.7034039e-01	 -1.1896617e-01
CGCCAT	 -8.5846297e-02	 -1.3066188e-01	  1.7180659e-03
CGCCCA	  3.9924320e-02	 -4.2435579e-02	 -8.1146158e-02
CGCCCC	 -3.3728933e-01	 -1.2309072e-01	 -1.6559040e-02
CGCCCG	  1.6133870e-01	  2.7793899e-01	  9.9763155e-02
CGCCCT	 -6.7564398e-02	 -3.1340185e-01	  6.0463987e-02
CGCCGA	 -2.4920441e-02	  7.1471438e-02	  9.4950736e-02
CGCCGC	 -7.4869730e-02	 -1.3830706e-01	 -1.4447592e-02
CGCCGG	 -2.3837703e-01	  1.0583267e-01	 -5.5665232e-02
CGCCGT	  2.3068571e-01	 -1.1355508e-01	 -1.1510802e-01
CGCCTA	 -1.7463833e-01	 -8.0548540e-02	  5.8478177e-02
CGCCTC	  1.0126892e-01	  7.3324293e-02	  1.4950463e-01
CGCCTG	 -1.9218937e-02	  2.4222562e-01	 -1.6252086e-01
CGCCTT	  3.2724287e-02	 -3.4515443e-01	 -7.7740423e-02
CGCGAA	 -1.1118551e-01	 -3.4705404e-02	  1.3198912e-02
CGCGAC	  6.7444956e-03	  6.9582328e-02	 -6.8145394e-02
CGCGAG	  1.8305251e-01	  1.1699937e-01	 -1.3582511e-01
CGCGAT	 -2.3509560e-02	 -1.3135923e-01	  1.0862652e-01
CGCGCA	 -5.9971806e-02	  1.0061619e-01	  2.3023011e-02
CGCGCC	  1.5676101e-01	 -6.9514349e-02	  1.1872911e-01
CGCGCG	 -2.0954458e-01	  6.8645932e-02	 -3.8224348e-01
CGCGCT	  3.9303720e-02	 -1.7041023e-01	  8.6988077e-02
CGCGGA	  2.0160423e-01	  5.9246473e-02	  9.7352795e-02
CGCGGC	 -2.2479391e-01	  3.0748192e-02	  4.5619849e-02
CGCGGG	 -2.8195620e-01	  3.3420894e-02	 -2.3914708e-01
CGCGGT	 -2.5960296e-02	 -2.0860142e-01	 -9.0446346e-02
CGCGTA	 -2.6242104e-01	  3.8368404e-02	 -1.8183631e-01
CGCGTC	  1.3851163e-01	  1.0380445e-01	 -2.7893558e-02
CGCGTG	  2.0928666e-02	  1.7278251e-01	 -4.5334850e-02
CGCGTT	 -3.0278018e-02	 -3.6642301e-01	  1.1231117e-01
CGCTAA	 -2.8399031e+00	  8.2609253e-03	  9.2981178e-03
CGCTAC	  3.5856840e-01	 -1.1199532e-01	 -6.1705090e-02
CGCTAG	 -2.5671847e+00	  2.3887810e-01	 -7.1865723e-02
CGCTAT	  1.6100547e-01	 -1.2275004e-01	  8.4239878e-02
CGCTCA	 -1.2760839e-03	  1.2886997e-01	  5.0410837e-02
CGCTCC	 -8.8187428e-03	 -2.8899720e-01	 -2.8010502e-02
CGCTCG	  1.5384552e-01	  2.3236017e-01	  1.6732693e-02
CGCTCT	 -1.0951788e-01	 -1.8857674e-01	 -4.5583900e-02
CGCTGA	 -2.8050470e+00	  4.0429469e-02	 -1.7909989e-02
CGCTGC	  7.9481609e-02	 -2.0655602e-01	  3.7152179e-02
CGCTGG	  4.2098087e-01	  2.3495498e-01	  4.8225041e-02
CGCTGT	  1.7269619e-02	 -1.9397008e-01	 -6.0292531e-02
CGCTTA	 -2.3311824e-01	  6.2712994e-03	 -1.0476432e-01
CGCTTC	  2.5271848e-01	  1.2749937e-01	  1.3296230e-01
CGCTTG	  4.3674119e-02	  1.2613532e-01	 -1.2159503e-01
CGCTTT	 -2.3777314e-01	 -2.1799172e-01	 -1.7437171e-02
CGGAAA	 -8.8765636e-02	 -1.2224208e-01	 -7.3020145e-02
CGGAAC	 -4.4453286e-02	  8.3680630e-02	  1.6159630e-01
CGGAAG	  2.4573854e-01	  3.1456181e-01	 -1.6928855e-02
CGGAAT	 -2.2035755e-02	 -1.3900152e-01	  4.7197975e-02
CGGACA	 -3.8787734e-02	 -1.0985364e-02	 -1.9879393e-02
CGGACC	 -5.0552506e-02	 -9.4252482e-02	  1.3751498e-01
CGGACG	  3.6561865e-02	  1.3764872e-01	 -1.1446054e-01
CGGACT	  5.5517960e-02	 -6.9092251e-02	  1.6755721e-03
CGGAGA	  3.3617012e-02	  1.1526513e-02	  2.4771629e-02
CGGAGC	 -4.3398235e-02	  7.9802990e-02	 -5.9665896e-02
CGGAGG	 -1.1534189e-02	  6.5131962e-02	  6.9270998e-02
CGGAGT	  6.3168160e-03	 -2.6745617e-01	 -3.3881493e-02
CGGATA	 -6.4031154e-02	  4.7450677e-02	 -1.6283305e-01
CGGATC	 -1.8780913e-02	  9.1564290e-02	  1.7025889e-01
CGGATG	  1.0257041e-01	  1.3680626e-01	 -3.3672009e-02
CGGATT	 -2.0457271e-02	 -2.1870537e-01	 -9.9616973e-03
CGGCAA	 -2.1662371e-01	 -1.9570364e-01	 -1.5945707e-01
CGGCAC	  8.3524153e-02	  2.6698613e-01	  3.2190982e-01
CGGCAG	  3.5640126e-01	  2.6359740e-01	  8.6604126e-02
CGGCAT	  1.1100139e-01	  3.7880678e-02	  1.0032723e-01
CGGCCA	  2.6059398e-02	 -5.1177014e-02	 -6.0944170e-02
CGGCCC	 -8.4097795e-02	 -3.6162674e-02	  1.1093222e-01
CGGCCG	  2.3458594e-02	  1.9538449e-01	 -5.4521363e-02
CGGCCT	 -2.8493566e-02	 -2.0910791e-01	  7.5261012e-02
CGGCGA	  8.0557853e-02	  1.7468488e-02	  5.6895491e-02
CGGCGC	 -3.0832878e-01	 -8.4906869e-02	 -1.0328501e-01
CGGCGG	 -4.5343351e-02	  3.4350749e-02	  4.8530854e-02
CGGCGT	  1.1429023e-01	 -1.2472906e-02	 -1.2115083e-01
CGGCTA	 -1.8925983e-01	 -4.7023561e-02	  9.3438558e-02
CGGCTC	  1.0006288e-01	  1.4524992e-01	  1.3358943e-01
CGGCTG	 -4.8031546e-02	  7.1528219e-02	 -2.5665495e-01
CGGCTT	  2.5632909e-02	 -2.4555092e-01	 -3.7668411e-02
CGGGAA	 -1.2622683e-01	 -1.5542307e-01	 -1.9883242e-02
CGGGAC	 -2.6176071e-02	  1.7301700e-01	  8.8422120e-02
CGGGAG	  9.3440689e-02	  1.5168931e-01	 -1.4384030e-01
CGGGAT	  1.6976415e-01	  2.7206300e-02	  9.3053579e-02
CGGGCA	 -1.0868096e-01	 -2.8440719e-02	  3.3710871e-02
CGGGCC	 -5.9020203e-02	  2.8468033e-03	  4.7270516e-03
CGGGCG	  3.3876926e-02	  6.2862791e-02	 -2.8882542e-01
CGGGCT	  9.6602134e-02	 -3.2320756e-02	  1.2434898e-01
CGGGGA	  2.2168751e-01	 -3.1777101e-03	  2.4076661e-01
CGGGGC	 -1.2836519e-01	  2.0798118e-01	 -1.1017393e-01
CGGGGG	 -3.2558465e-01	 -1.3643338e-01	 -2.2951140e-01
CGGGGT	 -8.4277980e-02	 -7.7426605e-02	 -2.1991174e-01
CGGGTA	 -1.2771153e-01	 -3.3940181e-02	 -8.3269149e-02
CGGGTC	  4.3538556e-02	  1.2883456e-01	  4.6890754e-02
CGGGTG	 -1.6031604e-02	  1.9784322e-01	 -1.2796202e-01
CGGGTT	  4.8006028e-02	 -3.0121240e-01	  7.7771515e-02
CGGTAA	 -2.7541347e+00	 -1.6096240e-01	 -1.4395770e-01
CGGTAC	  4.5084509e-01	  1.4118029e-01	  1.4291683e-01
CGGTAG	 -2.5941963e+00	  6.7663923e-02	 -9.1505557e-02
CGGTAT	  3.4051457e-01	  6.3929884e-03	  1.2418178e-01
CGGTCA	 -8.4983446e-03	  4.5643620e-02	 -6.0029915e-03
CGGTCC	  1.9547772e-02	 -4.1952647e-02	  1.5191920e-02
CGGTCG	  9.3319222e-02	  1.5488762e-01	 -2.9490462e-02
CGGTCT	 -8.0223590e-02	 -2.1200873e-01	  1.8468169e-02
CGGTGA	 -2.7578993e+00	  2.6818510e-02	 -3.1023657e-02
CGGTGC	  1.9489679e-01	  1.1384433e-01	 -9.7088506e-03
CGGTGG	  8.9769527e-02	  3.3519685e-02	  1.4294350e-01
CGGTGT	  2.1053421e-01	 -1.8881154e-01	 -1.5129876e-01
CGGTTA	  1.2593272e-01	  1.3512644e-01	  7.5120680e-02
CGGTTC	  1.5402432e-01	  1.8929525e-01	  2.0841828e-01
CGGTTG	  1.1451269e-01	  1.7809838e-01	 -8.4311955e-02
CGGTTT	 -1.9420724e-01	 -2.8941432e-01	 -1.0201877e-01
CGTAAA	 -1.1780301e-01	 -2.3069079e-01	 -5.8601245e-02
CGTAAC	  2.4171159e-01	  2.4128348e-01	  2.2450075e-01
CGTAAG	  5.3382829e-02	  2.4484023e-01	 -3.3355838e-01
CGTAAT	 -3.8287204e-02	 -6.3051291e-02	  4.6751916e-02
CGTACA	 -4.0140685e-02	  6.6507548e-02	 -6.6195540e-02
CGTACC	  1.1870253e-01	 -1.5311173e-01	  9.0816528e-02
CGTACG	 -1.2486074e-01	  2.7697897e-01	  1.2193357e-02
CGTACT	 -4.1372734e-03	 -1.7945221e-01	 -7.4483082e-03
CGTAGA	  6.3204721e-02	 -1.6776225e-01	  5.3526521e-02
CGTAGC	  4.5675732e-02	  2.0400801e-01	  1.1132288e-01
CGTAGG	 -3.7803835e-01	  9.6822910e-02	 -2.5982091e-01
CGTAGT	  6.0615122e-02	 -4.2643107e-02	 -6.1107194e-03
CGTATA	 -3.7450534e-01	  5.4363415e-02	 -2.3610383e-01
CGTATC	  1.6669822e-01	  5.6080665e-02	  1.5240252e-01
CGTATG	  1.5174538e-01	  2.3265639e-01	 -3.3717047e-02
CGTATT	 -5.5942245e-02	 -2.1006204e-01	  4.2819497e-03
CGTCAA	  9.7950049e-02	 -2.7283462e-02	  4.0642675e-02
CGTCAC	 -1.1826663e-01	 -2.5089925e-02	  5.2785307e-02
CGTCAG	  4.5183178e-02	  8.4892221e-02	 -1.4432728e-01
CGTCAT	 -8.9833155e-02	 -7.3901406e-03	 -1.8584315e-02
CGTCCA	  1.7253631e-01	 -1.3100229e-02	 -6.4283542e-02
CGTCCC	 -2.6666710e-01	  5.3985271e-04	  4.8813045e-02
CGTCCG	 -2.2322752e-02	  1.6540936e-01	  1.1249865e-01
CGTCCT	 -2.0502250e-01	 -1.7064941e-01	 -5.0795022e-02
CGTCGA	 -8.3070993e-02	  4.8070408e-02	  1.0146312e-01
CGTCGC	 -4.6362422e-02	 -1.3025883e-01	 -5.4805591e-03
CGTCGG	 -2.5920340e-01	  1.6892168e-01	  4.2471085e-02
CGTCGT	  1.8884110e-01	 -1.4433382e-01	 -1.8519554e-01
CGTCTA	 -1.4990354e-01	  8.3528571e-03	  1.2676105e-01
CGTCTC	 -3.5335335e-03	 -5.7450660e-02	  1.7324792e-02
CGTCTG	 -8.0453478e-02	  2.2952563e-01	 -9.8934345e-02
CGTCTT	  9.7686641e-02	 -1.7275514e-01	 -3.4271460e-02
CGTGAA	 -3.9939314e-02	 -1.8585794e-01	  5.9735473e-02
CGTGAC	  3.0536396e-02	  1.8900001e-01	  8.2663082e-02
CGTGAG	 -4.5411374e-02	  1.0601210e-01	 -2.4047945e-01
CGTGAT	  6.4376608e-02	 -1.5080671e-02	 -1.2247909e-02
CGTGCA	 -2.1636318e-02	  2.3453297e-02	  1.0311746e-04
CGTGCC	 -9.8560816e-03	  3.8450630e-03	 -1.6612694e-02
CGTGCG	 -1.8866026e-01	  2.3923092e-02	 -1.9082081e-01
CGTGCT	  8.6088337e-02	 -3.7214659e-02	  7.5080439e-02
CGTGGA	  2.5141433e-01	  1.7461725e-02	  1.7176184e-01
CGTGGC	 -2.3277025e-01	  2.0659057e-02	  2.6765699e-02
CGTGGG	 -4.4005558e-01	  1.8800478e-01	 -2.9781526e-01
CGTGGT	 -1.3277578e-01	 -1.8697803e-01	 -2.3630768e-01
CGTGTA	 -1.7457840e-01	  5.6501109e-02	 -1.7708956e-01
CGTGTC	  1.3742399e-01	  3.2847911e-02	  8.4550641e-02
CGTGTG	 -6.5347157e-02	  2.1385403e-01	 -5.7715867e-02
CGTGTT	  1.6109755e-02	 -3.2986176e-01	  5.6213140e-02
CGTTAA	 -3.0675488e+00	 -2.9856620e-02	 -2.3387074e-02
CGTTAC	  4.4456649e-01	  9.4682053e-02	  9.7985789e-02
CGTTAG	 -2.7679279e+00	  1.3202423e-01	 -1.6959147e-01
CGTTAT	  2.0582180e-01	 -1.1926643e-01	  3.6548208e-02
CGTTCA	  2.7975161e-02	  5.8526274e-02	 -1.8454378e-02
CGTTCC	  6.8100942e-03	  3.7070375e-02	  8.9491971e-02
CGTTCG	  4.2194277e-02	  5.1444005e-02	  3.5905987e-02
CGTTCT	 -6.5983050e-02	 -1.4614448e-01	 -7.3308982e-02
CGTTGA	 -3.1056130e+00	  6.7332409e-02	  6.0384341e-02
CGTTGC	  1.5886280e-01	 -1.0340320e-01	 -2.9071509e-03
CGTTGG	  2.8104338e-01	  1.9931062e-01	  8.9662205e-03
CGTTGT	  1.1096106e-01	 -2.6087606e-01	 -9.1723718e-02
CGTTTA	 -3.1008035e-02	  1.1287768e-01	 -1.0942215e-01
CGTTTC	  2.2884972e-01	 -7.1583584e-02	  1.6244760e-01
CGTTTG	  2.3674521e-01	  3.7039629e-01	  6.7520393e-03
CGTTTT	 -2.8656444e-01	 -2.5763527e-01	 -5.6880128e-02
CTAAAA	 -1.0459774e-01	 -1.7471570e-01	 -3.1744501e-01
CTAAAC	  1.8634009e-01	  2.4373341e-01	  2.7475145e-01
CTAAAG	  1.8199523e-01	  4.0096259e-01	  4.2737168e-01
CTAAAT	 -1.5029992e-02	 -1.3918816e-01	 -7.7394461e-03
CTAACA	  4.1284006e-02	  3.6014691e-02	 -1.4310302e-01
CTAACC	  3.3926006e-02	 -7.0709907e-02	  1.0544597e-01
CTAACG	 -5.2427299e-02	  2.8019646e-01	  3.0884165e-01
CTAACT	 -5.0527204e-02	 -1.7740889e-01	 -1.2522127e-01
CTAAGA	  1.0750035e-01	  9.3791321e-02	 -9.8705053e-02
CTAAGC	 -9.5478155e-02	 -1.6387749e-01	 -1.3011965e-01
CTAAGG	 -1.5160635e-01	  3.8500059e-01	  3.2918876e-01
CTAAGT	  2.3644796e-02	 -3.8734624e-01	  3.2977253e-02
CTAATA	 -3.3263716e-01	 -1.3443935e-02	 -2.2398806e-03
CTAATC	  2.1457866e-01	  1.9689654e-01	  2.2249493e-01
CTAATG	  2.9215372e-01	  3.1422570e-01	  2.2101332e-01
CTAATT	 -1.1636209e-01	 -3.2797480e-01	 -2.5395942e-01
CTACAA	  4.4054259e-02	  2.4880763e-02	  6.0961302e-03
CTACAC	  3.2422367e-02	  4.5948368e-02	  1.8732646e-01
CTACAG	 -2.3952737e-02	  2.6711663e-02	 -2.8708759e-01
CTACAT	 -8.5221775e-02	 -1.1888774e-01	  5.8915250e-02
CTACCA	  2.0261042e-01	  1.4288285e-01	 -2.2242287e-02
CTACCC	 -1.1255601e-01	  1.8181788e-02	  1.2019773e-01
CTACCG	 -2.5567584e-02	  7.2871767e-02	  2.5478609e-02
CTACCT	 -2.7878442e-01	 -3.5424122e-01	 -6.5448239e-02
CTACGA	  4.8925970e-02	  5.2000433e-02	  1.1209353e-01
CTACGC	  1.6662847e-02	 -5.7946388e-02	  6.0485788e-02
CTACGG	 -9.7230919e-02	  1.8433449e-01	 -6.7732856e-02
CTACGT	 -1.3171975e-02	 -2.2134528e-01	 -1.6864645e-01
CTACTA	 -1.5721704e-01	  1.3962473e-02	 -4.7696311e-02
CTACTC	  1.0218845e-01	  3.4181572e-02	  1.6211353e-01
CTACTG	 -2.4889136e-02	  2.1364032e-01	 -1.1436810e-01
CTACTT	  3.2472767e-02	 -2.8572887e-01	 -1.9259905e-02
CTAGAA	 -1.1110373e-01	 -4.3469209e-02	 -3.0082375e-01
CTAGAC	  1.2118193e-01	  5.6061644e-02	  2.6164332e-01
CTAGAG	  5.6048222e-02	  1.8931521e-01	  2.4872135e-01
CTAGAT	  8.7020114e-02	 -1.0634550e-01	  5.0861537e-02
CTAGCA	 -1.3729075e-02	  6.7836888e-02	 -1.2825973e-01
CTAGCC	  9.1908276e-02	 -3.8459327e-02	  1.2454524e-01
CTAGCG	 -8.0988295e-02	  1.5813585e-01	  2.2894759e-01
CTAGCT	 -1.1607963e-02	 -1.6838931e-01	 -1.1908414e-01
CTAGGA	  3.0724970e-01	  1.5421994e-01	 -5.8323625e-02
CTAGGC	 -2.4239746e-01	 -8.0451511e-02	 -7.7439070e-02
CTAGGG	 -2.3675877e-01	  1.5918975e-01	  2.6265338e-01
CTAGGT	 -2.1541560e-01	 -2.7817780e-01	 -4.7228243e-02
CTAGTA	 -1.1719457e-01	 -3.7915874e-02	  6.8677001e-02
CTAGTC	  1.8047254e-01	  1.1944563e-01	  1.6262685e-01
CTAGTG	  4.6869513e-02	  2.9210186e-01	  1.2961888e-01
CTAGTT	 -6.4501897e-02	 -3.0091137e-01	 -2.3468053e-01
CTATAA	 -2.9269907e+00	  3.5347294e-02	  2.1088485e-02
CTATAC	  5.1430601e-01	  3.1822849e-02	  1.2374822e-01
CTATAG	 -2.5612254e+00	  9.5689669e-02	 -1.6891170e-01
CTATAT	  2.1652324e-01	 -1.3481489e-01	 -2.1951584e-02
CTATCA	  1.0298310e-02	  8.5316442e-02	 -1.5443726e-04
CTATCC	  7.5246170e-02	 -4.5843109e-02	  9.5597997e-02
CTATCG	  6.6864453e-02	  1.6707392e-01	  5.5034902e-02
CTATCT	 -1.3611397e-01	 -3.5921293e-01	 -1.2494875e-01
CTATGA	 -3.0602398e+00	  5.9170090e-03	  6.4935625e-02
CTATGC	  2.0568150e-01	  1.0233792e-02	 -9.9696433e-03
CTATGG	  3.4292752e-01	  2.5081193e-01	  7.7142544e-02
CTATGT	  2.6448742e-02	 -3.1633592e-01	 -1.5546043e-01
CTATTA	 -1.6732749e-01	 -5.6715239e-02	 -8.0522180e-02
CTATTC	  3.2213417e-01	  1.8958320e-01	  1.8150036e-01
CTATTG	  7.7847905e-02	  3.2963741e-01	 -1.0972156e-03
CTATTT	 -2.0347124e-01	 -3.5496581e-01	 -6.3651517e-02
CTCAAA	 -1.7625269e-01	 -1.8504441e-01	 -1.1242099e-01
CTCAAC	  1.4633371e-01	  2.0571153e-01	  1.5181407e-01
CTCAAG	  2.3317058e-01	  2.9601076e-01	 -6.5484993e-02
CTCAAT	 -1.2899440e-02	 -1.3693242e-01	  7.4922793e-02
CTCACA	  2.2901719e-02	  2.8889799e-02	 -2.2661155e-02
CTCACC	  4.5640357e-02	 -1.5343490e-01	  8.1304327e-02
CTCACG	 -9.8141924e-02	  2.9867315e-01	 -1.5519017e-01
CTCACT	 -1.8363042e-02	 -1.6275316e-01	  1.5711779e-02
CTCAGA	  4.3513044e-03	 -5.3359106e-02	  2.4515601e-02
CTCAGC	  7.4187785e-02	  1.1555952e-01	  8.6310528e-02
CTCAGG	 -3.1914440e-01	  1.9632673e-01	 -9.8411560e-02
CTCAGT	  4.8206836e-02	 -2.2799748e-01	 -6.4075671e-02
CTCATA	 -3.8062325e-01	 -1.7197872e-02	 -3.4555674e-01
CTCATC	  1.4841288e-01	  9.4940789e-02	  2.3021555e-01
CTCATG	  1.8831016e-01	  2.8591880e-01	 -1.5741146e-01
CTCATT	 -6.8769179e-02	 -2.5531104e-01	 -2.0267237e-02
CTCCAA	  9.1208361e-02	 -7.4227773e-02	  1.3491509e-02
CTCCAC	 -1.0439978e-01	  4.7003251e-02	  1.3511547e-01
CTCCAG	  6.9551714e-02	  1.7062880e-01	 -1.2747116e-01
CTCCAT	 -1.5338784e-01	 -1.1870078e-01	 -8.1752092e-02
CTCCCA	  2.0587415e-01	 -2.2176547e-02	 -3.4740906e-02
CTCCCC	 -2.9757959e-01	 -8.4039144e-02	 -8.4563745e-03
CTCCCG	  4.1552596e-02	  2.7036080e-01	 -2.7413145e-02
CTCCCT	 -2.5658283e-01	 -2.5641075e-01	  6.8720676e-02
CTCCGA	  1.8478539e-02	  3.2765388e-02	  1.2061976e-01
CTCCGC	 -9.0105990e-03	 -1.1539894e-01	 -6.8885922e-02
CTCCGG	 -2.9807019e-01	  1.6825092e-01	  3.2571148e-02
CTCCGT	  1.1451707e-01	 -1.0038643e-01	 -1.6920687e-01
CTCCTA	 -3.2556541e-02	 -1.0443754e-01	  4.8112027e-02
CTCCTC	  3.7176177e-02	  1.8842166e-02	  1.2700963e-01
CTCCTG	  5.2827895e-02	  2.6458651e-01	 -1.0254073e-01
CTCCTT	 -6.1808910e-02	 -2.8074703e-01	 -1.2307464e-01
CTCGAA	 -1.1283319e-01	 -6.0335483e-02	  1.0427063e-02
CTCGAC	  1.1972583e-01	  4.6397436e-02	  5.2486375e-02
CTCGAG	  1.1743633e-01	  1.5421274e-01	 -9.6360929e-02
CTCGAT	 -2.5811734e-02	 -7.2981372e-02	  4.2585214e-03
CTCGCA	 -4.5125253e-02	  4.7275638e-03	  5.9067947e-03
CTCGCC	  1.0349958e-01	  4.4184956e-03	  2.5065232e-02
CTCGCG	 -1.2775937e-01	  1.8149096e-01	 -1.3684663e-01
CTCGCT	 -1.9302336e-02	 -1.9231407e-01	  3.8149290e-02
CTCGGA	  2.1211016e-01	  2.7807171e-02	  1.1789226e-01
CTCGGC	 -1.7812981e-01	 -7.5156749e-03	 -5.0482247e-02
CTCGGG	 -2.5862828e-01	  1.9090798e-01	 -3.2921586e-02
CTCGGT	 -9.6495226e-02	 -2.1146621e-01	 -1.3021512e-01
CTCGTA	 -2.4599323e-01	 -1.4573283e-01	 -1.8956584e-01
CTCGTC	  1.6823657e-01	  1.1980458e-01	  1.2019437e-01
CTCGTG	 -9.1387443e-03	  2.5000599e-01	 -1.1082873e-01
CTCGTT	 -4.4627156e-02	 -3.1956807e-01	  3.7041232e-02
CTCTAA	 -3.3918195e+00	 -6.9204286e-02	 -1.0818481e-01
CTCTAC	  4.5922917e-01	  1.0946938e-01	  2.0441405e-01
CTCTAG	 -3.0779216e+00	  1.0025946e-01	 -1.1700416e-01
CTCTAT	  9.1086224e-02	 -9.6845463e-02	 -3.8925454e-02
CTCTCA	  8.4124386e-02	  1.1093066e-01	  8.3140709e-02
CTCTCC	  1.5520331e-01	 -1.7274097e-02	  1.3226831e-01
CTCTCG	  9.7237758e-02	  2.7576697e-01	  2.7273353e-02
CTCTCT	 -3.0451509e-01	 -3.5375187e-01	 -2.0800655e-01
CTCTGA	 -3.2815604e+00	  4.0944543e-02	 -3.4243952e-02
CTCTGC	  2.3024264e-01	 -7.9065435e-02	  1.1116564e-01
CTCTGG	  2.5795048e-01	  1.6691090e-01	  6.7338176e-02
CTCTGT	  7.1943887e-02	 -1.9711004e-01	 -1.3908902e-01
CTCTTA	 -2.1742588e-01	 -4.9060598e-02	 -9.4152346e-02
CTCTTC	  2.1232337e-01	  1.1288542e-01	  1.8329072e-01
CTCTTG	 -5.4281326e-03	  2.2768240e-01	 -1.5390539e-01
CTCTTT	 -2.1831124e-01	 -3.4633914e-01	 -1.1643787e-01
CTGAAA	 -9.7848907e-02	 -1.8182640e-01	 -3.7331805e-01
CTGAAC	  1.1905111e-01	  1.3027625e-01	  3.7068188e-01
CTGAAG	  2.0807806e-01	  4.4036761e-01	  3.2118335e-01
CTGAAT	  2.7940014e-02	 -1.2159897e-01	  1.3397594e-01
CTGACA	  3.3332493e-02	  7.6514482e-03	 -1.7860821e-01
CTGACC	 -1.0384019e-02	 -1.7728443e-01	  1.7472109e-01
CTGACG	 -9.0169162e-03	  2.1334268e-01	  9.7257368e-02
CTGACT	 -3.9118055e-02	 -1.5659790e-01	 -9.9383900e-03
CTGAGA	  2.9716125e-02	 -2.6422901e-02	 -1.8387844e-01
CTGAGC	  4.0289070e-02	  5.2519590e-02	 -3.1650618e-02
CTGAGG	 -8.2327865e-02	  2.2520159e-01	  2.8214198e-01
CTGAGT	 -6.5515056e-02	 -2.6806730e-01	  5.7973891e-02
CTGATA	 -2.8721932e-01	 -4.6291430e-02	  5.6999014e-03
CTGATC	  9.5468946e-02	  5.3061489e-02	  1.3767833e-01
CTGATG	  1.8346961e-01	  2.7225530e-01	  8.6083449e-02
CTGATT	 -4.1251432e-02	 -2.8796092e-01	 -1.6569702e-01
CTGCAA	  2.3217645e-02	 -4.8521496e-02	 -1.1254762e-02
CTGCAC	 -4.4522998e-03	  4.0136963e-02	  1.2146359e-01
CTGCAG	  9.2277780e-02	  1.2737468e-01	 -1.5998329e-01
CTGCAT	 -1.5466022e-01	 -7.1048267e-02	  3.5185762e-02
CTGCCA	  1.5209261e-01	  6.4307861e-02	 -8.4020458e-02
CTGCCC	 -6.9668643e-02	 -7.5333163e-02	  3.2234606e-01
CTGCCG	  4.9223159e-02	  2.3445712e-01	 -7.5168692e-02
CTGCCT	 -2.9039326e-01	 -3.7541950e-01	 -9.1749169e-02
CTGCGA	  1.0645299e-01	  8.3616070e-02	  1.3800165e-01
CTGCGC	 -3.8074426e-02	 -9.1936164e-02	  3.1558615e-03
CTGCGG	 -5.9028447e-02	  1.0676308e-01	  1.8244882e-03
CTGCGT	 -6.5019786e-02	 -1.4503293e-01	 -2.0267688e-01
CTGCTA	 -1.4753295e-01	 -1.1369470e-01	 -7.0368640e-02
CTGCTC	  1.9335119e-01	  8.2627475e-02	  9.8395847e-02
CTGCTG	 -8.6215258e-02	  1.7060325e-01	 -1.2499323e-01
CTGCTT	 -9.5292985e-02	 -3.0045563e-01	  3.1645801e-02
CTGGAA	 -8.6513422e-02	 -1.2557299e-01	 -7.8945927e-02
CTGGAC	  9.4051227e-02	  1.3901916e-01	  2.0369403e-01
CTGGAG	 -4.1832714e-03	  1.8597062e-01	 -8.5796081e-02
CTGGAT	  1.3792402e-01	 -1.8966135e-02	  1.1864615e-01
CTGGCA	 -2.9733168e-02	 -1.1009780e-01	 -1.5877433e-02
CTGGCC	  3.2254551e-02	  7.0988752e-02	  1.2829821e-01
CTGGCG	 -2.3299390e-02	  2.1100627e-01	 -2.2669823e-01
CTGGCT	  3.0355347e-02	 -1.1676297e-01	  5.3044491e-02
CTGGGA	  1.7123500e-01	 -9.8105676e-02	  6.9665283e-02
CTGGGC	 -5.6273267e-02	  1.9043295e-01	  5.5686317e-02
CTGGGG	 -4.4601381e-01	  7.2945215e-02	 -8.0021113e-02
CTGGGT	 -5.9997275e-02	 -1.4366895e-01	 -1.1917748e-01
CTGGTA	 -5.2152224e-02	 -1.1075132e-01	 -4.1438147e-02
CTGGTC	  6.4320534e-02	  7.9293981e-02	  1.3886328e-01
CTGGTG	 -1.7380536e-02	  1.9870013e-01	 -1.4458945e-01
CTGGTT	  6.4214543e-03	 -2.3613271e-01	  3.1712171e-02
CTGTAA	 -3.1542401e+00	 -7.8719612e-03	  2.8770087e-02
CTGTAC	  5.6544137e-01	  1.1007135e-01	  1.4932029e-01
CTGTAG	 -3.0555375e+00	 -4.6418071e-02	 -3.2886669e-01
CTGTAT	  3.2502314e-01	 -1.4761003e-02	  1.1368485e-01
CTGTCA	  4.4880845e-03	  4.9727637e-02	 -7.5205737e-03
CTGTCC	 -3.5017569e-02	 -1.9410545e-01	  1.0947272e-01
CTGTCG	  1.2134423e-01	  2.6413628e-01	 -6.5919109e-02
CTGTCT	 -8.3921298e-02	 -2.7546242e-01	 -3.3583008e-02
CTGTGA	 -3.1778605e+00	  5.3494938e-02	  5.2406125e-02
CTGTGC	  3.5042104e-01	 -1.8273452e-02	  9.9667702e-03
CTGTGG	  1.2367579e-01	  1.5024547e-01	  1.0813298e-02
CTGTGT	  7.7045217e-02	 -2.7962738e-01	 -1.0399853e-01
CTGTTA	 -1.4274569e-01	  2.6207836e-02	 -5.3254858e-02
CTGTTC	  2.7145892e-01	  1.3555209e-01	  1.0662082e-01
CTGTTG	  2.1921506e-02	  2.4053057e-01	 -3.7169453e-02
CTGTTT	 -1.8352254e-01	 -3.9580512e-01	 -2.1336477e-02
CTTAAA	 -1.3209262e-01	 -2.9546621e-01	 -1.3307978e-01
CTTAAC	  1.6033463e-01	  2.4242479e-01	  2.1894369e-01
CTTAAG	  1.3862579e-01	  3.4601405e-01	 -4.4853929e-02
CTTAAT	  3.8444892e-02	 -1.0500643e-03	  7.5466797e-02
CTTACA	 -1.7910367e-02	  6.1365716e-02	 -3.5381880e-02
CTTACC	  3.4024630e-02	 -1.5593842e-01	  3.2265127e-02
CTTACG	 -5.7551403e-02	  2.9149204e-01	  2.5001649e-02
CTTACT	  1.6302675e-02	 -1.9444750e-01	  2.1474112e-03
CTTAGA	  7.3728949e-02	 -1.1315187e-01	  9.9892296e-02
CTTAGC	  1.7433234e-01	  1.8309127e-01	  1.6727845e-01
CTTAGG	 -5.2743715e-01	 -6.3773364e-02	 -2.9592875e-01
CTTAGT	  1.0779423e-01	  5.1495694e-02	 -3.6490109e-02
CTTATA	 -3.5004812e-01	  7.2893733e-03	 -3.0568931e-01
CTTATC	  1.0759743e-01	  3.8186844e-02	  2.0464545e-01
CTTATG	  1.6887805e-01	  3.2220548e-01	 -1.5364884e-01
CTTATT	 -2.5397448e-02	 -2.8361702e-01	  1.7231505e-02
CTTCAA	  3.6493238e-02	 -1.7017201e-02	 -4.7752750e-03
CTTCAC	 -1.8637110e-02	 -1.6226593e-02	  1.4140353e-01
CTTCAG	  4.1034119e-03	  6.4001434e-02	 -2.2136588e-01
CTTCAT	 -5.5204663e-02	 -8.8134594e-03	  1.3989693e-02
CTTCCA	  1.6911525e-01	 -2.1872113e-02	 -7.8087159e-02
CTTCCC	 -2.4709685e-01	 -1.0279546e-02	  8.8068344e-02
CTTCCG	 -3.5808984e-02	  2.2946876e-01	  4.0883619e-02
CTTCCT	 -2.0409463e-01	 -2.1929315e-01	  1.2348120e-02
CTTCGA	  1.7896658e-02	 -3.3396729e-03	  8.2095839e-02
CTTCGC	  1.0195308e-02	 -1.1553736e-01	  3.4475148e-02
CTTCGG	 -3.3089808e-01	  1.6608223e-01	  9.3005504e-03
CTTCGT	  1.1524163e-01	 -8.6602859e-02	 -1.7114642e-01
CTTCTA	 -8.2196787e-02	  1.3786617e-02	  2.7782986e-02
CTTCTC	  1.1442444e-01	 -3.1361591e-02	  8.8367425e-02
CTTCTG	 -6.8125777e-02	  2.7751228e-01	 -8.5151792e-02
CTTCTT	 -2.3461768e-02	 -2.5620085e-01	 -3.9868575e-02
CTTGAA	 -7.9985887e-02	 -2.5346702e-01	 -6.5569044e-03
CTTGAC	  7.9018548e-02	  2.4146684e-01	  7.6184921e-02
CTTGAG	  2.3942592e-02	  2.1931510e-01	 -3.5622198e-02
CTTGAT	  6.0075808e-02	 -1.3030044e-02	 -1.5261343e-02
CTTGCA	 -4.0377747e-02	 -3.2839969e-02	 -4.1622352e-02
CTTGCC	  7.2704121e-02	 -5.6078238e-03	  1.4553300e-02
CTTGCG	 -1.4209856e-01	  1.8572715e-01	 -1.6244349e-01
CTTGCT	  3.6085878e-02	 -7.0047684e-02	  8.5764825e-02
CTTGGA	  2.1189927e-01	 -2.5698045e-02	  8.0363899e-02
CTTGGC	 -1.9911070e-01	 -8.1751436e-02	  5.7790246e-02
CTTGGG	 -3.8419324e-01	  2.5132233e-01	 -1.0346952e-01
CTTGGT	 -1.0259472e-01	 -1.1548163e-01	 -1.5143554e-01
CTTGTA	 -1.4609027e-01	  1.0166937e-02	 -1.1929964e-01
CTTGTC	  1.4234385e-01	  2.4765661e-02	  1.3704903e-01
CTTGTG	  8.6207851e-04	  2.8458956e-01	 -1.2642071e-01
CTTGTT	 -2.3270305e-02	 -3.4746039e-01	  2.9379398e-02
CTTTAA	 -3.4482818e+00	 -1.0919209e-01	 -1.6006087e-01
CTTTAC	  4.5361352e-01	  1.1436579e-01	  1.0992237e-01
CTTTAG	 -2.9336824e+00	  1.7579821e-01	 -1.5567373e-01
CTTTAT	  2.9506201e-01	 -2.3153240e-02	  1.5845624e-01
CTTTCA	 -2.3661790e-02	  2.1157721e-02	 -5.6674059e-02
CTTTCC	  4.7564004e-02	 -6.7805499e-03	  7.3932707e-02
CTTTCG	  5.5887658e-02	  2.1073662e-01	 -2.9866245e-02
CTTTCT	 -3.7102289e-02	 -1.7674617e-01	  1.8193556e-02
CTTTGA	 -3.4695134e+00	  4.0678173e-02	 -5.3376006e-04
CTTTGC	  2.3577653e-01	 -9.3859985e-02	  6.5395691e-02
CTTTGG	  2.5344104e-01	  2.0933925e-01	  2.7563911e-02
CTTTGT	  1.2359910e-01	 -2.5115472e-01	 -7.4525461e-02
CTTTTA	  2.5777102e-02	  1.2082563e-01	 -1.1700200e-01
CTTTTC	  1.5195373e-01	 -5.2763108e-02	  9.2526197e-02
CTTTTG	  2.6100266e-01	  4.2108369e-01	 -1.1936323e-01
CTTTTT	 -3.1304020e-01	 -4.3215081e-01	  1.9818515e-02
GAAAAA	 -1.1834281e-01	 -2.3792051e-01	 -3.2624096e-02
GAAAAC	  3.7062153e-02	  2.2471093e-01	  1.0402921e-01
GAAAAG	  3.4396186e-01	  4.4474846e-01	  8.3376467e-02
GAAAAT	 -6.6302791e-02	 -1.8476616e-01	 -4.1639417e-02
GAAACA	 -4.0689923e-02	 -5.5797316e-02	 -3.7273321e-02
GAAACC	  3.0947544e-02	  1.8063458e-02	  1.2484284e-01
GAAACG	 -5.2605502e-02	  2.6027471e-01	  1.4060681e-01
GAAACT	  4.6864636e-02	 -1.3196597e-01	 -1.1922211e-01
GAAAGA	  7.6213896e-02	  5.3302243e-02	  9.2041321e-02
GAAAGC	  2.1735204e-02	  7.3537983e-02	  1.1074763e-01
GAAAGG	 -2.0290008e-01	  1.8236966e-01	  1.6705094e-02
GAAAGT	 -2.5551660e-02	 -2.3822674e-01	 -2.0643930e-01
GAAATA	 -3.4128803e-01	 -1.1314168e-02	 -1.4657700e-01
GAAATC	  1.5896671e-01	  2.2038004e-01	  3.3380955e-01
GAAATG	  2.6146391e-01	  3.3104452e-01	  1.7491810e-02
GAAATT	 -9.4008394e-02	 -4.0713307e-01	 -1.1781204e-01
GAACAA	  9.5887661e-02	 -4.4530462e-02	  6.7192368e-02
GAACAC	 -1.3739352e-01	  8.0439568e-02	  5.3042110e-02
GAACAG	  1.0890593e-01	  1.2763537e-01	 -7.7061012e-02
GAACAT	 -1.5183716e-01	 -8.1121132e-02	 -9.3590334e-02
GAACCA	  1.9240738e-01	 -1.3223769e-02	 -6.8103127e-02
GAACCC	 -3.2300618e-01	 -8.1653267e-02	  1.0215645e-01
GAACCG	 -9.8852105e-02	  2.5722793e-01	  1.3095794e-02
GAACCT	 -1.2365904e-01	 -2.1979983e-01	 -2.8092030e-03
GAACGA	  8.2124688e-02	  1.3566032e-02	  7.9226173e-02
GAACGC	 -1.1197050e-01	 -8.4821107e-03	  8.8377230e-02
GAACGG	 -1.3607498e-01	  6.3092224e-02	 -7.3703411e-03
GAACGT	  3.2134179e-02	 -7.6005846e-02	 -2.0468554e-01
GAACTA	 -1.3034368e-01	 -5.4315239e-02	  1.1609340e-03
GAACTC	  5.5035587e-02	  1.5834011e-01	  2.1211360e-01
GAACTG	 -3.8598586e-02	  2.4046090e-01	 -1.9726099e-01
GAACTT	  4.0035423e-02	 -3.4068662e-01	 -5.2182350e-02
GAAGAA	 -5.2295130e-02	 -9.7172737e-02	  7.7777147e-02
GAAGAC	 -4.5156702e-02	  1.2780213e-01	  3.2081239e-02
GAAGAG	  5.5797789e-02	  1.3615215e-01	 -1.5496044e-01
GAAGAT	  6.0699496e-02	 -6.4016305e-02	 -7.1577720e-02
GAAGCA	 -2.4967050e-02	  4.7119949e-02	 -8.9987330e-03
GAAGCC	 -1.9224430e-02	 -3.5946101e-02	  3.6041379e-02
GAAGCG	 -1.1045256e-01	  1.4049846e-01	  5.0765323e-03
GAAGCT	  6.6646472e-02	 -1.0172100e-01	 -1.6779585e-02
GAAGGA	  1.8572021e-01	  4.3261264e-02	  1.0587357e-01
GAAGGC	 -1.8396159e-01	  1.1871466e-01	  5.3022224e-02
GAAGGG	 -3.4607700e-01	 -9.3130749e-03	 -1.1603123e-01
GAAGGT	 -1.1060540e-01	 -1.9904488e-01	 -1.9704214e-01
GAAGTA	 -8.9549296e-02	 -2.1582749e-02	 -7.3994704e-02
GAAGTC	  5.2398644e-02	  1.4447485e-01	  2.1180859e-01
GAAGTG	 -2.0789796e-02	  2.6565379e-01	 -2.2466324e-01
GAAGTT	  2.7822712e-02	 -3.4644988e-01	  2.3151435e-02
GAATAA	 -3.7391031e+00	 -3.2812528e-02	  1.6385415e-03
GAATAC	  3.9711410e-01	  1.0300737e-02	  4.9501941e-02
GAATAG	 -3.3725917e+00	  1.5472947e-01	 -1.8974598e-02
GAATAT	  2.2971208e-01	 -5.5515420e-02	 -1.8751776e-02
GAATCA	  3.1537294e-02	  4.1170018e-03	 -7.2819632e-03
GAATCC	 -6.6298597e-02	 -9.3779638e-02	  1.1797655e-01
GAATCG	 -2.2710657e-02	  2.1454842e-01	 -5.6423075e-03
GAATCT	  1.9939780e-02	 -1.7853349e-01	 -8.8828228e-02
GAATGA	 -3.7643263e+00	 -7.3012854e-03	  4.6022322e-02
GAATGC	  1.5187134e-01	  5.9197232e-02	  5.7084426e-02
GAATGG	  2.9857817e-01	  1.5235275e-01	  2.6175424e-02
GAATGT	  6.1978266e-02	 -1.9688424e-01	 -1.2602776e-01
GAATTA	 -4.2719360e-02	  1.3903662e-02	 -6.6288799e-02
GAATTC	  2.4073820e-01	  2.2618777e-01	  2.3635505e-01
GAATTG	  1.8736389e-01	  3.1739503e-01	 -9.5898114e-02
GAATTT	 -2.3159462e-01	 -4.2084014e-01	 -6.2489491e-02
GACAAA	 -1.1405323e-01	 -1.5477781e-01	 -1.0198930e-01
GACAAC	  2.6045259e-02	  1.4938313e-01	  1.5828934e-01
GACAAG	  2.0735013e-01	  2.2935365e-01	 -3.6159273e-02
GACAAT	 -3.9418470e-02	 -1.3255009e-01	  2.7147114e-02
GACACA	 -3.2833550e-02	 -2.8214175e-02	 -1.0206552e-01
GACACC	 -3.0281959e-02	 -1.5173240e-01	  1.8453704e-01
GACACG	 -4.0542543e-02	  2.7020052e-01	 -1.0578305e-01
GACACT	  7.6302767e-02	 -1.3959241e-01	 -1.5989384e-02
GACAGA	 -1.6019465e-02	 -2.2029273e-02	  9.5217414e-03
GACAGC	 -2.4653697e-02	  6.6216849e-02	  9.5865078e-02
GACAGG	 -2.9509923e-01	  1.8276453e-01	 -1.6270179e-01
GACAGT	  1.3313937e-01	 -1.9078434e-01	 -9.1874162e-03
GACATA	 -3.4219438e-01	 -6.2514395e-02	 -1.8924509e-01
GACATC	  4.6355844e-02	  1.5935059e-01	  2.1887849e-01
GACATG	  1.6221179e-01	  1.9581601e-01	 -9.4084091e-02
GACATT	 -5.5620945e-03	 -2.4342516e-01	 -3.5205130e-02
GACCAA	  3.7411645e-02	 -1.4648111e-01	 -1.4305403e-02
GACCAC	 -1.4207292e-01	  1.4259671e-01	  1.7736880e-01
GACCAG	  1.3831621e-01	  1.4606586e-01	 -1.1770015e-01
GACCAT	 -7.5860657e-02	 -8.7938756e-02	 -1.0027906e-01
GACCCA	  4.6934761e-02	 -1.1879194e-01	 -1.3732803e-01
GACCCC	 -1.8915781e-01	  4.9186777e-02	  1.3737769e-01
GACCCG	  1.6372150e-01	  2.8660542e-01	 -7.1651896e-04
GACCCT	 -1.5009235e-01	 -2.7123696e-01	  7.3753022e-02
GACCGA	 -4.3847527e-02	 -4.1666970e-02	  6.1229184e-02
GACCGC	 -3.1748272e-02	  4.4387564e-02	  3.4193151e-02
GACCGG	 -2.2515802e-01	  7.5376190e-02	 -4.8801027e-02
GACCGT	  2.0287743e-01	 -6.9227844e-02	 -8.9765869e-02
GACCTA	 -2.0171240e-01	 -2.2177674e-01	  8.2453065e-02
GACCTC	  7.0849583e-02	  1.0397694e-01	  1.0388178e-01
GACCTG	  1.2699720e-01	  2.4230491e-01	 -1.1417112e-01
GACCTT	 -2.9841345e-02	 -2.2288464e-01	 -1.0514543e-01
GACGAA	 -1.0701866e-01	 -3.6973260e-02	  7.9990923e-03
GACGAC	 -7.7403925e-02	  4.9206655e-02	  1.2502705e-01
GACGAG	  9.0239443e-02	  1.2361824e-01	 -1.6096319e-01
GACGAT	  7.8431912e-02	 -1.3518880e-01	 -3.8695114e-03
GACGCA	 -1.6390507e-01	 -8.5560322e-02	 -1.6932386e-01
GACGCC	  8.1022941e-02	  1.5580548e-01	  2.4956214e-01
GACGCG	 -6.3283309e-02	  8.8043660e-02	 -3.5360664e-01
GACGCT	  1.4214595e-01	 -1.6998446e-01	  9.9932767e-02
GACGGA	  1.5432531e-01	 -5.0839983e-02	  4.5314357e-02
GACGGC	 -1.7554504e-01	  1.2902755e-01	  8.9617163e-02
GACGGG	 -2.0080855e-01	  9.1072708e-02	 -1.1061672e-01
GACGGT	 -4.5488458e-02	 -1.6765516e-01	 -1.0390743e-01
GACGTA	 -1.8665817e-01	 -8.0306299e-02	 -1.4795603e-01
GACGTC	 -2.4999211e-02	  9.8982556e-03	  8.2710758e-02
GACGTG	  1.0025897e-01	  2.6272708e-01	 -1.0676035e-01
GACGTT	  2.3140488e-02	 -3.4131247e-01	  3.7847228e-02
GACTAA	 -3.4416754e+00	 -5.3106695e-02	 -1.1122148e-01
GACTAC	  2.4294694e-01	  1.3241243e-04	  8.1548542e-02
GACTAG	 -3.2008824e+00	  1.0526965e-01	 -2.4821379e-04
GACTAT	  2.5621220e-01	 -1.8229501e-02	  9.5050270e-03
GACTCA	 -5.8830693e-02	  3.3237834e-02	 -5.0027784e-02
GACTCC	 -2.0405120e-01	 -1.6763961e-01	  1.7157261e-01
GACTCG	  1.7531015e-01	  2.2068396e-01	 -8.5274532e-02
GACTCT	  4.0493097e-02	 -1.5609287e-01	 -7.9071559e-02
GACTGA	 -3.3990240e+00	  5.4257516e-02	 -1.7095115e-02
GACTGC	  1.5202269e-01	 -6.7261527e-03	  8.9102887e-02
GACTGG	  2.7865142e-01	  1.0013064e-01	  9.6733076e-03
GACTGT	  1.0885296e-01	 -1.9643229e-01	 -5.9211720e-02
GACTTA	 -2.3965548e-01	 -5.0840214e-02	 -1.0363473e-02
GACTTC	  7.0260562e-02	  1.5394628e-01	  2.1078630e-01
GACTTG	  1.4996304e-01	  1.9464405e-01	 -1.1702016e-01
GACTTT	 -7.6616444e-02	 -2.7363059e-01	 -9.9734433e-02
GAGAAA	 -1.2221913e-01	 -1.8866862e-01	 -5.9070379e-02
GAGAAC	 -1.9141616e-02	  1.4815870e-01	  6.8293579e-02
GAGAAG	  2.0728603e-01	  2.2163756e-01	  2.2152599e-02
GAGAAT	 -4.1378863e-02	 -9.3644604e-02	  3.7681259e-02
GAGACA	 -2.0427994e-02	  2.0012662e-02	  2.5936708e-02
GAGACC	 -1.1326280e-01	 -2.7046514e-01	 -1.6332829e-02
GAGACG	 -5.9908863e-02	  1.6548584e-01	  2.6569203e-03
GAGACT	  1.5245838e-01	 -2.2276646e-02	 -2.3100791e-02
GAGAGA	 -1.9351944e-02	 -1.4124684e-01	 -3.0681180e-02
GAGAGC	  8.7432787e-02	  1.6194916e-01	  1.3821375e-01
GAGAGG	 -1.2798904e-01	  1.6631223e-01	 -2.3956703e-02
GAGAGT	  3.1902373e-02	 -9.4687156e-02	 -7.2385803e-02
GAGATA	 -4.2947268e-01	 -7.2276607e-02	 -1.1050684e-01
GAGATC	  6.2200043e-02	  1.0880838e-01	  2.0148897e-01
GAGATG	  9.7645916e-02	  1.9710399e-01	 -1.3321656e-01
GAGATT	  6.8708606e-02	 -2.4101003e-01	  1.5155774e-02
GAGCAA	  5.0183009e-02	 -5.0151683e-02	  3.0608004e-02
GAGCAC	 -7.8484856e-02	  4.2923149e-02	  5.8819588e-02
GAGCAG	  8.6705051e-02	  6.6994742e-02	 -1.2520382e-02
GAGCAT	 -1.0452022e-01	 -3.0002523e-02	 -9.7403809e-02
GAGCCA	  1.5440473e-01	 -3.5030223e-02	 -8.2619332e-02
GAGCCC	 -1.4887060e-01	 -1.6558854e-02	  2.2629139e-01
GAGCCG	 -2.6470000e-02	  2.2934756e-01	 -1.0628832e-03
GAGCCT	 -2.3353887e-01	 -3.0984899e-01	 -1.3459453e-01
GAGCGA	  5.5396214e-02	  3.7487257e-02	  1.6648045e-01
GAGCGC	 -1.3769910e-01	 -1.1794671e-01	 -7.3873051e-02
GAGCGG	 -1.2949851e-01	  7.1020052e-02	 -2.9048296e-02
GAGCGT	  1.2813243e-01	 -2.4723759e-02	 -2.0819774e-01
GAGCTA	 -2.5409451e-01	 -1.3606886e-02	 -2.1514578e-02
GAGCTC	  8.7788559e-02	  3.7488826e-02	  2.0557673e-01
GAGCTG	  1.3042944e-02	  2.1559855e-01	 -3.1629384e-01
GAGCTT	 -1.9666543e-03	 -3.2386342e-01	 -5.7619143e-02
GAGGAA	 -7.7073924e-02	 -1.2550725e-01	  5.0297193e-02
GAGGAC	 -4.2906169e-02	  1.4085247e-01	  8.9626938e-02
GAGGAG	  3.0449813e-02	  6.7532986e-02	 -1.5421402e-01
GAGGAT	  1.0209175e-01	  1.8322967e-02	  1.9657256e-03
GAGGCA	 -6.9689795e-02	 -9.9842675e-02	  3.9301361e-03
GAGGCC	 -3.8595218e-02	  1.3349178e-01	  9.8911911e-02
GAGGCG	 -1.1297345e-01	  1.5721785e-01	 -2.9977852e-01
GAGGCT	  1.4821562e-01	 -1.8453398e-01	  1.0357606e-01
GAGGGA	  1.7356075e-01	 -1.1092574e-01	  1.3245118e-01
GAGGGC	 -9.4312534e-02	  3.1321141e-01	  3.6806755e-02
GAGGGG	 -5.2392858e-01	 -8.4509894e-02	 -3.1724089e-01
GAGGGT	  1.9629676e-02	 -9.1198392e-02	 -5.7455715e-02
GAGGTA	 -3.6251587e-01	 -3.4982121e-01	 -2.2400881e-01
GAGGTC	  9.1353238e-02	  1.6551098e-01	  1.9773646e-01
GAGGTG	  1.4418101e-02	  2.4447325e-01	 -2.8115970e-01
GAGGTT	  1.0373306e-01	 -2.8308004e-01	  1.4747895e-01
GAGTAA	 -3.4875832e+00	 -1.0636769e-01	 -2.8546669e-02
GAGTAC	  3.5986260e-01	  3.6938202e-02	 -4.4260398e-02
GAGTAG	 -3.3066912e+00	 -2.6275406e-03	 -9.2926429e-04
GAGTAT	  2.5462008e-01	  7.0454955e-02	  6.2524237e-02
GAGTCA	 -6.9362327e-02	  2.3750439e-02	 -3.1620551e-02
GAGTCC	 -1.0394410e-01	 -1.3617888e-01	  1.0960750e-01
GAGTCG	  1.3959384e-01	  1.8815066e-01	  3.3043808e-04
GAGTCT	  1.5713526e-02	 -1.6604847e-01	 -4.0334396e-02
GAGTGA	 -3.3937678e+00	  3.6441922e-02	  8.7530687e-02
GAGTGC	  2.4084830e-01	  3.9424814e-02	  7.1771368e-02
GAGTGG	  1.7094794e-01	  6.0998682e-02	 -2.8371520e-02
GAGTGT	  1.3588382e-01	 -1.3750733e-01	 -1.6418584e-01
GAGTTA	 -2.3588765e-01	 -1.3123414e-02	 -2.1564411e-02
GAGTTC	  1.8260156e-01	  1.6194619e-01	  2.2771229e-01
GAGTTG	  1.2350411e-01	  2.0929839e-01	 -1.6763234e-01
GAGTTT	 -1.2370961e-01	 -3.0477878e-01	 -5.1161315e-02
GATAAA	 -8.2148306e-02	 -1.9267799e-01	 -6.7739241e-02
GATAAC	 -1.0565004e-02	  2.3798396e-01	  1.9062552e-01
GATAAG	  1.8010685e-01	  1.9402343e-01	 -1.3538568e-01
GATAAT	 -1.6747728e-02	 -8.7705344e-02	  2.6774267e-02
GATACA	 -2.2217931e-02	 -1.1601289e-02	 -1.0560264e-01
GATACC	 -2.3435839e-02	 -3.8142987e-02	  2.2659689e-01
GATACG	 -4.8551921e-02	  2.1430156e-01	  1.4942338e-02
GATACT	  5.9437726e-02	 -1.4950660e-01	 -7.3709987e-02
GATAGA	  3.7734091e-02	 -1.5358160e-01	  1.0798099e-03
GATAGC	 -1.7564163e-02	  1.7077906e-01	  1.9061583e-01
GATAGG	 -2.3905653e-01	  1.5686452e-01	 -1.5774164e-01
GATAGT	  6.4395890e-02	 -8.0644496e-02	 -6.3246839e-02
GATATA	 -3.7387425e-01	 -8.1390142e-02	 -2.7380779e-01
GATATC	 -9.6804742e-03	  1.3096872e-01	  2.2397542e-01
GATATG	  1.8553185e-01	  2.5460669e-01	 -1.6710602e-01
GATATT	  1.4140762e-02	 -2.4784590e-01	  2.4535760e-02
GATCAA	  1.0054193e-02	 -7.4960195e-02	  4.4263918e-02
GATCAC	 -1.2499545e-01	  5.0436053e-02	  1.3132483e-01
GATCAG	  9.3232848e-02	  1.3707678e-01	 -1.2831406e-01
GATCAT	 -2.2935275e-02	 -5.4835949e-02	 -9.7356647e-02
GATCCA	  1.4555320e-01	 -7.9986535e-02	 -1.6647533e-01
GATCCC	 -2.7649194e-01	  8.0480047e-02	  1.5639663e-01
GATCCG	  1.2519579e-02	  1.9159000e-01	  1.0058185e-01
GATCCT	 -1.5277854e-01	 -1.5364990e-01	 -3.0801184e-03
GATCGA	 -1.5512455e-02	 -1.9610876e-02	  5.9941169e-02
GATCGC	 -1.0355743e-01	 -1.7156752e-02	  1.2631647e-01
GATCGG	 -1.1760942e-01	  1.2253860e-01	 -2.8509544e-02
GATCGT	  1.3331555e-01	 -8.5706964e-02	 -1.8359233e-01
GATCTA	 -1.9042738e-01	 -1.7048025e-01	  4.2094484e-02
GATCTC	  2.1688322e-02	  1.0033077e-01	  1.5836243e-01
GATCTG	 -6.7315876e-02	  2.2908713e-01	 -2.4872223e-01
GATCTT	  1.1341104e-01	 -1.8990116e-01	 -4.4937924e-02
GATGAA	 -6.4988367e-02	 -1.5401839e-01	  2.5401413e-02
GATGAC	 -5.7256464e-02	  2.1929000e-01	  7.7463880e-02
GATGAG	  4.5665525e-02	  9.8100170e-02	 -1.5371151e-02
GATGAT	  6.3357949e-02	 -6.9289148e-02	 -7.0595682e-02
GATGCA	 -4.8785333e-02	 -1.6811118e-02	 -5.0706197e-02
GATGCC	 -9.0280890e-02	  1.9936219e-02	  1.1660441e-01
GATGCG	 -7.9651371e-02	  1.2919214e-01	 -1.5555945e-02
GATGCT	  1.0761271e-01	 -6.9374539e-02	 -1.6999837e-02
GATGGA	  1.7062579e-01	 -5.6172799e-02	  1.0554516e-02
GATGGC	 -2.6897621e-01	 -9.4102789e-03	  1.7135249e-01
GATGGG	 -3.2566851e-01	  1.7211337e-01	 -1.1521802e-01
GATGGT	 -7.0939739e-03	 -9.1819264e-02	 -9.2239022e-02
GATGTA	 -1.3698219e-01	  4.7060032e-03	 -7.4084714e-02
GATGTC	 -3.6583085e-02	  2.3073973e-02	  2.0301484e-01
GATGTG	  3.7743252e-02	  2.6583529e-01	 -1.4218517e-01
GATGTT	  5.5561062e-02	 -3.3393720e-01	 -2.0275345e-02
GATTAA	 -3.6130192e+00	 -4.2141747e-02	 -7.1994201e-03
GATTAC	  2.5930554e-01	 -1.3966150e-02	  4.7692098e-02
GATTAG	 -3.3160470e+00	  2.3504326e-01	 -1.2013538e-01
GATTAT	  2.7337083e-01	 -1.0625904e-01	  2.5056630e-02
GATTCA	 -1.1924784e-02	 -3.2532632e-02	 -4.5427151e-02
GATTCC	 -1.3429384e-01	  1.2793631e-02	  7.4354939e-02
GATTCG	  1.0381000e-01	  1.5854910e-01	  4.2256098e-02
GATTCT	  2.0842023e-02	 -1.0269014e-01	 -4.0149573e-02
GATTGA	 -3.6709778e+00	  1.6261535e-02	  4.6509970e-02
GATTGC	  7.2590731e-02	 -9.6156023e-02	  1.0678174e-01
GATTGG	  2.6532823e-01	  2.0358641e-01	 -8.1116103e-02
GATTGT	  1.6045995e-01	 -2.0348056e-01	 -8.6114816e-02
GATTTA	  1.0138818e-02	  1.1361912e-01	 -3.3686131e-02
GATTTC	  1.5599404e-01	  6.0887281e-03	  2.3799272e-01
GATTTG	  2.8959894e-01	  3.7779590e-01	 -1.4729992e-02
GATTTT	 -2.6436716e-01	 -3.3233857e-01	 -9.9343367e-02
GCAAAA	 -8.0276340e-02	 -1.0559247e-01	 -5.9244383e-02
GCAAAC	 -1.2788441e-02	  1.1165449e-01	  6.5033562e-02
GCAAAG	  3.0458647e-01	  3.8894957e-01	  1.1661621e-01
GCAAAT	 -5.5087335e-02	 -1.9363941e-01	 -1.6007059e-03
GCAACA	  6.5554422e-03	 -3.5821408e-02	  9.7081490e-02
GCAACC	 -3.1305782e-02	 -5.5271279e-02	  6.7540742e-02
GCAACG	 -1.1127640e-01	  2.6377425e-01	 -3.9996196e-02
GCAACT	  5.0586343e-02	 -1.3230909e-01	 -1.6357009e-01
GCAAGA	  5.8356889e-02	 -1.8831084e-02	  6.0787732e-03
GCAAGC	 -5.1154848e-02	  4.2244542e-02	  1.0058074e-01
GCAAGG	 -1.4538863e-01	  2.5006852e-01	  9.0430059e-02
GCAAGT	  1.1259428e-02	 -1.9528024e-01	 -1.3878855e-01
GCAATA	 -3.6684129e-01	 -3.1395208e-02	 -1.0686873e-01
GCAATC	  1.1771211e-01	  1.8978286e-01	  2.6726305e-01
GCAATG	  2.5644463e-01	  2.9455373e-01	  3.0623085e-03
GCAATT	 -6.4546503e-02	 -2.9657754e-01	 -7.7298723e-02
GCACAA	  9.1375813e-02	  1.4041427e-02	  6.9096126e-02
GCACAC	 -2.7677625e-01	 -7.5941496e-02	 -1.7732957e-02
GCACAG	  1.6739972e-01	  1.4934136e-01	 -7.2382070e-02
GCACAT	 -1.0364034e-01	 -7.4025676e-02	 -4.4815525e-02
GCACCA	  1.0337012e-01	 -3.6329091e-02	  9.3222391e-03
GCACCC	 -4.0666056e-01	 -9.0809353e-02	 -1.5501832e-02
GCACCG	  3.9914072e-02	  2.4510945e-01	  6.7572959e-02
GCACCT	 -2.8621122e-02	 -1.6901582e-01	 -6.5828890e-02
GCACGA	  1.1726270e-01	  1.3774028e-02	  1.0226525e-01
GCACGC	 -1.9784893e-01	 -1.3484381e-01	  2.0552019e-02
GCACGG	 -1.1537176e-01	  1.5616699e-01	  5.6516635e-03
GCACGT	  3.4415513e-02	 -8.3038017e-02	 -1.4958841e-01
GCACTA	 -2.0534332e-01	 -7.2662584e-02	 -3.2606486e-02
GCACTC	 -7.9103159e-03	  1.0970506e-01	  1.8954371e-01
GCACTG	 -1.2497923e-02	  1.9865720e-01	 -1.2979105e-01
GCACTT	  7.8932129e-02	 -2.2775806e-01	 -2.2668274e-02
GCAGAA	 -1.5971228e-02	 -2.2886921e-02	  4.3573070e-02
GCAGAC	 -1.3688402e-01	 -3.4452338e-02	  1.5288444e-02
GCAGAG	  3.3464756e-02	  1.7645793e-01	 -5.6960516e-02
GCAGAT	  7.1891822e-02	 -1.3139927e-01	 -4.8640683e-02
GCAGCA	  7.5668977e-03	  6.6893250e-02	  1.6152206e-01
GCAGCC	 -7.7316694e-02	 -1.4478512e-01	  2.5958266e-02
GCAGCG	 -1.3146079e-01	  1.1340605e-01	 -3.1925076e-01
GCAGCT	  8.9388482e-02	 -8.9395463e-02	 -1.3131598e-01
GCAGGA	  2.8209227e-01	  1.0269786e-01	  1.3766342e-01
GCAGGC	 -3.2153454e-01	 -1.0963169e-01	  2.2027879e-03
GCAGGG	 -1.7329730e-01	  2.1741928e-01	 -6.5743281e-03
GCAGGT	 -1.7760646e-01	 -2.0657098e-01	 -2.2861986e-01
GCAGTA	 -1.3458788e-01	 -3.5243284e-02	 -7.0473425e-02
GCAGTC	  5.6721199e-02	  7.7774718e-02	  1.3951710e-01
GCAGTG	 -7.0024140e-02	  2.5540584e-01	 -1.6318381e-01
GCAGTT	  6.5458611e-02	 -2.7926043e-01	  4.2766899e-02
GCATAA	 -3.3344240e+00	  3.8398925e-02	  6.2347609e-03
GCATAC	  3.2177061e-01	 -3.1703189e-02	  3.6775596e-02
GCATAG	 -3.0537441e+00	  1.6038732e-01	 -9.6201383e-02
GCATAT	  2.5973928e-01	 -1.3196421e-01	  1.5246607e-02
GCATCA	  3.1573787e-02	  5.6401644e-02	  4.0878199e-02
GCATCC	 -9.7085297e-02	 -1.0112123e-01	  7.3864013e-02
GCATCG	  1.0813652e-02	  1.9723688e-01	  2.6257548e-02
GCATCT	  1.0200214e-02	 -2.4014618e-01	 -1.3912888e-01
GCATGA	 -3.3094060e+00	  4.5321073e-02	  1.0173710e-01
GCATGC	  1.1345262e-01	 -1.0949445e-02	  4.8509147e-03
GCATGG	  2.5658226e-01	  1.5502702e-01	 -2.0916766e-02
GCATGT	  7.4611343e-02	 -1.8706954e-01	 -1.0226927e-01
GCATTA	 -9.4840929e-02	 -4.3136477e-02	  1.9862980e-02
GCATTC	  2.1189283e-01	  1.2625714e-01	  1.3363057e-01
GCATTG	  1.1503960e-01	  2.9735962e-01	 -8.5081592e-02
GCATTT	 -1.5267569e-01	 -2.7111164e-01	 -3.9495237e-02
GCCAAA	 -2.3720856e-01	 -1.7957009e-01	 -1.2895623e-01
GCCAAC	  1.3956140e-01	  2.1234518e-01	  2.1351352e-01
GCCAAG	  3.0839288e-01	  2.1754235e-01	 -9.6440008e-03
GCCAAT	 -4.7860645e-02	 -8.8616878e-02	  2.5181914e-02
GCCACA	  3.7398204e-02	  5.1293368e-03	 -3.6645804e-02
GCCACC	 -2.0549512e-02	 -1.6884303e-01	  1.8066277e-01
GCCACG	 -4.3066956e-02	  2.2642605e-01	 -1.2310004e-01
GCCACT	  1.8087493e-02	 -2.0524351e-01	 -8.7865196e-02
GCCAGA	  2.1394775e-03	 -8.0718495e-02	 -3.9841365e-02
GCCAGC	  2.5481882e-02	  1.2009884e-01	  6.1950166e-02
GCCAGG	 -2.5988400e-01	  1.8497844e-01	  6.9276288e-02
GCCAGT	  7.7995539e-02	 -1.5907133e-01	 -4.2760607e-02
GCCATA	 -3.4040186e-01	 -3.4570921e-02	 -1.7961158e-01
GCCATC	  1.9085981e-01	  1.5665855e-01	  2.3320991e-01
GCCATG	  1.3524206e-01	  1.5918459e-01	 -1.5526316e-01
GCCATT	 -9.5239505e-02	 -2.2938140e-01	 -3.6575060e-02
GCCCAA	  5.7714138e-02	 -1.1491083e-01	 -1.9334082e-02
GCCCAC	 -2.0740049e-01	  4.7359370e-02	  6.4641327e-02
GCCCAG	  1.9342175e-01	  1.9034712e-01	  4.4403736e-02
GCCCAT	 -1.0713185e-01	 -5.9547864e-02	 -6.5527402e-02
GCCCCA	  2.6741165e-01	 -1.6269188e-02	 -2.3919366e-02
GCCCCC	 -4.7067043e-01	 -1.2143867e-01	  6.6071428e-02
GCCCCG	 -7.7104874e-02	  2.5533450e-01	 -4.9227886e-02
GCCCCT	 -2.0402408e-01	 -2.4361722e-01	  1.4930185e-03
GCCCGA	 -1.0484334e-01	  4.9885880e-02	  1.3033213e-01
GCCCGC	 -3.1563867e-02	 -1.5157078e-01	 -1.7051449e-01
GCCCGG	 -1.6128483e-01	  2.1112193e-01	  5.4643437e-02
GCCCGT	  1.6726556e-01	 -1.6244838e-01	 -1.1604236e-01
GCCCTA	 -2.0419525e-01	 -2.1868464e-01	  2.2025749e-02
GCCCTC	  5.4152504e-02	  8.6763516e-02	  1.4040449e-01
GCCCTG	  8.8018244e-03	  2.6545590e-01	 -2.1151760e-01
GCCCTT	  6.1034713e-02	 -2.7955636e-01	 -2.6869973e-02
GCCGAA	 -9.0366594e-02	 -1.6329631e-02	  8.0460543e-03
GCCGAC	  4.5656063e-02	  5.6031935e-02	  1.2151679e-01
GCCGAG	  1.3294566e-01	  1.4792037e-01	 -1.0808782e-01
GCCGAT	 -3.4988694e-02	 -1.7154603e-01	 -2.3519287e-02
GCCGCA	 -7.4649476e-02	 -7.4303873e-02	 -7.7929944e-02
GCCGCC	  6.5036416e-02	  5.0753444e-02	  1.7294149e-01
GCCGCG	 -1.9446009e-01	  1.2133810e-01	 -3.6278757e-01
GCCGCT	  9.0679109e-02	 -1.0280682e-01	 -1.1008488e-03
GCCGGA	  4.4621818e-02	 -1.1198024e-01	 -6.4168088e-02
GCCGGC	 -3.3897959e-04	  2.3008637e-01	  1.8629646e-01
GCCGGG	 -1.1144113e-01	  2.6288170e-01	  9.4329715e-02
GCCGGT	 -5.2792050e-02	 -2.0325455e-01	 -8.6586945e-02
GCCGTA	 -1.9223918e-01	 -5.1615249e-02	 -1.0977057e-01
GCCGTC	  1.7069580e-01	  1.1586770e-01	  1.2148380e-01
GCCGTG	 -2.2088181e-02	  1.8858443e-01	 -1.7085394e-01
GCCGTT	 -4.3171987e-02	 -2.7893817e-01	  4.3635536e-02
GCCTAA	 -3.3752003e+00	 -1.0591100e-01	 -1.1312617e-01
GCCTAC	  3.4471977e-01	  1.4567468e-02	  5.7023857e-02
GCCTAG	 -3.0759528e+00	  1.0960862e-01	 -7.7180900e-02
GCCTAT	  2.9387400e-01	  3.1510714e-02	  1.2436783e-01
GCCTCA	  5.9784432e-03	 -1.8511588e-02	 -2.4104195e-02
GCCTCC	 -7.2534844e-02	 -1.2069215e-01	  1.7938195e-01
GCCTCG	  1.6034280e-01	  2.5898707e-01	 -1.8496864e-01
GCCTCT	 -7.8593105e-02	 -1.3348643e-01	 -1.0394489e-01
GCCTGA	 -3.1496618e+00	  3.8824618e-02	 -2.1414544e-02
GCCTGC	  4.9131576e-02	 -1.7317788e-01	 -9.7852111e-02
GCCTGG	  3.4864628e-01	  2.4283274e-01	  1.1850601e-01
GCCTGT	  1.6569567e-01	 -1.6283029e-01	  3.4482654e-02
GCCTTA	 -1.7905131e-01	 -1.0270929e-01	 -3.7353829e-02
GCCTTC	  2.0912074e-01	  1.4796942e-01	  2.1521604e-01
GCCTTG	  9.6444443e-02	  2.1132547e-01	 -2.0550147e-01
GCCTTT	 -2.6111117e-01	 -3.5296887e-01	 -1.1143273e-01
GCGAAA	 -1.2734047e-01	 -1.9380134e-01	 -7.9293072e-02
GCGAAC	 -3.9449196e-02	  1.2729624e-01	  9.8645374e-02
GCGAAG	  2.1157475e-01	  3.4835994e-01	  7.0197061e-02
GCGAAT	  6.4495288e-02	 -1.0919819e-01	  3.8069859e-02
GCGACA	  3.3023603e-02	 -2.3790916e-02	 -2.0634251e-02
GCGACC	 -1.3798799e-01	 -1.5639895e-01	  2.0665377e-02
GCGACG	 -4.2169103e-03	  1.5833321e-01	  2.8662750e-02
GCGACT	  4.6548899e-02	 -6.6804476e-02	 -1.9239016e-02
GCGAGA	  8.4205493e-03	 -9.0172969e-02	 -1.3621952e-02
GCGAGC	  2.9506147e-02	  7.3834442e-02	  6.7463934e-02
GCGAGG	 -1.8308100e-01	  1.6262579e-01	 -3.5340711e-02
GCGAGT	  5.7570700e-02	 -7.3447675e-02	 -2.1956569e-02
GCGATA	 -3.2622129e-01	 -2.1850472e-02	 -1.1387296e-01
GCGATC	  3.2193746e-02	  1.0911141e-01	  2.2727065e-01
GCGATG	  1.2892215e-01	  2.1557659e-01	 -1.4504839e-01
GCGATT	  7.8609223e-03	 -2.6175949e-01	 -3.8319300e-03
GCGCAA	  6.3349800e-03	 -2.3256348e-02	  7.2036751e-02
GCGCAC	 -2.2164641e-01	 -1.2734853e-01	 -9.3083560e-02
GCGCAG	  2.1400045e-01	  1.8882473e-01	 -3.9955549e-02
GCGCAT	 -7.2982170e-02	 -5.2493371e-02	 -1.3214483e-02
GCGCCA	  1.3691163e-01	  1.4513095e-02	 -3.0001637e-02
GCGCCC	 -3.4100515e-01	 -1.1650923e-01	  8.4052935e-02
GCGCCG	  1.1130357e-01	  2.3152243e-01	  1.0437614e-01
GCGCCT	 -1.8463610e-01	 -2.9243061e-01	 -1.4216800e-01
GCGCGA	  1.2611964e-01	  1.5655045e-01	  2.0503983e-01
GCGCGC	 -1.4331059e-01	 -3.3362371e-01	 -2.0382027e-01
GCGCGG	 -3.8571570e-02	  1.6210984e-01	  6.7609243e-02
GCGCGT	  4.3996815e-02	 -7.5157121e-02	 -1.2881674e-01
GCGCTA	 -2.5735757e-01	 -1.8865111e-01	 -3.8285170e-02
GCGCTC	  5.7696430e-03	 -5.6802675e-02	  8.7669015e-02
GCGCTG	  1.2923956e-01	  2.7468601e-01	 -1.7655982e-01
GCGCTT	 -7.5425403e-03	 -2.2848161e-01	  5.4181159e-02
GCGGAA	 -8.4206887e-02	 -1.1662755e-01	  3.9338522e-02
GCGGAC	  2.3870612e-02	  7.4129649e-02	  3.1588759e-02
GCGGAG	 -6.5645836e-02	  1.2832542e-01	 -1.2457152e-01
GCGGAT	  1.7777307e-01	 -3.8935166e-02	  4.1082893e-02
GCGGCA	 -8.6701304e-02	 -1.5273166e-01	 -3.2353859e-02
GCGGCC	 -5.3339522e-02	 -2.2237955e-02	  4.5188498e-02
GCGGCG	  4.8059616e-03	  2.0350210e-01	 -1.0144004e-01
GCGGCT	  1.1953779e-01	 -1.0511701e-01	  9.4064146e-02
GCGGGA	  9.3583670e-03	 -1.0707964e-01	  5.3910758e-02
GCGGGC	  4.5381658e-02	  2.4324355e-01	  8.6177029e-02
GCGGGG	 -2.4716224e-01	 -6.6963672e-03	 -2.9456091e-01
GCGGGT	  1.2861446e-01	 -1.2540685e-02	  5.8863652e-03
GCGGTA	 -1.4086770e-01	 -2.0515421e-01	 -1.1548639e-01
GCGGTC	 -1.1711638e-02	  2.9247815e-02	  1.1408481e-01
GCGGTG	  1.4351775e-03	  2.5966409e-01	 -1.9292136e-01
GCGGTT	  7.3567972e-02	 -3.0897570e-01	  1.1095949e-01
GCGTAA	 -2.9241350e+00	  5.2287720e-02	  1.7411493e-02
GCGTAC	  3.2409793e-01	 -1.3629164e-02	  3.0665511e-02
GCGTAG	 -2.7914450e+00	  4.4204205e-02	 -1.4637126e-01
GCGTAT	  2.9470423e-01	 -9.1659650e-02	  4.9668025e-02
GCGTCA	  7.2971624e-03	 -1.6194001e-02	 -1.2334533e-02
GCGTCC	 -9.3817353e-02	 -1.4357275e-01	  9.6392356e-02
GCGTCG	  1.2556571e-01	  2.3920035e-01	  3.7611425e-02
GCGTCT	 -8.2861178e-02	 -2.0529585e-01	 -7.1276583e-02
GCGTGA	 -3.0645547e+00	  8.7297603e-02	  1.2078957e-01
GCGTGC	  1.3815381e-01	  1.2663465e-02	  1.4692611e-02
GCGTGG	  1.1932737e-01	  3.8801465e-02	 -1.5793668e-02
GCGTGT	  1.4509025e-01	 -1.6041173e-01	 -1.4744286e-01
GCGTTA	 -1.6600317e-01	  2.0949386e-02	 -8.6092278e-03
GCGTTC	  1.5111302e-01	  1.0937168e-01	  2.0355703e-01
GCGTTG	  1.6193551e-01	  2.3707467e-01	 -1.4707229e-01
GCGTTT	 -1.7248353e-01	 -3.2875845e-01	 -4.4112034e-02
GCTAAA	 -7.2773583e-02	 -2.6736504e-01	 -1.2154273e-01
GCTAAC	  2.3361072e-02	  2.3055385e-01	  2.3177463e-01
GCTAAG	  2.4440905e-01	  3.7281075e-01	 -1.7855503e-02
GCTAAT	 -2.6439765e-02	 -5.5858072e-02	  2.0204794e-02
GCTACA	  4.0934621e-03	 -2.2858271e-02	 -1.3576087e-01
GCTACC	 -1.6634819e-03	 -4.5866407e-03	  1.8062474e-01
GCTACG	 -9.3919113e-02	  2.4163856e-01	  6.9727592e-02
GCTACT	  3.7542723e-02	 -1.6206563e-01	 -2.9677646e-02
GCTAGA	  5.9088800e-02	 -1.9276817e-01	 -3.0732967e-02
GCTAGC	 -1.9231169e-02	  1.3424654e-01	  1.6981648e-01
GCTAGG	 -2.8402871e-01	  1.6338079e-01	 -1.3746488e-01
GCTAGT	  5.3626146e-02	 -8.9051612e-03	 -2.5636146e-02
GCTATA	 -4.0249866e-01	 -9.1297917e-02	 -3.9995909e-01
GCTATC	  1.3846894e-01	  1.3411123e-01	  2.9068473e-01
GCTATG	  1.0125806e-01	  2.4891326e-01	 -9.9539526e-02
GCTATT	  3.6076397e-02	 -2.3443799e-01	  1.5878120e-02
GCTCAA	  5.8617659e-02	 -1.7234905e-02	 -2.6670736e-04
GCTCAC	 -1.3506806e-01	  2.1755690e-02	  1.1954077e-01
GCTCAG	  1.1249510e-01	  5.2427232e-02	 -8.4565058e-02
GCTCAT	 -1.0989323e-01	 -2.6422571e-02	 -4.6307497e-02
GCTCCA	  1.7213590e-01	 -6.7269504e-02	 -1.2352601e-01
GCTCCC	 -3.4767687e-01	  1.2867168e-01	  8.8085935e-02
GCTCCG	 -1.1625483e-01	  1.1591670e-01	  1.7071177e-01
GCTCCT	 -1.9369823e-01	 -1.3602763e-01	 -8.7756135e-02
GCTCGA	 -5.8924191e-02	  4.0437118e-03	  7.9680316e-02
GCTCGC	 -4.5471396e-03	 -1.0204204e-01	  9.9653572e-02
GCTCGG	 -2.9247999e-01	  1.3210762e-01	 -3.8477119e-02
GCTCGT	  1.9705375e-01	 -8.2838990e-02	 -1.8553969e-01
GCTCTA	 -1.6972622e-01	 -1.0353112e-01	 -1.8581506e-02
GCTCTC	 -1.9848573e-03	  6.2135300e-03	  1.7778228e-01
GCTCTG	 -5.1201388e-02	  2.3225507e-01	 -1.8370657e-01
GCTCTT	  9.3329161e-02	 -1.4691080e-01	 -6.8320170e-02
GCTGAA	 -8.4774919e-02	 -2.8169733e-01	  5.4865708e-03
GCTGAC	 -5.9475627e-02	  2.6444706e-01	  6.8981521e-02
GCTGAG	  2.8748330e-02	  2.4766766e-01	 -9.1604488e-03
GCTGAT	  1.3942637e-01	  9.7651435e-03	 -4.9913153e-02
GCTGCA	  3.0655624e-02	  3.3630669e-02	 -3.5353996e-02
GCTGCC	  2.6872095e-02	  9.0471797e-02	  9.9823631e-02
GCTGCG	 -1.9100595e-01	  9.8371908e-02	 -3.7271686e-02
GCTGCT	  1.7859643e-02	 -1.3016587e-01	 -1.2723983e-02
GCTGGA	  1.6506706e-01	 -8.4034339e-02	  4.6484061e-02
GCTGGC	 -2.7778634e-01	  5.7858002e-04	  1.0627662e-01
GCTGGG	 -3.8131541e-01	  2.7569625e-01	 -1.2524758e-01
GCTGGT	 -5.7574071e-02	 -1.0944205e-01	 -1.2673011e-01
GCTGTA	 -9.8597132e-02	 -3.7349768e-02	 -1.3222080e-01
GCTGTC	  3.6034279e-02	  2.0947956e-02	  1.2499536e-01
GCTGTG	 -5.9019517e-02	  2.6113170e-01	 -7.3198758e-02
GCTGTT	  6.3642025e-02	 -3.1804246e-01	  2.6551465e-02
GCTTAA	 -3.3202884e+00	 -3.9191652e-02	 -3.4578715e-02
GCTTAC	  3.1909251e-01	  7.1913667e-02	  8.9496650e-02
GCTTAG	 -3.1418304e+00	 -2.5502903e-02	 -3.4663108e-01
GCTTAT	  3.6049482e-01	  1.4791897e-02	  1.3994560e-01
GCTTCA	  5.7957631e-02	  3.0287560e-02	 -2.7320372e-02
GCTTCC	 -7.2157085e-02	  3.3672974e-02	  5.6552202e-02
GCTTCG	  4.6345028e-03	  1.8128982e-01	  6.2785789e-02
GCTTCT	 -2.7044462e-02	 -1.5793431e-01	 -3.2837398e-02
GCTTGA	 -3.3979151e+00	  6.9262609e-02	  2.2180393e-02
GCTTGC	  1.7939380e-01	 -1.3231748e-01	  6.0317706e-02
GCTTGG	  2.1377519e-01	  1.8649021e-01	 -4.2711936e-02
GCTTGT	  1.7339005e-01	 -2.0442000e-01	 -5.1195215e-02
GCTTTA	 -3.4941565e-02	  5.1996815e-03	 -9.3309641e-02
GCTTTC	  1.0928196e-01	 -8.6656302e-02	  1.3998087e-01
GCTTTG	  1.7422409e-01	  3.4665754e-01	 -7.9508729e-02
GCTTTT	 -1.5579659e-01	 -2.3812063e-01	 -1.3013612e-02
GGAAAA	 -1.1238842e-01	 -1.1277226e-01	 -5.5879794e-02
GGAAAC	  1.0996567e-01	  2.0601769e-01	  1.4267540e-01
GGAAAG	  2.5368646e-01	  3.4791160e-01	  7.2164893e-02
GGAAAT	 -2.6344808e-02	 -1.8618099e-01	 -1.8541953e-02
GGAACA	 -4.7262099e-02	 -8.7255808e-03	 -9.9366926e-02
GGAACC	  6.0092263e-02	 -1.5649859e-02	  9.0761796e-02
GGAACG	 -1.9407125e-01	  2.1371819e-01	  2.2130321e-01
GGAACT	  8.9946158e-02	 -1.3669653e-01	 -9.2590518e-02
GGAAGA	  1.0561236e-02	 -4.9034064e-03	  9.3498923e-02
GGAAGC	  6.5248432e-03	  1.1452717e-01	  4.9997553e-02
GGAAGG	 -3.3462676e-01	  1.6245131e-01	 -5.1930476e-02
GGAAGT	  9.8728366e-02	 -2.3804703e-01	 -1.8481383e-01
GGAATA	 -3.0749696e-01	  8.3972976e-02	 -1.2012014e-01
GGAATC	  1.7121001e-01	  1.6250171e-01	  3.0488724e-01
GGAATG	  2.2373123e-01	  1.9808613e-01	 -4.7204521e-02
GGAATT	 -1.0319606e-01	 -3.1837952e-01	 -1.0209585e-01
GGACAA	  7.4686937e-02	 -2.1949299e-02	  4.2432208e-02
GGACAC	 -1.5809628e-01	  3.2187205e-02	  5.8903631e-02
GGACAG	  7.4306473e-02	  7.9743147e-02	 -1.2781608e-01
GGACAT	 -8.8555515e-02	 -6.2598877e-02	 -3.9157089e-02
GGACCA	  1.6556965e-01	 -1.8210875e-02	 -1.3743092e-01
GGACCC	 -3.1994402e-01	 -2.8071910e-02	  1.0714144e-01
GGACCG	 -1.2557901e-01	  2.3734494e-01	  6.3981146e-02
GGACCT	 -1.2399365e-01	 -2.0961359e-01	  6.4145453e-02
GGACGA	 -8.9286938e-02	 -4.7700789e-02	  1.2694785e-01
GGACGC	 -1.2902666e-02	 -1.6206736e-02	  1.9802637e-02
GGACGG	 -1.8310183e-01	  1.1831839e-01	 -9.8707683e-02
GGACGT	  2.2016990e-01	 -4.9133640e-02	 -2.1818317e-01
GGACTA	 -2.6819286e-01	 -5.1797405e-02	 -2.3961628e-02
GGACTC	  1.1525767e-01	  6.8443790e-02	  1.4930373e-01
GGACTG	 -1.7486294e-01	  2.5689873e-01	 -1.6229966e-01
GGACTT	  1.1484478e-01	 -3.0017871e-01	 -9.9497521e-03
GGAGAA	 -5.1243853e-02	 -3.5146102e-02	  7.7021807e-02
GGAGAC	 -3.8905241e-02	  6.1409000e-02	  4.5482423e-02
GGAGAG	 -8.4877070e-03	  9.9279791e-02	 -1.5485716e-01
GGAGAT	  1.0505337e-01	 -8.9738145e-02	 -7.3416777e-02
GGAGCA	 -2.3802837e-02	  6.5222815e-02	 -1.5751578e-02
GGAGCC	  1.0574583e-01	  6.1014563e-02	  6.8335868e-02
GGAGCG	 -3.7588125e-01	 -2.8616948e-02	 -1.1494240e-01
GGAGCT	  5.9621442e-02	 -1.6273555e-01	  1.5206668e-02
GGAGGA	  1.4097519e-01	 -1.1583157e-02	  1.0680438e-01
GGAGGC	 -1.5437144e-01	  1.5538819e-01	  1.2202260e-01
GGAGGG	 -4.8031837e-01	  8.0264233e-02	 -2.4990550e-01
GGAGGT	  1.0386778e-02	 -2.1557358e-01	 -2.1241981e-01
GGAGTA	 -2.1474808e-01	 -6.3774246e-03	 -8.4766269e-02
GGAGTC	  1.2265735e-01	  7.9867005e-02	  1.3208139e-01
GGAGTG	 -1.3738029e-01	  2.5936136e-01	 -1.4217702e-01
GGAGTT	  9.7255006e-02	 -2.9891706e-01	  4.1620009e-02
GGATAA	 -3.6517327e+00	  1.1690183e-02	  4.9292997e-02
GGATAC	  3.4566528e-01	  1.7042981e-02	 -8.9292601e-03
GGATAG	 -3.3456240e+00	  1.9536206e-01	 -3.6003046e-02
GGATAT	  2.1323535e-01	 -1.4233248e-01	 -2.5763415e-02
GGATCA	  2.8101837e-02	  5.0849102e-02	 -2.4288772e-02
GGATCC	 -4.5619453e-03	 -9.2951216e-02	  5.9699472e-02
GGATCG	 -6.2257297e-02	  1.8342635e-01	  5.8755197e-02
GGATCT	  4.7509666e-03	 -1.6549815e-01	 -6.8807513e-02
GGATGA	 -3.6875808e+00	  4.4431961e-03	  1.1348181e-01
GGATGC	  1.3094901e-01	  2.8800176e-02	  2.7199976e-02
GGATGG	  2.3801076e-01	  1.0540345e-01	 -1.0501536e-01
GGATGT	  1.4246504e-01	 -1.5047799e-01	 -1.1735229e-01
GGATTA	 -1.3522233e-01	 -5.9913383e-03	 -1.0325000e-01
GGATTC	  2.7493981e-01	  1.8168603e-01	  1.9090284e-01
GGATTG	  1.0451982e-01	  2.8098273e-01	 -4.8405208e-02
GGATTT	 -1.8283406e-01	 -3.1366724e-01	 -4.7308713e-02
GGCAAA	 -1.6384667e-01	 -1.8460177e-01	 -1.1954437e-01
GGCAAC	  2.2994085e-01	  2.4744295e-01	  2.0458350e-01
GGCAAG	  1.9302884e-01	  2.5567207e-01	 -1.6056934e-02
GGCAAT	 -2.4797751e-02	 -7.0306115e-02	  5.9717521e-02
GGCACA	  3.9203879e-03	  3.7959624e-02	 -8.2028754e-02
GGCACC	  1.3097559e-01	 -1.7105310e-01	  1.2455814e-01
GGCACG	 -2.0571430e-01	  1.4673319e-01	 -1.1505804e-01
GGCACT	  1.3884759e-03	 -8.7821715e-02	  6.4175949e-02
GGCAGA	 -6.8292560e-05	  5.9480209e-02	  5.1207010e-02
GGCAGC	  8.0719016e-02	  4.0404517e-02	  1.7053016e-01
GGCAGG	 -3.5544959e-01	 -3.4934942e-02	 -3.9328209e-01
GGCAGT	  1.4244035e-01	 -8.8152632e-02	  2.2725075e-02
GGCATA	 -3.5023031e-01	  1.3461048e-03	 -2.5357181e-01
GGCATC	  1.8260188e-01	  1.5127596e-01	  1.9730501e-01
GGCATG	  1.2461767e-01	  1.1290427e-01	 -1.5435180e-01
GGCATT	 -5.5307411e-02	 -2.0212321e-01	  4.9283657e-02
GGCCAA	  7.1170636e-02	 -3.9985802e-02	  8.1352495e-02
GGCCAC	 -1.4371940e-01	 -3.0615067e-02	  1.0034869e-02
GGCCAG	  1.4829785e-01	  1.8693091e-01	 -7.9484629e-03
GGCCAT	 -1.0557352e-01	 -7.0659913e-02	 -1.4696863e-01
GGCCCA	  1.2733930e-01	  3.9624572e-02	  2.6965279e-02
GGCCCC	 -2.5728244e-01	 -1.1006829e-01	 -2.2484900e-02
GGCCCG	  1.8333588e-02	  1.4621626e-01	 -5.5940575e-03
GGCCCT	 -8.8425718e-02	 -1.8490320e-01	 -2.1350317e-02
GGCCGA	 -5.6912679e-02	  5.5997912e-03	  1.4538566e-03
GGCCGC	 -3.5863802e-02	 -1.0016122e-01	  9.4870433e-02
GGCCGG	 -1.9530581e-01	  1.3184133e-01	 -1.3361039e-02
GGCCGT	  2.0674297e-01	 -3.5005897e-02	 -1.3085164e-01
GGCCTA	 -2.2253357e-01	 -2.9073432e-01	 -6.2559120e-02
GGCCTC	  1.5128455e-01	  1.5982838e-01	  1.9217244e-01
GGCCTG	 -5.5505652e-02	  2.4270053e-01	 -1.2756446e-01
GGCCTT	  1.5122111e-01	 -1.5217184e-01	  1.0632677e-02
GGCGAA	 -1.1043979e-01	 -4.8609588e-02	  2.7186312e-02
GGCGAC	  2.3300085e-02	  1.3018784e-01	  3.2803409e-02
GGCGAG	  4.1800890e-02	  6.2420223e-02	 -1.9846986e-01
GGCGAT	  6.8534389e-02	 -1.2791875e-01	  8.1981361e-02
GGCGCA	 -1.1817892e-01	 -4.1563611e-02	 -1.2778074e-01
GGCGCC	  1.5119936e-01	  1.9165432e-01	  1.5967213e-01
GGCGCG	 -2.3903292e-01	 -1.9524576e-02	 -3.7393746e-01
GGCGCT	  1.0218967e-01	 -2.4535091e-01	  1.4834794e-01
GGCGGA	  1.3754331e-01	  1.0640327e-01	  2.8204704e-02
GGCGGC	 -4.8635010e-02	  4.8945118e-02	  2.1169583e-01
GGCGGG	 -4.9940068e-01	 -1.6381757e-01	 -5.0838637e-01
GGCGGT	  1.3866818e-01	 -7.9689719e-02	  2.4590974e-05
GGCGTA	 -1.5577416e-01	 -6.2425353e-02	 -2.9681686e-01
GGCGTC	  1.4209284e-01	  1.4831057e-01	  5.4432027e-02
GGCGTG	 -1.2506048e-01	  1.4731318e-01	 -2.0477815e-01
GGCGTT	  4.0601604e-02	 -3.2991809e-01	  1.7899117e-01
GGCTAA	 -3.1395326e+00	 -1.0073669e-01	 -4.7223594e-02
GGCTAC	  4.0823442e-01	  4.2116709e-02	  5.3741899e-03
GGCTAG	 -2.8412449e+00	  1.5353417e-01	 -2.6671110e-02
GGCTAT	  2.1578017e-01	 -4.2966492e-02	  6.5590665e-02
GGCTCA	  5.2890420e-02	  8.0434576e-02	 -1.7046355e-02
GGCTCC	 -2.1228386e-02	 -1.4326379e-01	  5.5503886e-02
GGCTCG	  6.4184800e-02	  1.6209537e-01	 -5.0895598e-02
GGCTCT	 -1.1586689e-01	 -1.5539213e-01	 -3.5602578e-03
GGCTGA	 -2.9384348e+00	  5.0493438e-02	  2.9372670e-02
GGCTGC	  1.5147409e-01	 -1.3701193e-01	  9.2984371e-02
GGCTGG	  2.6671475e-01	  1.7091991e-01	 -8.8247299e-02
GGCTGT	  1.0352589e-01	 -2.2637215e-01	 -7.0332810e-02
GGCTTA	 -3.3432961e-01	 -1.9897664e-01	 -2.9010910e-01
GGCTTC	  2.3707882e-01	  1.1717410e-01	  1.9850874e-01
GGCTTG	  5.8055926e-02	  2.0516510e-01	 -1.0409589e-01
GGCTTT	 -1.4071412e-01	 -1.7987660e-01	  1.4332503e-02
GGGAAA	 -9.5435239e-02	 -1.6457877e-01	 -1.1755282e-01
GGGAAC	  1.8643033e-02	  1.9934669e-01	  1.9616789e-01
GGGAAG	  1.7135563e-01	  2.7476370e-01	  1.4956542e-02
GGGAAT	  1.2481550e-02	 -1.4321953e-01	  5.8081836e-02
GGGACA	  2.7273839e-02	  4.9879279e-02	 -3.2202482e-02
GGGACC	 -1.0300855e-01	 -1.4921571e-01	  7.3921271e-02
GGGACG	 -2.3314632e-02	  1.1135517e-01	 -3.3288978e-02
GGGACT	  5.4376256e-02	 -6.2809251e-02	 -2.8337466e-03
GGGAGA	  2.0295912e-02	  2.4584686e-02	  7.4956124e-03
GGGAGC	  1.1616032e-01	  1.4936092e-01	  8.8831142e-02
GGGAGG	 -2.8984091e-01	 -7.6585628e-02	 -5.1388148e-02
GGGAGT	  5.6770176e-02	 -1.5809059e-01	 -5.5525564e-02
GGGATA	 -2.7823722e-01	  6.4766139e-02	 -1.4431982e-01
GGGATC	  9.7812355e-02	  1.1346458e-01	  2.1229313e-01
GGGATG	  1.0913613e-01	  1.5166819e-01	 -6.0668953e-02
GGGATT	  2.7897598e-03	 -2.7221197e-01	 -1.9137584e-02
GGGCAA	 -4.3040488e-02	  5.6608105e-03	  8.0963643e-03
GGGCAC	 -3.7095860e-02	 -1.7977273e-02	  7.6167978e-02
GGGCAG	  8.0841519e-02	  1.2515245e-01	 -3.3565052e-02
GGGCAT	  2.2473935e-02	 -1.2812655e-01	 -5.2677475e-02
GGGCCA	  1.8521895e-01	  9.1199383e-02	 -3.6943018e-02
GGGCCC	 -2.4106231e-01	 -1.6926302e-01	  1.2751065e-01
GGGCCG	 -9.8925598e-02	  2.1779168e-01	 -2.6820380e-02
GGGCCT	 -1.0522129e-01	 -3.7409502e-01	 -2.5988793e-02
GGGCGA	  1.0200649e-01	  1.4990173e-01	  1.4627910e-01
GGGCGC	 -2.0294647e-01	 -1.0261400e-01	 -2.1158477e-02
GGGCGG	 -1.6318102e-01	 -8.1943087e-02	 -5.3711955e-02
GGGCGT	  2.2444613e-01	  1.4738804e-02	 -1.2047645e-01
GGGCTA	 -1.9546825e-01	 -4.5428298e-02	 -2.4151864e-02
GGGCTC	  1.0695013e-01	  8.9668840e-02	  1.7831115e-01
GGGCTG	 -1.7956543e-01	  1.3750064e-01	 -3.1355762e-01
GGGCTT	  5.0301157e-02	 -2.2836503e-01	 -6.4426050e-02
GGGGAA	 -1.2909789e-01	 -1.2366705e-01	  3.6945958e-02
GGGGAC	  4.7582842e-02	  1.2937894e-01	  7.3872663e-02
GGGGAG	 -3.8985197e-02	  1.1764747e-01	 -2.2887950e-01
GGGGAT	  1.8001308e-01	 -3.5654258e-02	  6.5110087e-02
GGGGCA	  1.5859813e-03	 -3.2306060e-02	  5.7069760e-02
GGGGCC	 -1.1807787e-01	  1.0654924e-01	  1.0579242e-01
GGGGCG	 -9.8493233e-02	  3.4618922e-02	 -3.6766350e-01
GGGGCT	  1.1966566e-01	 -8.0004998e-02	  6.7998186e-02
GGGGGA	  2.3815449e-01	  4.5361418e-02	  1.9617428e-01
GGGGGC	  9.4205201e-02	  4.5618498e-01	  2.1668586e-01
GGGGGG	 -7.6757127e-01	 -5.3358507e-01	 -5.5902618e-01
GGGGGT	  1.6216508e-01	  2.4775540e-02	  8.3775073e-02
GGGGTA	 -1.8962853e-01	 -1.2675464e-01	 -6.0043462e-02
GGGGTC	  1.1294874e-01	  1.6009650e-01	  1.3099416e-01
GGGGTG	  1.1125521e-02	  2.0136142e-01	 -2.4560454e-01
GGGGTT	  3.5882343e-02	 -2.8327209e-01	  8.6424679e-02
GGGTAA	 -2.8400233e+00	 -1.0277573e-01	 -5.1425274e-02
GGGTAC	  2.6456761e-01	 -1.1321660e-02	  2.5076227e-02
GGGTAG	 -2.6343536e+00	  4.9897045e-02	 -1.4382419e-01
GGGTAT	  3.2351652e-01	  7.8372270e-02	  1.1222307e-01
GGGTCA	  8.2006700e-02	  1.1879595e-01	  1.7551977e-02
GGGTCC	 -6.1800227e-02	 -4.2615575e-03	  1.3166374e-01
GGGTCG	  9.4000399e-02	  2.2948352e-01	 -3.2661047e-02
GGGTCT	 -8.7205872e-02	 -3.0492598e-01	 -8.1451781e-02
GGGTGA	 -2.6939275e+00	  4.0232208e-02	  8.1984419e-03
GGGTGC	  2.3263361e-01	  9.5497407e-02	  1.4432924e-02
GGGTGG	  3.8390443e-02	 -2.8399516e-02	  4.4839140e-02
GGGTGT	  1.7946926e-01	 -1.0245322e-01	 -7.0895582e-02
GGGTTA	 -1.9833697e-01	 -3.3018216e-02	  2.5596401e-02
GGGTTC	  1.9169539e-01	  1.9061828e-01	  1.6594498e-01
GGGTTG	  8.6919934e-02	  2.7743393e-01	 -4.7478069e-02
GGGTTT	 -8.0341250e-02	 -3.6809880e-01	 -1.0050549e-01
GGTAAA	 -1.5962180e-02	 -1.8792036e-01	 -2.2884957e-02
GGTAAC	  2.6416755e-01	  2.3974063e-01	  2.6903379e-01
GGTAAG	 -4.6318406e-01	  1.2382568e-01	 -6.5058649e-01
GGTAAT	  2.4874065e-02	 -5.3414196e-02	  6.0468674e-02
GGTACA	  6.6811547e-02	  9.5433459e-02	 -1.2894372e-02
GGTACC	  6.3770026e-02	 -3.0334417e-02	  1.4840256e-01
GGTACG	 -2.5686806e-01	  1.4218876e-01	 -2.4489531e-02
GGTACT	 -1.5409021e-02	 -2.0007852e-01	 -8.1858598e-02
GGTAGA	  8.8710576e-02	 -1.1054409e-01	  1.1203153e-01
GGTAGC	  1.4631087e-01	  2.3925471e-01	  3.0078113e-01
GGTAGG	 -7.7817267e-01	 -3.1734210e-02	 -7.0278639e-01
GGTAGT	  1.3125327e-01	 -2.4444837e-02	 -3.9887670e-02
GGTATA	 -3.3140606e-01	  1.0366609e-02	 -2.5656354e-01
GGTATC	  1.9149546e-01	  2.1275797e-01	  3.0015373e-01
GGTATG	  2.1557247e-02	  8.5349880e-02	 -1.8652761e-01
GGTATT	  1.3926074e-02	 -2.1906519e-01	 -4.0415563e-03
GGTCAA	  6.3794211e-02	 -6.1201692e-02	  1.4209562e-02
GGTCAC	 -5.2503537e-02	  9.4643205e-02	  1.7641486e-01
GGTCAG	 -2.5798324e-03	  7.7507146e-02	 -1.5002978e-01
GGTCAT	 -6.1701868e-02	 -5.7870880e-02	 -8.9287035e-02
GGTCCA	  1.8733114e-01	 -1.1573852e-02	 -1.3396260e-01
GGTCCC	 -3.1991786e-01	 -3.4180433e-02	  6.3170791e-02
GGTCCG	 -8.2066461e-02	  2.3396724e-01	  1.9531605e-01
GGTCCT	 -8.4329307e-02	 -2.0885848e-01	 -7.2349720e-02
GGTCGA	 -3.8121846e-02	  3.4195449e-02	  6.6703618e-02
GGTCGC	 -2.5489150e-02	 -1.5539248e-01	  5.3187106e-02
GGTCGG	 -3.0946949e-01	  1.2256198e-01	 -3.2625157e-02
GGTCGT	  2.0457600e-01	 -6.8048589e-02	 -1.4364734e-01
GGTCTA	 -1.3906626e-01	 -2.4136512e-02	  1.0836335e-01
GGTCTC	 -6.5032840e-02	 -4.2331129e-02	  2.7976859e-02
GGTCTG	 -1.4859210e-01	  2.3844837e-01	 -1.7572652e-01
GGTCTT	  1.7975752e-01	 -1.6203561e-01	 -2.0678420e-02
GGTGAA	 -1.5069413e-02	 -1.6468175e-01	  9.4860196e-02
GGTGAC	  1.0880540e-01	  2.2739638e-01	  1.5399255e-01
GGTGAG	 -3.9785141e-01	  5.0428095e-03	 -5.8095062e-01
GGTGAT	  1.7461903e-01	  1.8610099e-02	  5.1350638e-02
GGTGCA	  2.0674609e-02	  1.2167229e-02	 -9.1553874e-02
GGTGCC	 -2.5252480e-02	  7.7344224e-02	  1.2247945e-01
GGTGCG	 -2.3119003e-01	  3.8508713e-02	 -2.3646206e-01
GGTGCT	  6.6073738e-02	 -1.0156440e-01	  7.6212153e-02
GGTGGA	  2.0890839e-01	  4.3567372e-03	  1.1557904e-01
GGTGGC	 -2.1273485e-01	  3.6257315e-02	  1.5123737e-01
GGTGGG	 -5.9905088e-01	  7.1001105e-02	 -4.9073058e-01
GGTGGT	 -2.5270262e-03	 -8.8688567e-02	 -1.2470261e-01
GGTGTA	 -8.5892446e-02	  4.4955250e-02	 -1.0611065e-01
GGTGTC	  8.5040502e-02	  4.4308938e-02	  1.0089608e-01
GGTGTG	 -1.2816828e-01	  2.1620017e-01	 -1.8095633e-01
GGTGTT	  4.9007237e-02	 -3.4404588e-01	  6.6103481e-02
GGTTAA	 -3.1717799e+00	  5.6341859e-03	 -3.5584834e-03
GGTTAC	  2.6372692e-01	  3.7676606e-02	  6.3403904e-02
GGTTAG	 -3.0164480e+00	 -5.2022482e-03	 -3.6331183e-01
GGTTAT	  3.1101853e-01	 -3.2401830e-02	  1.0733678e-01
GGTTCA	  6.5472372e-02	  6.0177326e-02	 -2.1034153e-02
GGTTCC	 -2.4513770e-02	  1.6702406e-02	  7.8505158e-02
GGTTCG	 -7.9541735e-02	  3.1767178e-02	 -5.7451725e-03
GGTTCT	 -2.1357467e-02	 -1.2085309e-01	 -3.5987690e-02
GGTTGA	 -3.1105366e+00	  6.0571447e-02	  2.1979243e-02
GGTTGC	  1.8095377e-01	 -7.5038739e-02	  1.1300385e-01
GGTTGG	  2.0751211e-01	  1.2143455e-01	 -1.2157620e-01
GGTTGT	  1.4168252e-01	 -1.7887467e-01	 -3.1080797e-02
GGTTTA	 -2.7615791e-03	  1.8209608e-01	  4.2552403e-03
GGTTTC	  2.4297099e-01	  5.4850556e-02	  2.1342044e-01
GGTTTG	  7.6734371e-02	  2.4699183e-01	 -1.0328957e-01
GGTTTT	 -1.9012064e-01	 -2.7928442e-01	 -8.0535427e-02
GTAAAA	 -8.0334581e-02	 -1.3219680e-01	 -2.6410553e-01
GTAAAC	  1.0273313e-01	  1.6292901e-01	  2.8140756e-01
GTAAAG	  2.1045880e-01	  3.8683367e-01	  3.3977640e-01
GTAAAT	 -4.4239704e-02	 -1.8667126e-01	 -7.2831444e-02
GTAACA	  2.7125180e-02	  6.4868741e-02	 -1.2165076e-01
GTAACC	 -1.2053180e-02	 -7.9785012e-02	  7.0826098e-02
GTAACG	 -8.6027235e-02	  2.6165980e-01	  3.1299716e-01
GTAACT	  8.1426548e-03	 -1.8879914e-01	 -1.2736145e-01
GTAAGA	  1.6206534e-01	  1.0483695e-01	 -1.0509238e-01
GTAAGC	  2.1078257e-01	  2.0208402e-01	  1.5141353e-01
GTAAGG	 -1.0088573e-01	  2.8363392e-01	  2.6691869e-01
GTAAGT	 -4.1064063e-01	 -8.3680797e-01	 -1.7018104e-01
GTAATA	 -2.4704728e-01	 -4.9308147e-02	  8.8814683e-03
GTAATC	  1.2090482e-01	  1.9507752e-01	  1.7536606e-01
GTAATG	  2.4674252e-01	  3.0016568e-01	  1.8876779e-01
GTAATT	 -7.9328589e-02	 -3.3598435e-01	 -2.3171753e-01
GTACAA	  7.5596839e-02	  2.6596475e-03	  6.0425386e-02
GTACAC	 -1.5856373e-01	  3.7675563e-02	  5.4511487e-02
GTACAG	  1.2138429e-01	  1.2132987e-01	 -8.9151897e-02
GTACAT	 -1.0624184e-01	 -1.2451121e-01	 -7.1297817e-02
GTACCA	  1.7341565e-01	  4.0435035e-02	 -3.7279949e-02
GTACCC	 -2.3993622e-01	 -1.2339626e-01	  1.2775434e-02
GTACCG	  4.2800014e-03	  2.7253672e-01	  4.8174031e-02
GTACCT	 -1.0343812e-01	 -2.4954666e-01	 -1.3956820e-03
GTACGA	  1.5190446e-01	  1.0026687e-01	  1.6420643e-01
GTACGC	 -1.8582661e-01	 -1.6554442e-01	  6.8306332e-03
GTACGG	 -1.0923663e-01	  1.1753473e-01	 -4.8804216e-02
GTACGT	  3.4335740e-03	 -1.9296062e-01	 -2.4159734e-01
GTACTA	 -1.4166273e-01	 -6.5966569e-02	  6.0821351e-02
GTACTC	  6.1530787e-02	  7.3962487e-02	  7.2655685e-02
GTACTG	 -1.7593142e-01	  1.6664383e-01	 -1.4885478e-01
GTACTT	  1.1821586e-01	 -2.3912369e-01	  1.5097024e-02
GTAGAA	 -6.4150168e-05	 -2.3255967e-02	 -1.7590623e-01
GTAGAC	  7.3303031e-03	  7.0130371e-02	  2.4703418e-01
GTAGAG	  6.4571612e-03	  1.6698726e-01	  1.5287776e-01
GTAGAT	 -7.0951846e-03	 -1.4565231e-01	 -9.0319417e-02
GTAGCA	  3.7712779e-02	  1.2445588e-01	 -8.6825348e-02
GTAGCC	 -9.8076519e-03	 -6.5757498e-02	  1.2106425e-01
GTAGCG	 -2.1852912e-01	 -2.6516445e-02	  1.1178627e-01
GTAGCT	  6.8023197e-02	 -9.8389834e-02	 -9.6531041e-02
GTAGGA	  3.5120654e-01	  2.0806910e-01	 -1.3637471e-02
GTAGGC	 -2.5712627e-01	 -5.0628819e-02	 -7.3473461e-02
GTAGGG	 -2.1976706e-01	  7.2454125e-02	  2.1702123e-01
GTAGGT	 -2.4961032e-01	 -3.2028198e-01	 -7.0799232e-02
GTAGTA	 -1.3627215e-01	 -9.9663585e-03	  5.8219500e-02
GTAGTC	  6.6024423e-02	  6.1647326e-02	  1.2598985e-01
GTAGTG	  7.9783514e-02	  3.3878630e-01	  1.6513067e-01
GTAGTT	 -6.5095243e-03	 -3.3041158e-01	 -2.2880200e-01
GTATAA	 -3.1130817e+00	  1.8037582e-02	  1.2604177e-02
GTATAC	  3.7740451e-01	  2.1838557e-02	  2.0580705e-02
GTATAG	 -2.7827752e+00	  1.4429146e-01	 -6.5104075e-02
GTATAT	  2.1924828e-01	 -1.1850109e-01	  3.5748540e-03
GTATCA	  4.0409420e-02	  8.3809264e-02	 -1.6548257e-02
GTATCC	  2.0156460e-02	 -1.2960805e-01	  8.0605589e-02
GTATCG	 -5.5507686e-02	  1.7582324e-01	  5.5364626e-03
GTATCT	 -3.2762304e-02	 -2.1317792e-01	 -5.1686008e-02
GTATGA	 -3.1495070e+00	  4.0124409e-02	  1.1599276e-01
GTATGC	  2.2657114e-01	  5.6716703e-02	  7.8157432e-02
GTATGG	  3.1091610e-01	  2.4463524e-01	  8.5122302e-02
GTATGT	 -4.3819893e-02	 -3.7153029e-01	 -2.9616281e-01
GTATTA	 -1.7597781e-01	 -6.2075000e-02	 -3.3944633e-02
GTATTC	  2.7822480e-01	  2.0704769e-01	  1.5647410e-01
GTATTG	 -3.8841374e-03	  2.9510507e-01	 -7.1531296e-02
GTATTT	 -1.2705973e-01	 -3.7605271e-01	 -4.4702467e-02
GTCAAA	 -1.6948122e-01	 -1.6603246e-01	 -1.0044175e-01
GTCAAC	  1.1284503e-01	  1.7742500e-01	  1.7178974e-01
GTCAAG	  2.2461475e-01	  2.3096561e-01	  9.8358770e-04
GTCAAT	 -2.1259865e-02	 -9.5152162e-02	  1.7266633e-02
GTCACA	 -5.9721526e-02	 -2.1883193e-02	 -7.9662383e-02
GTCACC	  1.3283889e-01	 -1.2082103e-01	  2.2568776e-01
GTCACG	 -1.8084051e-01	  2.5445610e-01	 -1.0709110e-01
GTCACT	  4.4335209e-02	 -1.0108928e-01	 -4.9294170e-02
GTCAGA	  2.9995246e-02	 -6.2318402e-03	  2.9970555e-02
GTCAGC	  6.2201027e-02	  1.1093482e-01	  1.3106385e-01
GTCAGG	 -2.6366109e-01	  1.8023066e-01	 -8.2503684e-02
GTCAGT	  2.1897485e-02	 -2.6804468e-01	 -1.1735874e-01
GTCATA	 -3.6774600e-01	 -2.3909520e-02	 -3.0846235e-01
GTCATC	  1.3643532e-01	  1.1799646e-01	  3.0964741e-01
GTCATG	  1.1748238e-01	  2.0202665e-01	 -1.9553041e-01
GTCATT	 -2.1464884e-02	 -2.2758092e-01	 -9.6982561e-02
GTCCAA	  4.1866668e-02	 -6.4540222e-02	  2.0094033e-02
GTCCAC	 -4.1974429e-02	  6.1113562e-02	  1.4826284e-01
GTCCAG	  9.7503200e-02	  1.5469982e-01	 -5.0669167e-02
GTCCAT	 -1.2452552e-01	 -1.1253367e-01	 -1.3997437e-01
GTCCCA	  1.9245292e-01	 -6.3043892e-02	 -4.2714421e-02
GTCCCC	 -2.6336560e-01	 -8.3158068e-02	  6.7652754e-02
GTCCCG	 -1.2228414e-01	  2.6322782e-01	  5.8717574e-03
GTCCCT	 -1.5165913e-01	 -2.1478492e-01	 -4.0134694e-03
GTCCGA	 -4.6706975e-02	  6.4041860e-02	  9.4201908e-02
GTCCGC	  7.3914625e-02	 -4.6626240e-02	  5.1342912e-02
GTCCGG	 -3.4430030e-01	  7.3952660e-02	 -7.9539465e-03
GTCCGT	  1.5427096e-01	 -1.3969013e-01	 -2.0456982e-01
GTCCTA	 -2.6193475e-02	 -7.0343286e-02	  7.8742228e-02
GTCCTC	  1.4746111e-02	  2.6115319e-02	  2.0170417e-01
GTCCTG	 -4.8042130e-02	  2.3265827e-01	 -2.4356887e-01
GTCCTT	  3.2861494e-02	 -2.7723405e-01	 -1.3273773e-01
GTCGAA	 -5.7915125e-02	 -3.6026191e-02	  4.1447148e-02
GTCGAC	  5.6425691e-02	  8.3646126e-02	  1.0623495e-01
GTCGAG	  6.7951001e-02	  1.2188701e-01	 -1.2898026e-01
GTCGAT	 -2.0636613e-02	 -1.2593681e-01	 -5.0159153e-02
GTCGCA	 -6.3516632e-02	  3.4125052e-02	 -1.4978008e-02
GTCGCC	  1.3701455e-01	  8.3388135e-02	  1.2182467e-01
GTCGCG	 -3.1089538e-01	  2.8139248e-02	 -3.3701807e-01
GTCGCT	  6.8834014e-02	 -1.8851586e-01	  5.3601529e-02
GTCGGA	  2.2255956e-01	  2.6463356e-02	  1.1702377e-01
GTCGGC	 -2.1442100e-01	 -8.4210336e-03	  3.4239229e-02
GTCGGG	 -3.2939914e-01	  1.4714532e-01	 -1.3158642e-01
GTCGGT	 -6.1500985e-02	 -1.6896494e-01	 -1.7704193e-01
GTCGTA	 -2.0372309e-01	 -3.5344448e-02	 -1.9623511e-01
GTCGTC	  1.1189292e-01	  6.1013978e-02	  1.7350478e-01
GTCGTG	 -8.3509915e-02	  2.3109458e-01	 -2.2050841e-01
GTCGTT	  2.8109260e-02	 -3.1213406e-01	  1.5149825e-02
GTCTAA	 -3.4209878e+00	 -6.5420307e-02	 -1.5101188e-01
GTCTAC	  4.2808628e-01	  7.8077257e-02	  1.7818415e-01
GTCTAG	 -3.2085910e+00	  6.7356043e-02	 -7.7719405e-02
GTCTAT	  1.7976995e-01	 -5.6985572e-02	  1.8363912e-02
GTCTCA	 -1.6693225e-02	  2.9902805e-02	 -3.4057278e-02
GTCTCC	  9.1180079e-02	 -4.3361161e-02	  1.6116238e-01
GTCTCG	 -1.6879201e-02	  1.4401007e-01	 -5.6289654e-02
GTCTCT	 -4.8780262e-02	 -1.5871708e-01	 -7.7881940e-02
GTCTGA	 -3.2595234e+00	  5.5884331e-02	 -2.8850812e-02
GTCTGC	  1.9864905e-01	 -7.0926249e-02	  6.9391564e-02
GTCTGG	  2.3389718e-01	  1.4034963e-01	  6.4471588e-02
GTCTGT	  1.2349682e-01	 -2.0546329e-01	 -9.3798690e-02
GTCTTA	 -2.6254597e-01	 -1.1942378e-01	 -2.0232420e-01
GTCTTC	  2.0209469e-01	  1.1248151e-01	  2.5366855e-01
GTCTTG	 -6.1096944e-02	  1.6090667e-01	 -2.1331009e-01
GTCTTT	 -1.1372632e-01	 -2.7146637e-01	 -1.3918245e-01
GTGAAA	 -1.0637785e-01	 -1.5411568e-01	 -2.4887726e-01
GTGAAC	  5.4248150e-02	  1.0577696e-01	  2.5216931e-01
GTGAAG	  1.6616239e-01	  2.6941255e-01	  1.3407442e-01
GTGAAT	 -1.4879632e-02	 -1.3921723e-01	  3.0404974e-02
GTGACA	  4.0345404e-02	  1.8382374e-02	 -1.3714798e-01
GTGACC	 -2.2385627e-02	 -1.4278615e-01	  1.7010112e-01
GTGACG	 -1.3475230e-01	  1.3452424e-01	  1.2804640e-02
GTGACT	  6.5364107e-02	 -1.1157756e-01	  7.9863342e-03
GTGAGA	  7.0573747e-02	  3.5993058e-02	 -1.5502627e-01
GTGAGC	  2.2255276e-01	  1.7423597e-01	  6.8281285e-02
GTGAGG	 -1.2985376e-01	  1.9074556e-01	  2.2965522e-01
GTGAGT	 -3.9363813e-01	 -6.4217621e-01	 -5.1999096e-02
GTGATA	 -2.4140364e-01	 -3.6353774e-02	  1.7127400e-02
GTGATC	  9.2366599e-02	  1.1708462e-01	  1.4791131e-01
GTGATG	  1.1031803e-01	  1.6707018e-01	  1.5644014e-02
GTGATT	 -1.2158107e-02	 -2.4948815e-01	 -1.3439757e-01
GTGCAA	 -2.6065832e-02	 -3.3073299e-02	  1.2578729e-02
GTGCAC	 -6.3141999e-03	  6.6408017e-03	  5.5930667e-02
GTGCAG	  1.6830689e-01	  1.4764386e-01	 -8.9952528e-02
GTGCAT	 -1.0270020e-01	 -7.8575142e-02	 -9.6105738e-03
GTGCCA	  1.5764031e-01	  4.2818740e-02	 -3.0358957e-02
GTGCCC	 -1.8037966e-01	 -1.0284428e-01	  2.1047623e-01
GTGCCG	  4.5773119e-02	  2.2888982e-01	 -2.0169985e-02
GTGCCT	 -2.5217313e-01	 -2.9160982e-01	 -1.0819414e-01
GTGCGA	  1.7611350e-01	  1.1329436e-01	  1.5438539e-01
GTGCGC	 -1.1880953e-01	 -2.0583624e-01	 -8.6377345e-02
GTGCGG	 -1.6028291e-01	  1.2292286e-01	 -4.5571797e-02
GTGCGT	 -3.7973023e-03	 -1.7503123e-01	 -1.0694789e-01
GTGCTA	 -2.2646068e-01	 -1.2262120e-01	 -5.1986959e-02
GTGCTC	  1.4985405e-01	  6.3065760e-02	  1.0340762e-01
GTGCTG	 -1.1386413e-01	  1.6316716e-01	 -1.4757723e-01
GTGCTT	 -5.0382148e-02	 -2.4640861e-01	 -2.0450706e-02
GTGGAA	 -3.9766829e-02	 -4.2506944e-02	  4.6986286e-03
GTGGAC	 -7.9994015e-03	  6.7460924e-02	  1.6674763e-01
GTGGAG	 -5.6449667e-02	  5.6171380e-02	 -1.4727776e-01
GTGGAT	  1.1473732e-01	 -3.7145767e-02	  2.6007274e-02
GTGGCA	  1.8162524e-02	 -7.6620400e-02	  5.3572789e-02
GTGGCC	 -1.4603944e-01	 -1.4512761e-02	 -6.5036058e-02
GTGGCG	 -7.1660720e-02	  1.6496237e-01	 -2.6406240e-01
GTGGCT	  1.1039184e-01	 -7.0580177e-02	  1.1866053e-01
GTGGGA	  1.5323149e-01	 -1.3629831e-02	  6.6108108e-02
GTGGGC	 -9.1836890e-03	  1.6213977e-01	  9.1563784e-02
GTGGGG	 -3.2202160e-01	 -4.4236436e-02	 -9.1672845e-02
GTGGGT	 -6.6058926e-02	 -1.4059885e-01	 -1.4935951e-01
GTGGTA	 -8.9647762e-02	 -1.1503470e-01	  2.0258559e-02
GTGGTC	  8.8357791e-02	  1.0201963e-01	  1.5473121e-01
GTGGTG	 -9.4332665e-02	  1.4905369e-01	 -2.7305275e-01
GTGGTT	  8.4039621e-02	 -2.7897838e-01	  9.9417634e-02
GTGTAA	 -3.1957822e+00	 -1.7907966e-02	  2.4006182e-02
GTGTAC	  4.0057999e-01	  4.9806625e-02	  2.0619711e-02
GTGTAG	 -3.0517070e+00	  6.7473464e-02	 -1.8505467e-01
GTGTAT	  2.3188382e-01	 -7.6605447e-02	  6.4454541e-02
GTGTCA	  7.1832635e-03	  7.0895799e-02	 -7.5144372e-03
GTGTCC	 -1.8610630e-02	 -1.0732003e-01	  1.3481072e-01
GTGTCG	 -6.5468657e-03	  8.0262728e-02	 -1.4434114e-01
GTGTCT	  8.1579490e-03	 -1.2239399e-01	  1.2859428e-02
GTGTGA	 -3.1808391e+00	  1.6217084e-01	  1.0703738e-01
GTGTGC	  3.3647916e-01	  8.7137887e-04	  1.0425052e-01
GTGTGG	  1.5084569e-01	  1.5055083e-01	  4.8053354e-02
GTGTGT	 -6.4204365e-02	 -3.7232518e-01	 -2.5652471e-01
GTGTTA	 -1.5592997e-01	  1.8434528e-02	 -6.0784507e-05
GTGTTC	  2.5022179e-01	  1.5312526e-01	  1.1769951e-01
GTGTTG	  1.6338278e-02	  2.3161341e-01	 -2.1036573e-02
GTGTTT	 -1.6393915e-01	 -4.0516651e-01	 -6.5134957e-02
GTTAAA	 -1.2252928e-01	 -2.5502020e-01	 -1.2181900e-01
GTTAAC	  9.2060380e-02	  2.4686126e-01	  1.9594224e-01
GTTAAG	  1.4919671e-01	  2.7586207e-01	  6.0548116e-02
GTTAAT	  3.4483038e-02	 -4.3281078e-02	  1.4610772e-02
GTTACA	 -2.6133869e-02	 -6.3685719e-03	 -5.2575666e-02
GTTACC	  5.3901844e-02	 -7.0734426e-02	  1.4375202e-01
GTTACG	 -1.1174241e-01	  3.0510578e-01	  5.1853891e-02
GTTACT	  3.9266590e-02	 -1.9661157e-01	 -6.9222532e-02
GTTAGA	  7.2821774e-02	 -1.3337286e-01	  6.5207042e-02
GTTAGC	  1.4735697e-01	  1.8114971e-01	  2.3603691e-01
GTTAGG	 -2.5336695e-01	  1.7359653e-01	 -2.4613122e-02
GTTAGT	 -7.8981817e-02	 -1.1762448e-01	 -3.0337635e-01
GTTATA	 -3.1615147e-01	 -7.5845309e-02	 -3.1993982e-01
GTTATC	  1.2253033e-01	  1.2524877e-01	  2.7357963e-01
GTTATG	  1.1331377e-01	  2.5778231e-01	 -4.3312311e-02
GTTATT	 -5.7256045e-03	 -2.5783786e-01	 -3.9548200e-02
GTTCAA	  2.8927872e-02	 -3.3696931e-02	 -3.9254590e-03
GTTCAC	 -7.9126157e-02	  2.1201311e-02	  1.5145861e-01
GTTCAG	  3.4557346e-02	  9.3768798e-02	 -1.3574138e-01
GTTCAT	 -3.5746019e-02	 -4.0169194e-02	 -1.8439416e-02
GTTCCA	  1.6335316e-01	 -5.3351056e-02	 -1.1291093e-01
GTTCCC	 -2.9553378e-01	  7.3351666e-02	  9.5436908e-02
GTTCCG	 -9.1002554e-02	  1.8510734e-01	  9.4565466e-02
GTTCCT	 -1.4599465e-01	 -1.8455578e-01	  1.2216814e-02
GTTCGA	  2.3113884e-02	 -9.7133769e-03	  2.8918037e-02
GTTCGC	 -7.0421160e-03	 -7.0017114e-02	  1.0135327e-01
GTTCGG	 -2.7374485e-01	  1.6670766e-01	  2.6913850e-02
GTTCGT	  1.2859748e-01	 -1.5153039e-01	 -1.7039053e-01
GTTCTA	 -1.6176191e-01	 -7.0488095e-02	 -2.8169043e-02
GTTCTC	  8.0686294e-02	  4.8421163e-02	  1.1093322e-01
GTTCTG	 -9.4978362e-02	  2.1617773e-01	 -1.7889170e-01
GTTCTT	  7.2141387e-02	 -2.4076736e-01	  2.6066028e-02
GTTGAA	 -7.9100288e-02	 -2.2431685e-01	  9.4050802e-03
GTTGAC	 -1.3569949e-02	  2.6511219e-01	  6.8001822e-02
GTTGAG	  3.2433610e-02	  1.2643470e-01	 -1.1050681e-02
GTTGAT	  8.9970991e-02	 -1.4227960e-02	 -4.8872143e-02
GTTGCA	 -3.8337138e-02	 -2.4423258e-02	 -3.5110597e-02
GTTGCC	  1.0638335e-02	  2.3723921e-02	  3.6966875e-02
GTTGCG	 -2.3720361e-01	  1.0635963e-01	 -1.1881586e-01
GTTGCT	  1.0598902e-01	 -5.2167840e-02	  5.5697791e-02
GTTGGA	  2.1445335e-01	 -2.7013388e-02	  8.9185946e-02
GTTGGC	 -2.1686412e-01	 -3.3693377e-02	  1.2753764e-01
GTTGGG	 -3.5490796e-01	  1.9466674e-01	 -1.4793696e-01
GTTGGT	 -1.2389981e-01	 -1.0269115e-01	 -2.2338398e-01
GTTGTA	 -1.2346203e-01	 -2.0276837e-02	 -5.9828080e-02
GTTGTC	  9.0449184e-02	  2.6048183e-02	  1.6269824e-01
GTTGTG	  3.1254105e-02	  3.1095922e-01	 -1.1538435e-01
GTTGTT	 -9.5995907e-03	 -3.5881642e-01	 -1.6915560e-02
GTTTAA	 -3.4381375e+00	 -5.4775272e-02	 -7.4697584e-02
GTTTAC	  3.8249448e-01	  3.0029306e-02	  5.7032719e-02
GTTTAG	 -3.1237712e+00	  1.7480712e-01	 -1.2816866e-01
GTTTAT	  2.8821582e-01	 -8.0984391e-02	  9.4221666e-02
GTTTCA	 -5.7088450e-02	 -7.7765100e-02	 -7.2376020e-02
GTTTCC	  3.0073801e-02	  6.4858623e-02	  8.4696732e-02
GTTTCG	  6.3011944e-02	  2.2254336e-01	  2.3412926e-02
GTTTCT	  1.4627941e-02	 -1.1347755e-01	  1.1815653e-02
GTTTGA	 -3.5593281e+00	  3.8880482e-02	  3.1577116e-03
GTTTGC	  1.6485044e-01	 -2.0199962e-01	  6.9071040e-02
GTTTGG	  2.9694477e-01	  3.0799741e-01	  5.0058737e-02
GTTTGT	  1.1333615e-01	 -3.1393474e-01	 -1.0366390e-01
GTTTTA	 -3.6337841e-02	  2.1154616e-02	 -9.3924701e-02
GTTTTC	  1.3070549e-01	 -1.9655481e-02	  9.0472721e-02
GTTTTG	  1.9527218e-01	  4.0214291e-01	 -5.9991036e-02
GTTTTT	 -1.9769147e-01	 -4.0077722e-01	  5.3216196e-03
TAAAAA	 -2.7025688e-01	 -2.2343616e-01	 -8.5758485e-02
TAAAAC	  2.6715150e-01	  1.6415589e-01	  1.4127603e-01
TAAAAG	  4.1673553e-01	  5.0393856e-01	  1.2794371e-01
TAAAAT	 -8.3927929e-02	 -1.4195639e-01	 -1.8589875e-03
TAAACA	 -1.3367648e-01	 -9.5437653e-02	 -1.3367648e-01
TAAACC	  2.0213886e-01	  1.7703103e-02	  1.4672877e-01
TAAACG	  2.6038662e-01	  3.4051976e-01	  7.8105800e-02
TAAACT	 -1.6514331e-01	 -1.4339741e-01	 -3.2565767e-05
TAAAGA	 -9.1431394e-02	  1.8071057e-02	  1.1744687e-01
TAAAGC	  1.5551597e-01	  1.0139426e-01	  6.0093842e-02
TAAAGG	  1.8454474e-01	  1.6603146e-01	 -2.6200652e-02
TAAAGT	 -1.5009397e-01	 -2.0951495e-01	 -1.6597624e-01
TAAATA	 -1.5569950e-02	 -1.1113873e-01	 -2.0716743e-01
TAAATC	  2.5320700e-01	  2.4290153e-01	  3.2317948e-01
TAAATG	  2.0576219e-01	  3.9228615e-01	  8.2776524e-02
TAAATT	 -2.5106686e-01	 -4.1568974e-01	 -9.6182801e-02
TAACAA	 -2.1262731e-01	 -7.4991204e-02	  2.7085684e-02
TAACAC	  2.1057227e-01	  9.3608364e-02	  9.1164507e-02
TAACAG	  2.0891242e-01	  1.8023114e-01	 -4.7081489e-02
TAACAT	 -5.4775655e-02	 -8.7641075e-02	 -7.7463262e-02
TAACCA	 -1.3921826e-01	 -6.5862834e-02	 -3.6303479e-02
TAACCC	  9.5742665e-02	 -1.0498382e-02	  7.6831937e-02
TAACCG	  1.6577198e-01	  2.6989675e-01	  1.4758070e-02
TAACCT	 -5.5855159e-02	 -1.7386836e-01	 -2.6913568e-02
TAACGA	 -1.5689372e-01	 -2.7757799e-02	  7.6210201e-02
TAACGC	  2.2161974e-01	 -1.7551009e-02	  7.3137790e-02
TAACGG	  8.1149437e-02	  1.7527585e-01	  2.0460904e-02
TAACGT	 -5.4988198e-02	 -1.3321601e-01	 -2.0399496e-01
TAACTA	  6.6689633e-02	 -1.5965690e-01	 -3.3749219e-02
TAACTC	  1.7961067e-01	  1.5223423e-01	  2.1756655e-01
TAACTG	  9.3821116e-02	  3.3527702e-01	 -7.7377476e-02
TAACTT	 -2.2410637e-01	 -3.6458597e-01	 -6.5465033e-02
TAAGAA	 -2.6402247e-01	 -6.7282259e-02	  5.3011820e-02
TAAGAC	  2.6659340e-01	  4.6172567e-02	  4.6655722e-02
TAAGAG	  2.0157784e-01	  2.1722983e-01	 -1.3343599e-01
TAAGAT	  2.8598160e-03	 -1.0045685e-01	 -6.2687092e-02
TAAGCA	 -4.5365334e-02	  7.6059788e-02	  5.3959366e-02
TAAGCC	 -5.8154602e-02	 -1.2522209e-01	 -2.1104721e-02
TAAGCG	  3.4105811e-01	  2.6083788e-01	 -5.7777870e-02
TAAGCT	 -1.1080196e-01	 -1.1553381e-01	 -1.2227487e-02
TAAGGA	 -1.5790658e-01	  9.3284972e-02	  1.7712019e-01
TAAGGC	  1.4238432e-01	  5.9856199e-02	 -1.9767193e-02
TAAGGG	  1.6486482e-01	  7.6640993e-02	 -1.0758262e-01
TAAGGT	 -6.3302115e-02	 -3.0458894e-01	 -2.7462330e-01
TAAGTA	  3.9633550e-02	 -7.4638598e-02	 -2.6775885e-02
TAAGTC	  2.7607366e-01	  1.6423799e-01	  2.2954585e-01
TAAGTG	  1.1522333e-01	  3.2604054e-01	 -6.4775810e-02
TAAGTT	 -2.5301766e-01	 -3.3210501e-01	 -5.3620130e-02
TAATAA	 -1.9125272e-01	 -1.0309608e-01	 -2.7579688e-02
TAATAC	  2.6149756e-01	  6.0790110e-02	  1.0056649e-01
TAATAG	  2.3531094e-01	  1.3581111e-01	 -6.7935981e-02
TAATAT	 -1.1970895e-01	  1.0550170e-02	  1.2063664e-02
TAATCA	 -1.4243896e-01	 -1.1372597e-02	  2.9762296e-02
TAATCC	  1.0204174e-01	 -8.8107795e-02	  7.5025730e-02
TAATCG	  1.6557086e-01	  2.6249745e-01	  2.4420422e-02
TAATCT	 -5.6228429e-02	 -1.7987138e-01	 -1.2621348e-01
TAATGA	 -1.4813997e-01	 -6.5780900e-02	  1.1788345e-02
TAATGC	  2.0192777e-01	  7.7110894e-02	  6.5173805e-02
TAATGG	  1.4293431e-01	  2.3801212e-01	  1.1441774e-01
TAATGT	 -9.5440850e-02	 -1.9439733e-01	 -1.4679301e-01
TAATTA	  1.3492487e-01	 -1.4346768e-01	 -1.2134716e-01
TAATTC	  2.5421903e-01	  2.4163701e-01	  3.2372028e-01
TAATTG	  2.0731397e-01	  4.0992630e-01	 -3.0030126e-02
TAATTT	 -3.2008883e-01	 -3.6231551e-01	 -9.1379881e-02
TACAAA	 -1.7936222e-01	 -1.6719483e-01	 -1.4833480e-01
TACAAC	  1.5217108e-01	  2.0661557e-01	  2.5457492e-01
TACAAG	  2.2688456e-01	  2.8182352e-01	 -4.3587077e-02
TACAAT	 -8.9945840e-03	 -1.3899949e-01	  3.2033872e-02
TACACA	 -3.7967484e-02	 -4.8634574e-02	 -1.2105472e-01
TACACC	  4.9998112e-02	 -1.1893649e-01	  2.6475453e-01
TACACG	 -3.8892020e-02	  2.9390031e-01	 -1.5932395e-01
TACACT	  3.3844694e-02	 -1.4647284e-01	 -9.6517829e-03
TACAGA	  1.1532628e-01	  5.5714551e-02	  2.2526387e-02
TACAGC	  9.3283884e-02	  1.6863132e-01	  1.8534711e-01
TACAGG	 -2.4929291e-01	  2.8713012e-01	 -6.1722253e-02
TACAGT	 -6.4694352e-02	 -3.0725020e-01	 -7.6366603e-02
TACATA	 -4.5427480e-01	 -1.7982532e-01	 -3.9550278e-01
TACATC	  1.6002516e-01	  2.3794527e-01	  3.4287220e-01
TACATG	  2.5635046e-01	  2.2301875e-01	 -9.1100968e-02
TACATT	 -3.2465123e-02	 -1.8640760e-01	 -6.3238917e-03
TACCAA	 -4.6208864e-03	 -1.1607698e-01	 -6.0170550e-02
TACCAC	 -5.5894285e-02	  1.0399915e-01	  2.3177484e-01
TACCAG	  1.1193424e-01	  1.5248357e-01	 -1.1361046e-01
TACCAT	 -4.1690506e-02	 -5.3362384e-02	 -8.1556395e-02
TACCCA	  1.6973606e-01	 -7.0410125e-02	  1.1763504e-02
TACCCC	 -4.5465475e-01	 -1.1379816e-01	  1.0022525e-02
TACCCG	  1.7307235e-01	  3.3071488e-01	 -4.6762060e-02
TACCCT	 -2.1989857e-01	 -2.0953612e-01	  4.4411463e-03
TACCGA	 -3.2643881e-02	  6.6130133e-03	  9.9266157e-02
TACCGC	  2.6088262e-02	  3.1261139e-02	  3.0934429e-02
TACCGG	 -1.6944504e-01	  2.1107034e-01	  7.4237876e-02
TACCGT	  7.6914132e-02	 -1.9289608e-01	 -1.8321404e-01
TACCTA	 -2.0735371e-01	 -2.0525248e-01	 -3.9276339e-02
TACCTC	  1.3456212e-01	  1.3796340e-01	  2.3508094e-01
TACCTG	  5.6265451e-02	  2.0886301e-01	 -1.1005404e-01
TACCTT	 -3.4736178e-03	 -2.2660787e-01	 -1.0106181e-01
TACGAA	 -1.3006175e-01	 -2.0791098e-02	 -2.3360221e-02
TACGAC	  6.1550464e-02	  2.6868932e-02	  1.6958421e-01
TACGAG	  9.0864785e-02	  1.5013136e-01	 -1.7022286e-01
TACGAT	  3.5585422e-02	 -1.3935260e-01	  1.4406431e-02
TACGCA	 -7.8195252e-02	 -8.7027788e-02	 -1.4755866e-01
TACGCC	 -2.0450877e-03	  5.0445870e-02	  2.2070022e-01
TACGCG	  6.6858903e-02	  2.5817782e-01	 -2.7840546e-01
TACGCT	  5.3494528e-02	 -2.1510561e-01	  8.2743451e-02
TACGGA	  2.5607812e-01	  8.4748447e-02	  1.7887315e-01
TACGGC	 -1.7953220e-01	  8.7859362e-02	  6.4018808e-02
TACGGG	 -2.6023489e-01	  1.8014559e-01	 -2.0416862e-01
TACGGT	 -1.5158121e-01	 -3.1755266e-01	 -1.5782279e-01
TACGTA	 -2.0136742e-01	 -2.6750293e-01	 -2.3083748e-01
TACGTC	  9.8802023e-02	  1.6216686e-01	  2.2430117e-01
TACGTG	  1.4605810e-01	  3.0059388e-01	 -6.5089755e-02
TACGTT	 -7.7524126e-02	 -4.3477520e-01	  1.0493473e-02
TACTAA	 -3.3678906e+00	 -8.9748614e-02	 -1.2368578e-01
TACTAC	  3.4410030e-01	  1.9925490e-02	  1.7899930e-01
TACTAG	 -3.0554273e+00	  1.8778205e-01	 -1.0239508e-01
TACTAT	  1.8161188e-01	 -4.9944516e-02	 -2.0598203e-02
TACTCA	 -3.0167816e-02	  1.2938533e-02	 -2.5562149e-02
TACTCC	 -1.6968007e-01	 -1.3169225e-01	  1.5469830e-01
TACTCG	  2.4711297e-01	  2.7568305e-01	 -6.2241253e-02
TACTCT	 -5.6616962e-02	 -1.8029366e-01	 -9.0629689e-02
TACTGA	 -3.2605052e+00	  9.3772680e-02	  4.4529404e-02
TACTGC	  2.3964080e-01	 -1.5032191e-02	  1.3141052e-01
TACTGG	  3.7769622e-01	  3.3227566e-01	  1.6563022e-01
TACTGT	 -6.2007844e-02	 -3.4010273e-01	 -1.8996631e-01
TACTTA	 -3.3048785e-01	 -1.6076040e-01	 -8.9851692e-02
TACTTC	  2.0793933e-01	  2.2164467e-01	  2.8684953e-01
TACTTG	  1.3817067e-01	  2.2276378e-01	 -9.7665533e-02
TACTTT	 -1.2246653e-01	 -2.7616772e-01	 -1.3046266e-01
TAGAAA	 -2.8486612e-01	 -2.0593758e-01	 -1.1409747e-01
TAGAAC	  2.9825264e-01	  6.6936746e-02	  1.2720093e-01
TAGAAG	  2.1514425e-01	  4.0562788e-01	  1.5636712e-01
TAGAAT	  1.7490469e-02	 -1.6093469e-01	  4.4431961e-03
TAGACA	 -1.7047906e-01	 -4.5341600e-02	 -9.4425259e-03
TAGACC	  2.0281945e-01	 -1.1351679e-01	  1.5546197e-01
TAGACG	  1.6601881e-01	  2.9432341e-01	  1.2442109e-02
TAGACT	 -8.2812458e-02	 -1.5870674e-01	 -1.0404941e-01
TAGAGA	 -1.7470750e-01	 -6.3125372e-02	  6.6696651e-02
TAGAGC	  9.9367268e-02	  6.1230037e-02	  5.2752480e-02
TAGAGG	  1.4954083e-01	  1.8252528e-01	 -4.4987157e-02
TAGAGT	 -2.5645035e-04	 -1.4764859e-01	 -1.4329273e-01
TAGATA	  5.4149397e-02	 -8.5036188e-02	 -8.5132107e-02
TAGATC	  1.0831530e-01	  7.6816797e-02	  1.9282538e-01
TAGATG	  1.4056265e-01	  3.2388914e-01	 -2.2296565e-02
TAGATT	 -2.0802774e-01	 -2.9476213e-01	 -7.0591785e-02
TAGCAA	 -1.7351873e-01	 -6.5513909e-02	  9.1894567e-03
TAGCAC	  1.8915135e-01	 -1.4869183e-02	  5.4240793e-02
TAGCAG	  7.0997670e-02	  1.6705160e-01	  4.6902604e-02
TAGCAT	 -5.5052275e-03	 -7.8662038e-02	 -1.0352109e-01
TAGCCA	 -1.5958536e-01	  1.1765772e-02	 -3.7454553e-02
TAGCCC	  2.2385094e-01	 -1.5518907e-01	  1.9475318e-01
TAGCCG	  6.6455700e-02	  2.2864372e-01	  3.4816996e-03
TAGCCT	 -4.1624349e-02	 -2.3155954e-01	 -9.9594049e-02
TAGCGA	 -1.2913483e-01	 -2.7016914e-02	  1.2312234e-01
TAGCGC	  9.3344025e-02	 -1.3234490e-01	 -1.5486425e-01
TAGCGG	  4.6360262e-02	  1.4216438e-01	  7.8702774e-03
TAGCGT	  2.3020312e-02	 -2.5942901e-02	 -1.1211235e-01
TAGCTA	  4.8327699e-02	 -1.7440052e-01	 -1.2247635e-01
TAGCTC	  8.2871377e-02	  7.4095465e-02	  2.6701733e-01
TAGCTG	  3.4363564e-02	  2.7797300e-01	 -1.6725445e-01
TAGCTT	 -1.3197246e-01	 -3.0660191e-01	 -6.4352289e-02
TAGGAA	 -2.5809255e-01	 -9.4565772e-02	  3.4872789e-02
TAGGAC	  3.3412027e-01	  4.9357925e-02	  5.2395433e-02
TAGGAG	  1.4611731e-01	  1.6720319e-01	 -6.3679837e-02
TAGGAT	 -4.6016574e-03	 -1.6069235e-02	 -5.1719103e-02
TAGGCA	 -1.2728225e-01	 -8.5629992e-02	  3.0806791e-02
TAGGCC	  8.0449335e-02	  8.9794025e-02	  5.1188555e-02
TAGGCG	  2.5373107e-01	  2.9538330e-01	 -1.3167839e-01
TAGGCT	 -1.0415166e-01	 -2.1376714e-01	 -1.9806640e-02
TAGGGA	 -1.1417018e-01	 -3.1265639e-02	  2.3721473e-01
TAGGGC	  1.4805695e-01	  1.8195529e-01	 -5.6860622e-02
TAGGGG	  3.0640474e-02	 -4.2493325e-02	 -3.1364557e-01
TAGGGT	 -2.3796165e-02	 -8.7549612e-02	 -1.9277418e-01
TAGGTA	 -5.5289920e-02	 -2.9254502e-01	 -1.6163009e-01
TAGGTC	  1.9084577e-01	  1.5146656e-01	  1.4535691e-01
TAGGTG	  9.1316871e-02	  3.2714301e-01	 -3.6742561e-02
TAGGTT	 -1.4905383e-01	 -2.5340122e-01	  4.7397807e-02
TAGTAA	 -1.3564198e-01	 -8.6769648e-02	 -8.9608565e-02
TAGTAC	  1.6722284e-01	  4.7585718e-02	  1.2494874e-01
TAGTAG	  7.6296985e-02	  9.7007543e-02	 -3.8659532e-02
TAGTAT	 -4.6921052e-02	 -1.6387612e-02	  3.7117578e-02
TAGTCA	 -1.3943489e-01	  1.3755971e-02	  1.2466811e-02
TAGTCC	  2.1443470e-01	 -4.2695425e-02	  1.7614697e-01
TAGTCG	  1.6341792e-01	  2.7305672e-01	  2.3440396e-02
TAGTCT	 -1.2210847e-01	 -2.5482789e-01	 -1.4843743e-01
TAGTGA	 -1.3703106e-01	  3.1154366e-02	  5.3251043e-02
TAGTGC	  1.9629468e-01	 -3.2173436e-02	  8.5168608e-02
TAGTGG	  6.5605260e-02	  1.4308004e-01	  3.1257860e-02
TAGTGT	 -5.4176949e-02	 -1.8445235e-01	 -1.7797001e-01
TAGTTA	  1.8446280e-01	 -8.2599163e-02	 -9.1813318e-02
TAGTTC	  2.4759479e-01	  2.3860073e-01	  3.5753325e-01
TAGTTG	  1.2889852e-01	  3.1947678e-01	 -1.1804706e-01
TAGTTT	 -3.0907711e-01	 -3.4108990e-01	 -1.0055627e-01
TATAAA	 -1.5576139e-01	 -2.4679136e-01	 -1.0607189e-01
TATAAC	  1.0850274e-01	  2.8523695e-01	  1.6953529e-01
TATAAG	  2.2873561e-01	  3.3143690e-01	 -3.2286432e-02
TATAAT	  2.0897483e-02	 -9.6945889e-02	  5.4857440e-02
TATACA	 -2.0559595e-03	 -7.0116006e-02	 -1.1787826e-01
TATACC	 -5.8379609e-02	 -5.9882835e-02	  2.1551813e-01
TATACG	  8.7515488e-02	  2.9772148e-01	 -7.7175401e-02
TATACT	 -1.2657429e-02	 -1.0053107e-01	  5.7387841e-03
TATAGA	  7.3037297e-02	 -1.4492844e-01	  4.9585685e-02
TATAGC	  1.2257131e-02	  2.0260590e-01	  1.1018919e-01
TATAGG	 -1.4210978e-01	  1.5398790e-01	 -1.3001473e-01
TATAGT	 -2.7368836e-02	 -1.0557973e-01	 -6.1554465e-02
TATATA	 -4.2004088e-01	 -2.5993934e-01	 -4.0472049e-01
TATATC	  1.0548355e-01	  2.5917932e-01	  3.1282172e-01
TATATG	  2.8791437e-01	  2.8154776e-01	 -1.1571569e-01
TATATT	  1.8201059e-03	 -1.5316510e-01	  6.2887795e-02
TATCAA	  2.0367647e-02	 -7.2737291e-02	  5.2307043e-02
TATCAC	 -4.2175174e-02	  7.6975279e-02	  1.2598084e-01
TATCAG	  8.5333161e-02	  1.5357147e-01	 -1.4573461e-01
TATCAT	 -8.0823690e-02	 -9.0281434e-02	 -9.6058615e-02
TATCCA	  1.7675561e-01	 -4.4276364e-02	 -1.1350085e-01
TATCCC	 -3.6471727e-01	  1.4252450e-02	  1.7895855e-01
TATCCG	  9.8286441e-04	  2.0555632e-01	  2.2063050e-02
TATCCT	 -1.9318876e-01	 -1.8921615e-01	 -2.4828175e-02
TATCGA	  1.1491170e-02	 -4.6379529e-02	  7.2811358e-02
TATCGC	 -1.5519430e-02	  6.6661656e-02	  1.0389258e-01
TATCGG	 -1.0712042e-01	  2.0372845e-01	 -8.3516780e-03
TATCGT	  5.0022151e-02	 -1.7058541e-01	 -2.2445789e-01
TATCTA	 -1.5532149e-01	 -1.6237678e-01	  6.5725029e-02
TATCTC	  1.5327977e-02	  3.7540730e-02	  1.0450615e-01
TATCTG	  1.9615721e-02	  2.6684454e-01	 -7.8187354e-02
TATCTT	  5.8621373e-02	 -2.2643237e-01	 -9.5459975e-02
TATGAA	 -1.2192626e-01	 -2.3003502e-01	 -5.0942488e-02
TATGAC	  1.5384247e-02	  2.5820330e-01	  9.5050700e-02
TATGAG	  7.7944137e-02	  1.8803966e-01	 -2.4343964e-02
TATGAT	  9.4703361e-02	 -4.1876126e-02	  3.3506889e-02
TATGCA	  1.6464755e-02	 -4.5724571e-02	 -3.6403652e-02
TATGCC	 -1.3328284e-01	  4.9119927e-02	  9.6316800e-02
TATGCG	  6.2387413e-03	  1.3357097e-01	 -1.3041438e-01
TATGCT	  4.9052048e-02	 -5.7712205e-02	  2.2059310e-02
TATGGA	  2.2164993e-01	  2.0413257e-03	  7.9828538e-02
TATGGC	 -2.8603411e-01	  1.2518522e-02	  8.5826263e-02
TATGGG	 -3.5356504e-01	  1.5928139e-01	 -7.8935027e-02
TATGGT	 -1.0934350e-01	 -1.7824912e-01	 -1.5321097e-01
TATGTA	 -2.4539948e-01	 -1.6801639e-01	 -2.1801420e-01
TATGTC	  1.1210898e-01	  1.8966833e-01	  3.1209067e-01
TATGTG	  1.8196240e-01	  2.9649374e-01	 -5.6997236e-02
TATGTT	 -2.7428336e-02	 -3.0141777e-01	 -1.5511758e-02
TATTAA	 -3.4458752e+00	 -5.2119970e-02	 -3.2401662e-02
TATTAC	  3.6272669e-01	  5.9385207e-02	  9.0525061e-02
TATTAG	 -3.1035171e+00	  1.6015960e-01	 -1.5117787e-01
TATTAT	  2.4828823e-01	 -6.8944566e-02	  3.6785398e-02
TATTCA	 -1.6878286e-02	 -5.8472451e-02	 -5.7840627e-02
TATTCC	 -6.2185746e-02	  3.8868126e-02	  1.1914277e-01
TATTCG	  1.3873620e-01	  1.8646711e-01	  2.0154681e-02
TATTCT	 -3.0731356e-02	 -9.2492364e-02	 -3.4200735e-02
TATTGA	 -3.4800925e+00	  1.0509290e-02	  2.2460809e-02
TATTGC	  1.6888592e-01	 -7.1678370e-02	  8.9938074e-02
TATTGG	  3.0408424e-01	  2.4865945e-01	  1.5724959e-02
TATTGT	  1.1902151e-01	 -2.3945689e-01	 -1.1359155e-01
TATTTA	 -1.3971758e-01	 -7.4602693e-02	 -1.2563176e-01
TATTTC	  2.0273703e-01	  7.0678294e-02	  2.3871544e-01
TATTTG	  3.0581844e-01	  3.8167664e-01	  3.1023227e-02
TATTTT	 -2.3847070e-01	 -2.4761562e-01	 -9.2025742e-02
TCAAAA	 -1.2954448e-01	 -1.3961756e-01	 -1.1941873e-01
TCAAAC	  6.1757457e-02	  1.2102245e-01	  1.8250453e-01
TCAAAG	  2.1353912e-01	  3.9177468e-01	  4.5500278e-02
TCAAAT	  5.6230742e-02	 -1.1985134e-01	  6.3230008e-02
TCAACA	  3.2088500e-02	 -2.0345682e-02	  4.2521786e-02
TCAACC	 -1.0174030e-01	 -5.2293435e-02	  1.6414464e-01
TCAACG	  3.4871403e-02	  2.9689288e-01	 -2.6479592e-03
TCAACT	 -1.2295413e-02	 -1.7173441e-01	 -1.4430325e-01
TCAAGA	  2.4384839e-02	 -4.0456061e-03	  1.6512156e-02
TCAAGC	  3.2184176e-02	  7.7457470e-03	  8.5657038e-02
TCAAGG	 -1.8062474e-01	  2.8144366e-01	  4.5765806e-02
TCAAGT	  2.2990702e-02	 -2.4697226e-01	 -1.0921742e-01
TCAATA	 -2.4866752e-01	 -2.1355456e-02	 -1.5339093e-01
TCAATC	  3.9364859e-02	  1.9381504e-01	  3.0013603e-01
TCAATG	  2.5391066e-01	  3.2122362e-01	  1.2561981e-02
TCAATT	 -5.2244909e-02	 -3.5811806e-01	 -8.1952468e-02
TCACAA	  4.3640453e-02	 -2.0202119e-02	  1.8966381e-02
TCACAC	 -1.9622645e-01	  2.7759433e-02	  9.3017682e-02
TCACAG	  1.5305145e-01	  1.1556329e-01	 -8.2126439e-02
TCACAT	 -9.8044485e-02	 -7.9685085e-02	 -4.3343484e-02
TCACCA	  1.3381669e-01	 -4.4681117e-02	  3.4111785e-03
TCACCC	 -3.8085946e-01	 -5.4937229e-02	  9.9726573e-02
TCACCG	  4.2795002e-02	  2.4466735e-01	  9.7674718e-03
TCACCT	 -1.2587126e-01	 -1.9739708e-01	 -8.1966028e-02
TCACGA	  5.3094342e-02	  7.2338767e-03	  1.0368976e-01
TCACGC	 -8.3162300e-02	  4.8607443e-03	  3.2834709e-02
TCACGG	 -8.5282914e-02	  8.4796108e-02	  8.5771205e-03
TCACGT	  2.7557498e-02	 -8.1804305e-02	 -1.9085467e-01
TCACTA	 -1.8688628e-01	 -1.0834158e-01	 -1.0896541e-02
TCACTC	 -6.9961093e-02	  6.6816516e-02	  1.8731207e-01
TCACTG	  5.7716139e-02	  2.3633578e-01	 -1.2982464e-01
TCACTT	  6.6339329e-02	 -2.1774045e-01	 -3.8086355e-02
TCAGAA	 -4.6555493e-02	 -5.0994504e-02	  3.5613491e-03
TCAGAC	 -2.8934618e-04	  2.5675025e-02	  1.0308398e-01
TCAGAG	  4.2376190e-02	  2.5455040e-01	 -3.2510396e-02
TCAGAT	  5.0429832e-02	 -1.6588904e-01	 -4.7988988e-02
TCAGCA	  7.6766275e-03	  1.1270880e-02	  8.1569143e-02
TCAGCC	 -9.7791575e-02	 -4.8952568e-02	  1.3654549e-01
TCAGCG	 -6.9794446e-02	  2.1251701e-01	 -2.0662493e-01
TCAGCT	  6.3633844e-02	 -1.4061671e-01	 -1.0813211e-01
TCAGGA	  2.7921593e-01	  9.9269122e-02	  1.2675707e-01
TCAGGC	 -2.2640070e-01	  3.1904776e-02	  5.4041341e-02
TCAGGG	 -3.0674925e-01	  1.2300106e-01	 -3.1100374e-02
TCAGGT	 -2.6753390e-01	 -3.1855145e-01	 -2.6164922e-01
TCAGTA	 -7.8971229e-02	 -4.7365263e-02	 -4.7175806e-02
TCAGTC	 -1.1961797e-03	  8.6398333e-02	  1.8410654e-01
TCAGTG	  2.4145823e-02	  2.6165301e-01	 -1.2216285e-01
TCAGTT	  1.9045025e-02	 -2.8746432e-01	 -3.6932530e-03
TCATAA	 -3.3942361e+00	 -2.6485076e-02	 -5.5506125e-02
TCATAC	  3.9650285e-01	  2.5282886e-02	  1.2533943e-01
TCATAG	 -3.0122228e+00	  1.3343060e-01	 -7.8134790e-02
TCATAT	  2.8912652e-01	 -5.7544813e-02	  2.9364107e-02
TCATCA	  1.1651325e-02	 -1.9962484e-02	  5.6086327e-03
TCATCC	 -6.5995403e-02	 -6.3287541e-02	  1.7864648e-01
TCATCG	  4.4696376e-02	  2.3085268e-01	 -1.8694697e-02
TCATCT	 -1.4085711e-02	 -1.7497092e-01	 -1.3639931e-01
TCATGA	 -3.4041781e+00	 -1.7144309e-02	  2.5906958e-02
TCATGC	  1.9008161e-01	  5.6657456e-02	  6.6885620e-02
TCATGG	  3.2550049e-01	  1.6355094e-01	  4.5536786e-02
TCATGT	  6.5878801e-02	 -1.5566625e-01	 -1.0914742e-01
TCATTA	 -1.4612681e-01	 -1.1334120e-01	 -9.9216223e-02
TCATTC	  2.1619491e-01	  1.4432128e-01	  1.9163096e-01
TCATTG	  1.4171988e-01	  3.3467215e-01	 -8.5089505e-02
TCATTT	 -1.4644858e-01	 -2.9777470e-01	 -3.2904189e-02
TCCAAA	 -1.8467669e-01	 -1.7410554e-01	 -8.6496390e-02
TCCAAC	  1.7289387e-01	  1.7338270e-01	  1.8297979e-01
TCCAAG	  2.1360314e-01	  3.2247615e-01	 -2.2717230e-02
TCCAAT	 -1.4192201e-02	 -1.4378875e-01	  1.0071932e-03
TCCACA	  4.9153030e-02	 -2.9588517e-02	 -2.0922335e-02
TCCACC	 -1.1649020e-01	 -2.3765388e-01	  1.7922652e-01
TCCACG	  4.0317804e-02	  3.2798558e-01	 -1.6649455e-01
TCCACT	  3.1431145e-03	 -1.7362726e-01	 -9.1014266e-02
TCCAGA	 -7.8146286e-02	 -5.1937271e-02	 -2.5769403e-02
TCCAGC	  5.7678923e-02	  8.3613031e-02	  6.6743754e-02
TCCAGG	 -2.7948985e-01	  1.6742408e-01	 -1.4363247e-02
TCCAGT	  1.4717548e-01	 -1.5101793e-01	 -1.5621657e-02
TCCATA	 -2.0526388e-01	 -3.3115983e-02	 -1.9665486e-01
TCCATC	  7.4093632e-02	  8.0445938e-02	  1.9103318e-01
TCCATG	  2.1851434e-01	  2.8329572e-01	 -1.5196998e-01
TCCATT	 -8.2993492e-02	 -2.5929999e-01	 -1.4242539e-02
TCCCAA	  8.2319021e-02	 -6.3599996e-02	  4.0707875e-02
TCCCAC	 -1.5182084e-01	  5.9366021e-02	  5.9525166e-02
TCCCAG	  1.1161670e-01	  1.9153973e-01	  2.4939474e-02
TCCCAT	 -1.0052765e-01	 -1.2295448e-01	 -1.1845984e-01
TCCCCA	  2.1630499e-01	 -3.3395529e-02	  7.0396490e-02
TCCCCC	 -4.9030900e-01	 -2.7739537e-01	 -8.0500089e-02
TCCCCG	  1.0469044e-01	  3.7096152e-01	  2.5405956e-02
TCCCCT	 -2.0405555e-01	 -2.4212104e-01	 -4.9845930e-02
TCCCGA	  4.9376179e-02	  7.2629936e-02	  2.1273306e-01
TCCCGC	 -1.4257658e-01	 -1.7781593e-01	 -2.5238952e-01
TCCCGG	 -2.3813647e-01	  1.9205458e-01	  8.2998797e-02
TCCCGT	  1.5978159e-01	 -9.2272699e-02	 -1.7996633e-01
TCCCTA	 -4.7868017e-02	 -1.3103387e-01	  1.1885333e-01
TCCCTC	 -7.6433055e-02	 -2.3670018e-02	  7.0998162e-02
TCCCTG	  1.1769817e-01	  3.3206049e-01	 -1.5183182e-01
TCCCTT	  1.1212355e-04	 -3.0888543e-01	 -6.8936735e-02
TCCGAA	 -1.0158674e-01	 -3.5184670e-02	  8.7798052e-03
TCCGAC	  6.2287156e-02	  2.0475769e-02	  3.5702031e-02
TCCGAG	  6.7906499e-02	  1.8109235e-01	 -1.5380974e-01
TCCGAT	  3.7536170e-02	 -1.2527594e-01	  4.5888282e-02
TCCGCA	  2.4858225e-02	  7.9700183e-03	 -5.1206104e-02
TCCGCC	 -8.9265577e-02	 -8.1303768e-02	  1.2475444e-01
TCCGCG	 -6.1857086e-02	  2.4300839e-01	 -2.2687726e-01
TCCGCT	  1.0705822e-01	 -1.9334982e-01	 -2.1272814e-03
TCCGGA	  2.3464052e-01	  4.6936385e-02	  1.8686767e-01
TCCGGC	 -3.6235231e-01	 -7.4869148e-02	 -1.7009807e-01
TCCGGG	 -1.9192350e-01	  1.8653077e-01	 -2.2245964e-02
TCCGGT	  5.7793371e-02	 -1.0191955e-01	 -8.1641272e-02
TCCGTA	 -8.4465243e-02	 -1.2081378e-01	 -1.1108166e-01
TCCGTC	  4.6877693e-02	  1.1485699e-01	  1.1562572e-01
TCCGTG	  4.5263000e-02	  2.5711015e-01	 -1.7748991e-01
TCCGTT	 -1.8882098e-02	 -3.7004349e-01	  5.7325222e-02
TCCTAA	 -3.1731279e+00	 -7.0981845e-02	 -4.7004376e-02
TCCTAC	  3.7627080e-01	  3.3990066e-02	  6.2827051e-02
TCCTAG	 -2.8835270e+00	  1.2625964e-01	 -5.8651879e-02
TCCTAT	  1.9479644e-01	 -3.9062537e-02	  2.5458151e-02
TCCTCA	  9.7021170e-02	  3.4999382e-02	  7.2791040e-02
TCCTCC	 -1.3265340e-01	 -1.8418275e-01	  9.3736596e-02
TCCTCG	  8.9573190e-02	  2.4670905e-01	 -1.1706477e-01
TCCTCT	 -5.7995584e-02	 -1.1470950e-01	 -1.2597497e-01
TCCTGA	 -3.1135800e+00	 -1.0654158e-02	  3.7586503e-02
TCCTGC	  2.4515320e-01	  1.1111795e-02	  5.4652981e-02
TCCTGG	  1.4957795e-01	  1.0191590e-01	 -1.5918650e-02
TCCTGT	  1.3834092e-01	 -1.1645516e-01	 -9.3254417e-02
TCCTTA	 -2.7484618e-02	 -3.5509761e-02	 -5.4371258e-04
TCCTTC	  1.5252748e-01	  8.6903021e-02	  2.0950729e-01
TCCTTG	  1.2476123e-01	  2.1363288e-01	 -2.2019248e-01
TCCTTT	 -2.9014224e-01	 -2.9748204e-01	 -1.2849735e-01
TCGAAA	 -9.8466702e-02	 -1.6857219e-01	 -9.1848753e-02
TCGAAC	 -2.8529393e-02	  1.2670328e-01	  8.7658606e-02
TCGAAG	  1.7526890e-01	  3.7414074e-01	  5.1994093e-02
TCGAAT	  5.4732498e-02	 -1.4752051e-01	  6.6616803e-02
TCGACA	  2.7294647e-02	 -5.4889172e-02	 -6.4271681e-02
TCGACC	 -1.9721952e-01	 -9.9569216e-02	  1.3705228e-01
TCGACG	  5.0547086e-02	  2.0356821e-01	  3.7954380e-03
TCGACT	  6.4629763e-03	 -1.0617646e-01	 -1.2071598e-02
TCGAGA	 -4.9148733e-03	 -7.7219434e-02	  3.7395496e-02
TCGAGC	  1.5739439e-02	  8.2290873e-02	  1.3604468e-02
TCGAGG	 -1.4038439e-01	  2.1554609e-01	 -5.1413763e-02
TCGAGT	  6.2480524e-02	 -1.5155374e-01	 -4.3912739e-02
TCGATA	 -2.9720843e-01	 -2.6209449e-02	 -1.2942223e-01
TCGATC	  6.3729569e-02	  1.7339130e-01	  2.7355838e-01
TCGATG	  1.7559657e-01	  2.7226058e-01	 -1.4188974e-01
TCGATT	 -8.8742226e-03	 -3.0842140e-01	 -1.3919932e-02
TCGCAA	  2.5530308e-02	 -3.7653364e-02	  7.6397732e-02
TCGCAC	 -1.1234464e-01	 -3.4120362e-02	 -2.2580689e-03
TCGCAG	  1.2454213e-01	  1.5260640e-01	 -1.6476301e-02
TCGCAT	 -8.8008970e-02	 -6.5874130e-02	 -1.0896625e-01
TCGCCA	  1.0613278e-01	 -1.9649524e-02	 -6.2168334e-02
TCGCCC	 -2.6630303e-01	 -9.1552027e-02	  1.1643355e-01
TCGCCG	  4.8530716e-02	  1.4765188e-01	 -1.5071263e-02
TCGCCT	 -1.2779613e-01	 -1.5932731e-01	  1.8492579e-02
TCGCGA	  7.8170709e-02	  7.2424076e-02	  2.0301621e-01
TCGCGC	 -1.7971458e-01	 -1.6953066e-01	 -1.0917951e-01
TCGCGG	 -9.1537319e-02	 -5.1501435e-03	 -5.7689760e-02
TCGCGT	  8.2822353e-02	  2.5196960e-02	 -1.9595252e-01
TCGCTA	 -1.5997227e-01	 -1.0124659e-01	  5.7137530e-02
TCGCTC	 -3.8988397e-02	 -2.3366340e-02	  1.2847614e-01
TCGCTG	  1.3478196e-01	  2.3200712e-01	 -2.0223685e-01
TCGCTT	 -2.9658686e-02	 -2.3050863e-01	  5.5973381e-03
TCGGAA	 -1.1034017e-01	 -1.1858862e-01	  3.2467388e-02
TCGGAC	 -2.0701084e-03	  8.4242910e-02	  1.0416753e-02
TCGGAG	 -2.9226376e-02	  1.9721003e-01	 -8.0375783e-02
TCGGAT	  1.6618580e-01	 -8.0777355e-02	 -2.4140922e-03
TCGGCA	 -1.6998726e-01	 -2.5558069e-01	 -9.7865053e-02
TCGGCC	 -1.0642914e-01	  3.0714909e-02	  1.3806768e-01
TCGGCG	  1.1692933e-01	  3.1533781e-01	 -3.4540117e-02
TCGGCT	  1.6796993e-01	 -3.7983082e-02	  6.7217648e-02
TCGGGA	  1.8675950e-01	 -6.0887735e-02	  1.8536259e-01
TCGGGC	 -1.1763410e-01	  1.8964943e-01	 -3.5839621e-02
TCGGGG	 -4.3122941e-01	 -7.9136066e-02	 -2.6849526e-01
TCGGGT	 -4.0598646e-02	 -3.2557212e-02	 -1.6913736e-01
TCGGTA	 -1.6244726e-01	 -2.1866310e-01	 -8.2458891e-02
TCGGTC	 -5.5137269e-02	  9.7981572e-02	  9.7380057e-02
TCGGTG	  4.5410477e-02	  2.4965712e-01	 -1.4369583e-01
TCGGTT	  6.5146044e-02	 -2.8744519e-01	  8.2468390e-02
TCGTAA	 -3.1695700e+00	 -6.8379916e-02	  8.8049192e-03
TCGTAC	  4.1666257e-01	  1.2175952e-01	  1.0347005e-01
TCGTAG	 -2.9609585e+00	  1.1015709e-01	 -1.3231640e-01
TCGTAT	  3.0424967e-01	 -9.7747453e-02	  1.0424536e-02
TCGTCA	  8.1592184e-03	  1.2464827e-03	  1.5822614e-02
TCGTCC	 -1.4936465e-01	 -1.6431624e-01	  9.4868101e-02
TCGTCG	  7.1029283e-02	  2.0205086e-01	 -7.4138008e-02
TCGTCT	 -6.2183430e-03	 -1.9909936e-01	 -1.6308157e-02
TCGTGA	 -3.2285309e+00	  4.4096969e-02	  9.0058260e-02
TCGTGC	  2.2308873e-01	  5.7385653e-02	  8.4730811e-02
TCGTGG	  9.8878555e-02	  4.8485760e-02	 -5.2811310e-02
TCGTGT	  1.7077413e-01	 -1.4955923e-01	 -1.3211291e-01
TCGTTA	 -1.5741859e-01	 -5.6251053e-02	  2.4802728e-02
TCGTTC	  1.5186998e-01	  1.0081543e-01	  2.1737947e-01
TCGTTG	  1.5172201e-01	  2.7928892e-01	 -1.1265572e-01
TCGTTT	 -1.4796692e-01	 -3.1193718e-01	 -9.2704713e-02
TCTAAA	 -1.1037277e-01	 -2.8023690e-01	 -1.6660812e-01
TCTAAC	  1.3162103e-01	  2.5111610e-01	  2.4875112e-01
TCTAAG	  1.5714219e-01	  3.9955601e-01	 -2.7147150e-02
TCTAAT	  2.0770464e-02	 -5.4646466e-02	  6.9859631e-02
TCTACA	  3.3883963e-02	 -5.7210866e-02	 -1.2623566e-01
TCTACC	 -1.1172119e-01	 -3.5411537e-02	  1.6848442e-01
TCTACG	 -2.3845086e-02	  2.3806462e-01	 -1.3773188e-02
TCTACT	  2.7835529e-02	 -9.6168652e-02	  2.9060274e-02
TCTAGA	  4.9682930e-03	 -2.1010856e-01	 -2.5805965e-02
TCTAGC	  9.4368130e-02	  2.0109750e-01	  1.9766004e-01
TCTAGG	 -3.8451540e-01	  1.4425953e-01	 -1.3807687e-01
TCTAGT	  9.4284758e-02	 -1.3281469e-02	 -3.2250937e-02
TCTATA	 -2.3292899e-01	 -1.0289034e-01	 -3.7847695e-01
TCTATC	  1.3045986e-01	  1.5234502e-01	  2.7910763e-01
TCTATG	  1.3882458e-01	  2.6543683e-01	 -1.0054465e-01
TCTATT	 -3.8586054e-02	 -2.5118834e-01	  5.4922965e-03
TCTCAA	  7.9495102e-02	 -2.6591541e-02	  2.8351491e-02
TCTCAC	 -2.2778159e-01	  1.1727828e-02	  5.1202819e-02
TCTCAG	  7.0525773e-02	  8.3423249e-02	 -1.0067309e-01
TCTCAT	 -5.1330842e-02	 -2.1943798e-02	 -2.9634021e-02
TCTCCA	  2.0201817e-01	 -4.5225300e-02	 -9.6064202e-02
TCTCCC	 -4.4616932e-01	  1.6275898e-02	  4.6592937e-03
TCTCCG	 -3.0307468e-02	  1.9586802e-01	  1.6940203e-01
TCTCCT	 -1.8377413e-01	 -1.5788974e-01	 -3.4465145e-02
TCTCGA	 -1.2086135e-03	 -3.1822667e-02	  7.9660408e-02
TCTCGC	 -1.1316928e-01	 -8.0051489e-02	 -1.6278647e-02
TCTCGG	 -2.7022490e-01	  1.7187384e-01	  5.8505867e-02
TCTCGT	  1.6259478e-01	 -5.7671022e-02	 -1.6893259e-01
TCTCTA	 -9.9976677e-03	 -5.7981685e-02	  1.0444123e-01
TCTCTC	 -1.7446481e-01	 -8.6317308e-02	  4.2218801e-02
TCTCTG	  3.7391171e-02	  2.9624158e-01	 -6.4917579e-02
TCTCTT	  1.0258333e-01	 -2.1815957e-01	 -7.8310564e-02
TCTGAA	 -1.0826113e-01	 -3.2736138e-01	 -5.6022137e-02
TCTGAC	  2.1201951e-02	  3.2205480e-01	  1.1459222e-01
TCTGAG	  1.2950644e-02	  3.1700253e-01	 -4.7792729e-02
TCTGAT	  1.6718924e-01	  3.7785918e-02	  7.1302593e-02
TCTGCA	  2.7512792e-02	 -2.1828178e-02	 -6.2251586e-02
TCTGCC	 -7.7036187e-02	  2.0703042e-02	  9.9381022e-02
TCTGCG	 -1.8188173e-01	  1.2136844e-01	 -1.5530628e-01
TCTGCT	  9.1396958e-02	 -7.7868059e-02	  6.5018587e-02
TCTGGA	  1.5204008e-01	 -6.0669281e-02	  2.4415821e-02
TCTGGC	 -2.6133865e-01	 -2.1803979e-02	  8.9393035e-02
TCTGGG	 -3.5950384e-01	  1.9656998e-01	 -1.1176448e-01
TCTGGT	 -4.3209415e-02	 -3.3668596e-02	 -7.8379482e-02
TCTGTA	 -5.0709803e-02	 -6.6630766e-02	 -1.8084329e-01
TCTGTC	  2.1770069e-02	  9.5733285e-02	  1.9026765e-01
TCTGTG	  7.5231404e-03	  2.3741575e-01	 -1.6100518e-01
TCTGTT	  1.6166573e-02	 -3.4313929e-01	  6.6635765e-02
TCTTAA	 -3.1732121e+00	 -6.0634155e-02	 -8.3636560e-02
TCTTAC	  2.8622532e-01	  2.0794040e-03	  7.3957115e-02
TCTTAG	 -2.7515006e+00	  1.7645717e-01	 -1.9420178e-01
TCTTAT	  2.5058162e-01	 -2.6445983e-02	  7.5910151e-02
TCTTCA	  6.7578800e-02	  2.1399176e-02	 -1.2810675e-02
TCTTCC	 -1.0090316e-01	  4.0251743e-02	  5.9874777e-02
TCTTCG	  8.9847960e-02	  1.7533007e-01	  8.2610264e-02
TCTTCT	 -5.8795746e-02	 -1.6502076e-01	 -7.1290731e-02
TCTTGA	 -3.2850828e+00	  3.4576629e-03	 -1.2123847e-02
TCTTGC	  2.1637124e-01	 -5.5673290e-02	  7.8489169e-02
TCTTGG	  2.0095910e-01	  2.1487832e-01	  6.7720182e-02
TCTTGT	  1.3534352e-01	 -1.7787834e-01	 -1.0146934e-01
TCTTTA	  1.3155519e-02	 -2.7063278e-02	 -1.0960864e-01
TCTTTC	  8.9465633e-02	 -1.1381263e-01	  1.7644511e-01
TCTTTG	  2.4893709e-01	  4.0278196e-01	 -6.1791334e-02
TCTTTT	 -2.4750265e-01	 -2.8894529e-01	 -4.9778637e-02
TGAAAA	 -3.0387139e-01	 -1.4345352e-01	 -1.0052387e-01
TGAAAC	  2.8075191e-01	  1.5659887e-01	  1.4114225e-01
TGAAAG	  3.9333197e-01	  4.2887974e-01	  1.0298724e-01
TGAAAT	 -2.4775196e-02	 -1.6954944e-01	  4.1663095e-02
TGAACA	 -1.8062811e-01	  1.4713180e-02	 -5.8134601e-02
TGAACC	  2.1143439e-01	 -3.5872854e-02	  1.1910916e-01
TGAACG	  2.2729978e-01	  2.4307187e-01	  1.3914736e-01
TGAACT	 -1.0624876e-01	 -1.8759254e-01	 -8.5321471e-02
TGAAGA	 -1.8213387e-01	 -4.4280565e-03	  7.2212152e-02
TGAAGC	  8.5142136e-02	  8.3387621e-02	  3.7618786e-02
TGAAGG	  2.1857421e-01	  1.9445339e-01	 -3.0569931e-02
TGAAGT	 -2.2209266e-02	 -2.7989987e-01	 -1.5061471e-01
TGAATA	 -1.7028049e-02	 -2.2054112e-02	 -1.9095089e-01
TGAATC	  2.3685025e-01	  2.0767590e-01	  3.4354526e-01
TGAATG	  1.6904144e-01	  3.1795114e-01	  5.0102748e-02
TGAATT	 -2.3116553e-01	 -4.0672708e-01	 -1.2021247e-01
TGACAA	 -1.9575988e-01	 -3.0703878e-02	  2.0765776e-02
TGACAC	  1.3258229e-01	  7.7745028e-02	  5.4902069e-02
TGACAG	  1.5630789e-01	  1.0913975e-01	 -8.8854723e-02
TGACAT	  1.8051033e-03	 -1.1785360e-01	 -2.1030160e-02
TGACCA	 -1.6331911e-01	 -2.0140240e-02	 -7.4298009e-02
TGACCC	  1.8016355e-01	 -1.7822839e-02	  1.9503084e-01
TGACCG	  1.0031002e-01	  2.4946393e-01	 -5.9816535e-03
TGACCT	 -3.7133560e-02	 -2.8447306e-01	 -5.7234079e-02
TGACGA	 -1.1872358e-01	  5.9389179e-03	  1.5325548e-01
TGACGC	  1.9357607e-01	 -4.7415294e-02	 -1.9080481e-02
TGACGG	  1.3386823e-01	  1.5058586e-01	 -7.5688832e-02
TGACGT	 -1.1744221e-01	 -9.4542891e-02	 -1.6351388e-01
TGACTA	  3.2403003e-02	 -1.2567076e-01	 -3.9337210e-02
TGACTC	  1.1686862e-01	  1.0473404e-01	  1.4573132e-01
TGACTG	  2.0463029e-02	  2.4669354e-01	 -1.7237560e-01
TGACTT	 -1.3157167e-01	 -3.1927305e-01	  2.7424004e-02
TGAGAA	 -2.6247957e-01	 -4.9285788e-02	  4.0626265e-02
TGAGAC	  2.4501072e-01	  1.8365450e-02	  4.0916041e-02
TGAGAG	  1.6900416e-01	  1.9490765e-01	 -1.4246239e-01
TGAGAT	  3.4607355e-02	 -1.1330947e-01	 -2.2267627e-02
TGAGCA	 -1.8789187e-01	  4.5348264e-02	  5.9800777e-03
TGAGCC	  8.9469045e-02	  2.2727110e-04	  6.1945811e-02
TGAGCG	  3.4420684e-01	  1.5416829e-01	 -1.6641134e-01
TGAGCT	 -7.6340586e-02	 -1.5768588e-01	 -7.4566383e-04
TGAGGA	 -1.7503469e-01	  7.0760466e-02	  1.9596635e-01
TGAGGC	  1.2578164e-01	  3.5919141e-02	 -5.0548401e-02
TGAGGG	  1.5786777e-01	  6.1844978e-02	 -2.4716207e-01
TGAGGT	 -2.5249762e-02	 -2.2997408e-01	 -2.5400174e-01
TGAGTA	  3.9385196e-02	 -1.0556039e-02	 -4.7931429e-02
TGAGTC	  2.2969052e-01	  1.2798883e-01	  1.5220349e-01
TGAGTG	  7.9554938e-02	  2.7800632e-01	 -1.2156554e-01
TGAGTT	 -2.2136652e-01	 -3.5321921e-01	  1.3203784e-02
TGATAA	 -2.0251612e-01	 -2.8850812e-02	 -4.2890936e-02
TGATAC	  2.6326546e-01	  1.7241506e-02	  7.4978732e-02
TGATAG	  2.0692858e-01	  1.4976531e-01	 -5.1087759e-02
TGATAT	 -9.3247391e-02	 -6.6235945e-02	  3.8866326e-02
TGATCA	 -1.2156191e-01	  5.3608257e-02	 -4.2056190e-03
TGATCC	  1.3571541e-01	 -4.2820998e-02	  1.2991139e-01
TGATCG	  1.8551047e-01	  1.8963137e-01	  3.9202739e-02
TGATCT	 -1.1160255e-01	 -1.9214772e-01	 -1.1639363e-01
TGATGA	 -1.9412006e-01	 -6.0813285e-02	  5.5808764e-02
TGATGC	  2.1659611e-01	  1.1655825e-01	  8.5963525e-02
TGATGG	  8.8312171e-02	  1.5490343e-01	 -4.6035230e-02
TGATGT	 -5.6625013e-03	 -1.7267115e-01	 -1.3184556e-01
TGATTA	  1.8379954e-01	  8.4821386e-03	 -6.4384498e-02
TGATTC	  1.8050250e-01	  2.0389991e-01	  2.5634900e-01
TGATTG	  1.4483300e-01	  3.1244856e-01	 -9.2395902e-02
TGATTT	 -2.9418248e-01	 -3.8796467e-01	 -7.2674915e-02
TGCAAA	 -1.4287481e-01	 -1.1185861e-01	 -1.0332438e-01
TGCAAC	  6.0873955e-02	  1.8430215e-01	  1.1624775e-01
TGCAAG	  2.5600755e-01	  2.2331740e-01	 -1.9341985e-02
TGCAAT	 -2.1537291e-02	 -1.4131741e-01	  8.1531726e-02
TGCACA	  3.7316117e-02	  5.8958557e-02	 -7.8388542e-02
TGCACC	 -6.8134968e-03	 -1.3766512e-01	  1.8947253e-01
TGCACG	  6.9296956e-03	  2.4751048e-01	 -1.2771702e-01
TGCACT	 -5.4136690e-02	 -1.9352706e-01	 -1.6935853e-02
TGCAGA	  3.7152939e-02	  1.7271906e-02	 -4.0891696e-02
TGCAGC	 -1.0277595e-01	  7.4018508e-02	  1.4370672e-01
TGCAGG	 -2.5022292e-01	  9.8198265e-02	 -1.6674985e-01
TGCAGT	  1.1227392e-01	 -1.7866144e-01	  5.5497019e-03
TGCATA	 -2.9620963e-01	  1.4695965e-02	 -2.5220141e-01
TGCATC	  1.1819700e-01	  1.3599005e-01	  2.1173579e-01
TGCATG	  1.5506835e-01	  1.5338732e-01	 -1.5007640e-01
TGCATT	 -2.6331687e-02	 -2.0589466e-01	  2.4296436e-02
TGCCAA	 -4.7573736e-03	 -1.2475278e-01	 -3.1936102e-02
TGCCAC	 -4.3099400e-02	  1.2342630e-01	  1.7150921e-01
TGCCAG	  1.3710061e-01	  1.8285325e-01	 -1.1458327e-01
TGCCAT	 -9.7498246e-02	 -1.0304268e-01	 -4.0976688e-02
TGCCCA	  1.3370086e-01	 -7.5589530e-02	 -9.0185583e-02
TGCCCC	 -3.3176669e-01	 -6.6587403e-02	  1.0157856e-01
TGCCCG	  8.6573206e-02	  3.2049215e-01	  5.3661972e-02
TGCCCT	 -2.1158679e-01	 -2.9996094e-01	  3.7712140e-03
TGCCGA	 -6.7944847e-02	 -2.1628454e-02	  7.2006783e-03
TGCCGC	  7.8021362e-02	  8.2594767e-02	  1.9867797e-01
TGCCGG	 -3.7326163e-01	 -5.6989029e-02	 -2.0977347e-01
TGCCGT	  3.5979420e-01	  6.4066477e-02	  5.6987222e-02
TGCCTA	 -2.8251070e-01	 -2.9380164e-01	 -2.6613476e-02
TGCCTC	  1.1992212e-01	  1.9458772e-01	  1.7154089e-01
TGCCTG	 -3.2435130e-02	  2.0265462e-01	 -1.0848498e-01
TGCCTT	  1.5417452e-01	 -1.8901010e-01	 -2.9566100e-02
TGCGAA	 -1.3069409e-01	 -4.3895554e-02	 -2.5173007e-02
TGCGAC	  4.1496415e-02	  8.2663093e-03	  1.0417156e-02
TGCGAG	  1.3731153e-01	  1.8718928e-01	 -9.3536131e-02
TGCGAT	  3.6174010e-02	 -1.1581089e-01	  8.1647009e-02
TGCGCA	 -3.1939864e-02	  8.2025126e-02	  2.8538659e-02
TGCGCC	  7.0709877e-02	 -3.6570497e-02	  3.1785846e-02
TGCGCG	 -2.2710855e-01	  5.7538729e-02	 -4.0996557e-01
TGCGCT	  1.2114236e-01	 -1.7294179e-01	  1.6982040e-01
TGCGGA	  2.0474069e-01	  5.5194873e-02	  1.1652267e-01
TGCGGC	 -2.8057146e-01	  2.3099696e-02	  6.0329061e-02
TGCGGG	 -2.4137287e-01	  2.5613142e-02	 -3.3971268e-01
TGCGGT	 -8.7562455e-03	 -1.6787270e-01	 -6.4825058e-02
TGCGTA	 -2.8754953e-01	 -1.6539279e-01	 -2.4910578e-01
TGCGTC	  5.1756110e-02	  9.4514951e-02	  2.7318371e-02
TGCGTG	  3.9952885e-02	  2.4613096e-01	 -6.3609220e-02
TGCGTT	  8.4487990e-02	 -3.1451285e-01	  1.4644465e-01
TGCTAA	 -3.2011518e+00	 -4.4198520e-02	 -3.7282459e-02
TGCTAC	  4.2192686e-01	  4.3255729e-03	  7.6195821e-02
TGCTAG	 -2.8689699e+00	  1.8454657e-01	 -9.8822691e-02
TGCTAT	  2.5003010e-01	 -9.9189676e-02	  4.0911559e-02
TGCTCA	  4.3554050e-03	  8.8166527e-02	 -8.2273595e-04
TGCTCC	 -3.3221517e-02	 -1.0737441e-01	  9.3407787e-02
TGCTCG	  1.0899884e-01	  1.7540200e-01	 -8.5968263e-02
TGCTCT	 -5.1698666e-02	 -1.9992918e-01	 -5.2150153e-02
TGCTGA	 -3.2677517e+00	  4.5037959e-02	 -1.6756607e-02
TGCTGC	  1.6292648e-01	 -1.3270617e-01	  7.6563574e-02
TGCTGG	  1.1081053e-01	  1.5549628e-01	  1.7867146e-02
TGCTGT	  2.8486750e-01	 -1.7101867e-01	 -8.7595366e-02
TGCTTA	 -2.4282631e-01	 -3.6872283e-02	 -1.0600890e-01
TGCTTC	  1.7068189e-01	  1.2540837e-01	  1.9656399e-01
TGCTTG	  5.4735281e-02	  1.7336056e-01	 -1.4225093e-01
TGCTTT	 -1.1630258e-01	 -2.7561146e-01	 -8.4108479e-02
TGGAAA	 -1.4873573e-01	 -1.0563235e-01	 -8.2494393e-02
TGGAAC	  1.3796510e-03	  7.5707532e-02	  1.5178262e-01
TGGAAG	  1.7201887e-01	  2.7617055e-01	  3.7771906e-04
TGGAAT	  8.1876203e-02	 -1.5488404e-01	  3.9769016e-02
TGGACA	  2.5157193e-02	  1.1440293e-02	  1.6270211e-02
TGGACC	 -7.2970815e-02	 -1.5396565e-01	  1.2212520e-01
TGGACG	 -7.8972600e-02	  1.8165448e-01	 -1.2695888e-01
TGGACT	  6.6095077e-02	 -1.2079808e-01	 -4.2034652e-02
TGGAGA	  1.0449198e-01	  4.9848489e-02	  5.3013012e-02
TGGAGC	 -1.4392048e-01	  2.8496839e-03	 -3.6755435e-02
TGGAGG	 -1.6562992e-01	  9.4099291e-02	  3.0295094e-02
TGGAGT	  6.9812283e-02	 -2.1043502e-01	 -7.5071044e-02
TGGATA	 -2.9075989e-01	  4.7230341e-02	 -7.5636327e-02
TGGATC	 -1.1671776e-02	  8.2299918e-02	  1.7177048e-01
TGGATG	  1.7772518e-01	  1.8056120e-01	 -9.9331588e-02
TGGATT	  7.5355559e-03	 -2.6459941e-01	 -1.7902708e-02
TGGCAA	 -4.2846281e-02	 -3.0343691e-02	 -6.4030908e-02
TGGCAC	 -7.5450398e-02	  3.2649044e-02	  1.6688527e-01
TGGCAG	  1.2862255e-01	  1.1208186e-01	 -2.1186471e-02
TGGCAT	  5.7278923e-04	 -8.6130939e-02	 -2.1607885e-02
TGGCCA	  1.7451769e-01	  5.4974012e-02	 -1.3515282e-02
TGGCCC	 -2.8060925e-01	 -2.3399586e-02	  1.8008842e-01
TGGCCG	 -6.1230179e-02	  1.5800068e-01	 -7.0802309e-02
TGGCCT	 -1.0176887e-01	 -2.9900119e-01	 -3.3816513e-02
TGGCGA	  3.7300911e-02	  1.0278665e-01	  7.9289287e-02
TGGCGC	 -1.3275079e-01	 -1.3819689e-01	 -7.8719191e-02
TGGCGG	 -3.0843353e-01	 -3.9084632e-02	  1.1438983e-02
TGGCGT	  3.0035695e-01	  2.5047890e-03	 -9.2119277e-02
TGGCTA	 -1.9462782e-01	 -3.0868409e-02	  4.6289250e-02
TGGCTC	  3.9881151e-02	  8.2130216e-02	  1.8422896e-01
TGGCTG	 -8.0856465e-02	  1.6603598e-01	 -2.6147628e-01
TGGCTT	  8.9569397e-02	 -2.8172743e-01	 -9.0063922e-02
TGGGAA	 -1.6430219e-01	 -8.2824022e-02	  3.8052123e-02
TGGGAC	 -4.3690059e-02	  6.7310862e-02	  7.7842101e-02
TGGGAG	  1.9942302e-02	  1.1449245e-01	 -1.8158540e-01
TGGGAT	  2.1715234e-01	 -7.1357861e-03	 -4.0840423e-03
TGGGCA	  1.1402320e-02	 -5.5420682e-02	  2.4286106e-02
TGGGCC	 -1.0949627e-01	  5.9115730e-02	  1.9147271e-01
TGGGCG	 -1.5845713e-01	  7.8086071e-02	 -4.4812906e-01
TGGGCT	  1.4589447e-01	 -6.0784105e-02	  9.9567994e-02
TGGGGA	  2.8081974e-01	  3.2723233e-02	  2.0083448e-01
TGGGGC	 -2.6917446e-01	  2.4940050e-01	 -8.9555252e-03
TGGGGG	 -7.5510085e-01	 -1.2257873e-01	 -2.7063894e-01
TGGGGT	 -6.9968544e-02	 -1.8680365e-01	 -1.7136060e-01
TGGGTA	 -1.3943942e-01	 -8.2556739e-02	  5.8003971e-03
TGGGTC	 -1.3454179e-01	  4.6237033e-02	  2.2721833e-02
TGGGTG	 -6.6009720e-06	  2.4393573e-01	 -1.9789922e-01
TGGGTT	  1.3820332e-01	 -3.1451935e-01	  8.7125137e-02
TGGTAA	 -3.2369814e+00	 -9.9938780e-02	 -1.0092815e-01
TGGTAC	  4.0804857e-01	  1.0578629e-01	  1.6117792e-01
TGGTAG	 -3.0355568e+00	  5.8416858e-02	 -1.1966087e-01
TGGTAT	  2.9731613e-01	 -2.0965880e-02	  5.7775334e-02
TGGTCA	  4.1946396e-02	  9.7059049e-02	  1.5721515e-02
TGGTCC	 -1.3331486e-01	 -1.4753643e-01	  2.2870287e-02
TGGTCG	  7.0343137e-02	  1.7666014e-01	 -9.8544255e-02
TGGTCT	 -1.5049957e-02	 -2.3049781e-01	  2.1621780e-02
TGGTGA	 -3.1864469e+00	  3.2812003e-02	 -2.7992059e-02
TGGTGC	  1.1218423e-01	  5.3815179e-02	 -9.1064665e-03
TGGTGG	  1.6708727e-01	  9.2567140e-03	  9.8072290e-02
TGGTGT	  1.7208801e-01	 -1.0706775e-01	 -1.0439138e-01
TGGTTA	 -2.4960351e-01	  5.7630818e-02	  4.9641471e-02
TGGTTC	  2.9342705e-01	  1.7219400e-01	  2.2097254e-01
TGGTTG	  4.3839917e-02	  1.9284646e-01	 -1.6699885e-01
TGGTTT	 -1.4028677e-01	 -3.0829248e-01	 -8.1267744e-02
TGTAAA	 -7.0586815e-02	 -2.2724365e-01	 -5.2601878e-02
TGTAAC	  7.5830378e-02	  2.4467030e-01	  1.9650008e-01
TGTAAG	 -2.3140298e-02	  2.1820357e-01	 -3.0846769e-01
TGTAAT	  6.2422778e-02	 -5.6202672e-02	  6.1927184e-02
TGTACA	  2.8054371e-02	  4.2192258e-02	 -3.7042264e-02
TGTACC	 -4.2326048e-02	 -6.0925767e-02	  1.5671657e-01
TGTACG	 -6.6687897e-02	  2.2531562e-01	 -1.0443704e-01
TGTACT	  1.8677799e-02	 -1.8948610e-01	 -2.8273182e-02
TGTAGA	  1.2482931e-01	 -1.2171766e-01	  1.1155200e-01
TGTAGC	 -1.2995636e-02	  2.4500598e-01	  2.0887977e-01
TGTAGG	 -3.6412734e-01	  1.2408285e-01	 -3.7010860e-01
TGTAGT	  8.3288434e-04	 -1.3232201e-01	 -1.1185510e-01
TGTATA	 -3.2334235e-01	 -5.6944136e-02	 -2.5279182e-01
TGTATC	  5.2760731e-02	  1.6436309e-01	  2.7108195e-01
TGTATG	  1.9017127e-01	  2.1313322e-01	 -1.1782729e-01
TGTATT	 -2.0963529e-03	 -2.1864721e-01	  2.0523011e-03
TGTCAA	  8.2991738e-03	 -5.0920077e-02	  1.0945434e-02
TGTCAC	 -1.2852442e-01	  1.0016937e-01	  1.2178157e-01
TGTCAG	  1.1209434e-01	  1.0833955e-01	 -1.0435092e-01
TGTCAT	 -3.4164608e-02	 -9.9197648e-02	 -4.3822214e-02
TGTCCA	  1.6936360e-01	 -5.7223503e-02	 -9.0319708e-02
TGTCCC	 -2.9669821e-01	  2.4437796e-02	  6.2886722e-02
TGTCCG	 -4.7327211e-04	  2.0338415e-01	  1.0913303e-01
TGTCCT	 -1.4009780e-01	 -1.7496562e-01	 -3.6074597e-02
TGTCGA	  2.1356890e-02	 -1.6549069e-03	  8.7891333e-02
TGTCGC	 -1.1010112e-01	  2.3843462e-02	  5.8473110e-02
TGTCGG	 -1.5462816e-01	  8.5100003e-02	 -9.9348731e-02
TGTCGT	  1.3128331e-01	 -1.1686739e-01	 -1.0677733e-01
TGTCTA	 -1.3160568e-01	 -9.0446346e-02	  1.1201975e-01
TGTCTC	 -5.8562472e-03	  5.8310993e-02	  1.0760463e-01
TGTCTG	 -3.8666975e-02	  1.7097457e-01	 -1.4165843e-01
TGTCTT	  1.0340477e-01	 -1.9276203e-01	 -1.0182090e-01
TGTGAA	 -6.8037756e-02	 -2.1342526e-01	  3.0831771e-02
TGTGAC	 -1.7618263e-02	  2.1632157e-01	  5.3508759e-02
TGTGAG	 -2.8996017e-02	  1.5716818e-01	 -2.4603716e-01
TGTGAT	  1.1007927e-01	 -2.5840826e-02	  3.9565876e-02
TGTGCA	  9.2318300e-03	  1.4212769e-02	 -3.9171115e-02
TGTGCC	 -3.3623170e-02	  3.8802128e-02	  7.4786447e-02
TGTGCG	 -1.9169182e-01	  2.7001332e-02	 -3.4567115e-01
TGTGCT	  7.8252040e-02	 -5.9815958e-02	  9.9093646e-02
TGTGGA	  2.2043458e-01	  2.7646745e-02	  1.6002172e-01
TGTGGC	 -2.8544307e-01	  1.2029573e-02	  7.0122354e-02
TGTGGG	 -3.6142090e-01	  1.3114274e-01	 -4.0061763e-01
TGTGGT	 -8.4548831e-02	 -1.7316827e-01	 -1.6731414e-01
TGTGTA	 -1.0862271e-01	  8.5691153e-04	 -1.3837840e-01
TGTGTC	  9.0386458e-02	  1.2281694e-01	  1.9760680e-01
TGTGTG	 -8.3510511e-02	  1.3969076e-01	 -2.1071249e-01
TGTGTT	  6.8144515e-02	 -3.0144757e-01	  7.7560462e-02
TGTTAA	 -3.0786350e+00	 -3.9279856e-02	 -2.6368216e-02
TGTTAC	  3.4279770e-01	  6.8392754e-02	  1.0923224e-01
TGTTAG	 -2.7754545e+00	  1.3506480e-01	 -8.8258557e-02
TGTTAT	  2.9358989e-01	 -9.2605092e-02	  4.2107892e-03
TGTTCA	 -2.7135218e-02	  2.9549051e-02	 -2.9345034e-02
TGTTCC	 -5.5525597e-02	 -3.9824848e-03	  9.5794745e-02
TGTTCG	  8.0140918e-02	  1.5612477e-01	  5.8216102e-02
TGTTCT	  2.1007299e-02	 -1.5172212e-01	 -7.9884507e-02
TGTTGA	 -3.2040765e+00	  3.3137638e-02	  4.8115268e-02
TGTTGC	  1.7718524e-01	 -7.3522516e-02	  5.6688305e-02
TGTTGG	  1.8844131e-01	  2.2597465e-01	  4.5059428e-02
TGTTGT	  1.5689024e-01	 -2.6080462e-01	 -1.5153374e-01
TGTTTA	 -7.7949554e-02	  6.9044740e-03	 -1.0931493e-01
TGTTTC	  1.5051250e-01	 -1.1017783e-02	  2.1170093e-01
TGTTTG	  1.6852558e-01	  3.7039620e-01	  2.4177607e-02
TGTTTT	 -1.5952621e-01	 -2.8133383e-01	 -1.1770925e-01
TTAAAA	 -1.4164601e-01	 -1.5407012e-01	 -3.1193849e-01
TTAAAC	  1.7676175e-01	  1.4584574e-01	  3.6385632e-01
TTAAAG	  1.6890943e-01	  4.0658000e-01	  3.1782651e-01
TTAAAT	  4.9405612e-02	 -1.5205874e-01	 -1.5124919e-02
TTAACA	  2.9389897e-02	  1.2999586e-02	 -1.7483845e-01
TTAACC	  1.7632321e-02	 -7.1090221e-02	  2.0269875e-01
TTAACG	  3.4530617e-02	  3.1380010e-01	  2.7170447e-01
TTAACT	 -6.0654011e-02	 -2.1155430e-01	 -1.2786381e-01
TTAAGA	  5.0820921e-02	  3.5738081e-02	 -1.4473924e-01
TTAAGC	  4.3495934e-02	 -9.1408854e-03	  5.5315450e-02
TTAAGG	 -1.1664065e-01	  2.9607388e-01	  2.1581577e-01
TTAAGT	 -5.0595138e-02	 -4.2457223e-01	 -4.7534812e-02
TTAATA	 -1.5627614e-01	  5.4547717e-03	  1.7173085e-02
TTAATC	  1.1954872e-01	  2.0721959e-01	  2.7727142e-01
TTAATG	  2.8432035e-01	  3.7154883e-01	  2.1265937e-01
TTAATT	 -1.1557300e-01	 -4.1265661e-01	 -2.7825615e-01
TTACAA	  7.7681474e-02	  1.9206876e-02	  3.6879096e-02
TTACAC	 -6.7698456e-02	  8.2019769e-02	  1.5878141e-01
TTACAG	 -2.0037865e-02	 -3.6967371e-02	 -3.2109326e-01
TTACAT	 -8.2954220e-02	 -5.8516521e-02	  2.7037624e-02
TTACCA	  1.2266306e-01	  3.9877657e-02	 -7.1862847e-02
TTACCC	 -1.0315920e-01	 -9.7700767e-02	  1.4300530e-01
TTACCG	 -4.9144421e-02	  2.1135408e-01	 -6.9510244e-04
TTACCT	 -1.0283234e-01	 -2.7971342e-01	 -1.0832628e-02
TTACGA	  1.0634176e-01	  1.2753113e-02	  1.3110247e-01
TTACGC	 -4.7475930e-02	 -8.5575074e-02	  1.8540803e-02
TTACGG	 -8.6102188e-02	  1.0976764e-01	 -1.0686731e-01
TTACGT	 -6.4383924e-02	 -1.3214076e-01	 -1.5781412e-01
TTACTA	 -8.5605718e-02	 -1.3758722e-01	  8.3341170e-03
TTACTC	  8.0495790e-02	  9.5240705e-02	  1.4037721e-01
TTACTG	 -2.8950110e-02	  2.1987721e-01	 -1.2655717e-01
TTACTT	  2.3812000e-02	 -2.7221641e-01	 -8.1425468e-03
TTAGAA	 -5.1669944e-02	 -3.3166189e-02	 -2.4996091e-01
TTAGAC	  4.1073617e-02	  2.8762916e-02	  2.6854330e-01
TTAGAG	 -6.0330709e-03	  1.8622994e-01	  1.4137807e-01
TTAGAT	  6.5322243e-02	 -1.5784554e-01	  1.7320264e-02
TTAGCA	  1.7959403e-02	  5.2317187e-02	 -1.4996481e-01
TTAGCC	 -2.5103172e-02	 -1.3022484e-01	  1.1533029e-01
TTAGCG	 -5.3673375e-02	  1.9997287e-01	  2.4285468e-01
TTAGCT	  1.7008930e-02	 -1.2688780e-01	 -9.6607283e-02
TTAGGA	  3.2761297e-01	  2.2230293e-01	 -5.1243212e-02
TTAGGC	 -3.5927629e-01	 -1.3141634e-01	 -8.6613104e-02
TTAGGG	 -2.3370580e-01	  7.9266079e-02	  2.4071801e-01
TTAGGT	 -1.6500509e-01	 -3.0803579e-01	 -3.3248398e-02
TTAGTA	 -5.8147412e-02	 -1.7424427e-02	  5.5398401e-02
TTAGTC	  5.6090448e-02	  1.2545964e-01	  2.2021025e-01
TTAGTG	  1.1294893e-01	  2.8835070e-01	  1.0084404e-01
TTAGTT	 -5.5872172e-02	 -3.2799485e-01	 -2.3671481e-01
TTATAA	 -3.1368806e+00	  1.6128713e-02	 -1.6171163e-02
TTATAC	  4.5469564e-01	  8.3740344e-03	  1.2157807e-01
TTATAG	 -2.8070533e+00	  1.1113461e-01	 -1.2717204e-01
TTATAT	  2.5074306e-01	 -9.5038675e-02	  1.1836158e-02
TTATCA	  2.8570460e-02	  3.9775155e-02	 -3.1835172e-02
TTATCC	  4.4964071e-02	 -1.1289603e-01	  1.6230908e-01
TTATCG	  1.1382855e-02	  2.0206718e-01	 -1.3533121e-02
TTATCT	 -9.3968928e-02	 -2.6289460e-01	 -5.7557631e-02
TTATGA	 -3.2711256e+00	 -4.6954654e-02	  3.0709460e-02
TTATGC	  2.1231496e-01	  5.5492766e-02	  6.7509271e-02
TTATGG	  3.0485484e-01	  2.3069534e-01	  3.5584804e-02
TTATGT	  1.0325748e-01	 -2.5194791e-01	 -1.2837720e-01
TTATTA	 -8.9282423e-02	 -9.5733181e-02	 -8.1646457e-02
TTATTC	  2.7690899e-01	  2.0135024e-01	  2.0108303e-01
TTATTG	  1.3796927e-01	  3.5110083e-01	 -1.5052450e-02
TTATTT	 -2.0697732e-01	 -3.8380247e-01	 -5.8617093e-02
TTCAAA	 -1.9308828e-01	 -1.7541677e-01	 -1.5162320e-01
TTCAAC	  1.8929133e-01	  2.0660430e-01	  2.3519011e-01
TTCAAG	  2.1455559e-01	  3.2958055e-01	  2.5126753e-02
TTCAAT	  2.4672836e-02	 -1.4127612e-01	  5.9466619e-02
TTCACA	 -1.3538569e-02	 -1.3569789e-02	 -4.2787746e-02
TTCACC	  4.4983163e-02	 -1.4623705e-01	  1.8528534e-01
TTCACG	 -5.1711142e-02	  2.9977101e-01	 -1.4414445e-01
TTCACT	  1.2771362e-02	 -1.4743587e-01	 -2.5285734e-02
TTCAGA	 -5.1053051e-02	 -4.6508815e-02	 -4.3869521e-02
TTCAGC	  7.4861750e-02	  7.1054958e-02	  1.0028034e-01
TTCAGG	 -3.6131644e-01	  1.8530928e-01	 -1.4417155e-01
TTCAGT	  1.4101550e-01	 -1.6271630e-01	  5.2825052e-02
TTCATA	 -3.1530929e-01	 -5.9229523e-02	 -3.4781289e-01
TTCATC	  1.2662917e-01	  1.0534582e-01	  3.0397046e-01
TTCATG	  2.1252248e-01	  2.5677210e-01	 -1.5721445e-01
TTCATT	 -5.7107199e-02	 -2.1776454e-01	 -3.5150677e-02
TTCCAA	  2.1229858e-02	 -7.5673953e-02	 -7.9250271e-03
TTCCAC	  3.6561865e-02	  1.5650819e-01	  2.1662566e-01
TTCCAG	 -4.2339429e-02	  2.8347515e-02	 -1.8726735e-01
TTCCAT	 -2.0618968e-02	 -4.5298155e-02	 -2.1545915e-02
TTCCCA	  1.7857601e-01	 -5.2984554e-02	 -4.4781350e-02
TTCCCC	 -3.1145075e-01	 -6.6801943e-02	  5.4214153e-02
TTCCCG	 -5.1506113e-02	  2.1787837e-01	 -6.1836518e-02
TTCCCT	 -1.5658490e-01	 -2.2476181e-01	  7.8733467e-02
TTCCGA	  2.7173378e-02	  4.9751274e-02	  1.5906461e-01
TTCCGC	 -3.3843964e-02	 -1.4538992e-02	 -5.9017356e-02
TTCCGG	 -3.9819068e-01	  2.3066711e-03	 -1.0194324e-01
TTCCGT	  2.2386783e-01	 -7.0851006e-02	 -1.3860615e-01
TTCCTA	 -1.5736972e-01	 -1.3747838e-01	  1.8844576e-05
TTCCTC	  3.0062160e-02	  9.0393433e-03	  1.7463729e-01
TTCCTG	  5.8289848e-02	  2.9237285e-01	 -1.0437857e-01
TTCCTT	  1.6005730e-02	 -3.0719027e-01	 -1.1004010e-01
TTCGAA	 -1.6522491e-01	 -6.4492591e-02	 -5.0547734e-02
TTCGAC	  1.4630331e-01	  6.2136732e-02	  1.7365600e-01
TTCGAG	  9.0316318e-02	  2.0039232e-01	 -1.0045405e-01
TTCGAT	  6.2581345e-02	 -1.2639427e-01	  2.9884344e-02
TTCGCA	 -5.8148183e-02	 -1.6324444e-02	  1.1713918e-02
TTCGCC	  1.1552241e-01	  3.4214444e-02	  1.1149257e-01
TTCGCG	 -7.7401079e-02	  2.1579966e-01	 -2.6818201e-01
TTCGCT	  4.8910510e-03	 -2.6538381e-01	  2.0136097e-02
TTCGGA	  2.2718349e-01	  7.1753852e-02	  1.6003805e-01
TTCGGC	 -3.1355095e-01	 -3.9458297e-02	 -1.0036062e-01
TTCGGG	 -2.1460180e-01	  1.4082283e-01	 -6.6740178e-02
TTCGGT	 -7.7420853e-02	 -2.1362464e-01	 -1.5608127e-01
TTCGTA	 -1.5778807e-01	 -1.3150463e-01	 -2.3292823e-01
TTCGTC	  1.1660492e-01	  1.4465885e-01	  2.2305530e-01
TTCGTG	  5.3122330e-02	  2.5620347e-01	 -1.2504533e-01
TTCGTT	 -4.0916156e-02	 -3.7884313e-01	 -3.7058105e-03
TTCTAA	 -3.6279891e+00	 -8.8101573e-02	 -1.4321813e-01
TTCTAC	  5.0198841e-01	  1.5252781e-01	  2.5505263e-01
TTCTAG	 -3.4514749e+00	  5.3533979e-02	 -1.6138969e-01
TTCTAT	  1.9637002e-01	 -8.0705315e-02	  2.3772791e-02
TTCTCA	 -2.7835406e-03	  4.0089856e-03	 -1.3024895e-02
TTCTCC	  1.5637521e-02	 -1.0183572e-01	  1.2412098e-01
TTCTCG	  1.0762822e-01	  2.4479419e-01	 -2.4962498e-02
TTCTCT	 -1.0021959e-01	 -1.9173403e-01	 -8.3186567e-02
TTCTGA	 -3.6392241e+00	  1.2313649e-02	 -3.5940278e-02
TTCTGC	  2.6781026e-01	 -1.3428955e-02	  1.3057125e-01
TTCTGG	  2.0379823e-01	  1.2991072e-01	  4.7414657e-02
TTCTGT	  1.6980079e-01	 -1.7738092e-01	 -1.1018994e-01
TTCTTA	 -2.6076505e-01	 -9.6367978e-02	 -2.0178652e-01
TTCTTC	  1.6991143e-01	  8.7109931e-02	  2.6332736e-01
TTCTTG	  8.5732356e-02	  2.5051904e-01	 -2.4755700e-01
TTCTTT	 -1.6429904e-01	 -3.3313099e-01	 -1.3755883e-01
TTGAAA	 -1.4684364e-01	 -1.5749289e-01	 -2.9197919e-01
TTGAAC	  7.2813325e-02	  6.4598545e-02	  3.0498454e-01
TTGAAG	  2.3136628e-01	  3.9428815e-01	  2.3075654e-01
TTGAAT	  2.5495354e-02	 -1.9969405e-01	  1.8651415e-02
TTGACA	  2.0920772e-02	 -2.3167683e-02	 -1.8252601e-01
TTGACC	 -9.5577627e-02	 -1.3566659e-01	  1.8660140e-01
TTGACG	 -2.4759958e-02	  2.3844047e-01	  1.1362347e-01
TTGACT	  3.7779417e-02	 -1.5044215e-01	 -2.4110131e-02
TTGAGA	  6.7427456e-02	  1.1105790e-02	 -1.7585357e-01
TTGAGC	  2.1503003e-02	  4.6526298e-02	  3.1232424e-02
TTGAGG	 -1.8674403e-01	  1.8554588e-01	  2.1520235e-01
TTGAGT	 -4.0772118e-02	 -2.9060376e-01	  1.7295539e-02
TTGATA	 -2.5602552e-01	 -3.7992571e-02	 -2.6355621e-03
TTGATC	  5.0438866e-02	  8.0754913e-02	  1.7012951e-01
TTGATG	  1.7565796e-01	  2.6542059e-01	  8.0418319e-02
TTGATT	 -1.4659327e-02	 -3.0717406e-01	 -1.7233104e-01
TTGCAA	  4.2426199e-02	  2.4552166e-03	  2.8255254e-02
TTGCAC	 -2.7122654e-02	  6.3254043e-02	  8.9784600e-02
TTGCAG	  3.6185996e-03	 -2.7292887e-02	 -2.2570606e-01
TTGCAT	 -5.9485160e-02	 -3.0898703e-02	  3.0352645e-02
TTGCCA	  2.1889898e-01	  1.1050597e-01	  2.4903985e-02
TTGCCC	 -1.0731754e-01	 -3.6454156e-02	  2.8051612e-01
TTGCCG	 -2.6044711e-01	 -4.5784108e-02	 -3.1018740e-01
TTGCCT	 -8.7227542e-03	 -1.1942664e-01	  1.6087037e-01
TTGCGA	  1.0963023e-01	  6.2402956e-02	  1.5970644e-01
TTGCGC	 -1.3848805e-01	 -1.9076905e-01	 -1.3429755e-01
TTGCGG	 -1.3148111e-01	  1.2975435e-01	 -3.6622388e-03
TTGCGT	  3.3063956e-02	 -9.9638268e-02	 -1.7063260e-01
TTGCTA	 -1.5942468e-01	 -9.7548082e-02	 -2.9556207e-02
TTGCTC	  1.4981113e-01	  7.1360759e-02	  1.2411359e-01
TTGCTG	 -5.6973148e-02	  1.9070286e-01	 -1.2065478e-01
TTGCTT	 -5.0533164e-02	 -3.1154343e-01	 -3.4551889e-02
TTGGAA	 -1.2319779e-01	 -1.0173781e-01	 -1.1434338e-01
TTGGAC	  4.5995966e-02	  7.1286254e-02	  1.8264759e-01
TTGGAG	  4.1134745e-02	  1.7873108e-01	 -5.5617239e-02
TTGGAT	  1.3887006e-01	 -6.1976615e-02	  1.3124898e-01
TTGGCA	 -2.3531776e-02	 -1.0634629e-01	 -5.5714667e-02
TTGGCC	 -5.3902261e-02	  5.5319462e-02	  1.4171155e-01
TTGGCG	 -1.3274042e-01	  1.6148543e-01	 -3.2924175e-01
TTGGCT	  1.2785400e-01	 -5.5975225e-02	  1.4004484e-01
TTGGGA	  2.3328477e-01	 -3.1455595e-02	  9.9872589e-02
TTGGGC	 -2.0062667e-01	  1.4635454e-01	  1.7282503e-02
TTGGGG	 -4.3785596e-01	  1.8174589e-02	 -4.9928572e-02
TTGGGT	 -8.5085087e-02	 -1.1394025e-01	 -1.3799655e-01
TTGGTA	 -1.1142101e-01	 -1.2957646e-01	 -9.2344120e-02
TTGGTC	  3.0893445e-02	  9.1444142e-02	  1.3041943e-01
TTGGTG	  3.5857938e-02	  2.4253869e-01	 -1.0044951e-01
TTGGTT	  2.1786219e-02	 -2.7489251e-01	  4.1163426e-02
TTGTAA	 -3.3513176e+00	 -2.4698686e-02	 -1.1337576e-02
TTGTAC	  4.8132706e-01	  1.5156943e-01	  1.3077499e-01
TTGTAG	 -3.2300985e+00	 -3.4125991e-02	 -3.0358925e-01
TTGTAT	  2.8001714e-01	 -4.9383026e-02	  1.0636121e-01
TTGTCA	  3.2266665e-02	  4.7471978e-02	 -2.3739321e-02
TTGTCC	 -6.1813597e-02	 -1.6279000e-01	  1.2571034e-01
TTGTCG	  2.0259200e-02	  1.9143394e-01	 -1.1600158e-01
TTGTCT	 -2.3722507e-02	 -2.1098524e-01	  1.8402621e-02
TTGTGA	 -3.3270395e+00	  4.3549798e-02	  5.5445060e-02
TTGTGC	  3.1372699e-01	  4.0679067e-02	  4.5020364e-02
TTGTGG	  1.6457015e-01	  1.2929049e-01	  1.4512695e-02
TTGTGT	  7.7669658e-02	 -2.5278726e-01	 -1.3162896e-01
TTGTTA	 -1.0329302e-01	 -2.6462132e-02	 -5.8649149e-02
TTGTTC	  2.7943382e-01	  1.6355272e-01	  1.5485874e-01
TTGTTG	  4.9373314e-02	  2.5825846e-01	 -8.3771534e-02
TTGTTT	 -2.1298037e-01	 -4.2323345e-01	 -2.1119261e-02
TTTAAA	 -2.2496261e-01	 -3.0964956e-01	 -1.8427406e-01
TTTAAC	  1.7121291e-01	  3.5894674e-01	  2.6314241e-01
TTTAAG	  2.2368838e-01	  3.6406577e-01	  6.3181445e-02
TTTAAT	  1.1240846e-01	 -3.7380632e-02	  9.7152866e-02
TTTACA	 -1.3793495e-02	 -6.8283890e-04	 -8.5603163e-02
TTTACC	 -1.1563404e-02	 -1.5195805e-01	  1.6177779e-01
TTTACG	  5.1660970e-02	  2.8352758e-01	 -5.0749663e-02
TTTACT	 -5.5044414e-03	 -1.6718236e-01	  7.8497361e-03
TTTAGA	  2.1595031e-02	 -1.7356919e-01	  1.2295783e-02
TTTAGC	  3.1805311e-03	  1.5939575e-01	  8.2753897e-02
TTTAGG	 -2.3727745e-01	  1.3838618e-01	 -1.4664610e-01
TTTAGT	  8.1570387e-02	 -3.6931548e-02	  7.9523800e-03
TTTATA	 -2.4394403e-01	 -3.1022130e-02	 -2.8772086e-01
TTTATC	  1.1676422e-01	  1.4611132e-01	  2.9265121e-01
TTTATG	  2.4922697e-01	  3.1702903e-01	 -6.0721759e-02
TTTATT	 -8.1250824e-02	 -2.9239798e-01	 -2.4563428e-02
TTTCAA	  2.8263889e-02	  7.9757115e-03	  1.7345883e-02
TTTCAC	  1.5665188e-02	  1.2163254e-01	  1.9047913e-01
TTTCAG	 -1.4045829e-01	 -1.3431311e-01	 -3.9516723e-01
TTTCAT	  7.4575894e-02	  3.8932882e-02	  1.2170925e-01
TTTCCA	  1.0523702e-01	 -2.1270575e-02	 -9.3929686e-02
TTTCCC	 -1.3436157e-01	 -5.4056380e-02	  5.3576816e-02
TTTCCG	 -1.8763101e-02	  1.7306107e-01	 -1.5716229e-02
TTTCCT	 -1.0871714e-01	 -1.4323142e-01	  1.0128574e-01
TTTCGA	  1.0084736e-01	 -2.8906696e-02	  8.6250514e-02
TTTCGC	 -1.4527273e-01	 -1.0216081e-01	 -4.1168209e-02
TTTCGG	 -1.4195876e-01	  1.7096032e-01	 -3.3794798e-02
TTTCGT	  1.0547644e-02	 -9.9813454e-02	 -1.1765473e-01
TTTCTA	 -2.0699948e-02	 -1.1722057e-01	 -4.2519365e-02
TTTCTC	  7.5021759e-03	  5.0228022e-02	  6.8118006e-02
TTTCTG	  4.9203418e-02	  2.4310060e-01	 -1.1462040e-01
TTTCTT	 -2.9902071e-02	 -2.7072752e-01	  4.6980716e-02
TTTGAA	 -1.7337336e-01	 -2.9185596e-01	 -4.8552353e-02
TTTGAC	  9.5872924e-02	  3.1987721e-01	  1.1337101e-01
TTTGAG	  6.4327098e-02	  1.8622690e-01	 -2.2753946e-02
TTTGAT	  1.6529407e-01	  4.0123466e-02	  4.4148412e-02
TTTGCA	  1.5214066e-02	  7.5552464e-03	 -2.7937697e-02
TTTGCC	 -1.3376601e-01	 -1.7636046e-01	 -8.4176123e-02
TTTGCG	  1.7268922e-02	  2.2806165e-01	 -1.1314190e-01
TTTGCT	  8.9366317e-02	 -5.9405300e-03	  1.4944446e-01
TTTGGA	  2.0868891e-01	 -6.4918934e-03	  1.2043022e-01
TTTGGC	 -2.5590879e-01	 -6.3680016e-02	  2.2236619e-02
TTTGGG	 -3.0707520e-01	  2.0363857e-01	 -1.6389300e-01
TTTGGT	 -1.0446789e-01	 -1.2935187e-01	 -1.6603762e-01
TTTGTA	 -1.4463864e-01	 -6.8833053e-02	 -1.1664874e-01
TTTGTC	  7.6699965e-02	  7.2506972e-02	  1.9389957e-01
TTTGTG	  1.7973696e-01	  3.0925456e-01	 -1.3431448e-01
TTTGTT	 -9.1995806e-02	 -3.6242589e-01	  1.9803280e-02
TTTTAA	 -3.5378468e+00	 -1.0479740e-01	 -1.6558501e-01
TTTTAC	  4.1795608e-01	  1.3749503e-01	  1.4764692e-01
TTTTAG	 -3.1373396e+00	  9.6797884e-02	 -2.0178965e-01
TTTTAT	  3.4550014e-01	 -4.4829254e-03	  1.6614000e-01
TTTTCA	 -3.3859942e-02	 -2.2058794e-02	 -8.0747239e-02
TTTTCC	  1.6811991e-02	 -1.7839696e-02	  3.0766664e-02
TTTTCG	  1.2249101e-01	  2.0833930e-01	 -2.9026598e-02
TTTTCT	 -5.2829027e-02	 -1.3245332e-01	  8.4625632e-02
TTTTGA	 -3.5307231e+00	  4.6907412e-03	 -1.9531563e-02
TTTTGC	  2.0460963e-01	 -9.2052303e-02	  7.8885503e-02
TTTTGG	  2.4762733e-01	  2.1705560e-01	  1.5236360e-02
TTTTGT	  1.5621613e-01	 -2.2747725e-01	 -4.1670274e-02
TTTTTA	 -5.0862014e-02	  5.9288613e-02	 -7.7089323e-03
TTTTTC	  2.3185770e-01	 -3.2800448e-03	  2.3132522e-01
TTTTTG	  2.5288588e-01	  4.2839414e-01	 -4.5822980e-03
TTTTTT	 -3.8454354e-01	 -5.6677485e-01	 -1.5374821e-01
