CodePotTab 3 4096 22965.1 
AAAAAA	 -2.7685452e-01	 -3.0448493e-01	 -2.0481101e-01
AAAAAC	  1.5185688e-01	  3.0026644e-01	  2.6221472e-01
AAAAAG	  3.5505012e-01	  3.7494597e-01	  1.2874831e-01
AAAAAT	  1.3346441e-02	 -1.1912198e-01	  7.5978175e-02
AAAACA	 -8.1142157e-02	 -1.3649278e-02	 -1.3549258e-01
AAAACC	  1.2539530e-01	  1.1147895e-01	  1.1239938e-01
AAAACG	  2.1505894e-01	  3.2814312e-01	  4.1743523e-01
AAAACT	 -2.7152359e-02	 -1.5384032e-01	 -7.7624782e-03
AAAAGA	 -8.4770322e-02	 -5.1245343e-02	  7.8058824e-02
AAAAGC	  1.1526112e-01	  1.0472208e-01	  4.6732809e-02
AAAAGG	  3.5690002e-03	  1.5934262e-01	 -1.0028174e-01
AAAAGT	  2.4685895e-02	 -2.3745868e-01	 -1.0850406e-01
AAAATA	 -2.5760022e-01	 -1.4731249e-01	 -2.8827226e-01
AAAATC	  1.8464068e-01	  8.8233121e-02	  3.3183649e-01
AAAATG	  1.3055618e-01	  2.9283839e-01	 -9.0141296e-02
AAAATT	  5.9865625e-03	 -3.1583238e-01	  6.9055192e-02
AAACAA	 -1.0730640e-01	 -1.3329861e-01	 -7.2148694e-03
AAACAC	 -6.6403851e-02	 -4.6996012e-02	 -6.8462767e-02
AAACAG	  2.3107983e-01	  2.7150041e-01	  7.0508346e-02
AAACAT	 -8.6170055e-02	 -1.4988190e-01	 -4.2510224e-03
AAACCA	 -3.4250002e-02	  8.2592033e-02	 -4.9715471e-02
AAACCC	 -4.3655623e-02	 -1.1210682e-01	 -1.4581321e-01
AAACCG	  1.7306338e-01	  3.8159487e-01	  4.5936859e-01
AAACCT	  5.5357791e-02	 -1.0766800e-01	  7.8505203e-02
AAACGA	  8.5745059e-02	  1.7989106e-02	  1.8960774e-01
AAACGC	  2.0114918e-01	  2.1983990e-01	  8.3384246e-02
AAACGG	 -1.1867033e-01	 -2.8783731e-02	 -2.3648344e-01
AAACGT	 -9.1823101e-02	 -1.6374043e-01	 -7.7408957e-03
AAACTA	 -2.3299582e-01	 -1.1471020e-01	 -1.8939045e-01
AAACTC	  1.7472006e-03	  2.5124406e-02	  7.0920512e-02
AAACTG	  1.6454172e-01	  1.8950349e-01	 -6.8965919e-02
AAACTT	 -1.6175030e-02	 -1.7551933e-01	  1.2581059e-01
AAAGAA	 -6.1779484e-02	 -6.2981673e-02	  5.5969723e-02
AAAGAC	  1.1062741e-02	  8.9634009e-02	 -1.5490538e-02
AAAGAG	  4.3382525e-02	  1.5728392e-01	 -9.4652511e-02
AAAGAT	  6.1978854e-02	 -1.9722693e-01	 -2.5520664e-02
AAAGCA	 -1.2190531e-01	  1.9425754e-02	 -9.7372480e-02
AAAGCC	  1.3920556e-01	  6.4825848e-02	  4.2279299e-02
AAAGCG	  9.9978790e-02	  3.0497256e-01	  4.5457366e-01
AAAGCT	  1.1308813e-02	 -1.6731794e-01	 -8.9310296e-03
AAAGGA	 -2.8820328e-02	  4.2332974e-03	  1.0183355e-01
AAAGGC	  1.1973519e-01	  8.3760127e-02	  3.1029880e-02
AAAGGG	 -6.4132288e-02	  5.6262538e-02	 -1.9024134e-01
AAAGGT	 -8.3299875e-03	 -2.1344633e-01	 -9.8490469e-02
AAAGTA	 -1.5748507e-01	 -4.9103636e-02	 -2.1341570e-01
AAAGTC	  7.0064418e-02	  1.2809517e-02	  2.2341393e-01
AAAGTG	  7.7877894e-02	  1.6257946e-01	 -2.0572469e-01
AAAGTT	 -1.6953725e-02	 -2.3079154e-01	  1.2364724e-01
AAATAA	 -4.4470253e+00	 -1.6799871e-02	  1.0835668e-02
AAATAC	  4.2469355e-01	  2.5861889e-02	  2.5793349e-02
AAATAG	 -4.0413542e+00	  3.1485844e-01	  3.9500974e-02
AAATAT	  2.3943199e-01	 -2.9705605e-01	 -5.1033836e-02
AAATCA	 -9.0854079e-02	  2.8599303e-02	 -8.0088004e-02
AAATCC	  8.5114174e-02	  1.1074929e-01	  9.4685547e-02
AAATCG	  2.0953353e-01	  4.3269286e-01	  4.5194429e-01
AAATCT	  1.0393804e-02	 -2.3267758e-01	 -5.8649983e-02
AAATGA	 -4.4141068e+00	  3.9856497e-02	  1.1562236e-01
AAATGC	  1.0869618e-01	  2.0022351e-02	  2.2433080e-02
AAATGG	  1.3644685e-01	  1.9243194e-01	  2.0281829e-02
AAATGT	  1.9257686e-01	 -3.1800064e-01	 -2.0018165e-01
AAATTA	 -1.4125702e-01	 -1.2767513e-01	 -3.4387484e-01
AAATTC	  5.9332784e-02	  1.5946285e-01	  3.0978003e-01
AAATTG	  1.3275135e-01	  3.2213163e-01	 -1.4464851e-01
AAATTT	  5.2366140e-03	 -3.6042380e-01	  5.4900199e-02
AACAAA	 -2.2532916e-01	 -1.6662546e-01	 -7.6970726e-02
AACAAC	  1.6216201e-01	  9.9716000e-02	  8.0333471e-02
AACAAG	  2.7497217e-01	  3.3204758e-01	  1.0983474e-01
AACAAT	 -9.9505208e-02	 -2.6179150e-01	 -1.9765947e-02
AACACA	 -9.5010094e-02	 -6.0585057e-03	 -9.4162151e-02
AACACC	  2.4305594e-01	  1.4137976e-01	  2.5490022e-01
AACACG	  3.0040672e-01	  3.1093153e-01	  1.0738046e-01
AACACT	 -1.7206897e-01	 -1.8958931e-01	 -1.1879268e-01
AACAGA	 -2.5206384e-01	 -9.1884412e-02	  4.7468729e-02
AACAGC	  3.0715480e-01	  1.9587764e-01	  2.8462008e-02
AACAGG	 -1.0003988e-01	  8.0117889e-02	 -5.3614270e-02
AACAGT	  3.1897757e-02	 -1.7739467e-01	 -6.9417179e-02
AACATA	 -3.9504385e-01	 -9.5868863e-02	 -3.3380365e-01
AACATC	  3.3646518e-01	  1.9118126e-01	  3.2716125e-01
AACATG	  6.7099229e-02	  1.4550473e-01	 -2.5386158e-01
AACATT	 -1.2942310e-01	 -2.5223750e-01	  7.9107314e-02
AACCAA	 -2.1287210e-01	 -9.3823195e-02	  6.0765985e-02
AACCAC	  9.8749772e-03	 -6.0983673e-02	 -1.6983496e-02
AACCAG	  2.8871441e-01	  2.3306267e-01	 -4.1715667e-02
AACCAT	 -2.5154176e-01	 -1.6815850e-01	 -2.9918294e-02
AACCCA	 -9.6144743e-02	  4.9969178e-02	 -5.0227582e-02
AACCCC	  7.7476829e-02	 -8.3610073e-02	 -1.6943606e-02
AACCCG	  1.4724842e-01	  1.0782775e-01	  1.2901509e-01
AACCCT	 -1.9658679e-02	 -2.2000462e-02	  3.7027068e-02
AACCGA	 -1.2458128e-01	 -4.4200957e-02	  1.2585361e-01
AACCGC	  1.4723079e-01	  5.2533168e-02	 -1.8282858e-01
AACCGG	  1.6178885e-01	  1.2304829e-01	 -1.0291661e-01
AACCGT	 -2.8140181e-01	 -1.4846404e-01	  5.4724783e-02
AACCTA	 -3.0415270e-01	 -1.2106653e-01	 -1.4050949e-01
AACCTC	 -2.2162246e-02	 -8.4267892e-02	  2.4275972e-02
AACCTG	  2.4579599e-01	  1.7752577e-01	 -9.3807071e-02
AACCTT	 -1.7469987e-01	 -6.1670214e-02	  1.2472234e-01
AACGAA	 -2.4281259e-01	 -1.0567381e-01	  1.1464951e-02
AACGAC	  2.1865746e-01	  1.2502627e-01	  1.6194955e-01
AACGAG	  1.9377483e-01	  1.8866108e-01	 -1.3058907e-01
AACGAT	 -2.1086992e-01	 -2.6792058e-01	 -2.1197289e-02
AACGCA	 -2.2331533e-01	 -4.5493632e-03	 -1.3242376e-01
AACGCC	  2.7450076e-01	  7.4012741e-02	  1.1184562e-01
AACGCG	  3.5403278e-01	  1.1750055e-01	 -4.3748744e-02
AACGCT	 -2.7691379e-01	 -8.5460000e-02	  2.5410838e-02
AACGGA	 -1.2233814e-01	  6.9022551e-02	  1.9614202e-01
AACGGC	  3.9879811e-01	  2.7436787e-01	  1.1087804e-01
AACGGG	 -1.3228129e-01	 -1.4285931e-01	 -3.0199197e-01
AACGGT	 -1.3147621e-01	 -1.5082252e-01	  8.5920498e-02
AACGTA	 -5.1844668e-01	 -7.9850778e-02	 -1.7931578e-01
AACGTC	  1.8656069e-01	  8.2019344e-02	  2.3002724e-01
AACGTG	  2.3449431e-01	  7.0333928e-02	 -1.9710495e-01
AACGTT	 -3.8963434e-01	 -9.5235705e-02	  8.4853381e-02
AACTAA	 -4.2903447e+00	  1.2887424e-02	  2.7463224e-02
AACTAC	  4.7274929e-01	  6.6349156e-02	  1.0108896e-01
AACTAG	 -4.1278667e+00	  1.8303859e-01	 -1.1895058e-01
AACTAT	  1.8579091e-01	 -3.6097962e-01	 -3.2496281e-02
AACTCA	 -1.2228585e-01	  3.5863183e-02	 -2.9393360e-03
AACTCC	  4.8080791e-02	 -7.0086345e-02	 -1.7500475e-02
AACTCG	  4.5214981e-01	  3.3133763e-01	  4.2347285e-01
AACTCT	 -1.8842248e-02	 -3.3034138e-02	 -6.3167319e-02
AACTGA	 -4.3842964e+00	  1.2989386e-02	  8.8026285e-02
AACTGC	  2.4227986e-01	  2.0534931e-02	 -3.3506300e-02
AACTGG	  1.6982354e-01	  1.7889558e-01	 -4.2083189e-02
AACTGT	  5.0472882e-02	 -3.3739969e-01	 -5.3436562e-02
AACTTA	 -1.9234450e-01	 -2.0483240e-02	 -2.5353423e-01
AACTTC	  1.5994948e-01	  8.5818790e-02	  1.7021853e-01
AACTTG	  9.7430028e-02	  2.0542060e-01	 -1.6048844e-01
AACTTT	 -1.1354530e-01	 -2.7316657e-01	  4.7961064e-02
AAGAAA	 -1.4694747e-01	 -1.3189501e-01	 -5.8480117e-02
AAGAAC	  6.6352621e-02	  1.0061856e-01	  7.0474625e-02
AAGAAG	  2.7382901e-01	  2.4946512e-01	  6.5042831e-02
AAGAAT	 -1.6992559e-01	 -1.7881937e-01	  3.0997836e-03
AAGACA	 -1.4843100e-01	 -3.7533626e-02	 -9.8999888e-02
AAGACC	  1.5849635e-01	  8.3236977e-02	  5.6680765e-02
AAGACG	  4.5227581e-01	  3.6924690e-01	  4.1253877e-01
AAGACT	 -8.8058867e-02	 -1.1720114e-01	 -1.9517293e-02
AAGAGA	 -1.5903881e-01	 -8.2651705e-02	  6.7633569e-02
AAGAGC	  1.9130830e-01	  8.3519883e-02	  4.3998543e-02
AAGAGG	  4.8066981e-02	  1.5951389e-01	 -6.9007374e-02
AAGAGT	 -2.8293187e-02	 -2.1999921e-01	 -1.1155935e-01
AAGATA	 -3.3516294e-01	 -1.2060699e-01	 -2.1869530e-01
AAGATC	  2.0302649e-01	 -5.7852745e-02	  2.0562543e-01
AAGATG	  1.1812665e-01	  2.4107742e-01	 -1.5907106e-01
AAGATT	 -6.7854866e-02	 -2.2694094e-01	  1.1908992e-01
AAGCAA	 -1.9081715e-01	 -9.8339781e-02	 -1.2168515e-02
AAGCAC	  8.2050927e-02	  4.4390418e-02	  7.0885949e-02
AAGCAG	  2.3535284e-01	  2.0329040e-01	  3.1650227e-02
AAGCAT	 -2.3282284e-01	 -2.4036767e-01	 -7.2475292e-02
AAGCCA	 -1.2201554e-01	  6.5493863e-04	 -7.6338515e-02
AAGCCC	  1.4208265e-01	  3.3385232e-02	  4.5605913e-02
AAGCCG	  2.9135743e-01	  3.0856821e-01	  4.0229225e-01
AAGCCT	 -4.7828045e-02	 -1.0643163e-01	 -4.2991698e-02
AAGCGA	 -3.0197394e-01	 -2.2643384e-01	 -2.3838524e-02
AAGCGC	  1.9122845e-01	  1.0427129e-01	 -2.3109609e-02
AAGCGG	  2.0357819e-01	  2.1966095e-01	  5.8915745e-03
AAGCGT	 -1.1591821e-01	 -1.1043122e-01	  5.7762101e-02
AAGCTA	 -3.3765280e-01	 -1.2104658e-01	 -2.0025119e-01
AAGCTC	  2.4682129e-02	 -9.7443499e-03	  1.8800434e-01
AAGCTG	  2.1430796e-01	  1.5688223e-01	 -1.9221818e-01
AAGCTT	 -1.8804103e-01	 -1.5008752e-01	  1.0970683e-01
AAGGAA	 -1.8222763e-01	 -9.8174140e-02	 -6.2826830e-03
AAGGAC	  1.2769404e-01	  7.3843002e-02	  9.1152377e-02
AAGGAG	  1.6548479e-01	  1.7378613e-01	 -2.5759075e-02
AAGGAT	 -3.7679676e-02	 -1.6318615e-01	 -3.2758091e-02
AAGGCA	 -2.1829084e-01	 -6.0503483e-02	 -6.5462410e-02
AAGGCC	  2.2493960e-01	  6.8964474e-02	  4.4492766e-02
AAGGCG	  2.4581380e-01	  3.1502721e-01	  3.9217892e-01
AAGGCT	 -4.9151324e-02	 -6.2245499e-02	 -6.5241165e-02
AAGGGA	 -1.8688610e-01	 -4.9580932e-02	  9.6076436e-02
AAGGGC	  2.6426125e-01	  6.0394119e-02	  1.0939880e-02
AAGGGG	 -1.8857308e-02	  1.3465814e-01	 -1.2295434e-01
AAGGGT	 -4.8027091e-02	 -2.2246842e-01	 -9.2473850e-02
AAGGTA	 -3.5917503e-01	 -2.4279499e-01	 -2.6339874e-01
AAGGTC	  4.9972545e-02	  2.7398875e-02	  1.8794161e-01
AAGGTG	  2.1025266e-01	  1.9801663e-01	 -1.8449664e-01
AAGGTT	 -1.1990378e-01	 -1.3996172e-01	  1.4361215e-01
AAGTAA	 -4.3627653e+00	 -4.6996474e-02	  1.7131230e-02
AAGTAC	  5.6432468e-01	  9.4903640e-02	  1.2881240e-01
AAGTAG	 -4.2239857e+00	  1.4074431e-01	 -5.2063033e-02
AAGTAT	  2.0541620e-01	 -1.9000769e-01	 -6.7948632e-02
AAGTCA	 -1.3151811e-01	  2.1325048e-02	 -7.7432230e-02
AAGTCC	  1.4548036e-01	  8.5400157e-02	  1.2871094e-01
AAGTCG	  4.6660912e-01	  3.9443284e-01	  5.8200818e-01
AAGTCT	 -5.5160306e-02	 -1.7116864e-01	 -1.4017750e-01
AAGTGA	 -4.4290915e+00	  8.2676820e-03	  1.4137426e-01
AAGTGC	  1.5440458e-01	 -8.4977478e-02	 -8.7279595e-02
AAGTGG	  1.4878659e-01	  1.5237339e-01	 -4.4988595e-02
AAGTGT	  1.7594254e-01	 -1.7539084e-01	 -1.2038720e-01
AAGTTA	 -1.7844900e-01	 -7.2885290e-02	 -2.3586534e-01
AAGTTC	  1.8143524e-01	  1.2235939e-01	  2.7304050e-01
AAGTTG	  1.0237938e-02	  1.9913769e-01	 -2.5746584e-01
AAGTTT	 -3.7449699e-02	 -2.4020730e-01	  1.9530153e-02
AATAAA	 -9.5761158e-02	 -2.5568956e-01	 -1.8125311e-02
AATAAC	  1.2658063e-01	  2.9634926e-01	  1.2798551e-01
AATAAG	  1.9170222e-01	  2.3205441e-01	  8.5453354e-02
AATAAT	 -5.8600325e-02	 -4.4064354e-02	 -9.9692687e-02
AATACA	 -1.1587021e-01	 -5.5763114e-02	 -7.8285359e-02
AATACC	  1.3543437e-01	  1.3092679e-01	  1.1897097e-01
AATACG	  2.0907460e-01	  4.6203065e-01	  3.6902279e-01
AATACT	  2.8354205e-02	 -1.3637732e-01	 -4.7472842e-02
AATAGA	 -1.1400696e-01	 -1.4664675e-01	  1.3567184e-01
AATAGC	  1.4555781e-01	  9.2637934e-02	 -1.0851658e-02
AATAGG	 -9.5869802e-02	  1.0480494e-01	 -7.9864442e-02
AATAGT	  6.3256413e-02	 -2.0926334e-03	 -1.9405740e-01
AATATA	 -2.0491813e-01	 -1.0678650e-01	 -3.3577305e-01
AATATC	  1.0296682e-01	 -1.9908661e-02	  2.3449646e-01
AATATG	  1.3947362e-01	  3.6928505e-01	 -5.6930915e-02
AATATT	 -7.7353884e-03	 -2.9229930e-01	  6.1781079e-02
AATCAA	 -3.9297450e-02	 -1.2331710e-02	  7.3615164e-02
AATCAC	 -1.1805670e-01	 -8.7512560e-02	 -4.3033068e-03
AATCAG	  2.3539823e-01	  2.3944019e-01	 -3.5674971e-02
AATCAT	 -1.5321144e-01	 -2.3131873e-01	 -5.8801912e-02
AATCCA	  8.1932709e-02	  1.4857316e-01	  1.2068897e-01
AATCCC	 -2.2728424e-01	 -1.5829393e-01	 -2.4704412e-01
AATCCG	  2.8595632e-01	  4.7725922e-01	  6.8175244e-01
AATCCT	  7.6444447e-02	 -1.0412715e-01	 -5.8254737e-02
AATCGA	  1.0460515e-01	 -1.7337214e-02	  2.1383964e-01
AATCGC	 -1.8628240e-01	 -1.9435738e-01	 -2.4695592e-01
AATCGG	  1.4681384e-01	  3.6709732e-01	  7.5275205e-02
AATCGT	 -7.7961055e-03	 -1.9173504e-01	 -4.5717269e-02
AATCTA	 -2.0009609e-01	 -7.1137816e-02	 -1.0744894e-01
AATCTC	 -2.3594277e-02	 -2.5225319e-02	  3.7855294e-02
AATCTG	  1.0897531e-01	  1.9710794e-01	 -6.8904124e-02
AATCTT	  3.1004475e-02	 -1.9486195e-01	  8.9746661e-02
AATGAA	 -2.5926990e-02	 -1.6993259e-01	  4.8212163e-02
AATGAC	  6.0882367e-02	  1.9499791e-01	  3.9188877e-02
AATGAG	  5.2491512e-02	  3.5332020e-02	 -9.5671639e-02
AATGAT	 -6.2487908e-02	  1.7281957e-02	 -2.3987450e-02
AATGCA	 -9.6875384e-02	  5.4529209e-02	 -3.7303003e-03
AATGCC	  1.6437194e-01	  9.7384073e-02	  3.6128756e-02
AATGCG	  1.2899001e-01	  4.2661220e-01	  4.0517649e-01
AATGCT	 -5.3199910e-02	 -2.5688186e-01	 -8.3598711e-02
AATGGA	 -1.0601847e-02	  2.5590006e-02	  1.3553645e-01
AATGGC	  9.2920966e-02	 -3.2871015e-02	  7.9995496e-03
AATGGG	  1.7031111e-03	  1.1961327e-01	 -1.6500103e-01
AATGGT	 -9.1773115e-02	 -1.7930284e-01	 -1.2308712e-01
AATGTA	 -2.0025726e-01	 -3.9709873e-02	 -2.1453808e-01
AATGTC	  9.4449103e-02	 -1.3354282e-01	  2.1404584e-01
AATGTG	  1.6458949e-01	  3.2792565e-01	 -1.5129396e-01
AATGTT	 -9.3659632e-02	 -4.6559918e-01	  7.3565520e-02
AATTAA	 -4.1154351e+00	  1.2378161e-02	  1.0400008e-01
AATTAC	  4.5301414e-01	  1.2013453e-01	  5.8390476e-02
AATTAG	 -3.9411922e+00	  1.4677274e-01	 -1.9272068e-01
AATTAT	  2.6062661e-01	 -2.8330076e-01	 -4.8831124e-02
AATTCA	 -1.0096005e-02	  4.8105679e-02	  1.0488258e-01
AATTCC	  3.0756971e-02	  9.5348135e-02	 -3.5368063e-02
AATTCG	  2.2155938e-01	  3.0610678e-01	  6.0198724e-01
AATTCT	 -3.0080641e-02	 -1.6566651e-01	 -2.1792696e-01
AATTGA	 -3.9829428e+00	 -7.4616331e-03	  1.4055726e-01
AATTGC	  1.1621772e-01	  2.8087545e-04	  5.0733597e-03
AATTGG	  2.1471879e-01	  2.6455078e-01	 -3.7127636e-02
AATTGT	  1.2816314e-01	 -3.3852613e-01	 -1.7414407e-01
AATTTA	 -1.9426923e-02	 -4.7075287e-02	 -1.3573456e-01
AATTTC	  6.6264093e-02	  7.7521563e-02	  2.4374335e-01
AATTTG	  1.7156310e-01	  3.4547150e-01	 -1.2485247e-01
AATTTT	 -1.3046905e-01	 -3.5495907e-01	 -3.0232836e-02
ACAAAA	 -1.2906332e-01	 -2.0675316e-01	 -2.9228369e-02
ACAAAC	  1.2174227e-02	  5.5073168e-02	 -3.4731743e-03
ACAAAG	  1.3374664e-01	  2.7474961e-01	  5.2729003e-02
ACAAAT	  5.3757682e-02	 -8.3291985e-02	  4.9788882e-03
ACAACA	 -6.4523973e-02	 -8.0807194e-02	 -6.6716000e-02
ACAACC	  3.3526585e-02	  1.1559860e-01	  8.4499484e-03
ACAACG	  2.0381863e-01	  4.8469758e-01	  2.4604052e-01
ACAACT	  2.3765536e-02	 -1.4223732e-01	  3.4496762e-02
ACAAGA	 -8.0416746e-02	 -5.1838763e-02	  1.2092194e-01
ACAAGC	  1.1134267e-01	  9.3930222e-02	  3.7256725e-02
ACAAGG	 -1.2783015e-01	  8.8791355e-02	 -1.2940210e-01
ACAAGT	  1.0969927e-01	 -1.4562429e-01	 -1.2498122e-01
ACAATA	 -1.7628059e-01	 -1.3755964e-01	 -2.3360464e-01
ACAATC	  6.6404969e-02	  2.4509046e-02	  2.3059672e-01
ACAATG	  7.8437224e-02	  2.5720274e-01	 -1.8900199e-01
ACAATT	  2.1470927e-02	 -2.9953849e-01	  1.2129953e-01
ACACAA	  6.6269329e-03	 -3.6676250e-02	  1.5665416e-01
ACACAC	 -2.3443584e-01	 -2.3069899e-01	 -2.1298182e-01
ACACAG	  2.4004970e-01	  3.1113598e-01	  4.6725977e-02
ACACAT	 -7.8282535e-02	 -2.2226757e-01	  2.2637954e-02
ACACCA	 -1.4472588e-02	  4.5122009e-02	 -6.7295499e-02
ACACCC	  1.7188014e-02	 -1.9308778e-02	 -5.2382939e-02
ACACCG	  1.8000767e-01	  4.4508040e-01	  3.9340898e-01
ACACCT	 -2.9059090e-02	 -1.7631252e-01	  1.3244813e-02
ACACGA	  7.7533782e-02	 -1.1701407e-01	  2.8909630e-01
ACACGC	  7.2151430e-02	  1.0193984e-01	 -1.0976922e-01
ACACGG	  6.3269973e-02	  1.6360274e-01	 -1.2652004e-01
ACACGT	 -2.2176240e-01	 -2.9453576e-01	 -7.7263556e-02
ACACTA	 -8.8557743e-02	 -1.0089311e-01	 -1.0756499e-01
ACACTC	 -8.4773876e-02	 -8.3520301e-02	  4.4515852e-02
ACACTG	  1.7730251e-01	  2.2605339e-01	 -9.8615810e-02
ACACTT	 -1.3491447e-01	 -2.5374982e-01	  9.7408153e-02
ACAGAA	 -3.3296298e-02	 -5.8540933e-02	  4.5553330e-02
ACAGAC	  1.0445730e-01	  1.1774733e-01	  9.7331688e-02
ACAGAG	 -8.7200426e-02	  3.9741095e-02	 -2.0433380e-01
ACAGAT	  9.8111324e-02	 -8.9399599e-02	  1.0686935e-01
ACAGCA	 -1.3361718e-01	 -4.0366977e-02	 -3.3377804e-02
ACAGCC	  1.3968982e-01	  5.0337903e-02	 -1.9167559e-02
ACAGCG	  1.1748088e-01	  4.8556972e-01	  2.5052631e-01
ACAGCT	 -9.2494218e-03	 -1.6687630e-01	  4.0498669e-03
ACAGGA	  1.0689347e-01	  1.1460233e-01	  2.2916162e-01
ACAGGC	 -6.7221455e-02	 -7.9801753e-02	 -9.0378165e-02
ACAGGG	 -8.0530094e-03	  7.5956397e-02	 -1.8787503e-01
ACAGGT	 -5.0770756e-02	 -1.7145064e-01	 -8.6112730e-02
ACAGTA	 -1.7118016e-01	 -1.3446067e-01	 -1.6206425e-01
ACAGTC	  5.9209023e-02	 -1.5850101e-02	  2.0141746e-01
ACAGTG	  1.0137282e-01	  1.9577070e-01	 -2.1233124e-01
ACAGTT	 -6.8038419e-02	 -2.6580843e-01	  1.3244389e-01
ACATAA	 -3.9059529e+00	  2.0019781e-02	  1.5317470e-01
ACATAC	  3.9686069e-01	 -7.2696840e-04	  3.6441677e-03
ACATAG	 -3.7357354e+00	  2.5754586e-01	 -7.9630785e-02
ACATAT	  2.0478080e-01	 -3.0923346e-01	 -1.3709448e-01
ACATCA	 -3.9639991e-02	  3.8665128e-03	  6.8448126e-02
ACATCC	  7.0007178e-03	  7.2365090e-02	 -7.5051352e-02
ACATCG	  2.1936743e-01	  6.0691339e-01	  4.2344227e-01
ACATCT	  3.7287152e-03	 -2.4698657e-01	 -1.1617426e-01
ACATGA	 -3.9570026e+00	  5.3124808e-02	  2.0063496e-01
ACATGC	  1.3095690e-01	  6.3892536e-02	  2.1649778e-03
ACATGG	  1.3235882e-01	  8.5021771e-02	 -1.2499538e-01
ACATGT	  1.1468257e-01	 -2.6571885e-01	 -1.4388464e-01
ACATTA	  1.6319778e-02	 -9.3066268e-02	 -1.6277358e-01
ACATTC	  4.3681845e-02	  1.0082462e-01	  2.0561016e-01
ACATTG	  9.5378600e-02	  3.8282678e-01	 -1.6493364e-01
ACATTT	 -7.5902797e-02	 -3.7206721e-01	 -3.0408844e-03
ACCAAA	 -1.6781875e-01	 -1.3274454e-01	  1.1915197e-02
ACCAAC	  9.0521693e-02	  4.0713572e-03	  2.2428606e-02
ACCAAG	  2.0335034e-01	  2.8530714e-01	  9.4709368e-03
ACCAAT	 -1.4470781e-01	 -3.4218323e-01	 -5.5642720e-02
ACCACA	 -1.4494787e-01	 -4.8449196e-02	 -1.7264156e-01
ACCACC	  1.8703227e-01	  9.6161701e-02	  2.7002120e-01
ACCACG	  1.2441895e-01	  2.3819986e-01	 -1.2712094e-01
ACCACT	 -1.0883682e-01	 -1.7592797e-01	 -1.2747607e-01
ACCAGA	 -2.2493403e-01	  1.1079446e-02	  1.5403141e-01
ACCAGC	  1.3962582e-01	 -1.3123227e-02	 -1.1122266e-01
ACCAGG	 -9.5439263e-02	  6.0781155e-02	 -4.1265812e-02
ACCAGT	  7.9455309e-02	 -8.6067565e-02	 -4.4413604e-02
ACCATA	 -3.4875995e-01	 -1.0470654e-01	 -7.4237011e-02
ACCATC	  2.4947488e-01	  5.5333685e-02	  2.6641369e-01
ACCATG	 -1.9464985e-02	  1.4776003e-01	 -3.6712596e-01
ACCATT	 -8.6519197e-02	 -2.5194913e-01	  4.3411009e-02
ACCCAA	 -1.9899453e-01	 -7.3329426e-02	  1.3193740e-01
ACCCAC	  2.5142632e-02	  2.8379571e-02	  3.9316438e-02
ACCCAG	  1.2936410e-01	  7.9984240e-02	 -1.5813701e-01
ACCCAT	 -1.6750985e-01	 -1.5085362e-01	  3.3792973e-02
ACCCCA	 -9.0335578e-02	  5.9996345e-03	 -1.5630667e-01
ACCCCC	  5.8085009e-02	 -1.1108225e-02	  2.4880555e-01
ACCCCG	  8.3357155e-02	  1.8512180e-01	  2.2403924e-02
ACCCCT	  3.7600268e-02	 -1.0468858e-01	 -8.8676281e-02
ACCCGA	  2.1483738e-02	 -2.5604704e-02	  3.2234377e-01
ACCCGC	  1.0507422e-01	  9.5751137e-02	 -8.9748554e-02
ACCCGG	 -6.6335991e-02	 -5.0045706e-02	 -2.3833431e-01
ACCCGT	 -5.3444669e-02	 -2.0324631e-02	  1.1653050e-01
ACCCTA	 -3.7897646e-01	 -1.3828343e-01	  1.1344381e-01
ACCCTC	  3.3921890e-02	 -6.7461599e-03	  1.2523593e-01
ACCCTG	  1.6824001e-01	  1.4027752e-01	 -3.2485935e-01
ACCCTT	 -1.7255683e-01	 -1.7683659e-01	  8.1442073e-02
ACCGAA	 -2.2132985e-01	 -1.9857416e-02	  6.7265548e-02
ACCGAC	  2.1749368e-01	  3.2445669e-02	  9.2651024e-02
ACCGAG	  6.5394260e-02	  7.5474367e-02	 -6.8805508e-02
ACCGAT	 -1.4081478e-01	 -1.9759981e-01	 -7.9573669e-02
ACCGCA	 -2.7874640e-01	 -4.0025257e-02	 -1.9160098e-01
ACCGCC	  3.2521215e-01	  6.8147168e-02	  3.1613973e-01
ACCGCG	 -1.1304887e-01	 -1.0190507e-01	 -4.0447614e-01
ACCGCT	 -7.4123025e-02	  6.3142546e-02	  9.4108051e-03
ACCGGA	 -4.9638096e-02	  6.5447256e-02	  2.0374908e-01
ACCGGC	  1.6529268e-01	  1.1637439e-01	 -2.3128338e-02
ACCGGG	 -3.3937298e-02	 -3.0697487e-02	 -1.4985539e-01
ACCGGT	 -2.1177980e-01	 -3.0969727e-01	 -4.4155132e-02
ACCGTA	 -4.6727735e-01	 -1.1260097e-01	  4.8415467e-02
ACCGTC	  2.0006926e-01	  1.3116662e-01	  2.6514724e-01
ACCGTG	  7.6241046e-02	  1.8817279e-02	 -3.6164916e-01
ACCGTT	 -2.0704031e-01	 -1.0424919e-01	  1.6394453e-01
ACCTAA	 -4.2376952e+00	  1.0467294e-02	  4.0809542e-02
ACCTAC	  4.9640703e-01	  1.0191762e-01	  7.8826956e-02
ACCTAG	 -4.1290803e+00	  1.3570254e-01	 -1.6062635e-01
ACCTAT	  1.4085482e-01	 -3.7674943e-01	  3.4248419e-03
ACCTCA	 -9.8253593e-02	  9.8068245e-02	 -7.8554668e-02
ACCTCC	  8.1751287e-02	 -6.9316961e-02	  1.4199294e-01
ACCTCG	  2.0006080e-01	  1.3698590e-01	  1.0071917e-01
ACCTCT	 -5.3610962e-02	 -1.0692336e-01	 -1.3140404e-01
ACCTGA	 -4.3118067e+00	 -4.3545067e-02	  1.1427659e-01
ACCTGC	  2.8281027e-01	  1.2286555e-01	  1.4275194e-02
ACCTGG	  5.4963652e-02	  1.2282044e-01	 -7.5493731e-02
ACCTGT	  2.3206210e-02	 -3.3698887e-01	 -6.3052393e-02
ACCTTA	 -2.1821180e-01	  1.6855771e-03	  2.1660641e-02
ACCTTC	  2.5429606e-01	  1.0566145e-01	  2.0665085e-01
ACCTTG	 -5.1679973e-02	  1.2782627e-01	 -3.8530850e-01
ACCTTT	 -1.2762141e-01	 -2.7017373e-01	 -1.2109238e-03
ACGAAA	 -7.3322192e-02	 -1.5503787e-01	 -1.2043759e-02
ACGAAC	  1.8318500e-02	  6.1736710e-02	  2.6848298e-02
ACGAAG	  1.6425580e-01	  2.1429789e-01	  1.6581129e-02
ACGAAT	 -1.6930188e-01	 -2.1327980e-01	 -2.0076470e-02
ACGACA	 -1.4721079e-01	 -1.1613833e-01	 -8.5415937e-02
ACGACC	  1.7418388e-01	  5.9040446e-02	 -1.3139183e-02
ACGACG	  2.0000339e-01	  4.3187624e-01	  2.3616697e-01
ACGACT	 -8.0795065e-02	 -1.4400479e-01	  2.3032930e-02
ACGAGA	 -8.7856039e-02	 -7.3432893e-02	  1.9656935e-01
ACGAGC	  2.8283891e-01	  1.6903351e-01	  6.6502571e-02
ACGAGG	 -1.5431638e-01	  1.7230261e-02	 -2.6307037e-01
ACGAGT	  5.6011587e-02	 -1.1795276e-01	 -3.7782311e-02
ACGATA	 -1.9753850e-01	 -2.4725664e-01	 -5.6530446e-02
ACGATC	 -2.2357691e-02	 -2.8540438e-01	  3.1964663e-02
ACGATG	  1.4289802e-01	  3.3368903e-01	 -1.8807301e-01
ACGATT	 -4.7806051e-02	 -2.8348693e-01	  1.5265624e-01
ACGCAA	 -2.5047767e-01	 -1.5749802e-01	  1.6022138e-01
ACGCAC	  2.0016765e-02	 -4.5991518e-02	 -1.5485452e-01
ACGCAG	  2.0412566e-01	  2.0537937e-01	 -7.5290218e-02
ACGCAT	 -3.2646295e-01	 -2.9498225e-01	  6.3679636e-02
ACGCCA	 -7.3532753e-02	  1.1595824e-01	  6.0270976e-02
ACGCCC	  1.8488491e-01	  6.4170668e-03	 -1.0457963e-01
ACGCCG	  5.1847112e-01	  5.6840438e-01	  5.2860749e-01
ACGCCT	 -2.8727815e-01	 -3.0770141e-01	 -1.1719254e-01
ACGCGA	 -1.4993805e-01	 -1.6953233e-01	  3.4784821e-01
ACGCGC	  4.0752135e-02	  5.2571148e-02	 -2.1906206e-01
ACGCGG	  1.3516049e-01	  1.0444505e-01	 -1.5020595e-01
ACGCGT	 -3.4995729e-01	 -2.3501799e-01	  7.2337076e-02
ACGCTA	 -3.9158455e-01	 -1.7816922e-01	  7.0299894e-02
ACGCTC	 -5.3933249e-03	 -2.1507777e-02	  4.3682218e-02
ACGCTG	  2.3502883e-01	  1.8352643e-01	 -1.1347527e-01
ACGCTT	 -4.0369353e-01	 -2.7944741e-01	  4.8364617e-02
ACGGAA	 -1.5439220e-01	 -1.2223618e-01	  8.3048657e-02
ACGGAC	  2.2431172e-01	  1.9359632e-01	  1.3208653e-01
ACGGAG	 -7.4942363e-03	  5.1186807e-02	 -1.8166354e-01
ACGGAT	  9.9030128e-03	 -1.7963056e-01	  6.8263233e-02
ACGGCA	 -1.7868090e-01	 -2.5538838e-02	 -6.3074753e-02
ACGGCC	  2.1409418e-01	 -1.6901726e-02	 -5.3388700e-02
ACGGCG	  1.3673595e-01	  2.7076235e-01	  2.3151161e-01
ACGGCT	 -1.7804228e-01	 -9.8527819e-02	  8.2010329e-03
ACGGGA	 -2.5648835e-01	 -1.2291920e-01	  1.0822811e-01
ACGGGC	  4.4021720e-01	  3.2455790e-01	  2.1707843e-01
ACGGGG	 -1.0001682e-01	  2.8921142e-03	 -2.9374892e-01
ACGGGT	 -9.2727751e-02	 -3.1607485e-01	 -3.9548311e-02
ACGGTA	 -3.5563615e-01	 -1.2229360e-01	 -6.2951237e-02
ACGGTC	  1.7884013e-01	  8.2426086e-02	  3.1255823e-01
ACGGTG	  8.0640674e-02	  5.3015441e-02	 -3.5861507e-01
ACGGTT	 -2.0474705e-01	 -1.2584473e-01	  2.2739154e-01
ACGTAA	 -3.4954128e+00	 -1.2593906e-01	  8.7634742e-02
ACGTAC	  5.4862660e-01	  1.1243962e-01	  1.0599466e-01
ACGTAG	 -3.3807721e+00	  2.7095321e-01	 -6.5875212e-03
ACGTAT	  8.1573687e-02	 -2.7788627e-01	 -1.5611580e-01
ACGTCA	 -1.2437014e-01	  9.9804871e-02	 -7.1432856e-03
ACGTCC	  1.1586464e-01	  1.6018353e-02	 -9.1350302e-02
ACGTCG	  3.9634281e-01	  2.7741110e-01	  5.1272714e-01
ACGTCT	 -1.0889549e-01	 -1.9218631e-01	 -7.3172010e-02
ACGTGA	 -3.7273066e+00	 -5.1155459e-02	  1.2797298e-01
ACGTGC	  1.4409938e-01	  5.6830406e-02	 -3.1964853e-02
ACGTGG	  1.5538555e-01	  1.4046541e-01	 -5.0209098e-02
ACGTGT	  3.7172329e-02	 -2.5519741e-01	 -5.8465492e-02
ACGTTA	 -7.7757545e-02	 -1.0263781e-01	 -1.2153153e-01
ACGTTC	  1.6904807e-01	  1.3655955e-01	  2.5458649e-01
ACGTTG	  3.5293408e-02	  1.9608298e-01	 -2.6359236e-01
ACGTTT	 -1.0420989e-01	 -2.4756655e-01	 -2.3958194e-03
ACTAAA	 -7.2367579e-02	 -2.3939903e-01	  1.6695229e-02
ACTAAC	  4.1836012e-02	  2.2878076e-01	 -6.8050553e-04
ACTAAG	  1.2133727e-01	  1.4915767e-01	  5.8004424e-02
ACTAAT	 -1.0007680e-02	  1.5570396e-02	 -8.3330333e-02
ACTACA	 -1.0146247e-01	 -7.9860672e-02	 -2.5294624e-02
ACTACC	  1.1142963e-01	  1.3546295e-01	  5.1559605e-02
ACTACG	  2.1357340e-01	  5.7070601e-01	  3.3794439e-01
ACTACT	  1.6968554e-02	 -1.8655497e-01	 -7.2922952e-02
ACTAGA	 -1.8527830e-01	 -1.9139186e-01	  1.0904818e-01
ACTAGC	  1.7412005e-01	  1.5752418e-01	  5.4897644e-02
ACTAGG	 -5.3807084e-02	  4.7628637e-02	 -1.3413520e-01
ACTAGT	  1.3103580e-01	  6.8392225e-02	 -1.8718906e-01
ACTATA	 -2.2938372e-01	 -1.7069109e-01	 -2.8914529e-01
ACTATC	  1.2624440e-01	 -1.8805457e-02	  2.6004699e-01
ACTATG	  4.1493591e-02	  3.2516280e-01	 -1.2364884e-01
ACTATT	  4.5693208e-02	 -3.2822409e-01	  7.7303544e-02
ACTCAA	 -6.3551895e-02	 -1.3002235e-01	  1.1972996e-01
ACTCAC	 -9.4820708e-02	 -4.0754229e-02	 -4.4981904e-02
ACTCAG	  1.5907116e-01	  2.0161945e-01	 -9.1349535e-02
ACTCAT	 -1.0215332e-01	 -1.9696160e-01	 -1.5582801e-03
ACTCCA	 -2.9435553e-02	 -1.1130506e-02	 -6.2497117e-02
ACTCCC	  5.6811236e-02	  9.4210409e-02	  2.4441026e-02
ACTCCG	  7.2787717e-02	  3.2304570e-01	  3.5146058e-01
ACTCCT	 -1.5716337e-02	 -1.4946985e-01	 -3.6192074e-02
ACTCGA	  1.8112701e-01	 -1.9236337e-01	  2.5779524e-01
ACTCGC	  1.4167814e-01	  2.0408586e-01	  1.6529647e-01
ACTCGG	 -1.6732849e-01	  6.5387763e-02	 -3.2402229e-01
ACTCGT	 -4.0941328e-02	 -2.6688775e-01	  8.3642844e-03
ACTCTA	 -9.4786733e-02	 -1.0360728e-01	 -1.6814641e-03
ACTCTC	  1.0551686e-02	  6.6825829e-02	  1.8318880e-01
ACTCTG	  1.1821586e-01	  1.4695774e-01	 -2.0524876e-01
ACTCTT	 -1.1884564e-01	 -2.3489897e-01	  3.0530749e-02
ACTGAA	 -3.1302247e-02	 -1.4103721e-01	  8.4769443e-02
ACTGAC	  5.2187879e-02	  1.9243239e-01	  6.0757566e-02
ACTGAG	  1.0001074e-02	 -3.8414557e-02	 -1.0730190e-01
ACTGAT	 -5.5558803e-03	  5.4637734e-02	 -8.4248371e-02
ACTGCA	 -2.0500831e-01	 -1.3491127e-01	 -1.4813425e-01
ACTGCC	  2.2241727e-01	  1.8170007e-01	  1.0464089e-01
ACTGCG	  8.6565569e-02	  4.5685261e-01	  3.8391143e-01
ACTGCT	  6.1049286e-02	 -9.7673252e-02	  3.4077287e-02
ACTGGA	  1.1654500e-01	  2.5412597e-02	  1.7533979e-01
ACTGGC	  4.5996666e-02	  6.4840876e-02	  4.4646204e-02
ACTGGG	 -1.5697066e-01	 -2.9760585e-03	 -2.2874968e-01
ACTGGT	 -5.8049493e-02	 -1.2138085e-01	 -1.2405162e-01
ACTGTA	 -2.1691927e-01	 -1.5070626e-01	 -2.1465421e-01
ACTGTC	  7.1770623e-02	 -3.3338897e-02	  2.4763724e-01
ACTGTG	  1.3769446e-01	  2.4917299e-01	 -1.1974734e-01
ACTGTT	 -8.5263893e-02	 -3.4586760e-01	  4.3779917e-02
ACTTAA	 -3.9729414e+00	 -2.0612048e-02	  2.6032872e-02
ACTTAC	  4.7512376e-01	  5.3782247e-02	  4.2403847e-02
ACTTAG	 -3.7554064e+00	  1.8913867e-01	 -5.3727336e-02
ACTTAT	  1.9206366e-01	 -2.5110838e-01	 -2.7610803e-02
ACTTCA	  6.0696853e-03	  4.4245914e-02	  6.6138424e-02
ACTTCC	 -3.5212234e-02	  3.4077860e-02	 -6.4326435e-02
ACTTCG	  2.1562512e-01	  5.3227419e-01	  5.0762933e-01
ACTTCT	 -6.3035628e-03	 -2.0022479e-01	 -1.2113533e-01
ACTTGA	 -4.0302892e+00	 -6.6485755e-02	  8.6329877e-02
ACTTGC	  1.8753193e-01	  6.5345809e-02	  5.2034326e-02
ACTTGG	  1.0359120e-01	  1.6171318e-01	 -6.8110116e-02
ACTTGT	  2.0883429e-01	 -2.6490951e-01	 -1.0944700e-01
ACTTTA	 -1.0884437e-02	 -6.9425955e-02	 -1.8720990e-01
ACTTTC	  8.2320169e-02	 -3.2774363e-02	  2.4687801e-01
ACTTTG	  4.7740664e-02	  2.7426839e-01	 -2.6445180e-01
ACTTTT	 -9.4491661e-02	 -3.6914217e-01	  6.0992785e-02
AGAAAA	 -4.6474732e-02	 -1.2196104e-01	  4.1515563e-02
AGAAAC	  3.3593871e-02	  1.9706857e-01	 -2.2575773e-02
AGAAAG	  5.2511424e-02	  1.6185908e-01	 -6.5118872e-02
AGAAAT	 -4.8401607e-03	 -2.2845390e-01	  1.0939083e-03
AGAACA	 -4.3252081e-02	 -6.4121008e-02	 -7.8901812e-02
AGAACC	  5.8613542e-02	  1.6261777e-01	  3.9434556e-02
AGAACG	  1.4187297e-01	  4.5356607e-01	  3.3369771e-01
AGAACT	 -8.1705321e-03	 -1.7955667e-01	 -2.5241622e-03
AGAAGA	  6.5006176e-03	 -4.5078240e-02	  1.5628403e-01
AGAAGC	  7.6795775e-03	  1.1006995e-01	 -5.8227528e-02
AGAAGG	 -7.0199795e-02	  9.1233164e-02	 -1.4462355e-01
AGAAGT	  5.0600860e-02	 -2.0652579e-01	 -1.2635200e-01
AGAATA	 -1.2152653e-01	 -9.5379166e-02	 -1.6398868e-01
AGAATC	 -1.9843869e-02	 -4.1968953e-02	  9.6881352e-02
AGAATG	  2.4568589e-02	  2.4953818e-01	 -9.1681130e-02
AGAATT	  7.5860977e-02	 -2.6589108e-01	  1.0194013e-01
AGACAA	  6.1732605e-03	 -6.6028677e-02	  9.2024274e-02
AGACAC	  1.1245303e-02	  7.3949337e-02	  1.6417392e-03
AGACAG	 -7.2085266e-03	  7.2115466e-02	 -1.3295843e-01
AGACAT	 -5.4021841e-03	 -1.4831221e-01	  6.1597735e-02
AGACCA	 -1.2277132e-01	 -6.7164101e-02	 -1.7706391e-01
AGACCC	  3.6003973e-02	  8.3977588e-02	  1.6530646e-02
AGACCG	  1.2677242e-01	  3.7595531e-01	  4.0897122e-01
AGACCT	  1.0501435e-01	 -7.7395260e-02	  1.0721728e-01
AGACGA	  2.0085773e-01	 -7.9864219e-02	  2.7554721e-01
AGACGC	  2.2191210e-01	  3.1590685e-01	  8.9377567e-02
AGACGG	 -2.4178921e-01	 -9.0850763e-02	 -3.0714107e-01
AGACGT	 -1.3228786e-02	 -9.2592373e-02	  8.3603166e-02
AGACTA	 -8.9655377e-02	 -1.3501033e-01	 -1.1103042e-01
AGACTC	 -6.6873103e-02	  4.0135644e-02	  4.2880706e-02
AGACTG	  1.0686278e-01	  1.5442193e-01	 -1.1261084e-01
AGACTT	 -1.3649998e-02	 -1.7789209e-01	  1.0839611e-01
AGAGAA	  1.7194334e-02	  2.5427392e-02	  1.3641092e-01
AGAGAC	 -1.6116811e-02	  4.0492438e-02	 -7.8633681e-02
AGAGAG	 -3.5799172e-02	  8.0777995e-02	 -1.3219866e-01
AGAGAT	  3.1330220e-02	 -2.5972295e-01	 -3.3850789e-02
AGAGCA	 -1.1116698e-01	 -8.6084701e-02	 -1.2915993e-01
AGAGCC	  1.4847155e-01	  1.4462698e-01	  4.5477014e-02
AGAGCG	 -6.2069628e-02	  3.1105945e-01	  2.1877047e-01
AGAGCT	  1.1260841e-02	 -1.4486915e-01	  5.0436746e-02
AGAGGA	  7.8569233e-02	  5.9312999e-02	  2.1068537e-01
AGAGGC	  5.5200890e-02	  1.1631002e-01	 -2.6471650e-02
AGAGGG	 -8.2850799e-02	  7.8546172e-03	 -2.4687865e-01
AGAGGT	 -1.0735907e-01	 -3.0595326e-01	 -1.8469308e-01
AGAGTA	 -5.3679001e-02	 -7.8928351e-02	 -1.2886965e-01
AGAGTC	  6.5942854e-02	  4.3147460e-02	  1.9683728e-01
AGAGTG	  7.1790062e-02	  2.1450944e-01	 -1.6322738e-01
AGAGTT	 -8.4657528e-02	 -3.0157474e-01	  3.6313176e-02
AGATAA	 -3.9775338e+00	  2.8263838e-03	  4.6430472e-02
AGATAC	  4.8026276e-01	  4.1906957e-02	  2.9586678e-02
AGATAG	 -3.7627110e+00	  1.8000086e-01	 -1.3251249e-01
AGATAT	  1.9423676e-01	 -2.2866379e-01	  4.4323322e-03
AGATCA	 -7.0493057e-02	 -7.4039705e-02	 -1.3246341e-01
AGATCC	  9.7009197e-02	  2.1802457e-01	  1.2793550e-01
AGATCG	 -2.7768159e-01	  1.4143737e-01	  4.0761374e-02
AGATCT	  6.8205096e-02	 -1.7871343e-01	  3.7345901e-02
AGATGA	 -3.9711201e+00	 -2.4435991e-02	  1.4656185e-01
AGATGC	  2.0074105e-01	  1.5251145e-01	  5.5376887e-02
AGATGG	  4.5935795e-02	  3.6648333e-02	 -1.7403916e-01
AGATGT	  2.3164779e-01	 -1.9051279e-01	 -8.2524814e-02
AGATTA	 -2.2347825e-02	 -1.1322004e-01	 -1.5739271e-01
AGATTC	  6.6867378e-03	  9.1493838e-02	  2.2618903e-01
AGATTG	  4.1980378e-02	  3.1623277e-01	 -2.7365479e-01
AGATTT	 -1.3149962e-02	 -3.2033971e-01	  2.3762155e-02
AGCAAA	 -1.2337370e-01	 -1.0984628e-01	  4.3823212e-02
AGCAAC	  1.8916345e-01	  2.2244722e-01	  1.2033829e-01
AGCAAG	  1.3478802e-01	  1.8493184e-01	 -7.5208366e-02
AGCAAT	 -1.6685902e-01	 -3.8033998e-01	 -8.9393340e-02
AGCACA	 -6.0769692e-02	 -7.5703296e-03	 -1.2155897e-02
AGCACC	  2.4648066e-01	  1.8143085e-01	  1.5350410e-01
AGCACG	  3.1575954e-01	  4.5995206e-01	  1.9647305e-01
AGCACT	 -2.4299635e-01	 -2.9806247e-01	 -1.3829266e-01
AGCAGA	 -3.4415975e-01	 -7.4713394e-02	  1.2007398e-01
AGCAGC	  3.1054601e-01	  2.0036399e-01	  8.9137845e-02
AGCAGG	 -2.0846348e-01	  3.7446126e-02	 -1.3739195e-01
AGCAGT	  3.2255996e-02	 -2.5593263e-01	 -1.6542679e-01
AGCATA	 -3.1474194e-01	 -9.5773973e-02	 -2.6997861e-01
AGCATC	  2.7971342e-01	  1.3550085e-01	  2.9776779e-01
AGCATG	  1.0522617e-01	  2.0922667e-01	 -2.8122264e-01
AGCATT	 -2.0803836e-01	 -3.0163798e-01	  2.2145513e-02
AGCCAA	 -1.7816430e-01	 -9.9718541e-02	  1.2050841e-01
AGCCAC	 -5.4959580e-02	 -2.5466861e-02	 -8.0213100e-02
AGCCAG	  2.1683188e-01	  1.5751104e-01	 -1.2426281e-01
AGCCAT	 -1.8918155e-01	 -1.5069933e-01	  7.3352233e-02
AGCCCA	 -1.6145258e-01	 -2.7753660e-02	 -9.0133496e-02
AGCCCC	  1.3957612e-01	  6.7213573e-02	  8.4017105e-03
AGCCCG	  2.5972337e-01	  3.4130013e-01	  2.8012398e-01
AGCCCT	 -5.4121472e-02	 -1.5996890e-01	  1.2956522e-02
AGCCGA	 -2.5449121e-01	 -3.7571561e-01	 -2.1518549e-02
AGCCGC	  2.6252499e-01	  2.6174194e-01	  1.3719518e-01
AGCCGG	  1.8991655e-02	  6.9089457e-02	 -2.0964877e-01
AGCCGT	 -8.2073189e-02	 -6.5426663e-02	  1.6449207e-01
AGCCTA	 -2.4806757e-01	 -2.2226376e-02	 -7.2298162e-02
AGCCTC	 -4.3398548e-02	 -7.3889747e-02	  7.2635100e-03
AGCCTG	  1.1532107e-01	  7.9775199e-02	 -2.9488915e-01
AGCCTT	 -6.5533064e-02	 -4.3905005e-02	  3.0060592e-01
AGCGAA	 -1.3735853e-01	  9.9571332e-02	  2.5832063e-01
AGCGAC	  3.8546598e-01	  2.7668107e-01	  2.5711235e-01
AGCGAG	  6.2324740e-02	  6.1749689e-02	 -2.2178891e-01
AGCGAT	 -3.1195435e-01	 -4.1144976e-01	 -1.5353310e-01
AGCGCA	 -1.8216215e-01	  1.1087848e-01	 -4.7662482e-02
AGCGCC	  2.8594711e-01	  3.9298516e-02	  8.0611095e-02
AGCGCG	  2.3642838e-01	  1.8911441e-01	  1.0254396e-01
AGCGCT	 -3.4691119e-01	 -1.8372135e-01	 -5.8780454e-02
AGCGGA	 -1.7642091e-01	 -1.6205527e-02	  1.3979498e-01
AGCGGC	  2.4557053e-01	  1.8901536e-01	  1.2826441e-01
AGCGGG	 -3.2552607e-02	 -1.4228951e-02	 -2.2570017e-01
AGCGGT	 -2.2972931e-01	 -3.6315739e-01	 -7.8587793e-02
AGCGTA	 -4.6039963e-01	 -7.0694119e-02	 -1.5646946e-01
AGCGTC	  1.7011653e-01	  1.0578033e-01	  2.2849943e-01
AGCGTG	  1.5555671e-01	  5.9953392e-02	 -2.8830189e-01
AGCGTT	 -3.7480211e-01	 -1.7213880e-01	  1.0976811e-01
AGCTAA	 -4.1725373e+00	 -2.6079852e-02	  2.5046222e-02
AGCTAC	  3.1826472e-01	 -6.9251610e-03	 -3.5424989e-02
AGCTAG	 -3.9686463e+00	  2.2679736e-01	 -9.5243923e-02
AGCTAT	  2.2350670e-01	 -2.4420859e-01	  6.8650439e-02
AGCTCA	 -1.6045907e-01	  7.6248432e-03	 -6.7448154e-02
AGCTCC	  1.5284602e-01	  4.5948137e-02	 -1.8813714e-03
AGCTCG	  3.7561721e-01	  3.5731545e-01	  4.9198472e-01
AGCTCT	 -8.3663709e-02	 -1.2339417e-01	 -3.2362729e-02
AGCTGA	 -4.3352871e+00	 -5.8062274e-02	  8.6993285e-02
AGCTGC	  3.1778964e-01	  2.0080578e-01	  1.6378322e-01
AGCTGG	 -1.3863859e-02	  1.8743603e-02	 -2.6222229e-01
AGCTGT	  1.2162846e-01	 -2.5605235e-01	  3.6602035e-02
AGCTTA	 -1.8908919e-01	 -4.1559737e-02	 -2.4723251e-01
AGCTTC	  2.0160590e-01	  1.3898994e-01	  1.3302258e-01
AGCTTG	  1.1741333e-02	  1.3779394e-01	 -2.4015892e-01
AGCTTT	 -1.3326958e-01	 -2.6543409e-01	  8.7990440e-02
AGGAAA	 -9.0824477e-02	 -1.4658356e-01	  8.9258496e-03
AGGAAC	  1.0582293e-01	  1.2703139e-01	  1.2143153e-01
AGGAAG	  1.1793669e-01	  1.6520227e-01	 -9.7139291e-02
AGGAAT	 -1.2747794e-01	 -1.6773471e-01	  1.4163964e-02
AGGACA	 -1.1666885e-01	 -8.8139124e-02	 -8.6119011e-02
AGGACC	  1.5233806e-01	  1.1374274e-01	  1.2704550e-01
AGGACG	  3.3404952e-01	  4.7098070e-01	  2.4361633e-01
AGGACT	 -7.9587072e-02	 -1.5394373e-01	 -5.4207508e-02
AGGAGA	 -9.3102455e-02	 -1.0491265e-01	  1.0706312e-01
AGGAGC	  2.5923574e-01	  2.4488696e-01	  1.0822670e-01
AGGAGG	 -3.1961456e-02	  6.7060634e-02	 -1.2123282e-01
AGGAGT	 -9.1337681e-02	 -2.6120925e-01	 -1.5592027e-01
AGGATA	 -1.7689537e-01	 -1.8954000e-01	 -1.5834761e-01
AGGATC	  1.9477664e-01	 -1.6718244e-02	  2.3875031e-01
AGGATG	  7.9058677e-02	  2.6522568e-01	 -2.6863554e-01
AGGATT	 -1.3071766e-01	 -3.0699646e-01	  9.4527945e-02
AGGCAA	 -1.9784288e-02	 -5.2906357e-02	  1.2970185e-01
AGGCAC	  3.9889794e-02	  9.5591895e-02	  7.5059444e-02
AGGCAG	  6.2498819e-02	  7.8970887e-02	 -1.5785596e-01
AGGCAT	 -1.4665039e-01	 -2.2551830e-01	  2.2471476e-02
AGGCCA	 -1.2371289e-01	 -4.3087937e-02	 -1.1221316e-01
AGGCCC	  1.7526242e-01	  1.5690885e-01	  1.0923768e-01
AGGCCG	 -2.9341904e-02	  1.0848746e-01	  1.0511539e-01
AGGCCT	 -1.1678717e-02	 -1.4113720e-01	 -1.0959401e-02
AGGCGA	  2.1766667e-01	  2.4312885e-02	  4.2865258e-01
AGGCGC	  1.1567496e-01	  1.6806683e-01	 -7.7516739e-03
AGGCGG	  5.8677732e-03	  8.0312297e-02	 -1.6335015e-01
AGGCGT	 -3.0129993e-01	 -4.3294400e-01	 -1.2752543e-01
AGGCTA	 -1.0506175e-01	 -6.3535385e-02	  4.5213085e-02
AGGCTC	  1.5602115e-01	  1.8237253e-01	  2.9062167e-01
AGGCTG	 -3.3122186e-02	 -2.4585919e-02	 -3.4508175e-01
AGGCTT	  3.8113478e-03	 -8.3529241e-02	  2.2926286e-01
AGGGAA	 -1.2878504e-01	 -9.3850121e-02	  8.9047179e-02
AGGGAC	  1.5102695e-01	  9.8503612e-02	  1.0395864e-01
AGGGAG	  4.2649876e-02	  1.1204066e-01	 -1.8003282e-01
AGGGAT	 -2.8030213e-02	 -1.8335514e-01	 -3.1980824e-02
AGGGCA	 -1.1982255e-01	 -6.6928007e-02	 -1.1850928e-01
AGGGCC	  1.8620768e-01	  1.0606121e-01	  1.3201739e-01
AGGGCG	  1.7683427e-01	  3.8603544e-01	  2.0009215e-01
AGGGCT	 -1.1080992e-01	 -1.5832223e-01	 -4.9687609e-02
AGGGGA	 -1.1083691e-01	 -1.1211986e-01	  9.4491847e-02
AGGGGC	  2.0958851e-01	  1.3422744e-01	  4.1537196e-03
AGGGGG	 -7.8052491e-02	  1.9149290e-01	 -4.6212010e-02
AGGGGT	 -7.1694978e-02	 -3.5304832e-01	 -1.5465240e-01
AGGGTA	 -2.0634420e-01	 -1.7661335e-01	 -1.5023673e-01
AGGGTC	  1.3992463e-01	  4.9803533e-02	  2.5226587e-01
AGGGTG	  1.2185209e-01	  1.9105123e-01	 -2.2924930e-01
AGGGTT	 -1.9246513e-01	 -2.4284093e-01	  1.2664722e-02
AGGTAA	 -3.7989857e+00	 -1.2232392e-01	 -1.6374251e-02
AGGTAC	  5.2231818e-01	  1.2719621e-01	  1.8480521e-01
AGGTAG	 -3.7035313e+00	  1.6111366e-01	 -8.8549517e-02
AGGTAT	  2.1457377e-01	 -1.7573495e-01	 -4.9797393e-02
AGGTCA	 -1.6795892e-01	 -6.8807907e-02	 -1.8700591e-01
AGGTCC	  2.1026784e-01	  1.8278393e-01	  2.0244879e-01
AGGTCG	  2.5763881e-01	  2.2913209e-01	  3.6435291e-01
AGGTCT	 -2.3175411e-02	 -1.1273387e-01	 -3.0835835e-02
AGGTGA	 -3.9135816e+00	 -8.7983988e-02	  5.6564607e-02
AGGTGC	  2.4206917e-01	  1.2601632e-01	  7.0582815e-02
AGGTGG	  8.9532249e-02	  8.4520772e-02	 -7.2918631e-02
AGGTGT	  1.1556777e-01	 -1.8471922e-01	 -3.7683740e-02
AGGTTA	 -2.5105339e-02	 -5.6985158e-02	 -2.5323050e-02
AGGTTC	  1.6941690e-01	  1.8789123e-01	  2.4465060e-01
AGGTTG	 -1.2999631e-01	  4.8680883e-02	 -3.5002878e-01
AGGTTT	 -3.8281691e-03	 -1.7585954e-01	  3.8158823e-02
AGTAAA	 -2.1142468e-02	 -1.7230429e-01	  6.8446226e-02
AGTAAC	  7.6746523e-02	  1.7365651e-01	  1.1207466e-01
AGTAAG	  5.8670584e-03	  1.0042227e-01	 -1.2991722e-01
AGTAAT	 -2.9868351e-02	 -2.0797020e-02	 -1.1607444e-01
AGTACA	 -7.9607435e-02	 -8.4914520e-02	 -3.7352785e-02
AGTACC	  1.0307655e-01	  1.4613916e-01	  1.1551765e-01
AGTACG	  1.7588271e-01	  5.6309921e-01	  3.6071727e-01
AGTACT	 -1.1077208e-02	 -1.7932642e-01	 -1.2049675e-01
AGTAGA	 -2.2981638e-01	 -1.5115808e-01	  1.2765872e-01
AGTAGC	  7.7229396e-02	 -3.7976753e-02	 -9.3764186e-02
AGTAGG	 -1.2764318e-01	  1.3809884e-01	 -1.1941516e-01
AGTAGT	  2.3693912e-01	  1.1651190e-01	 -5.8987938e-02
AGTATA	 -2.1468560e-01	 -1.7260231e-01	 -3.1571737e-01
AGTATC	  9.8374553e-02	  6.2400982e-02	  2.2363228e-01
AGTATG	  1.1164264e-01	  3.3251297e-01	 -1.1186056e-01
AGTATT	  1.3696695e-04	 -2.9177466e-01	  7.4348621e-02
AGTCAA	 -2.2096245e-02	 -6.4209081e-02	  7.1242705e-02
AGTCAC	 -9.1384068e-02	 -2.3939334e-02	  1.2164612e-02
AGTCAG	  1.7690629e-01	  1.8522814e-01	 -1.0655719e-01
AGTCAT	 -1.5331422e-01	 -1.9282691e-01	  1.0017162e-02
AGTCCA	 -1.2797452e-02	  5.8259562e-02	  1.5185270e-02
AGTCCC	 -7.7465370e-02	 -5.0000507e-02	 -1.3247450e-01
AGTCCG	  1.4578527e-01	  4.0915400e-01	  4.4011623e-01
AGTCCT	  5.9037961e-02	 -9.2394300e-02	  1.7136209e-02
AGTCGA	  4.3266088e-02	 -2.5728729e-01	  1.0832260e-01
AGTCGC	  7.2446331e-02	  8.6417384e-02	 -2.8481816e-03
AGTCGG	 -1.7225102e-02	  2.1873519e-01	 -1.0984819e-01
AGTCGT	 -9.6310452e-02	 -2.7942809e-01	 -6.1425916e-03
AGTCTA	 -1.5556094e-01	 -5.1517598e-02	 -8.6843334e-02
AGTCTC	 -6.6814072e-02	 -7.8830319e-03	  2.5133984e-02
AGTCTG	  1.6312325e-01	  1.7907222e-01	 -1.2815244e-01
AGTCTT	 -3.5824247e-02	 -1.8405491e-01	  9.8945260e-02
AGTGAA	  9.8800380e-03	 -4.2789832e-02	  1.3863802e-01
AGTGAC	  1.9919205e-01	  2.3037650e-01	  1.9257140e-01
AGTGAG	 -1.1944897e-01	 -1.2928739e-01	 -2.9551977e-01
AGTGAT	 -2.0314379e-02	  1.7109083e-02	 -3.7004549e-02
AGTGCA	 -1.5125220e-01	 -2.5915999e-02	 -1.1584401e-01
AGTGCC	  2.7499637e-01	  2.2731906e-01	  1.8913080e-01
AGTGCG	  2.5191215e-01	  5.6602484e-01	  4.7165617e-01
AGTGCT	 -1.1763894e-01	 -3.0130723e-01	 -1.0537409e-01
AGTGGA	 -2.7943526e-03	  3.4103565e-02	  1.6712627e-01
AGTGGC	  4.2677652e-02	 -4.8800022e-03	 -7.6514460e-02
AGTGGG	  1.0596200e-02	  6.2748596e-02	 -1.6021197e-01
AGTGGT	 -6.4224839e-02	 -1.2701461e-01	 -3.9706979e-02
AGTGTA	 -1.6552773e-01	 -9.4344117e-02	 -2.1584749e-01
AGTGTC	  9.2542730e-02	  1.0164257e-02	  2.7676910e-01
AGTGTG	  1.2751894e-01	  2.5863010e-01	 -1.8586621e-01
AGTGTT	 -1.1749517e-01	 -3.9810130e-01	  1.0579376e-02
AGTTAA	 -3.9757886e+00	  5.4895356e-03	  4.3132834e-02
AGTTAC	  4.5185843e-01	  1.4312534e-01	  7.3845923e-02
AGTTAG	 -3.7678204e+00	  1.0493076e-01	 -9.0795182e-02
AGTTAT	  2.0875667e-01	 -2.6226437e-01	 -4.8449863e-02
AGTTCA	 -4.4203188e-02	 -5.5319164e-03	 -2.7663463e-03
AGTTCC	  6.6554360e-02	  1.5836431e-01	  9.2671767e-02
AGTTCG	 -1.5672840e-01	  2.2031742e-01	  2.7740785e-01
AGTTCT	  1.6172210e-02	 -1.8964754e-01	 -1.3890801e-01
AGTTGA	 -3.9157815e+00	 -1.0674234e-01	  2.0223109e-03
AGTTGC	  1.7907757e-01	  1.2397274e-01	  5.3734168e-02
AGTTGG	  1.4893618e-01	  1.9911180e-01	 -8.7554790e-03
AGTTGT	  1.8997081e-01	 -2.7701801e-01	 -3.5420131e-02
AGTTTA	  2.6291516e-02	 -6.5894641e-02	 -1.6055392e-01
AGTTTC	 -2.3227129e-02	 -3.6286145e-02	  2.2097027e-01
AGTTTG	  9.9558443e-02	  3.1814435e-01	 -2.5080600e-01
AGTTTT	 -7.7183433e-02	 -3.3429039e-01	  1.8714644e-02
ATAAAA	 -6.5604225e-02	 -1.0324945e-01	 -1.9882499e-01
ATAAAC	  2.5685908e-02	  1.3354903e-01	  2.7297485e-01
ATAAAG	  2.2281438e-01	  2.7924138e-01	  1.6531013e-01
ATAAAT	 -1.0997948e-01	 -2.1770540e-01	 -8.0121160e-02
ATAACA	 -5.7415385e-02	 -4.1020587e-02	 -2.3219965e-01
ATAACC	  5.6226421e-02	  1.2931609e-01	  1.0788243e-01
ATAACG	  1.3486211e-01	  2.7800184e-01	  7.9341125e-01
ATAACT	  1.4205554e-02	 -9.3138985e-02	 -1.3103446e-01
ATAAGA	 -5.2072518e-02	  5.2449029e-02	 -1.3044675e-01
ATAAGC	  1.0028885e-01	  5.5968359e-02	  1.1914138e-01
ATAAGG	 -4.9949627e-02	  8.7862864e-02	  6.6637985e-02
ATAAGT	  1.9880092e-02	 -2.6417297e-01	 -1.3602854e-02
ATAATA	 -2.3439535e-01	 -1.6046184e-01	 -1.1032458e-01
ATAATC	  3.6570150e-02	  1.0957315e-01	  2.1637106e-01
ATAATG	  1.6088372e-01	  2.8735399e-01	  9.5220380e-02
ATAATT	  3.9634023e-02	 -2.2713503e-01	 -1.1396112e-01
ATACAA	 -7.6908983e-02	 -9.6355207e-02	  4.4207711e-02
ATACAC	 -1.3707919e-01	  2.4074405e-03	 -7.1354704e-03
ATACAG	  2.9444000e-01	  3.0502963e-01	  8.2821026e-02
ATACAT	 -1.5593520e-01	 -2.6756227e-01	 -1.2233147e-01
ATACCA	  1.2627511e-02	  5.9517581e-02	 -6.0881689e-02
ATACCC	 -1.7806388e-02	 -4.2863400e-03	 -4.2019766e-02
ATACCG	  2.4238552e-01	  4.8910102e-01	  6.3285118e-01
ATACCT	 -3.2790583e-02	 -1.7766328e-01	 -4.1412976e-02
ATACGA	  1.2927677e-01	 -3.1392589e-02	  2.2526249e-01
ATACGC	 -2.4142340e-02	  8.6252891e-02	  4.4645136e-03
ATACGG	  1.7266168e-01	  2.5859740e-01	  1.4152138e-02
ATACGT	 -2.4787940e-01	 -2.7457708e-01	 -2.3830962e-01
ATACTA	 -1.9295849e-01	 -1.5968913e-01	 -1.6384923e-01
ATACTC	  6.5912586e-04	  9.6392483e-02	  1.2360370e-01
ATACTG	  1.4659089e-01	  2.3911646e-01	  1.3556248e-02
ATACTT	 -1.7270055e-02	 -2.5892910e-01	  1.7708471e-02
ATAGAA	  3.0959018e-02	 -2.3377268e-02	 -1.5289880e-01
ATAGAC	  3.8565896e-02	  1.0398243e-01	  2.2267501e-01
ATAGAG	 -2.2714939e-02	  9.5581010e-02	  2.4041794e-02
ATAGAT	 -5.0060812e-02	 -1.6126002e-01	 -1.4099055e-02
ATAGCA	 -4.3583497e-02	  2.9268725e-02	 -2.0956062e-01
ATAGCC	  1.3648804e-01	  9.3841136e-02	  8.0072902e-02
ATAGCG	  9.4373256e-02	  3.4340882e-01	  8.6547565e-01
ATAGCT	 -6.1163634e-02	 -1.7940709e-01	 -1.4980294e-01
ATAGGA	  8.7826371e-02	  7.5040676e-02	 -1.2277050e-01
ATAGGC	  2.2534989e-02	  2.7096385e-02	  6.8340339e-02
ATAGGG	 -7.1686424e-02	 -4.9908296e-03	  9.2703640e-02
ATAGGT	 -1.0652579e-01	 -1.5042789e-01	 -4.8043272e-03
ATAGTA	 -1.2642385e-01	 -1.1846598e-01	 -4.3203380e-02
ATAGTC	  6.3214794e-02	  6.7351431e-02	  1.8841860e-01
ATAGTG	  1.2115765e-01	  2.1752371e-01	  2.0552609e-02
ATAGTT	 -4.5793429e-02	 -1.9350277e-01	 -1.1180557e-01
ATATAA	 -3.6762998e+00	  9.8569222e-02	  1.8522134e-01
ATATAC	  3.1965938e-01	  6.7175649e-02	  4.8710085e-02
ATATAG	 -3.3372352e+00	  3.7584901e-01	  1.2270404e-01
ATATAT	  1.6695702e-01	 -3.6886269e-01	 -2.4956656e-01
ATATCA	  4.0800631e-02	  1.0149984e-01	  3.8239285e-02
ATATCC	 -1.1307180e-02	  8.1994526e-02	  6.7348503e-02
ATATCG	  2.1351998e-01	  4.8450971e-01	  5.9408081e-01
ATATCT	 -4.8649166e-02	 -2.6336136e-01	 -1.9304448e-01
ATATGA	 -3.7864475e+00	  4.9271505e-02	  2.0417377e-01
ATATGC	  9.9491872e-02	  5.3110559e-02	 -4.3586832e-03
ATATGG	  2.6270461e-01	  2.1281984e-01	  2.7902437e-02
ATATGT	  6.5646529e-02	 -3.0927277e-01	 -2.8922129e-01
ATATTA	 -8.3258525e-02	 -6.3518994e-02	 -1.5679257e-01
ATATTC	  5.1274460e-02	  1.6251627e-01	  2.1688581e-01
ATATTG	  9.2678837e-02	  3.6234841e-01	 -6.5142147e-02
ATATTT	 -1.7152874e-02	 -3.3767435e-01	 -1.6559362e-02
ATCAAA	 -1.9579001e-01	 -6.2174130e-02	  3.3556826e-02
ATCAAC	  1.9385582e-01	  1.1189743e-01	  9.1259390e-02
ATCAAG	  2.1122657e-01	  2.4996923e-01	  7.7490561e-02
ATCAAT	 -1.7493728e-01	 -4.0642130e-01	 -2.3038678e-01
ATCACA	 -1.2463429e-01	  2.0207562e-02	 -1.4759610e-02
ATCACC	  2.1010695e-01	  1.0517457e-01	  1.5208755e-01
ATCACG	  1.6098374e-01	  1.2764040e-01	 -2.9228672e-02
ATCACT	 -1.3696222e-01	 -1.6898969e-01	 -1.2281611e-01
ATCAGA	 -2.4980170e-01	  3.0965524e-02	  1.2383807e-01
ATCAGC	  3.0019927e-01	  9.7459860e-02	  1.6169617e-02
ATCAGG	 -1.4358303e-01	  1.3971395e-02	 -6.6034041e-02
ATCAGT	  9.4221014e-04	 -1.7253509e-01	 -1.7557567e-01
ATCATA	 -3.9164340e-01	 -3.1759165e-02	 -3.3210480e-01
ATCATC	  2.8570229e-01	  1.0174616e-01	  3.3879921e-01
ATCATG	  7.4265413e-02	  1.4288613e-01	 -3.0355096e-01
ATCATT	 -1.5451944e-01	 -2.2081436e-01	  6.7415391e-03
ATCCAA	 -2.5442195e-01	  2.6627725e-02	  1.1860006e-01
ATCCAC	  3.7921865e-02	 -1.1655097e-01	 -3.8458850e-02
ATCCAG	  2.6264867e-01	  2.0057319e-01	 -3.1171918e-03
ATCCAT	 -2.8403297e-01	 -2.4296688e-01	 -9.5394827e-02
ATCCCA	 -2.2696194e-01	 -6.2898010e-02	 -1.4969510e-01
ATCCCC	  2.4455208e-01	  1.2702602e-01	  1.4439915e-01
ATCCCG	  4.4638276e-01	  4.5053551e-01	  4.0948272e-01
ATCCCT	 -1.7126886e-02	 -1.2124129e-01	  1.4307057e-02
ATCCGA	  4.9195006e-02	  5.4938704e-02	  3.1944337e-01
ATCCGC	 -5.7651572e-02	 -2.3021969e-01	 -3.3365977e-01
ATCCGG	  2.3102172e-01	  3.0278185e-01	 -9.8218173e-03
ATCCGT	 -2.6659748e-01	 -1.3405311e-01	  1.8708397e-02
ATCCTA	 -3.8797015e-01	 -6.0615256e-02	 -1.9485490e-01
ATCCTC	  2.4648966e-02	 -4.2168587e-02	  1.6066016e-01
ATCCTG	  2.7205938e-01	  1.9035387e-01	 -1.5411013e-01
ATCCTT	 -2.8086650e-01	 -1.8888052e-01	  5.6663815e-02
ATCGAA	 -2.6965538e-01	  5.7846300e-02	  9.6103236e-02
ATCGAC	  3.4064895e-01	  1.3220260e-01	  2.0553978e-01
ATCGAG	  6.6894412e-02	 -9.4769718e-03	 -1.7438404e-01
ATCGAT	 -1.8810740e-01	 -1.8174791e-01	 -6.9160059e-02
ATCGCA	 -1.5047444e-01	  4.8674822e-02	  1.9754663e-03
ATCGCC	  4.0131575e-01	  1.9695775e-01	  2.8099170e-01
ATCGCG	  4.8705135e-02	 -1.4791036e-01	 -1.6827123e-01
ATCGCT	 -3.5168707e-01	 -1.3319764e-01	 -1.8107572e-01
ATCGGA	 -1.9570954e-01	  9.7141810e-02	  1.6318832e-01
ATCGGC	  2.4776103e-01	  2.7309865e-02	 -6.8761170e-02
ATCGGG	  4.5066431e-02	  1.5514749e-02	 -1.0316061e-01
ATCGGT	 -2.8919604e-01	 -1.9443980e-01	 -3.7692890e-02
ATCGTA	 -4.4156799e-01	  2.5711818e-02	 -2.7368835e-01
ATCGTC	  2.2612253e-01	  1.4319108e-01	  3.8097852e-01
ATCGTG	  1.5434979e-01	 -2.8889958e-02	 -3.0326658e-01
ATCGTT	 -3.7033638e-01	 -1.0919528e-01	  3.5332784e-02
ATCTAA	 -4.2047362e+00	  9.6376851e-02	  8.2718976e-02
ATCTAC	  4.7746491e-01	  5.8755375e-02	  8.0226012e-02
ATCTAG	 -4.0829821e+00	  1.6643566e-01	 -4.0246253e-03
ATCTAT	  1.0583895e-01	 -4.0786862e-01	 -1.5542381e-01
ATCTCA	 -2.1270381e-01	  4.5936398e-02	 -6.4264879e-02
ATCTCC	  2.6948979e-01	  7.0912868e-02	  1.6334110e-01
ATCTCG	  8.1903391e-02	 -7.2210699e-02	  1.7864761e-01
ATCTCT	 -8.9997075e-02	 -9.8552793e-02	 -1.2228788e-01
ATCTGA	 -4.3027768e+00	  4.4984050e-02	  1.3267037e-01
ATCTGC	  2.2091210e-01	 -2.7847877e-02	 -5.3302765e-02
ATCTGG	  1.4370446e-01	  2.1449314e-01	  4.5774886e-03
ATCTGT	  1.7706832e-02	 -3.2959351e-01	 -1.1542320e-01
ATCTTA	 -1.9551666e-01	  1.7430242e-02	 -2.5358170e-01
ATCTTC	  2.1382889e-01	  1.0264692e-01	  2.5037086e-01
ATCTTG	  9.6206982e-03	  1.3415870e-01	 -2.5734845e-01
ATCTTT	 -1.3108532e-01	 -2.4457817e-01	 -1.3072912e-02
ATGAAA	 -1.4388688e-01	 -9.2908762e-02	 -1.7196068e-01
ATGAAC	  9.5403783e-02	  8.9563308e-03	  2.2391365e-01
ATGAAG	  1.9964071e-01	  2.3795095e-01	  5.7206243e-02
ATGAAT	 -1.1347339e-01	 -1.8817808e-01	 -1.7225586e-02
ATGACA	 -1.3547443e-01	 -2.0958735e-02	 -2.1214502e-01
ATGACC	  1.9645867e-01	  1.0430972e-01	  8.0059595e-02
ATGACG	  2.8111124e-01	  3.7507108e-01	  7.2308838e-01
ATGACT	 -7.3926412e-02	 -1.5661898e-01	 -1.3011312e-01
ATGAGA	 -1.2596098e-01	 -3.9162017e-02	 -1.3117796e-01
ATGAGC	  1.6844837e-01	  4.7473047e-02	  1.0549012e-01
ATGAGG	 -9.3939304e-03	  1.1890242e-01	  1.0875256e-02
ATGAGT	 -5.0388565e-03	 -1.6535641e-01	  5.1707532e-02
ATGATA	 -3.0787128e-01	 -9.0883724e-02	  7.2096912e-03
ATGATC	  1.2658457e-01	 -7.2486185e-02	  1.4326590e-01
ATGATG	  1.8624295e-01	  2.7719465e-01	 -1.9259878e-02
ATGATT	 -1.2060633e-01	 -3.0901101e-01	 -9.7642362e-02
ATGCAA	 -1.8354398e-01	 -7.9194739e-02	  1.0519537e-01
ATGCAC	  7.6992102e-03	 -4.4513016e-04	 -8.5651591e-02
ATGCAG	  2.5529343e-01	  2.1083604e-01	  2.5556961e-02
ATGCAT	 -2.5404644e-01	 -2.5707969e-01	 -1.1644521e-01
ATGCCA	 -4.7613807e-02	  9.4686799e-02	  1.4163262e-02
ATGCCC	  1.1325343e-01	  3.1733587e-02	  3.8633969e-02
ATGCCG	  4.2820752e-01	  4.5774776e-01	  5.1156133e-01
ATGCCT	 -1.1189023e-01	 -2.2750416e-01	 -1.3777722e-01
ATGCGA	 -4.6932183e-02	 -7.8344196e-02	  2.1882831e-01
ATGCGC	  5.9799630e-02	  8.0688726e-03	 -1.8570636e-01
ATGCGG	  1.5072532e-01	  2.0102158e-01	  5.4463174e-02
ATGCGT	 -2.6922053e-01	 -2.9185614e-01	 -1.8924613e-01
ATGCTA	 -3.1346717e-01	 -1.5974829e-01	 -1.4920589e-01
ATGCTC	  1.5730351e-02	  7.6020020e-03	  1.7523926e-01
ATGCTG	  2.3837437e-01	  2.0657286e-01	 -1.0012843e-01
ATGCTT	 -2.1968901e-01	 -2.3137151e-01	  5.1644839e-02
ATGGAA	 -1.2823734e-01	 -5.0571524e-02	  1.7740332e-02
ATGGAC	  1.4395599e-01	  1.1340632e-01	  8.5939817e-02
ATGGAG	  9.2421718e-02	  1.3527058e-01	 -8.9160062e-02
ATGGAT	 -4.6443764e-02	 -2.4722941e-01	  9.0948120e-03
ATGGCA	 -1.5405098e-01	  1.1819482e-02	 -2.3272600e-02
ATGGCC	  1.8515195e-01	  4.7237400e-02	 -7.7489562e-02
ATGGCG	  2.0328003e-01	  1.4171226e-01	  1.2948273e-01
ATGGCT	 -7.2742276e-02	 -9.2125520e-02	  3.6121182e-02
ATGGGA	 -6.5100402e-02	  1.1499641e-02	  1.5997186e-01
ATGGGC	  2.5883874e-01	  1.4566946e-01	 -1.6896909e-02
ATGGGG	 -1.1052582e-01	  3.8436692e-02	 -1.9608822e-01
ATGGGT	 -8.2561411e-02	 -3.1565338e-01	 -6.9508642e-02
ATGGTA	 -2.4375227e-01	 -1.4630221e-01	 -8.9919634e-02
ATGGTC	  1.0765291e-01	  7.2028898e-02	  1.8735595e-01
ATGGTG	  1.0207988e-01	  1.0018602e-01	 -2.8395197e-01
ATGGTT	 -7.9412960e-02	 -1.1581717e-01	  1.9724852e-01
ATGTAA	 -4.1890888e+00	 -1.5860625e-02	  1.9173577e-01
ATGTAC	  5.1442701e-01	  9.7285382e-02	 -3.2882772e-02
ATGTAG	 -3.9275577e+00	  2.4006096e-01	 -2.5070893e-02
ATGTAT	  1.3761149e-01	 -2.6655155e-01	 -2.6100558e-01
ATGTCA	 -9.8960936e-02	  1.1781234e-01	  3.8083326e-02
ATGTCC	  7.8758337e-02	  2.2460368e-02	  1.5280098e-02
ATGTCG	  4.9373519e-01	  4.0644124e-01	  5.6569231e-01
ATGTCT	 -5.0795753e-02	 -2.3689969e-01	 -1.5698676e-01
ATGTGA	 -4.1750212e+00	  2.2776809e-02	  1.4776294e-01
ATGTGC	  2.0236893e-01	 -7.8245439e-03	 -1.7109594e-01
ATGTGG	  2.2633584e-01	  2.3868799e-01	  2.0620787e-01
ATGTGT	 -1.8183907e-02	 -3.4345055e-01	 -3.5239708e-01
ATGTTA	 -1.4887463e-01	 -2.9086132e-02	 -1.7987247e-01
ATGTTC	  1.6722168e-01	  1.2415159e-01	  2.7487907e-01
ATGTTG	 -1.2850855e-02	  1.6314921e-01	 -2.3277973e-01
ATGTTT	 -1.7611982e-02	 -2.4661772e-01	  2.0190068e-02
ATTAAA	 -3.6187492e-02	 -2.1244822e-01	  2.5871987e-02
ATTAAC	  8.1362016e-03	  2.4212606e-01	  6.5261796e-02
ATTAAG	  1.7148829e-01	  1.6576003e-01	  3.1757504e-02
ATTAAT	 -9.1225572e-02	 -4.6758831e-02	 -1.0778049e-01
ATTACA	 -1.3412614e-01	 -1.2252845e-01	 -1.0029709e-01
ATTACC	  1.3181198e-01	  1.9386771e-01	  1.2369596e-01
ATTACG	  2.5441688e-01	  4.8757556e-01	  4.6855587e-01
ATTACT	  6.5442495e-02	 -6.4680561e-02	 -2.3126893e-02
ATTAGA	  4.3498180e-03	 -6.9536008e-02	  2.2653551e-01
ATTAGC	 -2.5311910e-02	 -2.9319001e-02	 -1.4556445e-01
ATTAGG	 -1.0171537e-01	  8.8787854e-02	 -9.8437734e-02
ATTAGT	  9.0814590e-02	  2.6219243e-02	 -1.9005671e-01
ATTATA	 -2.1654668e-01	 -9.6747667e-02	 -2.6066554e-01
ATTATC	  1.3722180e-01	  4.7122966e-02	  3.2312268e-01
ATTATG	  1.4038105e-01	  3.7093449e-01	 -8.1675075e-02
ATTATT	 -1.6154395e-02	 -3.1439912e-01	 -1.1506305e-02
ATTCAA	 -1.8681307e-01	 -6.7366138e-02	  2.2825785e-02
ATTCAC	 -3.3901222e-02	  2.3532226e-03	  5.3779092e-02
ATTCAG	  2.2133844e-01	  2.3755088e-01	  1.8690346e-02
ATTCAT	 -5.5402685e-02	 -2.5282428e-01	 -8.3231434e-02
ATTCCA	 -4.2183820e-02	  4.2255722e-02	 -2.7495345e-02
ATTCCC	 -2.1810431e-02	  8.6212782e-03	 -9.4185591e-02
ATTCCG	  2.0654404e-01	  4.1901878e-01	  7.1968210e-01
ATTCCT	  3.4366962e-02	 -1.2359001e-01	 -6.4222820e-02
ATTCGA	  3.1114753e-02	 -5.6111939e-02	  4.8873376e-02
ATTCGC	  1.0721255e-01	  2.8424477e-02	  2.5573898e-02
ATTCGG	  2.1034380e-02	  2.3520654e-01	  1.1658784e-02
ATTCGT	 -1.3713832e-01	 -2.8734872e-01	 -8.5894942e-02
ATTCTA	 -1.6672443e-01	 -7.2984070e-02	 -9.3190089e-02
ATTCTC	 -9.1477849e-02	 -9.0530865e-02	 -1.4785187e-02
ATTCTG	  1.6313936e-01	  2.3901838e-01	 -3.6114175e-02
ATTCTT	  1.4229904e-02	 -1.5957245e-01	  9.0180144e-02
ATTGAA	 -1.7593732e-02	 -1.3518175e-01	  1.2516880e-01
ATTGAC	  1.0798670e-01	  2.1320011e-01	  3.9415549e-02
ATTGAG	  1.6348200e-02	  3.5663545e-02	 -8.7584347e-02
ATTGAT	 -6.5361001e-02	 -4.2029575e-02	 -1.6368760e-01
ATTGCA	 -9.1804937e-02	  1.8105868e-02	 -2.7683329e-02
ATTGCC	  1.6344255e-01	  1.3173614e-01	  1.0761121e-01
ATTGCG	  1.3707112e-01	  2.9580483e-01	  3.3972102e-01
ATTGCT	 -4.9239829e-02	 -1.6791837e-01	 -9.8541394e-02
ATTGGA	  2.7976956e-02	  4.6949167e-02	  1.9611390e-01
ATTGGC	  8.2325742e-02	 -6.2422262e-04	  2.5356146e-02
ATTGGG	 -8.0112405e-03	  4.5892943e-02	 -2.0698820e-01
ATTGGT	 -1.1061491e-01	 -1.0792221e-01	 -2.1204609e-01
ATTGTA	 -2.0668803e-01	 -5.3739462e-02	 -2.5445738e-01
ATTGTC	  1.1587067e-01	  8.6332135e-02	  2.7995950e-01
ATTGTG	  1.5106221e-01	  1.9191019e-01	 -1.6160126e-01
ATTGTT	 -9.8400228e-02	 -2.7953655e-01	  5.0103255e-02
ATTTAA	 -4.1164289e+00	  4.3358057e-04	  9.9358335e-02
ATTTAC	  4.0253323e-01	  1.1745051e-01	  6.2948085e-02
ATTTAG	 -3.8222172e+00	  2.5232375e-01	  1.0844809e-02
ATTTAT	  2.0669821e-01	 -2.7139583e-01	 -1.4893009e-01
ATTTCA	 -8.2024243e-03	  6.6587001e-02	  1.7100722e-02
ATTTCC	  4.8760250e-02	  1.1930054e-01	  4.8132971e-02
ATTTCG	  8.5828556e-03	  1.5107416e-01	  4.2033517e-01
ATTTCT	 -2.3231035e-02	 -1.8110450e-01	 -1.1702365e-01
ATTTGA	 -4.0110655e+00	  6.0542161e-03	  1.6878459e-01
ATTTGC	  1.6009542e-01	  5.6468204e-02	 -4.5994334e-03
ATTTGG	  1.2970738e-01	  1.6733694e-01	 -5.1639680e-02
ATTTGT	  1.2762731e-01	 -2.9535779e-01	 -1.7798156e-01
ATTTTA	 -2.5555559e-02	 -6.4045586e-02	 -1.8918459e-01
ATTTTC	  5.2665491e-02	  6.7512691e-02	  2.3396212e-01
ATTTTG	  2.3068371e-01	  3.8848123e-01	 -6.3322723e-02
ATTTTT	 -1.7236891e-01	 -4.1985103e-01	 -1.9482367e-02
CAAAAA	 -1.2183310e-01	 -1.4169118e-01	 -6.1159424e-02
CAAAAC	 -1.8806890e-02	  8.9571670e-02	  8.8668704e-02
CAAAAG	  2.0110436e-01	  2.7455419e-01	  4.7453694e-02
CAAAAT	 -6.4338013e-03	 -1.8406232e-01	 -1.4025044e-02
CAAACA	 -5.5350691e-02	 -1.7443236e-02	 -1.1290140e-01
CAAACC	  6.2943377e-02	  1.6001302e-01	  8.8419043e-02
CAAACG	  2.1767649e-01	  2.6694897e-01	  4.0429103e-01
CAAACT	 -1.5872277e-02	 -1.8447083e-01	 -2.6986254e-02
CAAAGA	  1.7965561e-02	  5.4961372e-02	  1.1944621e-01
CAAAGC	  1.0194984e-01	  1.1325926e-01	  5.9125308e-02
CAAAGG	 -2.6391102e-02	  1.0821637e-01	 -5.5321641e-02
CAAAGT	 -8.0479868e-02	 -3.4559590e-01	 -1.8020472e-01
CAAATA	 -1.8992330e-01	 -6.2576368e-02	 -2.1132785e-01
CAAATC	  8.5444130e-02	  6.2263831e-02	  1.9815712e-01
CAAATG	  1.1123432e-01	  1.8894006e-01	  1.6992949e-03
CAAATT	 -8.2359007e-03	 -2.7122048e-01	  2.6717944e-02
CAACAA	 -2.2028321e-02	 -5.0147239e-02	  4.0515643e-02
CAACAC	 -1.6028142e-01	  7.8238770e-02	  4.6156179e-02
CAACAG	  2.4907637e-01	  2.0821778e-01	 -2.0659091e-02
CAACAT	 -2.1124111e-01	 -2.8992465e-01	 -5.5060744e-02
CAACCA	  6.0611390e-02	  1.3395438e-01	 -1.3419105e-02
CAACCC	  2.1991251e-02	  9.0356484e-02	  4.4291033e-03
CAACCG	  2.9175416e-01	  3.2125798e-01	  5.7765239e-01
CAACCT	 -1.0138927e-01	 -2.7575654e-01	 -9.3163237e-02
CAACGA	  2.8461279e-02	 -7.7519797e-02	  7.5120412e-02
CAACGC	  1.0437068e-01	  1.6992010e-01	  6.2739998e-02
CAACGG	  1.3425130e-01	  1.4987721e-01	  3.1424761e-02
CAACGT	 -2.2087747e-01	 -2.0234941e-01	 -1.2756418e-01
CAACTA	 -1.4224148e-01	 -9.7085617e-02	 -5.1642478e-02
CAACTC	 -9.6340537e-02	  6.3561029e-03	 -2.2978069e-02
CAACTG	  1.7453390e-01	  2.0866397e-01	 -7.9790205e-03
CAACTT	 -7.6142955e-03	 -1.9681975e-01	  5.7203528e-02
CAAGAA	  5.6623507e-02	  3.1658221e-02	  1.0364821e-01
CAAGAC	 -1.4063250e-01	 -3.0124366e-02	 -6.3294902e-02
CAAGAG	  4.4397425e-02	  1.2510173e-01	 -8.9674048e-02
CAAGAT	 -2.2840809e-02	 -2.1246460e-01	 -2.2714775e-02
CAAGCA	 -5.6415267e-02	  4.6913434e-02	 -9.2676803e-02
CAAGCC	  1.1421849e-01	  1.2469064e-01	  2.7201485e-02
CAAGCG	 -2.5817385e-01	 -1.0675025e-01	  1.5439029e-01
CAAGCT	  2.4578815e-02	 -1.8320101e-01	  2.4192346e-02
CAAGGA	  5.5414807e-02	  6.8780728e-02	  1.4844097e-01
CAAGGC	  5.2379142e-02	  4.5424372e-02	 -1.9282229e-02
CAAGGG	 -2.1868248e-02	  5.1104706e-02	 -1.3242073e-01
CAAGGT	 -1.2996890e-01	 -2.5109455e-01	 -1.2807032e-01
CAAGTA	 -8.5443422e-02	 -1.6185269e-02	 -1.0707872e-01
CAAGTC	  5.9194602e-03	  2.7103391e-02	  1.5811017e-01
CAAGTG	  4.1836012e-02	  8.6385347e-02	 -1.5181486e-01
CAAGTT	  9.5703611e-03	 -1.6126949e-01	  9.9106953e-02
CAATAA	 -3.9472175e+00	 -4.6485279e-02	  8.8744182e-03
CAATAC	  4.0898976e-01	  6.5663569e-02	  1.0497731e-01
CAATAG	 -3.6610634e+00	  2.2778824e-01	 -3.4177322e-02
CAATAT	  3.0252352e-01	 -2.0487395e-01	 -5.1073521e-02
CAATCA	  1.7214178e-03	  9.5634677e-02	 -1.8135916e-02
CAATCC	 -1.4007105e-02	  8.7806284e-02	  3.7433021e-02
CAATCG	  2.7095491e-01	  3.8060808e-01	  5.0336975e-01
CAATCT	 -2.5189739e-02	 -3.0954692e-01	 -1.0219140e-01
CAATGA	 -3.9129503e+00	 -8.0916965e-03	  5.9732001e-02
CAATGC	  1.4424600e-01	  7.8582801e-02	  8.1569828e-02
CAATGG	  1.2927061e-01	  1.4760907e-01	  4.3519707e-03
CAATGT	  1.8947601e-01	 -2.8539294e-01	 -1.6062462e-01
CAATTA	 -1.9907035e-02	  1.2815147e-02	 -1.7541018e-01
CAATTC	 -1.9768955e-02	  4.1260000e-02	  1.7047380e-01
CAATTG	  1.4784336e-01	  3.3421785e-01	 -1.2517554e-01
CAATTT	 -5.0782219e-02	 -3.4777385e-01	  1.2400048e-02
CACAAA	 -1.8582642e-01	 -9.3762808e-02	 -3.0478066e-02
CACAAC	  1.5284882e-01	  1.4961767e-01	  1.3919242e-01
CACAAG	  2.4057204e-01	  2.5420195e-01	  6.3116848e-02
CACAAT	 -1.7153896e-01	 -3.7816963e-01	 -1.2331939e-01
CACACA	 -2.3035502e-01	 -1.3851541e-01	 -2.5691271e-01
CACACC	  9.0777755e-02	  1.2607053e-01	  1.6623588e-01
CACACG	  4.7362763e-01	  3.0438015e-01	  2.1509850e-01
CACACT	  9.5123030e-02	  1.6409822e-02	  1.5347183e-01
CACAGA	 -2.4597849e-01	 -5.0888903e-02	  4.2628426e-02
CACAGC	  2.4583921e-01	  1.1260129e-01	  4.9272198e-02
CACAGG	 -3.8937744e-02	  5.1724397e-02	 -1.7100366e-02
CACAGT	  3.5666570e-04	 -1.1926426e-01	 -1.1384076e-01
CACATA	 -4.1591796e-01	 -7.2498746e-02	 -3.3234736e-01
CACATC	  2.7695203e-01	  1.3418300e-01	  3.3005041e-01
CACATG	  9.3147375e-02	  7.2165541e-02	 -2.1699102e-01
CACATT	 -1.1337403e-01	 -1.3032652e-01	  5.1389277e-02
CACCAA	 -1.7260963e-01	  6.3724518e-02	  1.7076351e-01
CACCAC	 -6.9108486e-02	 -5.3751122e-02	 -1.0333209e-01
CACCAG	  3.5990593e-01	  2.6357231e-01	  1.1942901e-02
CACCAT	 -2.9175854e-01	 -3.3805022e-01	 -5.8568835e-02
CACCCA	 -1.6522872e-01	 -4.6522763e-02	 -1.4047915e-01
CACCCC	  9.6200116e-02	  1.3191408e-01	  2.8361965e-02
CACCCG	  2.5811732e-01	  6.9048032e-02	  1.6354445e-01
CACCCT	 -3.9968798e-03	 -1.1851948e-01	  8.3575062e-02
CACCGA	  6.3956931e-02	 -2.3138113e-02	  2.8262278e-01
CACCGC	 -9.6000675e-03	  3.8251277e-02	 -2.3395260e-01
CACCGG	  3.2338387e-01	  2.7806342e-01	  1.0282596e-01
CACCGT	 -3.8671917e-01	 -3.0569616e-01	 -6.4877570e-02
CACCTA	 -2.8673685e-01	 -2.7782883e-02	  2.7340831e-02
CACCTC	 -5.1943809e-02	  5.2631278e-02	  3.4481410e-02
CACCTG	  1.6137077e-01	  3.9693847e-02	 -1.6772108e-01
CACCTT	 -1.1985939e-01	 -1.3459361e-01	  1.3347487e-01
CACGAA	 -1.2227079e-01	  1.3633801e-01	  4.6552390e-02
CACGAC	  1.9566660e-01	  1.4868574e-01	  2.2678791e-01
CACGAG	  9.7289652e-02	 -1.4392118e-02	 -1.1391494e-01
CACGAT	 -2.4315356e-01	 -2.8411269e-01	 -7.7081591e-02
CACGCA	 -8.6196316e-03	  2.1070042e-01	  4.7653362e-02
CACGCC	 -9.7727902e-02	 -2.2719504e-01	 -2.8149283e-01
CACGCG	  4.8390681e-01	  9.5245197e-02	  2.9159531e-01
CACGCT	  4.5626829e-03	  1.6879158e-01	  3.0904058e-01
CACGGA	 -1.1822123e-01	  1.1125673e-01	  1.4734814e-01
CACGGC	  2.6451951e-01	  9.7480834e-02	  3.1924210e-02
CACGGG	  9.7267672e-02	  1.0849431e-01	 -1.9050999e-02
CACGGT	 -4.1795900e-01	 -4.0423802e-01	 -1.6947429e-01
CACGTA	 -3.8278136e-01	 -1.3925439e-01	 -1.6262598e-01
CACGTC	  1.4682186e-01	  1.5813218e-01	  2.5338557e-01
CACGTG	  1.6637267e-01	 -3.5743799e-02	 -1.3178620e-01
CACGTT	 -3.2736668e-01	  4.0165260e-03	  2.3013879e-02
CACTAA	 -4.1122470e+00	  2.1273585e-02	  3.5337701e-02
CACTAC	  4.7617996e-01	  1.2123962e-01	  8.9156389e-02
CACTAG	 -3.9263732e+00	  2.0322257e-01	 -1.4074909e-02
CACTAT	  1.0314918e-01	 -4.2892268e-01	 -1.0213947e-01
CACTCA	  9.1734389e-03	  1.4759071e-01	  3.9375219e-02
CACTCC	  1.7241159e-02	 -8.3021693e-02	  1.4066410e-03
CACTCG	  6.2608188e-01	  3.0455005e-01	  4.8813120e-01
CACTCT	 -1.9081527e-01	 -1.2052867e-01	 -1.3585888e-01
CACTGA	 -4.1885099e+00	  5.3503223e-02	  1.5189134e-01
CACTGC	  5.9283644e-02	 -8.6816624e-02	 -1.9400294e-01
CACTGG	  2.3556449e-01	  2.5514627e-01	  1.0820208e-01
CACTGT	  4.8938554e-02	 -2.7590710e-01	 -3.9856113e-02
CACTTA	 -1.8172330e-01	  4.9626119e-03	 -1.8473491e-01
CACTTC	  2.5344777e-01	  1.7171116e-01	  2.4845619e-01
CACTTG	  5.7295550e-02	  9.7418994e-02	 -1.6816163e-01
CACTTT	 -1.7751983e-01	 -2.3080602e-01	 -2.2684366e-02
CAGAAA	 -1.3791546e-01	 -5.8298640e-02	 -6.5940390e-03
CAGAAC	  1.0132480e-01	  6.9262736e-02	  4.6632934e-02
CAGAAG	  1.6202827e-01	  1.6909887e-01	  9.9960649e-03
CAGAAT	 -1.0199539e-01	 -2.3654422e-01	 -3.2182690e-02
CAGACA	 -1.4350307e-01	 -2.4314642e-02	 -5.4250121e-02
CAGACC	  1.8724449e-01	  1.2004548e-01	  7.2580695e-02
CAGACG	  3.2033542e-01	  2.3772085e-01	  2.6188976e-01
CAGACT	 -1.1348794e-01	 -1.5626378e-01	 -6.4916402e-02
CAGAGA	 -8.5501157e-02	  9.7805317e-03	  1.5139124e-01
CAGAGC	  1.4446709e-01	  5.3778678e-02	 -2.0623339e-02
CAGAGG	  3.1857055e-02	  1.4588875e-01	 -6.4236030e-02
CAGAGT	 -1.0022976e-01	 -3.1886372e-01	 -1.6428241e-01
CAGATA	 -2.9776812e-01	 -7.5933225e-02	 -9.4000839e-02
CAGATC	  2.0420457e-01	 -5.6219704e-02	  1.6756929e-01
CAGATG	  9.0997063e-02	  2.1194670e-01	 -1.7672050e-01
CAGATT	 -9.8666616e-02	 -2.4874599e-01	  8.2646012e-02
CAGCAA	 -1.2618648e-01	 -4.3542288e-02	  4.7165278e-02
CAGCAC	 -1.7679462e-01	 -1.0302319e-01	 -8.3260842e-02
CAGCAG	  2.8479123e-01	  2.0153084e-01	  5.1459320e-02
CAGCAT	 -2.8814510e-01	 -2.0826702e-01	 -3.7778329e-02
CAGCCA	  3.1950474e-02	  1.6333361e-01	  4.8972644e-02
CAGCCC	  2.2739671e-01	  1.8984653e-01	  1.5123668e-01
CAGCCG	  4.1315538e-01	  4.1258067e-01	  4.8241675e-01
CAGCCT	 -2.5232342e-01	 -3.7357241e-01	 -2.1811238e-01
CAGCGA	 -1.3068594e-01	 -1.2721674e-01	  1.6042596e-01
CAGCGC	  1.2051908e-01	  6.0937356e-02	 -2.9654115e-02
CAGCGG	  1.5941648e-01	  1.8823324e-01	 -5.6829285e-02
CAGCGT	 -2.8397483e-01	 -2.5004330e-01	 -1.0478834e-01
CAGCTA	 -4.7044042e-01	 -2.5049892e-01	 -2.5183809e-01
CAGCTC	  1.7137403e-02	  4.1894596e-03	  1.9191971e-01
CAGCTG	  2.7770668e-01	  2.3975053e-01	 -8.3703570e-02
CAGCTT	 -1.5301900e-01	 -1.7796123e-01	  5.3735539e-02
CAGGAA	 -7.3038794e-02	  4.3289706e-02	  1.2839472e-01
CAGGAC	  1.8377416e-01	  1.7399539e-01	  1.8025565e-01
CAGGAG	 -9.9661471e-03	 -4.4762753e-02	 -2.3708570e-01
CAGGAT	 -4.1316338e-02	 -1.6195288e-01	  8.5183876e-03
CAGGCA	 -1.7064235e-01	 -1.9823438e-02	 -3.5705797e-02
CAGGCC	  3.2132980e-01	  2.1737970e-01	  1.3084117e-01
CAGGCG	 -7.2353724e-03	  3.1718668e-02	  5.4343682e-02
CAGGCT	 -1.4155312e-01	 -1.7171444e-01	 -7.2532244e-02
CAGGGA	 -1.3639936e-01	 -2.8618883e-02	  1.6214690e-01
CAGGGC	  2.2820996e-01	  6.7741044e-02	 -2.5192482e-02
CAGGGG	 -2.3077205e-02	  1.8127948e-01	 -1.0767638e-01
CAGGGT	 -1.3069165e-01	 -3.2567477e-01	 -1.8190503e-01
CAGGTA	 -2.9192263e-01	 -1.4904624e-01	 -9.4002895e-02
CAGGTC	  1.4983548e-01	  1.7392907e-01	  2.5087431e-01
CAGGTG	  1.1082763e-01	  6.0791954e-02	 -2.1518861e-01
CAGGTT	 -1.5712571e-01	 -1.5349516e-01	  9.2515156e-02
CAGTAA	 -4.4429402e+00	 -7.5925097e-02	  2.1743478e-02
CAGTAC	  5.3646219e-01	  1.2148277e-01	  9.3949236e-02
CAGTAG	 -4.2806802e+00	  1.6306305e-01	 -1.6461864e-02
CAGTAT	  2.3732851e-01	 -2.0424686e-01	 -8.0632992e-02
CAGTCA	 -6.0978547e-02	  1.2605655e-01	 -8.2676653e-03
CAGTCC	  1.1114515e-01	  7.3555164e-02	  9.3049571e-02
CAGTCG	  3.9301211e-01	  2.6155120e-01	  5.5168474e-01
CAGTCT	 -9.5439106e-02	 -2.6823139e-01	 -1.8838394e-01
CAGTGA	 -4.5550046e+00	 -5.8786768e-02	  8.6694196e-02
CAGTGC	  3.2495245e-01	  1.5333964e-01	  1.3146457e-01
CAGTGG	  7.6279268e-02	  6.7728154e-02	 -1.0254414e-01
CAGTGT	  1.4246485e-01	 -1.8039170e-01	 -1.3527414e-01
CAGTTA	 -1.3608606e-01	 -1.0366389e-02	 -1.3634701e-01
CAGTTC	  1.7142963e-01	  1.0236420e-01	  2.5566155e-01
CAGTTG	  7.7737749e-02	  2.6422480e-01	 -1.5759486e-01
CAGTTT	 -9.6340857e-02	 -2.9860088e-01	 -6.2866658e-02
CATAAA	 -1.0041526e-01	 -2.1615601e-01	 -1.4938829e-03
CATAAC	  5.2172039e-02	  2.4951056e-01	  1.1909452e-01
CATAAG	  2.3532541e-01	  1.6605526e-01	  3.9686188e-02
CATAAT	 -9.7399496e-02	 -4.5248739e-02	 -1.0445752e-01
CATACA	 -1.9200405e-01	 -3.1733401e-02	 -5.7794847e-02
CATACC	  1.0516213e-02	  1.4128453e-01	  1.6753012e-01
CATACG	  7.4041776e-02	  2.6771411e-01	  2.3542117e-01
CATACT	  1.7093654e-01	 -1.6439272e-01	 -1.3901891e-01
CATAGA	 -1.0316120e-01	 -1.1295561e-01	  1.4152209e-01
CATAGC	  1.3588928e-01	  1.0222396e-01	  5.9214309e-02
CATAGG	 -1.2831824e-01	  8.1537776e-02	 -1.2008716e-01
CATAGT	  7.2166465e-02	 -3.4972589e-02	 -2.0956095e-01
CATATA	 -2.6278061e-01	 -1.3990113e-01	 -3.8297588e-01
CATATC	  1.8310726e-01	  1.0765772e-01	  2.8866383e-01
CATATG	  5.4914981e-02	  2.4478228e-01	 -1.5273114e-01
CATATT	  4.0547993e-02	 -2.3445958e-01	  1.2779503e-01
CATCAA	 -1.0637282e-01	 -6.6073969e-02	  1.0891247e-01
CATCAC	 -1.4489911e-01	 -4.4614103e-02	 -7.3409323e-03
CATCAG	  2.7231869e-01	  2.1539137e-01	 -1.0352501e-01
CATCAT	 -1.6552173e-01	 -1.8050343e-01	 -2.3614639e-02
CATCCA	  1.5766963e-03	  4.3515559e-02	 -4.6133645e-02
CATCCC	 -4.2734899e-02	  5.8305155e-02	 -9.1148257e-02
CATCCG	  2.1003313e-01	  3.3661622e-01	  6.4169616e-01
CATCCT	  1.6206955e-03	 -1.6274801e-01	 -4.8201963e-02
CATCGA	  4.6760008e-02	 -1.1397952e-01	  1.6554312e-01
CATCGC	 -4.3926138e-02	  5.9709124e-02	 -4.4457331e-02
CATCGG	  1.8612771e-01	  2.3173864e-01	 -6.1223146e-02
CATCGT	 -1.8226969e-01	 -2.0166822e-01	 -9.3585514e-02
CATCTA	 -1.4803246e-01	 -4.5079991e-02	 -2.3444308e-02
CATCTC	 -7.4989237e-02	 -2.6473027e-02	 -7.0644789e-03
CATCTG	  1.5690893e-01	  1.6323987e-01	 -5.2780531e-02
CATCTT	 -2.1616155e-02	 -1.4515311e-01	  6.0635164e-02
CATGAA	  2.9253287e-02	 -9.8603658e-02	  9.2676163e-02
CATGAC	  6.5374441e-02	  2.1152028e-01	  1.0212155e-01
CATGAG	  1.0509542e-02	 -3.3476941e-02	 -1.4424789e-01
CATGAT	 -9.8775864e-02	 -2.1413920e-02	 -6.9872543e-02
CATGCA	 -3.9684970e-02	  2.5314488e-02	  5.3011230e-05
CATGCC	 -1.1506996e-02	  4.0805534e-02	 -1.7768893e-01
CATGCG	  1.8769476e-01	  1.7250641e-01	  4.3659395e-01
CATGCT	  1.9061673e-02	 -1.2627758e-01	  6.3823797e-02
CATGGA	  4.1781001e-02	  1.0197616e-01	  1.6729094e-01
CATGGC	  1.0871400e-01	  3.6678307e-02	  3.7514232e-02
CATGGG	  3.0250382e-02	  1.1650089e-01	 -7.2653376e-02
CATGGT	 -1.7853080e-01	 -3.0309328e-01	 -2.0718437e-01
CATGTA	 -1.9293092e-01	 -1.0890754e-02	 -1.0424244e-01
CATGTC	  8.3116472e-02	  6.5147333e-02	  2.1012774e-01
CATGTG	  1.4102142e-01	  1.6446385e-01	 -1.3542412e-01
CATGTT	 -9.8207377e-02	 -2.8219527e-01	  1.7975496e-02
CATTAA	 -3.9792366e+00	 -1.2870427e-02	  1.1387873e-01
CATTAC	  4.2078453e-01	  1.4080827e-01	  7.1487293e-02
CATTAG	 -3.7669697e+00	  1.7532340e-01	 -7.8244254e-02
CATTAT	  2.3221901e-01	 -2.7092871e-01	 -1.4513060e-01
CATTCA	 -1.1609823e-02	  7.6537654e-02	  4.5021242e-03
CATTCC	  5.2616235e-02	  9.6270226e-02	  6.6588424e-02
CATTCG	  1.9645381e-01	  3.0545571e-01	  5.4898530e-01
CATTCT	 -4.7898941e-02	 -2.1918096e-01	 -1.6946043e-01
CATTGA	 -3.8106954e+00	 -2.0487809e-03	  1.6321878e-01
CATTGC	  1.6145742e-01	  5.9065845e-02	 -1.5162555e-02
CATTGG	  1.5198430e-01	  2.2305438e-01	  1.9958422e-02
CATTGT	  8.8395558e-02	 -3.0732375e-01	 -2.0143278e-01
CATTTA	 -7.9827294e-02	 -3.7967287e-02	 -1.5522344e-01
CATTTC	  2.7509974e-02	  3.7971833e-03	  2.0754556e-01
CATTTG	  1.5595569e-01	  2.9232886e-01	 -1.3847364e-01
CATTTT	 -7.6708660e-02	 -2.6759252e-01	 -6.5760100e-03
CCAAAA	 -8.5239001e-02	 -5.2663740e-02	  6.2927075e-02
CCAAAC	  3.7730291e-02	  1.0637085e-01	  6.4080901e-02
CCAAAG	  6.1587755e-02	  1.3095888e-01	 -7.4738264e-02
CCAAAT	 -2.7660339e-03	 -2.5160623e-01	 -5.5092629e-02
CCAACA	 -1.0906552e-01	 -9.0330794e-02	 -5.1682565e-02
CCAACC	  4.8144326e-02	  8.4718414e-02	  2.8859377e-02
CCAACG	  2.9817370e-01	  5.2543104e-01	  2.6489496e-01
CCAACT	  4.1934598e-02	 -1.3278355e-01	 -5.7189157e-03
CCAAGA	 -6.6827178e-02	 -1.7964646e-02	  1.1715002e-01
CCAAGC	  1.6872358e-01	  1.0668149e-01	  4.5551796e-02
CCAAGG	 -1.1424275e-01	  8.9599140e-02	 -5.9120737e-02
CCAAGT	  3.0901644e-02	 -2.1994567e-01	 -1.6898935e-01
CCAATA	 -1.9496733e-01	 -1.5522751e-01	 -1.7267053e-01
CCAATC	 -2.6423588e-02	 -4.1385271e-02	  1.6299012e-01
CCAATG	  1.4910240e-01	  3.1459162e-01	 -4.6379011e-02
CCAATT	  1.4864747e-02	 -3.3790016e-01	  3.7989512e-02
CCACAA	 -1.0083727e-01	 -1.2177286e-01	  5.5346124e-02
CCACAC	 -1.4695443e-01	 -2.1430127e-02	 -7.9872075e-04
CCACAG	  2.3303483e-01	  2.2226135e-01	 -2.4652025e-02
CCACAT	 -1.9052531e-01	 -2.9530066e-01	 -2.6840314e-02
CCACCA	 -6.2417671e-02	  2.6330352e-02	 -8.6845167e-02
CCACCC	  4.4045188e-02	 -3.6182944e-04	 -6.4467536e-03
CCACCG	  8.9955457e-02	  2.6424471e-01	  2.6293808e-01
CCACCT	  8.4439572e-03	 -1.3640574e-01	  1.4588393e-02
CCACGA	  1.7121331e-01	 -7.3215485e-02	  2.3879227e-01
CCACGC	 -1.5883178e-01	 -5.3583171e-02	 -2.1580771e-01
CCACGG	  1.8885030e-01	  2.6059887e-01	  4.2810246e-02
CCACGT	 -1.9433333e-01	 -2.4670090e-01	 -2.0758051e-02
CCACTA	 -1.2409846e-01	 -4.0089246e-02	  5.1315263e-02
CCACTC	  3.0231984e-02	  7.9260163e-02	  1.2233157e-01
CCACTG	  6.9002502e-02	  7.5848073e-02	 -1.7329545e-01
CCACTT	 -8.0971666e-02	 -2.1782269e-01	  6.8502292e-02
CCAGAA	 -4.0012401e-02	 -5.2243184e-02	  2.7278848e-02
CCAGAC	 -1.6501253e-02	  4.7453339e-03	 -1.0045270e-02
CCAGAG	  4.3979127e-02	  1.4351715e-01	 -4.5475036e-02
CCAGAT	  1.0935690e-02	 -2.0619453e-01	  2.3402968e-02
CCAGCA	 -2.1916898e-02	  6.8526521e-02	  4.1037727e-02
CCAGCC	  1.4858293e-02	 -5.8396611e-02	 -1.4507772e-01
CCAGCG	  2.6167789e-01	  6.1252367e-01	  5.1277137e-01
CCAGCT	 -3.9835207e-02	 -1.9786330e-01	 -1.0064478e-02
CCAGGA	  2.3719165e-02	  5.7674974e-02	  1.5296282e-01
CCAGGC	 -8.2742982e-02	 -1.1544023e-01	 -1.1747820e-01
CCAGGG	  1.1427941e-01	  1.9725931e-01	 -3.8285170e-02
CCAGGT	 -3.1306896e-02	 -1.9266419e-01	 -4.5374904e-02
CCAGTA	 -1.1434150e-01	 -1.0600943e-01	 -9.4091557e-02
CCAGTC	 -2.9943530e-02	 -7.7611588e-02	  9.3604274e-02
CCAGTG	  1.2472261e-01	  2.4120730e-01	 -4.9695477e-02
CCAGTT	 -5.6759924e-02	 -2.8310278e-01	  2.7358187e-02
CCATAA	 -4.0364323e+00	 -6.6706158e-02	  3.0191418e-02
CCATAC	  4.0669766e-01	  3.4959354e-02	  1.4280446e-01
CCATAG	 -3.8400097e+00	  2.8187329e-01	 -2.2825858e-02
CCATAT	  2.5642872e-01	 -2.7711663e-01	 -1.1789014e-01
CCATCA	  4.8897713e-03	  8.1412673e-02	  6.5469787e-02
CCATCC	  4.4698242e-02	  3.9662000e-02	 -9.5899580e-03
CCATCG	  2.3881572e-01	  6.1206830e-01	  5.1934826e-01
CCATCT	 -6.8730175e-02	 -2.9819095e-01	 -1.6456224e-01
CCATGA	 -3.9042811e+00	  4.9539354e-02	  1.6777241e-01
CCATGC	  1.0622697e-01	  3.0638508e-03	 -2.5822887e-02
CCATGG	  2.3808032e-01	  2.1716267e-01	  4.1451760e-02
CCATGT	  1.3276950e-02	 -3.3031291e-01	 -1.9876640e-01
CCATTA	 -3.8377199e-02	 -5.0926480e-02	 -1.6590748e-02
CCATTC	 -4.5309879e-02	 -2.6798544e-02	  1.4516100e-01
CCATTG	  8.0993168e-02	  3.5308319e-01	 -1.8349028e-01
CCATTT	  6.5204379e-04	 -3.4588322e-01	 -3.0417817e-02
CCCAAA	 -2.1933481e-01	 -1.8529233e-01	 -1.0548791e-01
CCCAAC	  1.4734589e-01	  6.6780157e-02	  1.7651200e-01
CCCAAG	  1.6510996e-01	  2.3557301e-01	  1.0657280e-02
CCCAAT	 -5.3688258e-02	 -2.4907085e-01	  8.0842199e-03
CCCACA	 -3.3175215e-02	  2.7555116e-02	 -7.7351056e-02
CCCACC	  2.0339239e-02	 -6.5109789e-02	  7.8387178e-02
CCCACG	  3.4085229e-01	  4.4654202e-01	  1.3918975e-01
CCCACT	 -1.2706780e-01	 -1.4798200e-01	 -8.3393872e-02
CCCAGA	 -1.6132221e-01	  9.2652574e-02	  2.6550382e-01
CCCAGC	  1.2518081e-01	 -4.7310993e-02	 -1.0380945e-01
CCCAGG	 -1.9145417e-01	  2.3759509e-02	 -1.2569842e-01
CCCAGT	  1.5192381e-01	 -9.5176138e-02	 -3.7935339e-02
CCCATA	 -3.7730092e-01	 -6.1488792e-02	 -1.6967756e-01
CCCATC	  1.2834962e-01	 -6.2144861e-02	  2.0989005e-01
CCCATG	  1.6261820e-01	  2.6481512e-01	 -2.3178372e-01
CCCATT	 -1.9110096e-01	 -2.7341726e-01	 -3.5974193e-02
CCCCAA	 -1.9627334e-01	 -1.1578277e-01	  1.3092822e-01
CCCCAC	 -7.6794475e-02	  5.4557882e-02	 -5.8764037e-02
CCCCAG	  2.6047662e-01	  1.8649553e-01	 -2.2944555e-02
CCCCAT	 -3.0253661e-01	 -3.7127909e-01	 -6.6417247e-02
CCCCCA	 -8.2309872e-02	 -5.7684393e-03	 -8.8723905e-02
CCCCCC	 -3.4108270e-02	 -7.1110986e-02	  5.7027720e-02
CCCCCG	  2.9272690e-01	  3.7301210e-01	  2.3647705e-01
CCCCCT	  1.1320182e-03	 -1.7505142e-01	 -2.4974015e-02
CCCCGA	  4.5328300e-02	 -4.6745542e-02	  3.2540148e-01
CCCCGC	 -1.1032253e-02	  8.9002214e-02	 -9.0745129e-02
CCCCGG	  2.5854349e-01	  2.0797591e-01	  1.7025438e-03
CCCCGT	 -4.7502071e-01	 -4.2629665e-01	 -2.6506016e-01
CCCCTA	 -3.4821731e-01	 -1.2140547e-01	  2.6265834e-02
CCCCTC	 -6.0079549e-02	 -3.0538825e-02	  7.5508870e-02
CCCCTG	  2.7123871e-01	  2.2884710e-01	 -1.3356708e-01
CCCCTT	 -2.8030348e-01	 -3.1889710e-01	  1.8144103e-02
CCCGAA	 -1.0525421e-01	  1.3067691e-01	  1.5360379e-01
CCCGAC	  9.7043358e-02	 -5.8739677e-02	  7.3827147e-02
CCCGAG	  1.0227723e-02	 -1.5089808e-02	 -1.5588664e-01
CCCGAT	 -7.8527406e-02	 -9.0438403e-02	  7.7995405e-02
CCCGCA	 -3.1558525e-02	  1.9032171e-01	  8.2646519e-02
CCCGCC	 -6.2496223e-02	 -2.2222002e-01	 -1.5757231e-01
CCCGCG	  3.6019817e-01	  2.1402426e-01	  1.2743343e-01
CCCGCT	 -9.2364743e-02	  1.0575833e-01	  1.6867155e-01
CCCGGA	  1.2382413e-01	  2.2110529e-01	  3.9228800e-01
CCCGGC	  2.4036897e-02	 -8.0952697e-02	 -1.3409787e-01
CCCGGG	 -7.5595789e-02	  4.7540907e-03	 -1.9621570e-01
CCCGGT	 -1.7138088e-02	 -1.4529200e-01	  1.4541467e-01
CCCGTA	 -3.3373818e-01	  1.2932603e-02	  1.7298026e-02
CCCGTC	 -2.2232288e-01	 -2.8722313e-01	 -2.1961223e-02
CCCGTG	  3.4671995e-01	  2.4264628e-01	 -7.6209351e-02
CCCGTT	 -3.0121121e-01	 -5.3968374e-03	  1.2093396e-01
CCCTAA	 -4.2806425e+00	 -2.2560257e-02	  5.6315839e-02
CCCTAC	  4.3727958e-01	  6.0738392e-02	  9.1009989e-02
CCCTAG	 -4.1762934e+00	  1.8515842e-01	 -1.2370150e-01
CCCTAT	  2.2629441e-01	 -3.8915542e-01	 -6.3908719e-02
CCCTCA	 -3.6675405e-02	  1.4959170e-01	  4.9750493e-03
CCCTCC	  7.0379055e-03	 -1.0701916e-01	  2.4632774e-02
CCCTCG	  4.6634698e-01	  3.4318209e-01	  3.7553602e-01
CCCTCT	 -1.0922432e-01	 -1.3838919e-01	 -1.3588585e-01
CCCTGA	 -4.2382941e+00	 -5.5993423e-02	  1.5431803e-01
CCCTGC	  2.0543073e-01	  7.5613417e-02	 -3.2455832e-02
CCCTGG	  1.2797491e-01	  1.6643329e-01	 -1.2629686e-02
CCCTGT	 -2.2817235e-02	 -3.6277771e-01	 -1.4415424e-01
CCCTTA	 -2.4309671e-01	  1.3864349e-02	 -9.2919633e-02
CCCTTC	  1.5102048e-01	  4.7113720e-02	  1.9598234e-01
CCCTTG	  8.1311241e-02	  2.1356817e-01	 -2.1139941e-01
CCCTTT	 -1.3729611e-01	 -2.9221776e-01	 -7.0382759e-02
CCGAAA	 -8.2598694e-02	 -6.5612055e-02	  5.1057898e-02
CCGAAC	  8.2224004e-02	  4.4915568e-02	  2.8796250e-02
CCGAAG	  9.7865917e-02	  1.6419919e-01	 -2.9965330e-02
CCGAAT	 -1.2011252e-01	 -2.8906041e-01	 -4.7805618e-02
CCGACA	 -9.6443176e-02	 -1.9603077e-02	  3.5056788e-02
CCGACC	  4.5830846e-02	 -5.3129513e-02	 -1.3329439e-01
CCGACG	  3.4235615e-01	  3.7446499e-01	  2.5292873e-01
CCGACT	 -1.4955153e-01	 -1.2135835e-01	 -1.2451835e-02
CCGAGA	 -2.8918567e-01	 -1.3253269e-01	  9.7928599e-02
CCGAGC	  4.2705262e-01	  2.5813448e-01	  1.8095472e-01
CCGAGG	 -4.8581418e-02	  8.3859585e-02	 -1.2402838e-01
CCGAGT	 -8.1869192e-02	 -2.3972861e-01	 -1.2711728e-01
CCGATA	 -3.0001310e-01	 -1.4835815e-01	 -8.7419793e-02
CCGATC	  9.2076629e-02	 -1.3386843e-01	  1.3890582e-01
CCGATG	  1.4069647e-01	  2.7214181e-01	 -1.3690311e-01
CCGATT	 -1.1433338e-01	 -3.1688797e-01	  5.3965863e-02
CCGCAA	 -2.9489824e-01	 -1.9463885e-01	  1.5250117e-01
CCGCAC	 -7.3813066e-02	 -9.0505838e-02	 -1.4386371e-01
CCGCAG	  2.5963154e-01	  2.3355551e-01	 -6.9228940e-02
CCGCAT	 -4.1953611e-01	 -3.3500725e-01	  7.5321913e-02
CCGCCA	 -1.2222215e-02	  1.3185909e-01	  1.0722396e-01
CCGCCC	  9.6813254e-02	 -1.7747868e-02	 -2.4920510e-01
CCGCCG	  4.2848200e-01	  4.2284477e-01	  3.4481272e-01
CCGCCT	 -3.0877778e-01	 -2.9813558e-01	 -4.5717269e-02
CCGCGA	 -7.0013225e-02	 -1.9416006e-01	  3.6880547e-01
CCGCGC	 -8.8795230e-02	 -8.3238393e-02	 -2.9804456e-01
CCGCGG	  1.9650584e-01	  2.0678517e-01	 -7.5392991e-02
CCGCGT	 -2.3015057e-01	 -1.8443446e-01	  2.2936399e-01
CCGCTA	 -3.8008094e-01	 -9.4222516e-02	  1.1904199e-01
CCGCTC	 -4.1123759e-02	 -6.1309531e-02	  8.7820888e-03
CCGCTG	  2.5350156e-01	  2.1164097e-01	 -6.4785846e-02
CCGCTT	 -4.3302318e-01	 -3.6426160e-01	  2.3789678e-03
CCGGAA	 -1.4758942e-01	 -8.5735843e-02	  1.3586712e-01
CCGGAC	  6.5448858e-02	 -2.8652176e-02	 -4.4298436e-02
CCGGAG	  7.5167276e-02	  1.2945284e-01	 -1.2003618e-01
CCGGAT	 -6.3413180e-02	 -2.0200139e-01	  2.2333559e-02
CCGGCA	 -3.7708700e-02	  1.2760054e-01	  1.7829412e-01
CCGGCC	  7.7078342e-02	 -6.4485654e-02	 -1.7548144e-01
CCGGCG	  2.5256956e-01	  3.1693932e-01	  2.9919797e-01
CCGGCT	 -2.1297303e-01	 -1.5119272e-01	 -6.1317965e-02
CCGGGA	 -1.1135364e-01	 -6.6817760e-02	  1.9212461e-01
CCGGGC	  7.1919635e-02	 -5.8979493e-02	 -1.0469256e-01
CCGGGG	  1.8306382e-01	  3.5017166e-01	  4.2705949e-02
CCGGGT	 -2.2628975e-01	 -4.4603890e-01	 -2.1635383e-01
CCGGTA	 -3.8077033e-01	 -1.8207446e-01	 -9.8977089e-02
CCGGTC	  2.7641304e-02	 -3.0487452e-02	  1.3078772e-01
CCGGTG	  1.9421078e-01	  1.6680394e-01	 -1.7248015e-01
CCGGTT	 -2.6744321e-01	 -1.9658238e-01	  1.0509796e-01
CCGTAA	 -3.5688443e+00	 -1.2883286e-01	  3.6859263e-02
CCGTAC	  5.2765173e-01	  1.6304323e-01	  1.3076369e-01
CCGTAG	 -3.4521027e+00	  1.9263016e-01	 -2.2165414e-03
CCGTAT	  2.1167892e-01	 -2.3841360e-01	 -1.4043379e-01
CCGTCA	  6.3580051e-02	  3.1051770e-01	  1.6647561e-01
CCGTCC	  2.9745024e-01	  1.5096830e-01	  2.8327288e-02
CCGTCG	  5.5283880e-01	  3.5935709e-01	  6.0894197e-01
CCGTCT	 -3.8183254e-01	 -3.5914099e-01	 -2.1703996e-01
CCGTGA	 -3.5565181e+00	 -6.6091090e-02	  1.4733851e-01
CCGTGC	  1.6042897e-01	  3.0103074e-02	 -5.8731880e-02
CCGTGG	  2.1115522e-01	  1.7843990e-01	 -4.4869944e-02
CCGTGT	 -1.1781313e-01	 -2.5251770e-01	 -4.3744992e-02
CCGTTA	 -9.9593535e-02	  1.2314202e-02	 -4.0030509e-02
CCGTTC	  1.7161509e-01	  9.0461455e-02	  1.9210604e-01
CCGTTG	  6.6257201e-02	  2.4430919e-01	 -5.8174755e-02
CCGTTT	 -1.3861702e-01	 -3.1496942e-01	 -1.0634273e-01
CCTAAA	  1.8828961e-03	 -1.4215583e-01	  5.4258432e-02
CCTAAC	 -5.9624467e-02	  1.6666093e-01	  6.9641247e-02
CCTAAG	  9.7719096e-02	  5.6688305e-02	  6.4542028e-03
CCTAAT	 -6.1944820e-02	 -2.2764366e-02	 -1.5496117e-01
CCTACA	 -4.6226118e-02	  1.5829302e-02	  2.9295778e-02
CCTACC	  2.8665802e-02	  2.7847039e-02	 -4.2218596e-02
CCTACG	  1.2521498e-01	  4.5677125e-01	  3.9163113e-01
CCTACT	 -2.4525146e-03	 -2.2740981e-01	 -1.2079839e-01
CCTAGA	 -1.0586777e-01	 -8.2193375e-02	  1.7765808e-01
CCTAGC	  1.4863083e-01	  8.7250255e-02	 -1.4428538e-02
CCTAGG	 -2.2350228e-01	 -6.6760674e-02	 -1.8006578e-01
CCTAGT	  1.7356345e-01	  9.2863820e-02	 -1.1523807e-01
CCTATA	 -1.3122979e-01	 -1.3303810e-01	 -1.8800439e-01
CCTATC	  9.3223117e-02	 -4.3556627e-02	  2.1360236e-01
CCTATG	  5.6365039e-02	  3.2519701e-01	 -1.1724940e-01
CCTATT	 -1.7681403e-02	 -4.1797927e-01	  4.2585485e-02
CCTCAA	 -5.7508904e-02	 -9.9317759e-02	  1.0357309e-01
CCTCAC	 -5.2109551e-02	  5.8952361e-02	  8.5344814e-02
CCTCAG	  8.5122168e-02	  9.7594403e-02	 -2.3585077e-01
CCTCAT	 -7.5640157e-02	 -2.0017652e-01	  1.0681850e-01
CCTCCA	  1.7553346e-01	  1.7465505e-01	  6.0845602e-02
CCTCCC	 -2.4069408e-01	 -1.6432334e-01	 -2.7307174e-01
CCTCCG	  2.0083161e-01	  3.5995659e-01	  4.6839020e-01
CCTCCT	  4.6637166e-02	 -7.0885584e-02	  8.3474815e-02
CCTCGA	  2.2385995e-01	 -1.2976041e-01	  2.2357167e-01
CCTCGC	  5.2023992e-02	  1.5929990e-01	  6.7478165e-02
CCTCGG	 -5.0853252e-02	  6.9827721e-02	 -2.1408278e-01
CCTCGT	 -1.8425903e-01	 -2.4640843e-01	  2.6956327e-02
CCTCTA	 -1.4779036e-01	 -7.5597726e-02	  5.0275333e-02
CCTCTC	 -6.2988289e-02	 -2.2444665e-02	  3.5379075e-02
CCTCTG	  1.5085290e-01	  1.7223740e-01	 -1.5941441e-01
CCTCTT	 -8.1632487e-02	 -2.2071430e-01	  7.5439036e-02
CCTGAA	  3.1118177e-02	 -2.1449056e-02	  1.3999185e-01
CCTGAC	 -1.3227178e-01	  2.3244832e-02	 -4.6690281e-02
CCTGAG	  2.8692944e-02	 -1.1698651e-01	 -1.0441890e-01
CCTGAT	  4.8285410e-02	  1.5967646e-01	 -1.4812692e-02
CCTGCA	 -6.8597002e-03	  6.4153485e-02	  7.4595511e-02
CCTGCC	 -5.1483002e-02	 -7.0429221e-02	 -2.7357903e-01
CCTGCG	  2.3059061e-01	  4.6574584e-01	  5.3815496e-01
CCTGCT	  2.8390141e-02	 -1.1570106e-01	  4.8622284e-02
CCTGGA	  1.2890126e-01	  1.2730011e-01	  2.6249543e-01
CCTGGC	 -1.2952029e-02	 -7.5572841e-02	 -5.9271239e-02
CCTGGG	 -1.3383225e-01	 -3.0606899e-02	 -2.5665393e-01
CCTGGT	  8.0823421e-02	 -1.1330241e-02	  5.3066943e-02
CCTGTA	 -3.8375854e-01	 -3.0213150e-01	 -3.1010866e-01
CCTGTC	  1.5076372e-02	 -8.6092658e-02	  1.9743307e-01
CCTGTG	  2.2563854e-01	  3.3159789e-01	  1.1327224e-02
CCTGTT	  5.4512951e-03	 -2.6511276e-01	  5.6841493e-02
CCTTAA	 -4.1151094e+00	  3.1238913e-03	  2.3337817e-02
CCTTAC	  4.2000213e-01	  1.0033146e-01	  1.4776206e-01
CCTTAG	 -3.9801283e+00	  1.3299920e-01	 -9.4199225e-02
CCTTAT	  2.5407988e-01	 -2.6379097e-01	 -7.9869948e-02
CCTTCA	  3.5626203e-02	  8.7116882e-02	  5.7957720e-02
CCTTCC	 -4.4691302e-02	 -2.1792548e-02	 -8.3392873e-02
CCTTCG	  4.2218897e-02	  4.0592963e-01	  4.6019632e-01
CCTTCT	  7.2057704e-03	 -1.8073897e-01	 -9.6142262e-02
CCTTGA	 -3.9692290e+00	 -6.8433695e-03	  7.4484669e-02
CCTTGC	  1.5465504e-01	  6.4708151e-02	  3.0891418e-02
CCTTGG	  1.1495863e-01	  1.2373182e-01	 -4.3266609e-02
CCTTGT	  1.1965151e-01	 -2.8453633e-01	 -6.5000273e-02
CCTTTA	 -6.8889973e-03	  2.8899390e-02	 -1.9247791e-01
CCTTTC	 -1.6039690e-02	 -1.4680906e-01	  1.5931676e-01
CCTTTG	  1.0587535e-01	  3.1552878e-01	 -1.5396628e-01
CCTTTT	 -7.5340644e-02	 -3.7172315e-01	  2.9305262e-02
CGAAAA	  1.8634651e-02	 -6.9119595e-02	  8.7700233e-02
CGAAAC	 -1.7660806e-01	 -6.1231013e-02	 -1.5213887e-01
CGAAAG	  1.3555433e-01	  2.4403049e-01	  1.3902821e-03
CGAAAT	 -1.2896612e-02	 -2.1259676e-01	  1.9581575e-02
CGAACA	  1.2955731e-01	  8.5192300e-02	  7.7348001e-02
CGAACC	  1.6599268e-01	  2.9007182e-01	  1.3147089e-01
CGAACG	  1.6429748e-01	  4.6448401e-01	  3.9188343e-01
CGAACT	 -2.1169752e-01	 -4.3264318e-01	 -2.0039074e-01
CGAAGA	  4.0517669e-02	  8.4484242e-02	  2.0386893e-01
CGAAGC	  7.6234482e-02	  1.0473518e-01	 -3.2768700e-02
CGAAGG	 -8.2389139e-02	  2.4445429e-02	 -1.0254814e-01
CGAAGT	 -3.7845738e-02	 -3.3051026e-01	 -1.9966309e-01
CGAATA	 -1.8934801e-01	  4.4997560e-04	 -1.1483259e-01
CGAATC	  1.1162362e-01	  4.0043637e-02	  1.6517520e-01
CGAATG	  1.3545559e-02	  1.3621022e-01	 -4.9328212e-02
CGAATT	  2.9792653e-02	 -3.0283812e-01	  7.0373961e-03
CGACAA	 -1.7790800e-02	  1.9349011e-02	  1.3298038e-01
CGACAC	  3.1589963e-02	  1.1731558e-01	  4.4063289e-02
CGACAG	 -1.8554812e-02	 -4.6924218e-03	 -1.9258477e-01
CGACAT	  2.4270343e-02	 -1.5942958e-01	  1.1446377e-01
CGACCA	  9.7206175e-02	  1.3165742e-01	 -4.7167379e-02
CGACCC	  1.7743163e-02	  4.9292389e-03	 -2.4789117e-02
CGACCG	  4.9966916e-02	  3.2530767e-01	  3.2954544e-01
CGACCT	 -1.0402645e-01	 -2.4251224e-01	 -3.9761726e-02
CGACGA	  6.8192661e-02	 -1.1115933e-01	  2.5315171e-01
CGACGC	 -3.1936686e-02	  1.2888579e-01	 -1.5026194e-01
CGACGG	  5.1125783e-02	  7.1648866e-02	 -9.4990574e-02
CGACGT	 -1.0196082e-01	 -2.4790969e-01	 -2.2763848e-02
CGACTA	 -9.5645152e-02	 -6.4032800e-02	  2.8184082e-02
CGACTC	 -4.3350663e-02	  4.5318834e-02	 -5.8373244e-04
CGACTG	  1.4718914e-01	  1.3235198e-01	 -4.5802861e-02
CGACTT	 -9.4118431e-02	 -2.0817181e-01	  2.6514646e-02
CGAGAA	  1.7448051e-01	  1.7473736e-01	  3.1664923e-01
CGAGAC	 -2.4284606e-01	 -2.3819937e-01	 -3.1029999e-01
CGAGAG	  2.9405919e-01	  3.6093378e-01	  1.6183260e-01
CGAGAT	 -1.4444250e-01	 -2.8356874e-01	 -1.1622391e-01
CGAGCA	 -1.2955549e-02	  6.8123876e-03	 -3.6863547e-02
CGAGCC	  6.3556343e-02	  4.1699689e-02	 -1.6280875e-01
CGAGCG	 -1.6331391e-01	  1.7105581e-01	  2.2574823e-01
CGAGCT	 -1.0329036e-02	 -1.6432545e-01	  6.8055995e-02
CGAGGA	  1.4340362e-01	  1.9264154e-01	  3.4737825e-01
CGAGGC	 -1.2862375e-02	 -6.7384519e-02	 -1.4742003e-01
CGAGGG	  1.3692017e-01	  2.0418635e-01	 -8.6756926e-03
CGAGGT	 -2.6203388e-01	 -3.7271929e-01	 -2.6888776e-01
CGAGTA	 -3.3856615e-01	 -3.4833413e-01	 -3.1293619e-01
CGAGTC	  1.3150077e-01	  1.2400410e-01	  1.4753602e-01
CGAGTG	  2.1256347e-01	  2.5136542e-01	  1.0189710e-01
CGAGTT	 -5.4904617e-02	 -1.2165045e-01	  7.2681651e-02
CGATAA	 -3.5871592e+00	 -1.8982494e-02	  1.0730969e-01
CGATAC	  5.0525463e-01	  8.5231744e-02	  8.6054325e-02
CGATAG	 -3.5120933e+00	  1.7330568e-01	 -1.6600446e-01
CGATAT	  1.7566207e-01	 -2.6092753e-01	 -5.9854191e-02
CGATCA	  1.6677728e-01	  1.7345791e-01	  1.2359378e-01
CGATCC	  1.4106166e-01	  1.8721603e-01	  1.6725026e-01
CGATCG	  2.3239364e-01	  6.1441720e-01	  5.0000060e-01
CGATCT	 -1.9921567e-01	 -3.8805902e-01	 -2.5461456e-01
CGATGA	 -3.6208541e+00	 -1.3991787e-02	  1.6055208e-01
CGATGC	  1.5516649e-01	  1.3470580e-01	 -1.8933957e-02
CGATGG	  1.1564077e-01	  7.4718371e-02	 -6.8710342e-02
CGATGT	  1.4048523e-01	 -2.6307589e-01	 -1.3993958e-01
CGATTA	  8.7144837e-02	  5.4688722e-02	  1.0745779e-01
CGATTC	 -1.4653157e-01	 -1.1730199e-01	 -4.4856943e-02
CGATTG	  1.1845576e-01	  3.9664018e-01	 -1.1099064e-01
CGATTT	  3.5609797e-02	 -2.8626132e-01	  3.5847973e-02
CGCAAA	 -1.6354819e-01	 -1.0875120e-02	  1.0586382e-01
CGCAAC	  8.2949869e-02	  1.0144943e-01	  1.1744709e-02
CGCAAG	  2.6922843e-01	  1.9998352e-01	  1.1718051e-02
CGCAAT	 -3.6477408e-01	 -4.8220113e-01	 -1.8032147e-01
CGCACA	 -7.8175850e-02	  1.2726769e-02	 -1.0351542e-02
CGCACC	  1.2580388e-02	 -8.4223360e-02	 -1.1272924e-01
CGCACG	  2.9350030e-01	  2.5121382e-01	  3.0708108e-02
CGCACT	 -1.3218372e-01	 -3.9165307e-02	  1.5806800e-01
CGCAGA	 -2.1012104e-01	  1.3082935e-02	  1.7078353e-01
CGCAGC	  2.3915976e-01	  1.1939182e-01	  8.2575209e-02
CGCAGG	 -2.5905777e-02	  4.5675453e-02	 -9.4597533e-02
CGCAGT	 -1.9619322e-01	 -2.8250101e-01	 -2.5580657e-01
CGCATA	 -5.5521500e-01	 -1.1173727e-01	 -2.0103805e-01
CGCATC	  3.1360841e-01	  1.1536954e-01	  2.6689488e-01
CGCATG	  5.7611624e-03	  5.5328850e-02	 -2.8265110e-01
CGCATT	 -2.1212746e-01	 -1.3402918e-01	  6.6751033e-02
CGCCAA	 -3.0315848e-02	  1.2024131e-01	  3.6916375e-01
CGCCAC	 -2.0614943e-01	 -1.0494172e-01	 -2.7146262e-01
CGCCAG	  4.0361950e-01	  3.1263390e-01	  4.8311487e-02
CGCCAT	 -2.9312441e-01	 -3.6341733e-01	  9.5488373e-03
CGCCCA	 -1.5164995e-01	 -1.0325664e-01	 -1.6723578e-01
CGCCCC	  1.8474418e-01	  1.6486064e-01	  8.9019602e-03
CGCCCG	 -1.8725412e-01	 -7.2128356e-02	 -1.1068475e-01
CGCCCT	  1.5294473e-01	  2.4137989e-02	  2.9862988e-01
CGCCGA	 -3.6308631e-02	 -2.3325750e-01	  2.9850727e-01
CGCCGC	 -3.0222724e-03	  1.0597207e-01	 -9.9467680e-02
CGCCGG	  1.1405842e-01	  3.3830855e-02	 -1.4029582e-01
CGCCGT	 -2.2933576e-01	 -2.9525101e-01	  8.2517155e-02
CGCCTA	 -9.3334578e-02	  1.1481427e-01	  2.9295859e-01
CGCCTC	 -6.2139392e-02	 -9.8921906e-04	 -5.0254174e-02
CGCCTG	  7.7907234e-02	 -5.4421678e-02	 -2.7759832e-01
CGCCTT	 -9.9779576e-02	  8.3180897e-02	  3.4613618e-01
CGCGAA	 -2.2417638e-01	  9.5328510e-02	  2.9278269e-01
CGCGAC	  2.5029880e-01	  1.8319894e-01	  1.3652281e-01
CGCGAG	  2.7027929e-01	  1.6752087e-01	  6.4054549e-02
CGCGAT	 -5.5657566e-01	 -3.6884731e-01	 -3.2959807e-01
CGCGCA	 -1.3021637e-01	  2.4304631e-01	  1.4690034e-01
CGCGCC	 -6.4624916e-03	 -2.3403370e-01	 -2.7968100e-01
CGCGCG	  1.1897928e-01	  6.2570050e-02	 -3.9155304e-02
CGCGCT	 -3.4767263e-02	  2.2385199e-01	  4.1076845e-01
CGCGGA	 -8.9902826e-02	  1.5157527e-01	  2.5578660e-01
CGCGGC	  2.6639009e-01	  1.6130270e-01	  1.1313467e-01
CGCGGG	  5.8264319e-02	  9.4187826e-02	 -1.8099967e-02
CGCGGT	 -6.0912848e-01	 -6.0900545e-01	 -3.3710492e-01
CGCGTA	 -3.3738256e-01	  8.8128068e-02	  9.1459136e-03
CGCGTC	 -2.0611668e-02	  5.3029463e-02	  1.7395948e-01
CGCGTG	  1.4674641e-01	 -6.4424284e-02	 -2.4677454e-01
CGCGTT	 -3.5552198e-01	 -2.1691646e-03	  9.2066079e-02
CGCTAA	 -3.9860694e+00	 -3.3473365e-02	  6.6682175e-02
CGCTAC	  4.3930465e-01	  8.4365316e-02	  8.4887110e-02
CGCTAG	 -3.9009864e+00	  1.9920190e-01	 -1.4076973e-01
CGCTAT	  1.0035406e-01	 -3.5128537e-01	 -5.5711318e-02
CGCTCA	 -6.9638342e-02	  2.0648615e-01	  1.0261946e-01
CGCTCC	  2.0443086e-01	  8.8845631e-03	 -1.0319599e-02
CGCTCG	  2.8961584e-01	  1.2871444e-01	  2.3027094e-01
CGCTCT	 -2.7908579e-01	 -2.3042817e-01	 -1.2593296e-01
CGCTGA	 -4.0840192e+00	 -5.0584696e-02	  1.2975697e-01
CGCTGC	  1.7263930e-01	  1.0555776e-01	  4.1221201e-02
CGCTGG	  9.7215235e-02	  8.1512757e-02	 -1.1604936e-01
CGCTGT	 -1.3157059e-02	 -2.8534463e-01	 -6.0509488e-02
CGCTTA	 -1.5706736e-01	  1.6268912e-01	  6.4762071e-02
CGCTTC	  4.3116730e-01	  2.0694044e-01	  2.7399230e-01
CGCTTG	 -3.0739567e-01	 -1.0460011e-02	 -3.4334391e-01
CGCTTT	 -1.9720426e-01	 -2.4943428e-01	 -1.2639653e-02
CGGAAA	 -7.1269475e-02	 -2.7049999e-03	  8.4890984e-02
CGGAAC	  1.4872199e-01	  6.2480796e-02	  9.9531114e-02
CGGAAG	  8.3483614e-02	  7.1681701e-02	 -1.0198308e-01
CGGAAT	 -2.3581660e-01	 -2.1100663e-01	 -5.9260912e-02
CGGACA	 -5.1691607e-02	  1.5065021e-02	 -6.7313057e-03
CGGACC	  1.8435574e-01	  6.4963669e-02	  7.1794763e-02
CGGACG	 -1.3210006e-03	  1.4032346e-01	  5.1546089e-02
CGGACT	 -1.6264756e-01	 -2.0070417e-01	 -9.5333278e-02
CGGAGA	  3.3133946e-02	  1.0023863e-01	  2.5844738e-01
CGGAGC	  1.8205106e-01	  1.6662110e-01	  1.8684989e-02
CGGAGG	 -4.8149817e-02	 -1.7832655e-02	 -7.2951891e-02
CGGAGT	 -2.0708457e-01	 -3.5979733e-01	 -2.6798740e-01
CGGATA	 -1.1154743e-01	 -2.8015139e-02	 -5.9007954e-02
CGGATC	 -2.7898280e-02	 -3.1981719e-01	 -2.6217507e-02
CGGATG	  1.1487511e-01	  3.0117431e-01	 -7.8732662e-02
CGGATT	 -3.9083019e-02	 -1.5856019e-01	  1.4115432e-01
CGGCAA	 -2.3001583e-01	 -1.8156496e-01	  1.1909480e-01
CGGCAC	 -4.7072861e-02	 -5.0477865e-03	 -4.1864153e-02
CGGCAG	  1.9255449e-01	  1.5791924e-01	 -8.9985453e-02
CGGCAT	 -2.7686527e-01	 -2.4594183e-01	  5.3174373e-02
CGGCCA	 -2.7696462e-02	  1.0968178e-01	  2.6927862e-02
CGGCCC	  2.8159177e-01	  1.2852575e-01	  6.6641271e-02
CGGCCG	  6.8329945e-02	  2.5589868e-01	  1.7595477e-01
CGGCCT	 -2.8843540e-01	 -3.6784819e-01	 -1.3509801e-01
CGGCGA	 -5.7993930e-02	 -2.0645900e-01	  1.7470004e-01
CGGCGC	  5.2938864e-02	  5.8069378e-02	 -1.3277516e-01
CGGCGG	  4.9411573e-02	  9.1735460e-02	 -1.7836286e-03
CGGCGT	 -2.3392047e-01	 -2.9985946e-01	  2.6949516e-02
CGGCTA	 -4.6666548e-01	 -3.6018381e-01	 -7.2581530e-02
CGGCTC	 -1.6730517e-01	 -1.4422953e-01	 -6.7744717e-02
CGGCTG	  3.3851668e-01	  2.8685352e-01	 -4.4473819e-02
CGGCTT	 -1.7334388e-01	 -7.0186101e-02	  2.1491987e-01
CGGGAA	 -5.6365721e-02	  3.8751371e-02	  2.4600233e-01
CGGGAC	  3.5070771e-01	  3.3438426e-01	  2.6543716e-01
CGGGAG	 -3.2092683e-02	 -4.8145507e-02	 -2.7890217e-01
CGGGAT	 -1.9577868e-01	 -2.7758229e-01	 -8.7772198e-02
CGGGCA	 -1.6761410e-01	 -4.2957745e-02	 -9.6200086e-02
CGGGCC	  3.6524990e-01	  1.8865395e-01	  1.9664444e-01
CGGGCG	 -3.2243350e-01	 -1.0245410e-01	 -2.4402902e-01
CGGGCT	 -2.0569218e-03	 -3.1404890e-02	  1.3149545e-01
CGGGGA	 -5.7110060e-02	  3.8378309e-02	  2.1241808e-01
CGGGGC	  2.7643779e-01	  1.1990699e-01	  1.6693039e-02
CGGGGG	 -9.4186239e-02	  1.4815074e-01	 -1.3441851e-02
CGGGGT	 -3.0406904e-01	 -4.7359127e-01	 -2.9670569e-01
CGGGTA	 -7.4428603e-02	 -2.6270719e-03	  1.0707121e-01
CGGGTC	  2.5890175e-01	  2.5998211e-01	  4.0913558e-01
CGGGTG	  1.0119179e-01	  5.0839111e-02	 -2.8525126e-01
CGGGTT	 -3.9887059e-01	 -3.0311558e-01	 -1.1732780e-01
CGGTAA	 -3.6215432e+00	 -6.1200857e-02	  9.9151572e-03
CGGTAC	  5.3915858e-01	  1.6927502e-01	  1.5133685e-01
CGGTAG	 -3.6152892e+00	  5.4164980e-02	 -8.1215933e-02
CGGTAT	  1.9957393e-01	 -1.7885478e-01	 -5.8299527e-02
CGGTCA	 -6.0267996e-02	  1.7256078e-01	 -2.2551615e-02
CGGTCC	  1.6926141e-01	  4.0869154e-02	  5.0314575e-02
CGGTCG	  1.3232163e-01	  1.2873115e-01	  2.7561897e-01
CGGTCT	 -1.5658782e-01	 -3.1586015e-01	 -1.0478073e-01
CGGTGA	 -3.7521503e+00	 -8.9854680e-02	 -6.6832760e-03
CGGTGC	  3.5940033e-01	  2.7893913e-01	  1.5353775e-01
CGGTGG	 -4.3917079e-03	 -4.7560342e-02	 -1.0084942e-01
CGGTGT	  1.4398338e-01	 -1.4550897e-01	  5.2783426e-02
CGGTTA	 -5.0759729e-02	 -3.2936722e-02	  4.1488085e-02
CGGTTC	  1.8227492e-01	  1.0537076e-01	  1.9031058e-01
CGGTTG	  1.1493591e-02	  1.9689204e-01	 -1.6378020e-01
CGGTTT	 -1.4970753e-01	 -2.6112074e-01	 -1.0320950e-01
CGTAAA	  4.6573460e-02	 -9.7828671e-02	  2.4437454e-02
CGTAAC	 -1.3435844e-02	  1.5798302e-01	  1.5224764e-01
CGTAAG	  4.5097880e-02	  2.8306015e-03	 -7.8577995e-02
CGTAAT	 -1.0601908e-01	 -2.4813155e-02	 -9.0872720e-02
CGTACA	 -1.8947300e-01	 -7.6753661e-02	 -6.8277851e-02
CGTACC	  1.2958214e-01	  1.0865656e-01	  4.8051916e-02
CGTACG	  4.7392700e-02	  4.2447114e-01	  3.9778554e-01
CGTACT	  6.3148141e-02	 -1.9642977e-01	 -1.0216019e-01
CGTAGA	 -3.9318196e-02	 -6.0184322e-02	  1.2429392e-01
CGTAGC	  1.5851611e-01	  8.2440130e-02	  9.7867981e-02
CGTAGG	 -9.7037449e-02	  2.3317406e-02	 -9.2088081e-02
CGTAGT	 -3.1430382e-02	 -3.2026131e-02	 -2.0728673e-01
CGTATA	 -2.7672037e-01	 -1.7196788e-01	 -3.4524006e-01
CGTATC	  2.2082189e-01	  1.0118671e-01	  2.4828802e-01
CGTATG	  9.8553915e-03	  2.5093573e-01	  1.8252185e-02
CGTATT	  2.3292530e-02	 -2.6991877e-01	  2.1642812e-02
CGTCAA	 -1.3271499e-01	 -9.3843438e-02	  1.2862267e-01
CGTCAC	 -1.2954508e-01	 -1.4942615e-02	 -4.0622182e-02
CGTCAG	  2.2048700e-01	  1.8381797e-01	 -1.0726849e-01
CGTCAT	 -1.0187797e-01	 -1.7828810e-01	  2.3645580e-02
CGTCCA	  4.4298515e-02	  9.5891029e-02	 -1.4774150e-03
CGTCCC	 -3.4718052e-02	 -4.0848266e-02	 -1.8261796e-01
CGTCCG	 -8.0703005e-02	  1.3445328e-01	  1.9880542e-01
CGTCCT	  1.4881058e-02	 -1.0891301e-01	  7.4167572e-02
CGTCGA	  1.3833584e-01	 -1.2512623e-01	  1.3591331e-01
CGTCGC	 -7.4682064e-02	  4.6215530e-02	 -8.2258753e-02
CGTCGG	  3.6131281e-02	  1.5014558e-01	 -1.2636499e-01
CGTCGT	 -6.8330683e-02	 -2.6261872e-01	  1.0258913e-01
CGTCTA	  5.7642195e-02	  1.2607980e-01	  1.8488710e-01
CGTCTC	 -2.7988294e-01	 -1.8083690e-01	 -2.0720325e-01
CGTCTG	  2.8757471e-01	  2.0783170e-01	  2.8135320e-02
CGTCTT	 -1.4575191e-03	 -2.6161637e-02	  1.7543368e-01
CGTGAA	  2.4516385e-02	  3.2812629e-02	  1.9929864e-01
CGTGAC	  2.4841301e-01	  2.9065743e-01	  2.5315273e-01
CGTGAG	 -1.9513421e-02	 -1.4366049e-01	 -2.5005460e-01
CGTGAT	 -1.7518412e-01	 -6.7671984e-02	 -1.4711764e-01
CGTGCA	 -7.1712837e-02	  6.6532552e-02	  6.5710978e-04
CGTGCC	  1.2798709e-02	 -1.1136638e-01	 -2.5291839e-01
CGTGCG	  1.9701472e-02	  3.6043561e-01	  3.6643839e-01
CGTGCT	  4.4824898e-02	 -9.1233678e-02	  1.3251247e-01
CGTGGA	  3.1944752e-02	  1.0877945e-01	  2.2281441e-01
CGTGGC	  2.1159075e-01	  1.6960324e-01	  7.3359229e-02
CGTGGG	  3.5432950e-02	  6.7546815e-02	 -8.9063674e-02
CGTGGT	 -2.8447717e-01	 -3.7036648e-01	 -2.1464105e-01
CGTGTA	 -1.5729524e-01	 -1.6719723e-02	 -4.1405458e-02
CGTGTC	  7.3665157e-02	  8.4088683e-02	  2.0694825e-01
CGTGTG	  1.1839111e-01	  1.1988562e-01	 -8.6892910e-02
CGTGTT	 -1.7107593e-01	 -3.0810699e-01	 -6.3952118e-02
CGTTAA	 -3.5345831e+00	 -4.5224003e-02	  5.8623631e-02
CGTTAC	  4.6411932e-01	  2.1306163e-01	  1.0617065e-01
CGTTAG	 -3.4447353e+00	  1.5421155e-01	 -1.3537973e-01
CGTTAT	  1.9862328e-01	 -3.9112940e-01	 -4.1629102e-02
CGTTCA	 -1.1230267e-01	 -1.8674564e-02	 -4.7237046e-02
CGTTCC	  7.1465954e-02	  1.0483988e-01	  8.5560037e-03
CGTTCG	  6.1594900e-02	  3.8564026e-01	  4.5662892e-01
CGTTCT	  2.6321629e-02	 -1.9717513e-01	 -8.5033707e-02
CGTTGA	 -3.3465259e+00	  1.0655180e-01	  2.6585114e-01
CGTTGC	  2.6683599e-01	  2.1491049e-01	  9.1486670e-02
CGTTGG	 -8.0164433e-02	 -1.0695534e-01	 -2.4675129e-01
CGTTGT	  1.7242968e-01	 -1.4120539e-01	  9.3169687e-03
CGTTTA	 -9.9091772e-03	 -3.2032933e-02	 -6.4412959e-02
CGTTTC	  3.7875131e-02	 -1.1340997e-01	  1.0372760e-01
CGTTTG	  6.1705317e-02	  2.9545468e-01	 -7.3407672e-02
CGTTTT	 -6.7431554e-02	 -2.1540910e-01	 -1.0363022e-02
CTAAAA	 -1.5231532e-01	 -1.5286513e-01	 -2.3248148e-01
CTAAAC	  1.0728351e-02	  1.6399610e-01	  2.5993273e-01
CTAAAG	  2.4204817e-01	  2.9117176e-01	  1.3737977e-01
CTAAAT	 -2.2966223e-02	 -2.4840289e-01	 -5.8577163e-03
CTAACA	 -7.8970455e-02	 -4.4448525e-02	 -2.4255784e-01
CTAACC	  9.6153200e-02	  1.5201481e-01	  9.9822983e-02
CTAACG	  2.6242504e-01	  3.5262045e-01	  7.5337815e-01
CTAACT	 -1.8257929e-02	 -1.5475629e-01	 -1.0749210e-01
CTAAGA	 -4.4791307e-02	  2.8224060e-02	 -1.0894043e-01
CTAAGC	  8.3997384e-02	  7.0989676e-02	  1.1583197e-01
CTAAGG	 -2.4220054e-03	  1.1104826e-01	  4.1719347e-02
CTAAGT	 -1.3754671e-02	 -2.7407008e-01	 -1.7279429e-02
CTAATA	 -1.5313815e-01	 -3.2317914e-02	 -2.1739514e-03
CTAATC	  7.0513718e-02	  1.6234951e-01	  2.4462438e-01
CTAATG	  2.1512718e-01	  2.7004051e-01	  8.3799317e-02
CTAATT	 -1.0034034e-01	 -3.5674745e-01	 -2.0442323e-01
CTACAA	 -7.9940110e-02	 -3.3496905e-02	  2.4679830e-02
CTACAC	 -8.6140037e-02	  9.1163747e-02	  8.6792395e-02
CTACAG	  1.9974348e-01	  9.7696647e-02	 -8.4283851e-02
CTACAT	 -2.2227663e-01	 -2.0444395e-01	  7.0797338e-04
CTACCA	 -6.3815609e-02	  5.9857368e-02	 -8.2543537e-02
CTACCC	  6.1751172e-02	  6.5055571e-02	 -8.2983360e-02
CTACCG	  1.6270222e-01	  2.8345713e-01	  6.2593836e-01
CTACCT	 -4.0086359e-03	 -1.8642448e-01	 -2.2613702e-02
CTACGA	  6.3019551e-02	  1.7055027e-02	  2.0300183e-01
CTACGC	  5.4095555e-02	  9.9434763e-02	 -1.2083522e-02
CTACGG	  1.5240484e-01	  1.2070670e-01	 -8.9839622e-02
CTACGT	 -3.0406424e-01	 -2.3691206e-01	 -1.1397952e-01
CTACTA	 -2.1047314e-01	 -1.4855282e-01	 -1.3859935e-01
CTACTC	 -7.7715628e-02	 -8.1371665e-03	 -1.4437537e-03
CTACTG	  2.7154070e-01	  2.7548131e-01	  8.0377840e-02
CTACTT	 -7.5417906e-02	 -1.9981390e-01	  3.7657384e-02
CTAGAA	 -2.3977978e-03	 -2.6210936e-02	 -1.6344973e-01
CTAGAC	 -1.2768865e-01	 -4.5723535e-02	  1.0410397e-01
CTAGAG	  1.3642454e-01	  1.8801424e-01	  4.6240151e-02
CTAGAT	 -6.7464970e-02	 -2.0544496e-01	  6.6930398e-02
CTAGCA	 -1.0963541e-02	  6.6175461e-02	 -1.4358464e-01
CTAGCC	  3.8659733e-02	  5.8837902e-02	 -3.5070829e-02
CTAGCG	  1.8299524e-01	  3.6724490e-01	  8.7143445e-01
CTAGCT	 -4.4969559e-02	 -2.2670417e-01	 -1.4289600e-01
CTAGGA	  2.1150770e-02	  8.8526137e-02	 -1.1237213e-01
CTAGGC	  5.4728389e-02	  8.9383777e-03	  4.3709792e-02
CTAGGG	  3.9516054e-02	  9.4661817e-02	  7.5361520e-02
CTAGGT	 -1.4106162e-01	 -3.3543366e-01	  1.7843544e-02
CTAGTA	 -9.0541482e-02	 -3.1247554e-02	  3.6401216e-02
CTAGTC	 -5.0425928e-02	  2.5156021e-02	  1.1438528e-01
CTAGTG	  2.6406357e-01	  2.3748744e-01	  3.5043847e-02
CTAGTT	 -2.0092708e-01	 -2.7589500e-01	 -1.4285031e-01
CTATAA	 -3.6579709e+00	 -3.5478525e-02	  6.8963766e-02
CTATAC	  4.3973243e-01	  1.4983314e-01	  6.0716920e-02
CTATAG	 -3.3979299e+00	  1.9850437e-01	 -6.4013037e-03
CTATAT	  2.7719611e-01	 -2.8167135e-01	 -1.3136120e-01
CTATCA	 -9.0497416e-03	  8.7384738e-02	  1.7177515e-02
CTATCC	  1.1996540e-01	  8.9990981e-02	  1.1145403e-02
CTATCG	  2.5152263e-01	  4.2494023e-01	  6.2266147e-01
CTATCT	 -1.1036887e-01	 -2.6636887e-01	 -1.6665767e-01
CTATGA	 -3.6286693e+00	  4.6186750e-03	  1.7054075e-01
CTATGC	  1.7891334e-01	  6.8407036e-02	  1.7959004e-02
CTATGG	  2.5587517e-01	  2.1999198e-01	  2.7599039e-02
CTATGT	  3.0061336e-02	 -3.1424382e-01	 -2.7927679e-01
CTATTA	 -5.8858734e-02	 -7.4995300e-03	 -2.3210825e-02
CTATTC	 -3.6424171e-02	  1.1397364e-01	  1.5794747e-01
CTATTG	  1.7687958e-01	  2.9367602e-01	 -1.5304382e-01
CTATTT	 -5.1681578e-02	 -3.5926473e-01	 -2.5488712e-02
CTCAAA	 -3.1618401e-01	 -1.4088194e-01	 -6.3282266e-02
CTCAAC	  2.5136086e-01	  1.1834802e-01	  1.6603644e-01
CTCAAG	  1.6636430e-01	  2.2846496e-01	  4.1805450e-02
CTCAAT	 -5.4087196e-02	 -3.4091815e-01	 -1.0219111e-01
CTCACA	 -1.4877161e-01	  7.2198868e-02	 -5.7788815e-02
CTCACC	  2.8186002e-01	  1.4830545e-01	  2.0311485e-01
CTCACG	  2.0167620e-01	  1.4055718e-01	  2.0400299e-02
CTCACT	 -1.9931895e-01	 -2.5628987e-01	 -1.1173251e-01
CTCAGA	 -2.4556321e-01	  5.4600026e-02	  1.6988762e-01
CTCAGC	  1.3989095e-01	 -4.8638426e-02	 -1.1041068e-01
CTCAGG	 -1.1308238e-01	  6.5180488e-02	 -3.1606406e-02
CTCAGT	  1.0492998e-01	 -1.0932425e-01	 -9.3605906e-02
CTCATA	 -3.7491381e-01	  3.6482859e-02	 -3.0146304e-01
CTCATC	  2.8140688e-01	  5.5022858e-02	  3.4072107e-01
CTCATG	  2.6848150e-02	  1.2865806e-01	 -3.1104508e-01
CTCATT	 -1.5634039e-01	 -2.3298764e-01	 -2.9800145e-02
CTCCAA	 -1.4013432e-01	  3.6214117e-02	  1.2527353e-01
CTCCAC	 -1.7472042e-02	  3.7566889e-02	  2.4428349e-02
CTCCAG	  1.7004991e-01	  9.0151034e-02	 -1.1454158e-01
CTCCAT	 -2.2404924e-01	 -2.8545716e-01	 -7.0134401e-03
CTCCCA	 -1.5897307e-01	 -1.8707342e-02	 -1.6568428e-01
CTCCCC	  1.3196364e-01	  1.4241236e-01	  9.0248063e-02
CTCCCG	  1.4960620e-01	  1.0307500e-01	  1.9198135e-01
CTCCCT	  2.1145495e-02	 -1.7052469e-01	  4.6039831e-02
CTCCGA	  1.6316865e-01	  9.4605237e-02	  3.4993750e-01
CTCCGC	 -9.7831234e-02	 -7.2409377e-02	 -2.4971896e-01
CTCCGG	  2.6957554e-01	  2.7010578e-01	  1.9965196e-02
CTCCGT	 -3.6940867e-01	 -3.2026255e-01	 -7.8304917e-02
CTCCTA	 -2.3501155e-01	  3.8951442e-03	  1.0516633e-03
CTCCTC	  6.3911706e-02	  1.1638306e-01	  2.3210721e-01
CTCCTG	  1.0668339e-01	  1.8848065e-02	 -3.0357713e-01
CTCCTT	 -2.0521931e-01	 -1.9582871e-01	  7.7180080e-02
CTCGAA	 -3.1758565e-01	 -8.2799651e-02	 -1.3028735e-01
CTCGAC	  2.4084432e-01	  8.1845582e-02	  1.3871968e-01
CTCGAG	  2.0146300e-01	  1.8613431e-01	  1.7245522e-01
CTCGAT	 -9.0443701e-02	 -1.9516061e-01	 -1.4406601e-01
CTCGCA	 -2.9496306e-03	  1.5888941e-01	  5.0383776e-02
CTCGCC	  2.1709362e-01	  7.6970115e-02	  7.2430469e-02
CTCGCG	  1.5834953e-01	  7.6493118e-03	  1.2936261e-01
CTCGCT	 -2.7912724e-01	 -1.5976538e-01	 -1.0770949e-01
CTCGGA	  1.3251534e-01	  3.3778933e-01	  4.1771773e-01
CTCGGC	 -7.6175511e-02	 -1.9738513e-01	 -2.1745029e-01
CTCGGG	  3.7321720e-02	  4.7996990e-02	 -1.1896402e-01
CTCGGT	  1.5450224e-03	 -7.3930524e-02	  1.1609616e-01
CTCGTA	 -2.8164664e-01	  1.4013082e-01	 -1.6227256e-01
CTCGTC	  1.2116583e-01	  4.8402824e-02	  3.2306451e-01
CTCGTG	  8.9046627e-02	 -5.6639381e-02	 -2.7032676e-01
CTCGTT	 -2.2119799e-01	 -5.3035527e-02	 -1.8552706e-02
CTCTAA	 -4.2658663e+00	  4.5490254e-02	  5.1803350e-02
CTCTAC	  3.2470670e-01	 -2.5603581e-02	 -8.7348511e-03
CTCTAG	 -4.1604309e+00	  2.2249117e-01	  3.8761314e-02
CTCTAT	  1.9463195e-01	 -3.8761079e-01	 -8.8093996e-02
CTCTCA	 -5.0910264e-02	  1.4599459e-01	  3.3271737e-02
CTCTCC	  1.6841325e-01	  3.9685860e-02	  1.0095915e-01
CTCTCG	  4.2695114e-01	  3.6980939e-01	  4.8936418e-01
CTCTCT	 -1.9422133e-01	 -2.2196861e-01	 -2.0247914e-01
CTCTGA	 -4.3094993e+00	  5.6330346e-02	  1.7384869e-01
CTCTGC	  2.2516105e-01	  6.9562919e-02	 -9.4935074e-03
CTCTGG	  1.8093137e-01	  2.1072726e-01	  1.8768247e-02
CTCTGT	 -6.5920189e-02	 -4.0685782e-01	 -1.8219401e-01
CTCTTA	 -2.5323299e-01	  3.4100689e-02	 -2.6619104e-01
CTCTTC	  2.9326305e-01	  1.3319153e-01	  2.9411474e-01
CTCTTG	 -6.8051524e-02	  1.8844819e-01	 -2.0183957e-01
CTCTTT	 -1.8042718e-01	 -3.3440387e-01	 -1.0691141e-01
CTGAAA	 -1.5089902e-01	 -7.2608002e-02	 -1.5056333e-01
CTGAAC	  6.1294824e-02	  5.1921703e-02	  2.2438668e-01
CTGAAG	  2.3552747e-01	  2.0638631e-01	  1.9351625e-03
CTGAAT	 -2.1796310e-01	 -2.7300057e-01	  2.8010765e-03
CTGACA	 -9.7514674e-02	  5.7548840e-02	 -1.0575689e-01
CTGACC	  6.6519491e-02	 -5.5051632e-02	 -1.1757427e-01
CTGACG	  5.0711870e-01	  4.0874448e-01	  7.8406644e-01
CTGACT	 -1.3066813e-01	 -1.1098827e-01	 -9.6544847e-02
CTGAGA	 -2.0932811e-01	  6.9384598e-03	 -6.0282093e-02
CTGAGC	  3.1622657e-01	  1.3736954e-01	  1.5665615e-01
CTGAGG	 -1.1134996e-01	  1.3755118e-02	 -1.2820444e-01
CTGAGT	 -1.9385715e-03	 -2.1909498e-01	  9.1233671e-02
CTGATA	 -3.1673706e-01	 -7.2882965e-02	  3.1729210e-02
CTGATC	  1.7365269e-01	 -1.7925017e-02	  1.5980463e-01
CTGATG	  1.4634542e-01	  2.3190357e-01	 -5.3108454e-02
CTGATT	 -1.2481850e-01	 -3.0227649e-01	 -9.6295938e-02
CTGCAA	 -3.7740123e-01	 -1.1607411e-01	  2.6920807e-02
CTGCAC	 -4.9604319e-02	 -7.1373194e-02	 -6.5145791e-02
CTGCAG	  3.0577686e-01	  2.0311974e-01	 -1.6576681e-02
CTGCAT	 -3.1727812e-01	 -1.8626519e-01	  4.8558820e-02
CTGCCA	 -9.6453167e-02	  1.4186722e-01	  7.2750360e-02
CTGCCC	  2.1509551e-01	  7.6936990e-02	 -2.9736465e-02
CTGCCG	  4.3233258e-01	  4.4786233e-01	  5.3625232e-01
CTGCCT	 -2.2095715e-01	 -2.9244354e-01	 -1.4838396e-01
CTGCGA	 -1.8035087e-01	 -1.1406586e-01	  2.2857320e-01
CTGCGC	  6.7223459e-02	 -2.5669347e-02	 -1.4600609e-01
CTGCGG	  2.0031284e-01	  2.1194914e-01	 -3.1012008e-02
CTGCGT	 -3.3685192e-01	 -2.5451297e-01	 -7.8062996e-02
CTGCTA	 -3.7521178e-01	 -5.7514638e-02	 -6.4099073e-02
CTGCTC	  1.6103022e-02	 -4.4063781e-03	  1.0988776e-01
CTGCTG	  2.7246293e-01	  1.7905964e-01	 -4.8382349e-02
CTGCTT	 -4.0185368e-01	 -2.5673547e-01	 -1.6605459e-02
CTGGAA	 -1.8737334e-01	 -4.0083736e-02	  6.7852743e-02
CTGGAC	  1.9165401e-01	  6.1816018e-02	  1.1546174e-01
CTGGAG	  7.8199334e-02	  1.0262555e-01	 -1.8483686e-01
CTGGAT	 -9.0423487e-02	 -2.4588834e-01	  5.0498556e-02
CTGGCA	 -1.1579186e-01	  7.4610293e-02	  6.0778003e-02
CTGGCC	  1.2608859e-01	 -8.0922237e-03	 -2.1401282e-01
CTGGCG	  4.1171214e-01	  3.8397062e-01	  4.7917926e-01
CTGGCT	 -1.6798866e-01	 -1.4413835e-01	  7.6209772e-03
CTGGGA	 -2.3811771e-01	 -7.9542920e-02	  5.4689683e-02
CTGGGC	  2.1545121e-01	 -2.0108217e-02	 -3.2476362e-02
CTGGGG	  1.2310608e-01	  2.8843722e-01	  3.1732481e-02
CTGGGT	 -1.8862773e-01	 -3.0267939e-01	 -9.3868017e-02
CTGGTA	 -3.0560854e-01	 -1.0328813e-01	 -6.6670693e-02
CTGGTC	 -9.7662516e-02	 -1.1746141e-01	 -2.3144584e-02
CTGGTG	  2.9676318e-01	  2.2673543e-01	 -4.0834874e-02
CTGGTT	 -2.7021974e-01	 -1.7195939e-01	  9.7137794e-02
CTGTAA	 -4.3791175e+00	 -1.1590097e-01	 -2.9414194e-02
CTGTAC	  6.1622757e-01	  1.7670257e-01	  1.6784771e-01
CTGTAG	 -4.1504736e+00	  1.4724435e-01	 -6.1516762e-02
CTGTAT	  2.4780102e-01	 -1.6174021e-01	 -2.0046921e-02
CTGTCA	 -1.1608966e-01	  1.5167624e-01	  2.9332549e-03
CTGTCC	  2.5370306e-01	  1.2813435e-01	  1.3241607e-01
CTGTCG	  3.2903597e-01	  1.0227698e-01	  3.6998090e-01
CTGTCT	 -2.0137009e-01	 -2.8654617e-01	 -1.7844358e-01
CTGTGA	 -4.4171133e+00	 -2.7865544e-02	  1.4045121e-01
CTGTGC	  2.5348917e-01	  3.9631568e-02	 -1.6303211e-02
CTGTGG	  1.5553644e-01	  1.8113963e-01	 -8.3938753e-03
CTGTGT	 -5.8584246e-03	 -2.7101645e-01	 -1.5852867e-01
CTGTTA	 -1.5656704e-01	  2.2279412e-02	 -1.1062013e-01
CTGTTC	  1.5073656e-01	  6.9873475e-02	  2.0023251e-01
CTGTTG	  7.9679802e-02	  1.7929135e-01	 -1.4098898e-01
CTGTTT	 -1.0056616e-01	 -2.4974059e-01	 -2.1078091e-02
CTTAAA	 -5.9149601e-02	 -1.9569340e-01	  5.4637004e-02
CTTAAC	  6.2193484e-03	  2.0910676e-01	  4.3735679e-02
CTTAAG	  1.2527709e-01	  1.1994313e-01	  1.8006692e-03
CTTAAT	 -2.6665468e-02	 -2.2924660e-02	 -1.3350488e-01
CTTACA	 -1.1630839e-01	  2.1830039e-02	  2.0740454e-03
CTTACC	  6.0130309e-02	  6.6146336e-02	  5.1086158e-02
CTTACG	  9.2192248e-02	  4.3718117e-01	  2.9121536e-01
CTTACT	  5.2396074e-02	 -2.1325815e-01	 -1.0235491e-01
CTTAGA	 -7.6742299e-02	 -9.6086517e-02	  1.6919145e-01
CTTAGC	  7.3144004e-02	  6.8413809e-02	  1.4874978e-03
CTTAGG	 -1.4998254e-01	  2.9097799e-02	 -1.3699839e-01
CTTAGT	  1.2409635e-01	  1.6409522e-02	 -1.9212539e-01
CTTATA	 -1.9238408e-01	 -6.9936216e-02	 -2.1151343e-01
CTTATC	  1.1537997e-01	  1.0819055e-02	  2.8531274e-01
CTTATG	  1.1193477e-01	  3.6164382e-01	 -1.2425826e-01
CTTATT	 -2.2857098e-02	 -3.7652165e-01	 -1.6929826e-02
CTTCAA	 -5.6269851e-02	 -2.5544001e-02	  4.2438168e-02
CTTCAC	 -1.6609298e-01	 -5.4420624e-02	  5.3203229e-02
CTTCAG	  2.2796905e-01	  2.1490824e-01	 -1.2347103e-02
CTTCAT	 -1.5368173e-01	 -2.5659478e-01	 -7.2152898e-02
CTTCCA	  6.9426641e-02	  1.1720856e-01	  1.3206596e-02
CTTCCC	 -7.7081814e-02	  2.8223202e-03	 -1.4830270e-01
CTTCCG	  2.2551057e-01	  3.5248849e-01	  6.6257066e-01
CTTCCT	 -2.8999366e-02	 -1.7139214e-01	 -5.3216029e-02
CTTCGA	  2.4833810e-01	  5.3036015e-02	  2.5960910e-01
CTTCGC	  2.9076496e-02	  6.0926784e-02	  6.1247256e-02
CTTCGG	  1.4889781e-01	  2.7143729e-01	 -1.9690727e-03
CTTCGT	 -3.6849558e-01	 -3.5632190e-01	 -2.3156123e-01
CTTCTA	 -1.5096259e-01	  1.5129126e-02	 -3.5467122e-02
CTTCTC	 -2.1903612e-02	  3.3705458e-02	  1.0578515e-01
CTTCTG	  1.8781672e-01	  1.7787491e-01	 -7.5985990e-02
CTTCTT	 -1.1907376e-01	 -2.9344499e-01	 -1.7332472e-02
CTTGAA	 -4.4167511e-02	 -1.7982705e-01	  5.4284155e-02
CTTGAC	  7.3881529e-02	  2.4070203e-01	  8.2311302e-02
CTTGAG	 -6.2053915e-02	 -3.8925089e-02	 -1.0802451e-01
CTTGAT	  8.8642493e-02	  8.6841650e-02	 -4.4925664e-02
CTTGCA	 -7.4769342e-03	  6.7195609e-02	  3.9590735e-02
CTTGCC	  5.3811107e-02	  7.4095428e-02	 -2.4785006e-02
CTTGCG	  1.4525825e-01	  3.7094429e-01	  4.7500253e-01
CTTGCT	 -4.9498647e-02	 -1.9229831e-01	 -9.4496578e-02
CTTGGA	  1.2462456e-01	  1.0468763e-01	  2.3063609e-01
CTTGGC	 -3.5803892e-02	 -1.2409661e-01	 -5.7510469e-02
CTTGGG	 -8.7265834e-02	  6.6904522e-02	 -2.0267828e-01
CTTGGT	 -2.6010999e-02	 -1.0496486e-01	 -9.1853291e-02
CTTGTA	 -1.3766284e-01	 -1.4996150e-02	 -1.7363714e-01
CTTGTC	  2.3894867e-02	 -1.9411953e-02	  2.5705063e-01
CTTGTG	  1.4964296e-01	  2.3548153e-01	 -1.5273260e-01
CTTGTT	 -8.0351181e-02	 -3.0815265e-01	 -2.3011558e-02
CTTTAA	 -4.0181065e+00	 -7.6999213e-03	  6.8668567e-02
CTTTAC	  3.4247106e-01	  1.5747091e-01	  1.0102817e-01
CTTTAG	 -3.7799482e+00	  1.9708718e-01	  5.2953806e-02
CTTTAT	  2.7595693e-01	 -3.0948749e-01	 -1.9358930e-01
CTTTCA	  2.3110595e-02	  1.1157946e-01	  3.9447747e-02
CTTTCC	  5.4666838e-03	  8.9586966e-02	  3.4723602e-02
CTTTCG	  2.2346207e-01	  4.8666421e-01	  6.1733615e-01
CTTTCT	 -3.5279334e-02	 -2.4141876e-01	 -1.4261432e-01
CTTTGA	 -3.9912214e+00	  2.1668917e-02	  1.7502043e-01
CTTTGC	  1.9762683e-01	  1.0063594e-01	  3.8725231e-02
CTTTGG	  8.0302238e-02	  1.1423854e-01	 -7.2705947e-02
CTTTGT	  1.1617268e-01	 -2.8558084e-01	 -1.7963792e-01
CTTTTA	 -1.9873269e-02	  6.6834539e-02	 -9.4372004e-02
CTTTTC	  3.8419824e-02	  2.0049959e-03	  2.0090826e-01
CTTTTG	  1.6517791e-01	  3.2649377e-01	 -7.8663714e-02
CTTTTT	 -1.3058716e-01	 -4.5213127e-01	 -7.2320640e-02
GAAAAA	 -7.5753056e-02	 -1.1046223e-01	  5.4031312e-03
GAAAAC	  6.0379803e-03	  1.1528994e-01	  7.3066473e-02
GAAAAG	  1.0716684e-01	  1.9594498e-01	 -3.0449329e-02
GAAAAT	 -1.0117175e-02	 -1.8858594e-01	 -3.4127478e-02
GAAACA	  1.9566480e-02	  2.9584263e-02	 -8.5832670e-02
GAAACC	  2.2168094e-02	  1.1407884e-01	  1.0021890e-01
GAAACG	 -4.1411381e-02	  2.9744748e-02	  1.6557629e-01
GAAACT	 -3.2284953e-02	 -1.6715482e-01	 -3.9249621e-02
GAAAGA	 -7.7056490e-02	 -2.5160661e-02	  3.2615524e-02
GAAAGC	  1.0396113e-01	  1.2817135e-01	  1.1539760e-01
GAAAGG	 -6.6365853e-02	  5.1474035e-02	 -9.5341921e-02
GAAAGT	  9.0286635e-02	 -1.6779372e-01	 -7.6261647e-02
GAAATA	 -2.0735437e-01	 -1.4889410e-01	 -2.4588233e-01
GAAATC	  1.1764032e-01	  9.7025305e-02	  2.9229784e-01
GAAATG	  7.9320163e-02	  2.1561101e-01	 -1.4541866e-01
GAAATT	  3.9858244e-02	 -2.3997408e-01	  1.0012325e-01
GAACAA	  1.8954747e-04	 -3.1919774e-02	  6.0211081e-02
GAACAC	 -1.0966908e-01	  5.5769831e-02	 -6.6814357e-03
GAACAG	  1.7868333e-01	  1.4789011e-01	 -4.4126246e-02
GAACAT	 -1.6464612e-01	 -2.1381515e-01	 -2.2929054e-02
GAACCA	  3.7201177e-02	  1.1242468e-01	 -6.2982358e-02
GAACCC	 -1.0397400e-01	 -2.3112778e-02	 -1.0185562e-01
GAACCG	  1.7233834e-01	  3.1052342e-01	  5.6204408e-01
GAACCT	  1.7945293e-02	 -2.0293260e-01	  8.1040611e-04
GAACGA	  4.9687095e-02	 -2.0802179e-02	  8.9080781e-02
GAACGC	  3.0756488e-02	  4.5910642e-02	 -1.6144590e-02
GAACGG	  1.2418819e-01	  1.5430273e-01	  2.4399621e-02
GAACGT	 -2.1579622e-01	 -1.8724790e-01	 -9.9725738e-02
GAACTA	 -1.1517810e-01	 -7.6923504e-02	 -9.1073357e-02
GAACTC	 -1.4219396e-01	  2.1077881e-02	 -2.4184394e-03
GAACTG	  1.6751076e-01	  1.7594041e-01	 -5.2620403e-02
GAACTT	  9.9215340e-03	 -2.0539637e-01	  9.4464019e-02
GAAGAA	 -3.3759262e-02	 -3.2898773e-02	  5.0477725e-02
GAAGAC	 -3.1149846e-02	  8.5158214e-02	  1.7818252e-02
GAAGAG	  3.0099936e-02	  8.3290152e-02	 -1.2695198e-01
GAAGAT	  4.3721262e-02	 -1.5384087e-01	  2.1921506e-02
GAAGCA	 -1.1402854e-01	 -1.3121093e-02	 -1.2677829e-01
GAAGCC	  1.0580771e-01	  1.0305258e-01	 -5.0374684e-03
GAAGCG	  4.0208179e-04	  2.1278533e-01	  4.3816987e-01
GAAGCT	  3.2612592e-02	 -1.4504018e-01	  2.9850997e-02
GAAGGA	 -4.4802528e-02	  2.0823407e-03	  9.0448178e-02
GAAGGC	  1.0050106e-01	  1.2309041e-01	  5.9727985e-02
GAAGGG	 -4.1911591e-02	 -2.2894289e-02	 -2.2419390e-01
GAAGGT	  1.6128214e-02	 -1.4703393e-01	 -3.2316547e-02
GAAGTA	 -3.3844579e-02	 -6.9862854e-04	 -1.4985433e-01
GAAGTC	 -4.5781489e-02	  2.2697020e-02	  1.4947906e-01
GAAGTG	  8.3458111e-02	  1.3870279e-01	 -1.6031907e-01
GAAGTT	 -3.3402793e-02	 -2.2530329e-01	  8.5685737e-02
GAATAA	 -4.3953300e+00	 -1.1687412e-02	  5.9839506e-02
GAATAC	  3.6860952e-01	  1.0027936e-01	  3.0981045e-02
GAATAG	 -4.1722636e+00	  1.4307363e-01	 -1.1651413e-01
GAATAT	  3.0356663e-01	 -1.8995224e-01	 -2.0241523e-02
GAATCA	 -7.1393304e-02	  1.2956874e-02	 -8.3022445e-02
GAATCC	  7.9266377e-02	  2.1613345e-01	  1.5583381e-01
GAATCG	 -1.4799872e-01	  1.0821161e-01	  1.5294880e-01
GAATCT	  3.7810691e-02	 -2.6553655e-01	 -7.4646100e-02
GAATGA	 -4.5113668e+00	  2.0797806e-02	  1.0765073e-01
GAATGC	  1.0641243e-01	  6.7793712e-02	  3.4589760e-02
GAATGG	 -2.9125411e-02	  4.8572060e-02	 -7.0560478e-02
GAATGT	  3.1905907e-01	 -1.5852171e-01	 -1.1555509e-01
GAATTA	 -2.9811068e-02	 -7.9468504e-02	 -1.6953345e-01
GAATTC	 -2.0081578e-03	  2.0988347e-01	  1.9244950e-01
GAATTG	  4.9023464e-02	  1.8711530e-01	 -2.4270813e-01
GAATTT	 -9.8307412e-03	 -3.5539961e-01	  5.3791072e-02
GACAAA	 -1.9054362e-01	 -1.1173074e-01	 -5.8161411e-02
GACAAC	  1.6970727e-01	  1.2187602e-01	  1.9244069e-01
GACAAG	  1.9360755e-01	  2.2515197e-01	 -7.6507302e-03
GACAAT	 -1.2585317e-01	 -2.9615784e-01	 -6.0270999e-02
GACACA	 -1.8329181e-01	 -8.3200678e-02	 -1.7471938e-01
GACACC	  2.1524265e-01	  1.8606041e-01	  1.7689988e-01
GACACG	  3.4953174e-01	  2.6306137e-01	  2.1636483e-01
GACACT	 -8.7237388e-02	 -1.4976865e-01	  1.1269517e-02
GACAGA	 -3.2879791e-01	 -1.1713786e-01	 -2.6748711e-02
GACAGC	  3.7970346e-01	  2.5368428e-01	  1.6389409e-01
GACAGG	 -1.4970252e-01	 -7.2849644e-03	 -1.5922622e-01
GACAGT	  1.4970867e-01	 -5.9034228e-02	  6.2720418e-02
GACATA	 -3.7895322e-01	 -2.2462294e-03	 -2.9031104e-01
GACATC	  2.9475710e-01	  1.4006232e-01	  3.2492134e-01
GACATG	  9.6314847e-02	  1.2276387e-01	 -1.7494649e-01
GACATT	 -1.4575060e-01	 -2.4221724e-01	  4.0198090e-03
GACCAA	 -1.1848949e-01	  3.5900839e-02	  1.0903525e-01
GACCAC	  5.9841041e-02	  5.3490773e-02	  4.5028534e-02
GACCAG	  1.1486474e-01	  4.3129697e-02	 -2.2192766e-01
GACCAT	 -1.7930181e-01	 -2.0511784e-01	  8.0651768e-02
GACCCA	 -1.3981229e-01	  3.7193049e-02	 -7.4178874e-02
GACCCC	  1.3445683e-01	  9.3572512e-02	  1.9674264e-03
GACCCG	  2.7591717e-01	  2.7591443e-01	  3.3630699e-01
GACCCT	 -7.2369501e-02	 -2.4015366e-01	 -1.3612710e-02
GACCGA	 -7.5281568e-02	  2.0041237e-02	  1.5535460e-01
GACCGC	  9.3907654e-02	  9.6814372e-02	 -7.3202468e-02
GACCGG	  1.3715501e-01	  7.1036890e-02	 -1.5436974e-01
GACCGT	 -2.7691787e-01	 -2.8294116e-01	  1.9686380e-02
GACCTA	 -2.8222343e-01	 -6.7290710e-03	  5.2558980e-03
GACCTC	 -1.1231946e-01	 -8.1539653e-02	 -9.4629437e-02
GACCTG	  3.1143761e-01	  1.9281131e-01	 -3.8163643e-02
GACCTT	 -2.1095663e-01	 -1.4703909e-01	  1.2627827e-01
GACGAA	 -2.5189140e-01	 -1.9331483e-02	  3.5968613e-02
GACGAC	  2.0385206e-01	  1.5589307e-01	  1.3313602e-01
GACGAG	  9.9329300e-02	  6.6894400e-03	 -1.7347509e-01
GACGAT	 -1.7290744e-01	 -1.5336473e-01	  4.5515433e-02
GACGCA	 -2.2798073e-01	  9.7806053e-04	 -1.5530416e-01
GACGCC	  2.1647781e-01	  6.4303577e-02	 -2.7094796e-02
GACGCG	  1.7596641e-01	 -4.9099639e-02	  5.5051230e-02
GACGCT	 -2.3547705e-01	 -5.5525631e-02	  1.1516047e-01
GACGGA	 -3.1839630e-01	 -7.9079971e-02	  4.1227039e-02
GACGGC	  4.8411870e-01	  3.6791962e-01	  2.4113908e-01
GACGGG	 -1.1925787e-01	 -1.4879733e-01	 -3.0596840e-01
GACGGT	 -7.3046513e-02	 -4.4591095e-02	  1.7586038e-01
GACGTA	 -4.6313712e-01	 -1.0741747e-01	 -1.9861227e-01
GACGTC	  1.6278347e-01	  2.0364781e-01	  2.2917506e-01
GACGTG	  1.8266398e-01	 -7.1431473e-02	 -1.1802875e-01
GACGTT	 -3.6842725e-01	 -2.8893333e-02	  3.5047047e-02
GACTAA	 -4.3396211e+00	  5.6030478e-02	  1.9167250e-02
GACTAC	  3.3435538e-01	 -2.2159658e-02	 -2.5115542e-02
GACTAG	 -4.1852083e+00	  1.9078325e-01	 -1.5696395e-02
GACTAT	  2.2953843e-01	 -3.1590578e-01	  1.4239423e-02
GACTCA	 -1.1542723e-01	  4.4186108e-02	 -6.2167324e-02
GACTCC	  5.8132153e-02	 -1.0253100e-03	  3.4299515e-02
GACTCG	  4.2919594e-01	  2.6880270e-01	  4.1728997e-01
GACTCT	 -5.7367437e-02	 -1.0037315e-01	 -7.2550602e-02
GACTGA	 -4.4781942e+00	  2.4711523e-02	  1.0238509e-01
GACTGC	  2.1452227e-01	  8.3953388e-02	  1.3641396e-02
GACTGG	  1.3119395e-01	  9.2973255e-02	 -1.4788689e-01
GACTGT	  6.8833135e-02	 -2.9149783e-01	  1.3740774e-03
GACTTA	 -2.0686793e-01	 -3.7405457e-02	 -2.1202795e-01
GACTTC	  1.6934976e-01	  1.1791680e-01	  1.7976205e-01
GACTTG	  2.9856265e-02	  1.4324771e-01	 -2.0830181e-01
GACTTT	 -8.5294098e-02	 -2.4217908e-01	  3.7438668e-02
GAGAAA	 -1.2049969e-01	 -3.9102986e-02	 -3.3598557e-02
GAGAAC	  7.4396037e-02	  6.7142606e-02	  7.2821468e-02
GAGAAG	  2.4687146e-01	  1.8158905e-01	  2.2092033e-02
GAGAAT	 -2.6730841e-01	 -2.6200706e-01	 -1.8158671e-02
GAGACA	 -1.3685739e-01	 -1.5644573e-02	 -4.0461358e-02
GAGACC	  1.5668203e-01	  8.3362840e-02	  2.1845531e-03
GAGACG	  1.4784312e-01	  3.8840149e-02	  9.2418745e-02
GAGACT	 -8.4023438e-02	 -8.6038247e-02	  1.3458182e-02
GAGAGA	 -2.4344280e-01	 -7.3401160e-03	  2.3801120e-02
GAGAGC	  2.9753178e-01	  1.4631876e-01	  1.2871587e-01
GAGAGG	 -2.2923378e-02	 -4.6451320e-04	 -1.4782657e-01
GAGAGT	  7.1428046e-02	 -1.7758776e-01	 -1.5351335e-03
GAGATA	 -3.1395108e-01	 -4.4907033e-02	 -1.2009241e-01
GAGATC	  1.8962368e-01	 -6.7674041e-02	  1.5843549e-01
GAGATG	  6.3950047e-02	  1.8037370e-01	 -2.1420416e-01
GAGATT	 -7.5003050e-02	 -2.2833876e-01	  1.2279540e-01
GAGCAA	 -2.0911385e-01	 -3.2682952e-02	  2.4428496e-02
GAGCAC	  5.5129673e-02	  2.6290931e-02	  7.8703023e-02
GAGCAG	  1.5634194e-01	  8.7522008e-02	 -6.0825944e-02
GAGCAT	 -2.1063904e-01	 -1.9520573e-01	 -1.0231305e-03
GAGCCA	 -2.0962751e-01	 -4.4095557e-02	 -1.8497394e-01
GAGCCC	  1.6866790e-01	  1.1521864e-01	  3.1302519e-02
GAGCCG	  9.4041549e-02	  9.4825611e-02	  2.5757203e-01
GAGCCT	  4.6599872e-02	 -1.1243208e-01	  8.7576218e-02
GAGCGA	 -2.9654858e-01	 -2.1602960e-01	  1.8984023e-02
GAGCGC	  3.1125406e-02	 -2.9554380e-02	 -1.1473320e-01
GAGCGG	  2.4948400e-01	  2.2940591e-01	 -1.1082969e-03
GAGCGT	 -9.5239341e-02	 -2.9146006e-02	  1.1144030e-01
GAGCTA	 -3.1588662e-01	 -9.0739608e-02	 -1.8020114e-01
GAGCTC	  2.7892969e-03	 -1.4135823e-02	  1.6852435e-01
GAGCTG	  1.9903998e-01	  1.3349436e-01	 -1.2516004e-01
GAGCTT	 -2.6436752e-01	 -1.8509629e-01	  7.3112763e-02
GAGGAA	 -1.5721393e-01	 -2.6157513e-02	  7.2962202e-02
GAGGAC	  1.2695682e-01	  1.0842945e-01	  8.7509312e-02
GAGGAG	  1.7132421e-01	  1.1655925e-01	 -9.3203247e-02
GAGGAT	 -2.0597053e-01	 -2.8580430e-01	 -7.8647085e-02
GAGGCA	 -1.8648681e-01	 -1.2168942e-02	 -4.6545006e-02
GAGGCC	  2.0370921e-01	  7.4487455e-02	 -3.2427184e-02
GAGGCG	  1.4401044e-01	  1.9441944e-01	  2.4695110e-01
GAGGCT	 -1.1118189e-01	 -1.3396050e-01	 -1.6098572e-02
GAGGGA	 -2.4495663e-01	 -6.2539980e-02	  9.2968665e-02
GAGGGC	  2.9505721e-01	  6.0175747e-02	  6.3658439e-02
GAGGGG	 -2.7839350e-02	  1.3853818e-01	 -1.9180107e-01
GAGGGT	 -6.2650912e-02	 -2.3029584e-01	 -5.1090147e-02
GAGGTA	 -2.0754084e-01	 -1.0236061e-01	 -1.3015005e-01
GAGGTC	 -2.4236023e-02	 -7.5007151e-03	  1.2993887e-01
GAGGTG	  2.1437038e-01	  1.8035412e-01	 -1.9228883e-01
GAGGTT	 -2.4546051e-01	 -2.4145207e-01	  1.0106341e-01
GAGTAA	 -4.3181810e+00	  1.9491049e-02	  1.2830515e-01
GAGTAC	  5.8068573e-01	  1.0758405e-01	  1.3507427e-01
GAGTAG	 -4.3917127e+00	 -1.4408200e-02	 -2.4648449e-01
GAGTAT	  2.8279972e-01	 -9.1700628e-02	 -1.0470008e-02
GAGTCA	 -1.0540038e-01	  8.2174435e-02	 -4.8055258e-02
GAGTCC	  1.6647327e-01	  1.4931056e-01	  1.2958920e-01
GAGTCG	  4.1109923e-01	  3.0039462e-01	  5.1107228e-01
GAGTCT	 -1.2050433e-01	 -2.9454428e-01	 -1.7222138e-01
GAGTGA	 -4.5170264e+00	 -1.4370577e-02	  1.3411441e-01
GAGTGC	  7.9795621e-02	 -1.2805428e-01	 -1.5515755e-01
GAGTGG	  1.6233744e-01	  1.8871266e-01	 -6.1835507e-03
GAGTGT	  2.3432338e-01	 -1.3584097e-01	 -7.0890591e-02
GAGTTA	 -1.2305044e-01	  3.7737798e-03	 -1.2221954e-01
GAGTTC	  1.2446688e-01	  8.6042941e-02	  1.8512960e-01
GAGTTG	 -1.0588319e-02	  1.7995930e-01	 -3.0878407e-01
GAGTTT	 -4.4143412e-02	 -2.9253483e-01	  3.1624861e-02
GATAAA	 -3.9339364e-02	 -2.0253856e-01	  1.1136068e-02
GATAAC	  7.4261263e-02	  2.6029474e-01	  1.1279859e-01
GATAAG	  1.1377209e-01	  1.4310075e-01	 -3.4611091e-02
GATAAT	 -7.4717298e-02	 -5.5900026e-02	 -6.1061066e-02
GATACA	 -1.2596165e-01	 -6.2413726e-02	 -6.2297270e-02
GATACC	  1.1044869e-01	  1.1837436e-01	  1.1008228e-01
GATACG	  7.7930339e-02	  3.7518477e-01	  2.9787618e-01
GATACT	  4.8845291e-02	 -1.2854457e-01	 -8.3944134e-02
GATAGA	 -1.2955366e-01	 -1.7610371e-01	  8.6530015e-02
GATAGC	  1.5504549e-01	  1.3279498e-01	  9.0203613e-02
GATAGG	 -1.7470242e-01	  8.6373806e-02	 -1.6788606e-01
GATAGT	  1.3441800e-01	  2.5140041e-02	 -1.2618290e-01
GATATA	 -1.7869034e-01	 -6.9686726e-02	 -2.9492003e-01
GATATC	  1.7035745e-01	  1.0208356e-01	  2.7064830e-01
GATATG	  8.6245716e-02	  2.9466864e-01	 -4.8448909e-02
GATATT	 -3.2777712e-02	 -3.0248237e-01	  2.1688076e-02
GATCAA	  5.8106564e-02	  1.0225689e-01	  1.6870898e-01
GATCAC	 -2.1765888e-01	 -1.7636819e-01	 -1.6779199e-01
GATCAG	  2.5551355e-01	  2.3937462e-01	 -6.0619567e-02
GATCAT	 -1.3585669e-01	 -2.1464057e-01	  2.8069466e-02
GATCCA	 -6.2890649e-02	  1.0203805e-02	 -5.0455298e-02
GATCCC	  4.5602601e-02	  1.2633041e-01	 -7.1542405e-02
GATCCG	 -1.7624134e-01	 -4.1933317e-02	  3.4009391e-01
GATCCT	  5.6532931e-02	 -1.1741236e-01	 -2.1947445e-02
GATCGA	  5.5281855e-02	 -5.7300735e-02	  1.4520392e-01
GATCGC	 -2.0941180e-01	 -9.1800690e-02	 -1.7753194e-01
GATCGG	  3.2131085e-01	  4.1972914e-01	  1.5268607e-01
GATCGT	 -6.7528896e-02	 -2.3388970e-01	 -6.0869064e-02
GATCTA	 -1.1046253e-01	 -1.6236778e-02	 -8.8787405e-03
GATCTC	 -9.4313428e-02	 -4.5491505e-02	 -1.4309149e-02
GATCTG	  1.3090785e-01	  1.9677661e-01	 -7.4466214e-02
GATCTT	  7.0246099e-03	 -2.0923910e-01	  7.2754875e-02
GATGAA	 -3.0645790e-02	 -1.1622571e-01	  8.7101161e-02
GATGAC	  8.2123399e-02	  1.8117374e-01	  5.0675962e-02
GATGAG	 -3.7683017e-04	 -5.1986589e-03	 -1.2294454e-01
GATGAT	 -2.0549240e-02	 -9.5349159e-03	 -5.5324581e-02
GATGCA	 -1.1701562e-01	  2.8604539e-02	 -4.2440034e-02
GATGCC	  1.1997903e-01	  4.9336806e-02	 -4.0626843e-02
GATGCG	  1.1413278e-01	  2.5898719e-01	  3.9240313e-01
GATGCT	 -2.3177622e-02	 -1.2839007e-01	 -1.2463690e-02
GATGGA	 -2.6907152e-02	  3.8409352e-02	  1.2820457e-01
GATGGC	  1.9543050e-01	  1.9180277e-02	  1.1463197e-01
GATGGG	 -8.1298202e-02	  5.3424858e-02	 -2.3642375e-01
GATGGT	 -7.0653304e-02	 -1.6404994e-01	 -9.0270951e-02
GATGTA	 -1.2002955e-01	  1.4158201e-02	 -8.7750651e-02
GATGTC	  1.2223848e-01	  7.8871556e-02	  2.1090068e-01
GATGTG	  7.4617967e-02	  1.0461431e-01	 -2.0053346e-01
GATGTT	 -1.0859536e-01	 -2.2541738e-01	  5.7829171e-02
GATTAA	 -4.1661515e+00	  6.6786505e-02	  1.7843619e-01
GATTAC	  1.0227666e-01	 -1.4170893e-01	 -2.0210256e-01
GATTAG	 -3.9338861e+00	  2.5567079e-01	 -7.3800325e-02
GATTAT	  3.3272815e-01	 -1.3611752e-01	  1.5473035e-02
GATTCA	 -2.4549980e-02	  6.6525087e-02	  2.5060883e-02
GATTCC	  2.9294375e-02	  1.1323608e-01	  2.4786348e-02
GATTCG	  1.3922511e-01	  3.9942551e-01	  6.1341399e-01
GATTCT	 -1.1925343e-02	 -2.1842869e-01	 -1.5228565e-01
GATTGA	 -3.9819281e+00	  5.3925667e-02	  1.9328102e-01
GATTGC	  5.9450972e-03	 -3.0473677e-02	 -9.3152590e-02
GATTGG	  1.7949964e-01	  1.7894801e-01	 -3.8651835e-02
GATTGT	  1.6978993e-01	 -2.5618076e-01	 -1.2746370e-01
GATTTA	 -3.1101707e-02	  4.1995984e-02	 -1.3839453e-01
GATTTC	  1.8696995e-03	 -2.8119326e-02	  1.5454704e-01
GATTTG	  1.1880426e-01	  2.4241523e-01	 -1.6854782e-01
GATTTT	 -6.7304112e-02	 -2.4835037e-01	  2.3545941e-02
GCAAAA	 -2.2977414e-02	 -1.2629725e-01	 -2.5441330e-03
GCAAAC	 -4.3638106e-02	  7.3610015e-02	  1.1511942e-02
GCAAAG	  9.5530570e-02	  2.3117693e-01	  1.4074557e-02
GCAAAT	 -4.7392052e-02	 -2.6110399e-01	 -1.7981023e-02
GCAACA	 -5.4941513e-02	 -5.5010907e-02	  8.2278047e-03
GCAACC	 -7.7731103e-02	 -2.7084081e-02	 -1.6992266e-01
GCAACG	  2.5464255e-01	  5.8447415e-01	  3.1437513e-01
GCAACT	  1.0059971e-01	 -1.0390493e-01	  7.0675351e-02
GCAAGA	 -2.4818908e-02	 -3.7300851e-02	  1.0289550e-01
GCAAGC	  1.1224066e-01	  1.1847002e-01	  7.8208461e-02
GCAAGG	 -7.7497862e-02	  1.2733166e-01	 -8.0017567e-02
GCAAGT	  9.1597522e-03	 -2.3469883e-01	 -1.6369262e-01
GCAATA	 -1.4430058e-01	 -7.6311387e-02	 -3.1024521e-02
GCAATC	 -8.9987710e-02	 -9.6807770e-02	  4.4678718e-02
GCAATG	  1.1020598e-01	  2.6118338e-01	 -1.2242038e-01
GCAATT	  3.9219670e-02	 -2.9816288e-01	  8.2414135e-02
GCACAA	 -6.8444735e-03	 -9.6996091e-02	  1.2118193e-01
GCACAC	 -1.4081793e-01	 -4.3186285e-02	 -6.6903688e-02
GCACAG	  2.0310041e-01	  2.2117609e-01	 -5.5341259e-02
GCACAT	 -2.3472133e-01	 -2.9554728e-01	 -4.6598185e-03
GCACCA	 -7.8043878e-02	  6.4484389e-03	 -6.9097012e-02
GCACCC	  4.7240324e-02	 -1.3132893e-03	 -9.0570405e-02
GCACCG	  1.9090427e-01	  4.6696672e-01	  4.8308995e-01
GCACCT	 -1.1208840e-03	 -1.6944370e-01	 -9.3402099e-03
GCACGA	  5.1660925e-02	 -2.4757661e-01	  1.6548972e-01
GCACGC	  7.7484422e-03	  1.2966859e-01	 -3.7251264e-02
GCACGG	  1.5255699e-01	  1.9945326e-01	 -6.4659499e-02
GCACGT	 -2.7680311e-01	 -2.6540723e-01	 -6.9749005e-02
GCACTA	 -3.3908248e-02	 -1.6919516e-02	  1.0025991e-01
GCACTC	 -1.6475959e-01	 -1.1178815e-01	 -6.0788777e-02
GCACTG	  2.6720035e-01	  2.8545323e-01	  3.8927391e-02
GCACTT	 -1.7519376e-01	 -2.8002709e-01	 -2.9746722e-02
GCAGAA	 -2.2151921e-02	 -3.7396938e-02	  5.6494199e-02
GCAGAC	  5.4755587e-02	  1.2212828e-01	  8.5963778e-02
GCAGAG	  8.7358663e-03	  8.4145240e-02	 -1.2794954e-01
GCAGAT	 -1.9306369e-02	 -2.2474706e-01	  1.6886994e-02
GCAGCA	 -9.4971634e-02	  1.2808058e-02	  1.7139096e-02
GCAGCC	  6.3452169e-02	 -7.8007492e-04	 -1.7106006e-01
GCAGCG	  6.2162708e-02	  3.9576304e-01	  2.7815822e-01
GCAGCT	  1.4423660e-02	 -1.9502719e-01	  3.9212342e-02
GCAGGA	 -5.2488551e-02	 -1.0707351e-02	  1.0286584e-01
GCAGGC	  1.2550250e-01	  5.9910681e-02	  8.5550003e-02
GCAGGG	  7.1946182e-03	  9.3367748e-02	 -1.9950446e-01
GCAGGT	 -7.6152682e-02	 -2.0986725e-01	 -8.8446788e-02
GCAGTA	  4.4572372e-03	  3.9104998e-02	  4.6001554e-02
GCAGTC	  1.1336710e-01	  4.7690935e-02	  2.5321436e-01
GCAGTG	 -2.2851640e-02	  7.7034682e-02	 -2.9117891e-01
GCAGTT	 -3.6606431e-02	 -2.8916287e-01	  1.4242712e-01
GCATAA	 -3.8703651e+00	 -2.0062182e-02	  9.7724602e-02
GCATAC	  3.6784980e-01	  7.6134741e-02	  8.8615395e-02
GCATAG	 -3.7453856e+00	  2.4375266e-01	 -7.8325905e-02
GCATAT	  2.6941437e-01	 -3.2660636e-01	 -1.0465696e-01
GCATCA	 -7.2140917e-02	  1.2187083e-03	  3.8534630e-02
GCATCC	  2.7987489e-02	  5.6568790e-02	 -4.0478438e-02
GCATCG	  1.8707491e-01	  5.8738410e-01	  4.3840748e-01
GCATCT	  1.0405733e-02	 -2.4533367e-01	 -1.0830710e-01
GCATGA	 -3.9222665e+00	 -3.5487037e-02	  1.0619672e-01
GCATGC	  9.6724674e-02	  6.7911901e-02	  2.6500860e-02
GCATGG	  1.5240747e-01	  1.2986447e-01	 -7.8922026e-02
GCATGT	  1.5597723e-01	 -2.2988674e-01	 -7.8518748e-02
GCATTA	  9.4742776e-04	 -5.9151024e-02	 -7.4641697e-02
GCATTC	 -1.5771697e-01	 -9.2294917e-02	  5.2156888e-02
GCATTG	  1.5945762e-01	  4.2899060e-01	 -9.0828173e-02
GCATTT	  7.8850724e-03	 -3.3497959e-01	  2.7998798e-02
GCCAAA	 -1.1084667e-01	 -7.6652236e-02	  9.0645753e-02
GCCAAC	  4.5724988e-02	 -1.7790541e-03	  3.4970962e-02
GCCAAG	  1.0970675e-01	  1.3896127e-01	 -1.3568927e-01
GCCAAT	 -1.3266298e-01	 -2.1783035e-01	  2.6866607e-03
GCCACA	 -1.0477963e-02	  6.1574236e-02	 -1.4492232e-02
GCCACC	  5.5476733e-02	 -3.7330978e-02	  1.0511922e-01
GCCACG	  3.6970580e-01	  4.7985041e-01	  1.6724314e-01
GCCACT	 -1.9839661e-01	 -2.2668622e-01	 -1.8537666e-01
GCCAGA	 -1.3472487e-01	  3.7330937e-02	  1.9715451e-01
GCCAGC	  3.3417767e-01	  1.6918790e-01	  8.3651811e-02
GCCAGG	 -2.9123858e-01	 -1.0192455e-01	 -2.0959698e-01
GCCAGT	  9.2126802e-02	 -6.4542532e-02	 -2.5015745e-02
GCCATA	 -3.9831012e-01	 -6.4416707e-02	 -1.0578460e-01
GCCATC	  2.4362205e-01	  2.0097543e-02	  2.7785736e-01
GCCATG	  8.3016030e-02	  2.0979536e-01	 -2.5129226e-01
GCCATT	 -1.7950433e-01	 -3.0742016e-01	 -3.3008497e-02
GCCCAA	 -1.4091024e-01	 -5.1465812e-03	  2.1144609e-01
GCCCAC	 -2.2266673e-02	  6.5013863e-02	  6.9407366e-02
GCCCAG	  1.0461622e-01	  3.0462751e-02	 -2.2506483e-01
GCCCAT	 -2.0739335e-01	 -1.9607151e-01	  9.1873541e-02
GCCCCA	 -9.4946735e-02	  1.1711349e-02	 -1.3821970e-01
GCCCCC	  8.2231760e-02	  2.2898575e-02	  1.3834921e-01
GCCCCG	  1.9479559e-01	  3.0206168e-01	  1.6060981e-01
GCCCCT	 -5.7540644e-02	 -2.1929610e-01	 -6.2175773e-02
GCCCGA	  1.1192377e-01	  1.2683981e-02	  4.1978353e-01
GCCCGC	  1.8158700e-02	  5.3268359e-03	 -1.0093063e-01
GCCCGG	 -1.3110181e-02	  1.3478962e-02	 -2.7241924e-01
GCCCGT	 -1.3236547e-01	 -7.3249318e-02	  1.6987874e-01
GCCCTA	 -3.2430544e-01	 -1.4954546e-01	  8.6508892e-02
GCCCTC	 -3.6114540e-02	 -1.8048156e-02	  8.0368288e-02
GCCCTG	  2.0691328e-01	  1.6500057e-01	 -1.7779632e-01
GCCCTT	 -2.8305206e-01	 -2.5441390e-01	  5.8064487e-02
GCCGAA	 -1.3984622e-02	  2.1916659e-01	  2.9107735e-01
GCCGAC	  3.9574295e-01	  2.3700085e-01	  3.1265250e-01
GCCGAG	 -1.2323929e-01	 -1.3328499e-01	 -3.2686627e-01
GCCGAT	  5.9984371e-02	  4.0798888e-02	  3.3019897e-01
GCCGCA	 -2.2486840e-01	  7.3917203e-02	 -8.5954502e-02
GCCGCC	  1.3459736e-01	 -5.3559154e-02	  7.2215483e-02
GCCGCG	  1.0920961e-01	  7.0068561e-02	 -8.1816152e-02
GCCGCT	 -1.8343967e-01	 -4.0822729e-02	 -6.4791497e-03
GCCGGA	 -3.0931808e-02	  2.2167827e-01	  3.2280439e-01
GCCGGC	  3.5375547e-01	  1.8570362e-01	  1.4785269e-01
GCCGGG	 -2.2115032e-01	 -1.4682008e-01	 -3.0825812e-01
GCCGGT	 -4.5595888e-02	 -1.7578489e-01	  1.5109400e-01
GCCGTA	 -4.0523094e-01	  3.3343857e-04	 -3.8283258e-03
GCCGTC	  9.1774307e-02	 -4.4196891e-04	  2.6659575e-01
GCCGTG	  1.4541592e-01	  7.0366643e-02	 -2.4626432e-01
GCCGTT	 -4.1424841e-01	 -1.8238369e-01	 -1.0757687e-02
GCCTAA	 -4.2323537e+00	 -2.7800491e-02	  5.7535551e-02
GCCTAC	  4.9036276e-01	  1.3421375e-01	  1.7293356e-01
GCCTAG	 -4.2719374e+00	  1.6380736e-01	 -1.8848936e-01
GCCTAT	  1.4469391e-01	 -4.1663826e-01	 -5.4231174e-02
GCCTCA	 -1.4444062e-01	  5.2228782e-02	 -8.9886583e-02
GCCTCC	 -3.1264413e-02	 -1.3623807e-01	 -2.4083918e-02
GCCTCG	  3.0593687e-01	  2.3963241e-01	  2.4987146e-01
GCCTCT	  9.2724793e-02	  5.3939432e-02	  5.8365263e-02
GCCTGA	 -4.2831731e+00	  1.8597700e-02	  2.6150808e-01
GCCTGC	  3.5360375e-01	  2.3621503e-01	  1.1014986e-01
GCCTGG	 -1.8902456e-02	  3.3261620e-02	 -1.9070321e-01
GCCTGT	 -3.3135958e-02	 -3.8013095e-01	 -8.2869284e-02
GCCTTA	 -2.4311411e-01	  1.3693220e-02	 -7.1439311e-02
GCCTTC	  1.7466617e-01	  5.6043807e-02	  1.8741350e-01
GCCTTG	 -1.4878131e-02	  1.2672342e-01	 -3.1397778e-01
GCCTTT	 -8.8348173e-02	 -2.3674352e-01	  1.7702408e-02
GCGAAA	 -2.0898239e-01	 -2.7375165e-01	 -1.2949122e-01
GCGAAC	  7.1541123e-02	  1.3698381e-01	  1.0337939e-01
GCGAAG	  1.9298840e-01	  2.2268648e-01	 -2.0263884e-03
GCGAAT	 -9.6823335e-02	 -1.6949983e-01	  1.1355240e-01
GCGACA	 -3.0441988e-01	 -2.5180504e-01	 -1.8482931e-01
GCGACC	  2.5881961e-01	  1.5161496e-01	  1.2996873e-02
GCGACG	  2.8151420e-01	  4.2808950e-01	  2.8490487e-01
GCGACT	  2.8769311e-02	 -1.0876182e-02	  1.5204118e-01
GCGAGA	 -3.5147905e-01	 -2.2414172e-01	 -1.9837637e-02
GCGAGC	  2.9787013e-01	  1.6793144e-01	  1.0577059e-01
GCGAGG	 -2.6560802e-02	  1.1833340e-01	 -1.1338297e-01
GCGAGT	  1.4929214e-01	 -5.6981385e-02	  9.6776918e-02
GCGATA	 -2.3768522e-02	  2.0501796e-02	  1.3007358e-01
GCGATC	 -5.9129819e-02	 -2.5897637e-01	 -4.6189439e-02
GCGATG	  2.8031448e-01	  4.4489682e-01	 -2.5343684e-02
GCGATT	 -2.2162181e-01	 -4.9163043e-01	 -1.1576867e-03
GCGCAA	 -3.3705187e-01	 -1.7973071e-01	  1.6828142e-01
GCGCAC	  2.2442864e-02	  5.9622047e-03	 -1.1733624e-01
GCGCAG	  1.8828695e-01	  1.6507417e-01	 -1.3827331e-01
GCGCAT	 -3.8788942e-01	 -3.7528157e-01	  1.3183357e-01
GCGCCA	 -2.5282612e-01	  1.9873763e-02	  8.5266111e-03
GCGCCC	  1.4807421e-01	 -5.6714561e-02	 -2.9970962e-01
GCGCCG	  3.3514184e-01	  3.9498955e-01	  3.3914420e-01
GCGCCT	 -2.0795044e-01	 -1.9612469e-01	  5.3908519e-02
GCGCGA	 -3.7922469e-01	 -4.8942614e-01	  1.2849629e-01
GCGCGC	  1.2475821e-01	  1.0612946e-01	 -4.1894922e-03
GCGCGG	  8.0092445e-02	  1.0086965e-01	 -2.3054220e-01
GCGCGT	 -2.0361465e-01	 -1.4441474e-01	  2.4125293e-01
GCGCTA	 -3.0955461e-01	  2.7910838e-02	  2.0607780e-01
GCGCTC	 -1.7545052e-02	 -1.3660710e-02	  1.2906470e-02
GCGCTG	  3.0979845e-01	  2.3459108e-01	 -3.8383111e-02
GCGCTT	 -6.3549733e-01	 -4.6570194e-01	 -6.2639251e-02
GCGGAA	 -2.8880302e-02	  8.6619988e-02	  3.1570843e-01
GCGGAC	  2.9691619e-01	  2.4139215e-01	  1.9366971e-01
GCGGAG	  2.4317926e-02	  4.0046848e-02	 -2.4378861e-01
GCGGAT	 -2.9189351e-01	 -4.4599590e-01	 -1.0519724e-01
GCGGCA	 -2.1217835e-01	 -3.3189610e-03	  1.5028264e-02
GCGGCC	  1.5750517e-01	 -3.6982451e-02	 -1.4325759e-01
GCGGCG	  1.1419842e-01	  1.9151901e-01	  4.4313472e-02
GCGGCT	 -1.8090573e-01	 -1.4855641e-01	  7.9654850e-02
GCGGGA	 -1.2999323e-01	  2.2520635e-02	  2.7953374e-01
GCGGGC	  1.5707147e-01	 -6.5475658e-02	 -6.2897950e-02
GCGGGG	  1.1012067e-02	  1.8250808e-01	 -2.2784662e-01
GCGGGT	 -2.2974284e-01	 -4.9336502e-01	 -8.9144684e-02
GCGGTA	 -1.2356211e-01	 -1.3669125e-02	  1.8258837e-01
GCGGTC	  1.7968370e-01	  1.0067827e-01	  2.8936562e-01
GCGGTG	  1.0015442e-02	  1.6463108e-02	 -3.8391042e-01
GCGGTT	 -1.6726483e-01	 -1.5542415e-01	  2.1685778e-01
GCGTAA	 -3.3048229e+00	 -1.1320827e-01	  8.8147596e-02
GCGTAC	  5.3557277e-01	  1.8779342e-01	  1.1722548e-01
GCGTAG	 -3.3277807e+00	  1.5933804e-01	 -1.1076936e-01
GCGTAT	  1.8656448e-01	 -2.8815573e-01	 -6.9830589e-02
GCGTCA	 -1.7741111e-01	  6.1153460e-02	  2.4552446e-02
GCGTCC	  1.4476711e-01	  4.4080500e-02	 -1.3444600e-01
GCGTCG	  2.7010620e-01	  1.3049689e-01	  2.8622070e-01
GCGTCT	 -1.4533867e-01	 -1.3833572e-01	 -6.3672327e-03
GCGTGA	 -3.7396922e+00	 -3.5949937e-01	 -9.5302239e-02
GCGTGC	  3.3220702e-01	  2.4076177e-01	  1.2409231e-01
GCGTGG	  1.0980603e-01	  1.3293882e-01	 -9.7825781e-02
GCGTGT	  2.0040798e-01	 -6.0773239e-02	  1.8102604e-01
GCGTTA	 -1.3118419e-01	  1.4499526e-02	 -2.7318111e-02
GCGTTC	 -1.5554898e-02	 -1.0526467e-02	 -1.3551718e-03
GCGTTG	  8.6164214e-02	  2.2864103e-01	 -1.0643668e-01
GCGTTT	  7.3450650e-03	 -2.5519064e-01	  6.9693111e-02
GCTAAA	  7.2391510e-02	 -5.7241816e-02	  1.5237787e-01
GCTAAC	 -2.6261861e-02	  2.0010278e-01	  2.9821124e-02
GCTAAG	  1.4462242e-01	  9.0991013e-02	  2.0249020e-02
GCTAAT	 -1.8441799e-01	 -1.5147077e-01	 -2.1987069e-01
GCTACA	  7.6262027e-02	  4.2175345e-02	  1.6430938e-01
GCTACC	  1.7655393e-01	  2.0946328e-01	 -1.3975777e-03
GCTACG	  1.9698668e-01	  6.3765115e-01	  5.3138870e-01
GCTACT	 -1.9571771e-01	 -3.6755779e-01	 -2.8044224e-01
GCTAGA	 -9.0405732e-02	 -1.2659130e-01	  1.6574381e-01
GCTAGC	  1.5537524e-01	  1.3313147e-01	  2.0906415e-02
GCTAGG	 -2.3016991e-01	 -3.3110619e-02	 -1.9765028e-01
GCTAGT	  1.6068302e-01	  7.2435953e-02	 -1.6209960e-01
GCTATA	 -1.9686419e-01	 -1.1468503e-01	 -2.2781089e-01
GCTATC	  1.1365746e-01	  3.1117604e-03	  2.6244408e-01
GCTATG	  9.1448501e-02	  3.3037600e-01	 -1.1023008e-01
GCTATT	 -2.0069312e-02	 -4.2835391e-01	  2.6724955e-02
GCTCAA	 -4.3988813e-02	 -1.0376783e-01	  1.4331958e-01
GCTCAC	 -3.1726682e-01	 -2.1120836e-01	 -1.9729580e-01
GCTCAG	  2.8631213e-01	  3.0326033e-01	 -2.0665877e-02
GCTCAT	 -1.0551381e-01	 -2.1787946e-01	  8.7669984e-02
GCTCCA	 -5.8362284e-03	  1.8123198e-02	 -1.9445980e-02
GCTCCC	  1.1121585e-02	  4.8288140e-02	 -1.7132522e-01
GCTCCG	  5.2813042e-02	  2.3526624e-01	  3.8576180e-01
GCTCCT	 -1.5262712e-02	 -1.4071661e-01	  1.5781922e-03
GCTCGA	  1.1138605e-01	 -3.2110918e-01	  1.4427327e-01
GCTCGC	 -1.7978486e-02	  8.2067385e-02	 -2.2186626e-02
GCTCGG	  1.2162296e-02	  1.7686763e-01	 -1.2969236e-01
GCTCGT	 -1.3494891e-01	 -3.2074416e-01	  3.7978742e-02
GCTCTA	 -1.2894244e-01	 -4.4519216e-02	  5.3699858e-02
GCTCTC	  4.8297187e-03	  3.7365284e-02	  1.0064595e-01
GCTCTG	  8.8973366e-02	  1.1910255e-01	 -1.9524866e-01
GCTCTT	 -8.2977161e-02	 -2.4982448e-01	  8.5074641e-02
GCTGAA	  1.4659977e-02	 -1.2582598e-02	  1.5177144e-01
GCTGAC	  1.8449959e-01	  2.8220975e-01	  2.0124048e-01
GCTGAG	 -1.0113434e-01	 -2.4231240e-01	 -2.5660163e-01
GCTGAT	  3.0610753e-02	  1.5404582e-01	  2.4714947e-02
GCTGCA	 -1.4530811e-01	 -7.3657133e-02	 -6.4784072e-02
GCTGCC	  1.4232342e-01	  1.1166503e-01	 -1.2913257e-01
GCTGCG	  9.9883862e-02	  4.0646797e-01	  4.2333353e-01
GCTGCT	 -2.4353655e-02	 -1.7271964e-01	  2.9248834e-02
GCTGGA	  1.8438349e-02	  1.2978080e-02	  1.7394197e-01
GCTGGC	  2.9297969e-01	  2.2016007e-01	  2.3414519e-01
GCTGGG	 -1.8590890e-01	 -6.8618052e-02	 -3.4753403e-01
GCTGGT	 -8.8047953e-03	 -1.0275638e-01	 -2.0952269e-02
GCTGTA	 -2.1754724e-01	 -1.0858818e-01	 -1.3237825e-01
GCTGTC	  5.4024789e-02	 -3.0802542e-02	  2.4209130e-01
GCTGTG	  1.1735917e-01	  1.9325840e-01	 -1.3006723e-01
GCTGTT	 -1.0199116e-01	 -3.1912532e-01	  4.0859743e-03
GCTTAA	 -3.9540024e+00	 -4.9205385e-02	  2.5165986e-02
GCTTAC	  3.6087537e-01	  8.1328630e-02	  6.3616268e-02
GCTTAG	 -3.8378632e+00	  1.7140675e-01	 -7.0485055e-02
GCTTAT	  2.8983650e-01	 -2.0671146e-01	 -1.7808923e-02
GCTTCA	 -3.2851055e-02	  1.1037809e-02	  2.4016323e-02
GCTTCC	  1.2586675e-02	  5.1642541e-02	 -1.0451297e-01
GCTTCG	  1.6701366e-01	  5.6787199e-01	  6.3294911e-01
GCTTCT	 -4.6685580e-03	 -2.1873300e-01	 -9.2216164e-02
GCTTGA	 -4.0698252e+00	 -1.4200208e-01	  2.8959015e-02
GCTTGC	  1.6013467e-01	  4.1804511e-02	  2.9099010e-02
GCTTGG	  1.1980261e-01	  2.1000247e-01	 -3.1715136e-02
GCTTGT	  2.1096222e-01	 -2.1017160e-01	 -3.2298144e-02
GCTTTA	 -3.2945100e-02	 -3.2318305e-02	 -1.6476491e-01
GCTTTC	  3.8637850e-02	 -5.2142184e-02	  2.0041941e-01
GCTTTG	  6.8069056e-02	  2.8137738e-01	 -2.2436166e-01
GCTTTT	 -7.2547242e-02	 -4.0009913e-01	  4.4538982e-02
GGAAAA	 -1.0296060e-02	 -3.7618671e-02	  7.1868300e-02
GGAAAC	 -2.2537710e-02	  4.2402185e-03	 -6.5635175e-02
GGAAAG	  4.7056124e-02	  1.8503143e-01	 -4.9940158e-02
GGAAAT	 -1.3789620e-02	 -2.0073831e-01	 -1.7096486e-02
GGAACA	 -5.0932970e-02	 -5.2270513e-02	 -4.1467141e-02
GGAACC	  9.5078774e-02	  1.7857023e-01	 -5.9959468e-02
GGAACG	  1.4024562e-01	  3.0514890e-01	  4.0583801e-01
GGAACT	 -4.4570990e-02	 -2.1019457e-01	 -2.7498296e-02
GGAAGA	 -1.7870445e-02	  1.7691972e-02	  1.9745988e-01
GGAAGC	  1.1239503e-01	  1.1227459e-01	 -1.6851053e-02
GGAAGG	 -2.1866554e-01	  4.3118871e-03	 -2.1581489e-01
GGAAGT	  1.2368144e-01	 -1.9456927e-01	 -1.4313221e-01
GGAATA	 -1.6901964e-01	 -8.4173106e-02	 -1.7186004e-01
GGAATC	  6.8146065e-02	  3.8467161e-02	  1.4900720e-01
GGAATG	  6.8245493e-02	  1.9384909e-01	 -8.6303256e-02
GGAATT	  5.9003592e-03	 -2.5169218e-01	  7.8481868e-02
GGACAA	 -3.2058733e-03	 -4.5484781e-02	  9.0140514e-02
GGACAC	 -6.9317929e-02	  3.8899418e-02	 -1.5251315e-02
GGACAG	  1.6074871e-01	  1.7495784e-01	 -3.8368858e-02
GGACAT	 -1.7334993e-01	 -2.8760877e-01	 -3.9454497e-02
GGACCA	 -2.1015434e-02	  3.0445905e-02	 -8.9154787e-02
GGACCC	  4.2707406e-02	  7.7565961e-02	 -6.3388079e-02
GGACCG	  1.6337829e-02	  2.8514442e-01	  3.8970888e-01
GGACCT	 -2.1097248e-02	 -2.1712719e-01	  2.5295585e-02
GGACGA	  1.2506819e-01	 -9.2182167e-02	  2.6234224e-01
GGACGC	  3.4110263e-02	  1.6873451e-01	 -6.0081244e-02
GGACGG	 -1.2227220e-02	  5.0517034e-02	 -1.3545997e-01
GGACGT	 -1.4324124e-01	 -2.1868280e-01	 -9.7207993e-02
GGACTA	 -2.4263395e-01	 -2.0924811e-01	 -1.9852489e-01
GGACTC	  4.4511367e-02	  1.4824596e-01	  1.2079099e-01
GGACTG	  1.1862697e-01	  1.5847769e-01	 -6.0400624e-02
GGACTT	 -6.0336217e-03	 -2.1401149e-01	  7.4909501e-02
GGAGAA	 -7.9354532e-02	 -5.1714234e-02	  6.2856793e-02
GGAGAC	  5.5566117e-02	  9.3049400e-02	 -2.6431931e-03
GGAGAG	  7.9756632e-02	  1.1995794e-01	 -1.0468697e-01
GGAGAT	 -2.5129063e-02	 -2.0663579e-01	 -5.4677404e-03
GGAGCA	 -5.0900225e-02	 -6.3566463e-03	 -3.6137357e-02
GGAGCC	  1.2354337e-01	  1.4802951e-01	 -1.0222734e-01
GGAGCG	 -1.3286550e-01	  1.5812987e-01	  2.6120141e-01
GGAGCT	 -4.0643301e-02	 -2.2549260e-01	  1.8633906e-02
GGAGGA	  1.1823041e-01	  1.7571852e-01	  2.9703251e-01
GGAGGC	 -7.9405814e-02	 -7.9982936e-02	 -1.7766637e-01
GGAGGG	 -2.9927917e-02	  2.8764175e-02	 -2.2121637e-01
GGAGGT	 -1.2825419e-02	 -2.3334110e-01	 -1.0273421e-01
GGAGTA	  7.8609370e-02	  7.7207252e-02	  2.8086599e-02
GGAGTC	  7.3628671e-02	  1.1851356e-01	  1.6287571e-01
GGAGTG	  3.5426579e-03	  9.0388514e-02	 -1.6179964e-01
GGAGTT	 -1.0066663e-01	 -3.0325651e-01	  4.7638714e-03
GGATAA	 -3.9578147e+00	  3.4654249e-02	  8.5336268e-02
GGATAC	  4.1918212e-01	  1.4156333e-01	  6.7913048e-02
GGATAG	 -3.7748446e+00	  1.5352589e-01	 -9.8795846e-02
GGATAT	  2.2414109e-01	 -2.7060491e-01	 -6.6282645e-02
GGATCA	 -1.5204108e-01	 -1.2592249e-01	 -1.8218200e-01
GGATCC	  1.3748337e-01	  2.0605861e-01	  1.1214537e-01
GGATCG	  8.0517814e-02	  4.2976007e-01	  3.9060020e-01
GGATCT	  5.0448548e-02	 -1.8320236e-01	  1.9099725e-02
GGATGA	 -3.9316041e+00	 -2.5121332e-03	  1.6844566e-01
GGATGC	  1.5811361e-01	  1.2733908e-01	  2.9126123e-02
GGATGG	  1.3069232e-01	  3.2173265e-02	 -1.6953371e-01
GGATGT	  1.3144583e-01	 -1.8977539e-01	 -8.1033550e-02
GGATTA	 -2.8657344e-01	 -3.3004907e-01	 -3.3701476e-01
GGATTC	  1.0283037e-01	  2.2543553e-01	  2.9015538e-01
GGATTG	  3.0362252e-02	  3.3116692e-01	 -1.8437180e-01
GGATTT	  1.3257256e-01	 -2.0473933e-01	  1.0767837e-01
GGCAAA	 -1.0084436e-01	 -7.9037704e-02	  7.0290074e-02
GGCAAC	  1.3605622e-02	  3.4371365e-02	 -9.5857503e-03
GGCAAG	  1.7160255e-01	  1.9434899e-01	 -6.8019554e-02
GGCAAT	 -1.3673966e-01	 -2.8689250e-01	 -4.1073162e-02
GGCACA	 -2.1764366e-01	 -6.5608501e-02	 -1.0051610e-01
GGCACC	  2.3552248e-01	  1.4598785e-01	  6.1594270e-02
GGCACG	  3.9013244e-02	  1.0824703e-01	  1.8613199e-04
GGCACT	 -4.7027513e-02	 -1.4242631e-01	  7.2497509e-02
GGCAGA	 -3.2741842e-01	 -6.2712096e-02	  7.7833928e-02
GGCAGC	  4.1818100e-01	  2.7485991e-01	  2.3585141e-01
GGCAGG	 -3.7522575e-01	 -1.2778436e-01	 -3.1485814e-01
GGCAGT	  1.8427522e-01	 -7.2124049e-02	 -1.0469610e-02
GGCATA	 -3.5671660e-01	 -8.9706676e-03	 -1.8687066e-01
GGCATC	  3.2633868e-01	  2.1600029e-01	  3.4901747e-01
GGCATG	 -6.2741317e-02	 -2.8163381e-02	 -4.4649667e-01
GGCATT	 -8.7267794e-02	 -1.6744533e-01	  1.2011804e-01
GGCCAA	 -3.1867290e-01	 -1.7133214e-01	  3.3737984e-02
GGCCAC	  1.8237424e-01	  1.5594107e-01	  1.2081098e-01
GGCCAG	  1.1162162e-01	  8.7327160e-02	 -2.2557269e-01
GGCCAT	 -1.3112846e-01	 -1.8029186e-01	  1.3179833e-01
GGCCCA	 -1.4479864e-01	 -5.7415705e-02	 -3.6003608e-02
GGCCCC	  1.0765760e-01	  8.8948853e-02	 -1.1290468e-01
GGCCCG	  1.8377399e-01	  3.1488085e-01	  3.1191549e-01
GGCCCT	 -3.4841307e-02	 -1.7370325e-01	  2.0363595e-02
GGCCGA	 -2.9677564e-01	 -4.2757118e-01	 -1.1698079e-03
GGCCGC	  2.9860100e-01	  3.0081195e-01	  1.5769809e-01
GGCCGG	 -1.8798942e-02	  4.4777546e-02	 -2.6677513e-01
GGCCGT	 -2.1686656e-02	 -6.9665633e-02	  2.1403395e-01
GGCCTA	 -3.4047538e-01	 -1.7116112e-01	 -3.6951501e-02
GGCCTC	 -7.1777120e-02	 -6.0602251e-02	 -6.1360840e-02
GGCCTG	  2.3581436e-01	  1.9378558e-01	 -9.2308365e-02
GGCCTT	 -1.7106172e-01	 -1.5273839e-01	  1.6771641e-01
GGCGAA	 -2.7709594e-01	  5.4740201e-04	  9.0233937e-02
GGCGAC	 -7.1166754e-02	 -4.0763527e-02	 -7.8518905e-02
GGCGAG	  2.1829019e-01	  1.1920124e-01	 -6.2790044e-02
GGCGAT	 -1.2670204e-01	 -1.8779317e-01	  7.8226537e-02
GGCGCA	 -2.8053311e-01	 -1.2649203e-03	 -7.4496567e-02
GGCGCC	  1.4961503e-01	 -1.2540072e-02	 -1.7572951e-01
GGCGCG	 -3.5987832e-02	 -2.3553136e-01	 -1.5820110e-01
GGCGCT	 -1.2021696e-02	  2.1617226e-01	  3.7813833e-01
GGCGGA	 -4.2707035e-01	 -1.5073742e-01	 -6.4447634e-02
GGCGGC	  4.4039738e-01	  3.1907323e-01	  3.1746763e-01
GGCGGG	 -2.2039734e-01	 -1.3466489e-01	 -3.1197837e-01
GGCGGT	  7.7497788e-02	 -3.6764339e-02	  1.6630192e-01
GGCGTA	 -2.2894096e-01	  2.0444807e-01	  6.9715470e-02
GGCGTC	  4.2496464e-01	  3.4942663e-01	  5.0487006e-01
GGCGTG	 -1.1800745e-01	 -2.1037535e-01	 -4.3392295e-01
GGCGTT	 -4.5699500e-03	  1.8616405e-01	  3.6448139e-01
GGCTAA	 -4.4510198e+00	 -1.5104865e-01	 -7.1503736e-02
GGCTAC	  5.5495244e-01	  2.2574918e-01	  2.1677682e-01
GGCTAG	 -4.2068605e+00	  1.6162416e-01	 -1.8249083e-01
GGCTAT	  2.3656620e-01	 -2.6524800e-01	  4.2706657e-02
GGCTCA	 -3.7148207e-01	 -1.6063471e-01	 -2.1612433e-01
GGCTCC	  3.0076370e-01	  1.9754776e-01	  9.9374555e-02
GGCTCG	  3.1848964e-01	  2.7196896e-01	  4.9456039e-01
GGCTCT	  3.4368254e-02	 -1.4749219e-02	  7.8130275e-02
GGCTGA	 -4.4664226e+00	 -1.3904512e-01	  5.9012834e-02
GGCTGC	  3.1694090e-01	  2.6357436e-01	  1.6492631e-01
GGCTGG	  3.5129241e-03	 -2.8224951e-02	 -2.8427026e-01
GGCTGT	  1.7812233e-01	 -1.6521887e-01	  1.2457959e-01
GGCTTA	 -2.9799017e-01	 -1.2001579e-01	 -2.8672597e-01
GGCTTC	  2.3616336e-01	  1.4799736e-01	  1.5803687e-01
GGCTTG	 -6.8206601e-02	  1.3537852e-01	 -2.2471339e-01
GGCTTT	 -9.0264954e-02	 -2.4003932e-01	  7.9338796e-02
GGGAAA	 -5.4769222e-02	 -8.4492572e-02	 -1.4946875e-02
GGGAAC	  1.0573353e-01	  1.6799483e-01	  1.2505564e-01
GGGAAG	  1.0254391e-01	  1.0241827e-01	 -7.6343887e-02
GGGAAT	 -2.0512265e-01	 -2.2863004e-01	  2.9523270e-02
GGGACA	 -7.4930422e-02	 -2.9533267e-02	 -4.2704597e-02
GGGACC	  2.1286114e-01	  1.6131888e-01	  1.2909125e-01
GGGACG	  2.2689494e-01	  3.4837604e-01	  2.7331331e-01
GGGACT	 -1.8985672e-01	 -2.4201103e-01	 -1.3874844e-01
GGGAGA	 -9.0639003e-02	  6.8653800e-02	  2.1824926e-01
GGGAGC	  4.4578373e-01	  3.3559132e-01	  2.2420855e-01
GGGAGG	 -3.6104229e-01	 -1.9291800e-01	 -3.3842003e-01
GGGAGT	  1.7262608e-01	 -1.2166576e-01	 -1.3354072e-02
GGGATA	 -2.2190656e-01	 -4.0523276e-02	 -1.3211651e-01
GGGATC	  3.2111937e-01	  1.1975605e-01	  3.4554717e-01
GGGATG	  1.4754246e-01	  3.0028608e-01	 -1.9930311e-01
GGGATT	 -2.5197908e-01	 -4.7528720e-01	 -3.5418838e-02
GGGCAA	 -2.7255771e-01	 -1.8419901e-01	 -1.1955090e-02
GGGCAC	  3.0798689e-02	  7.3049977e-02	  9.3136437e-02
GGGCAG	  2.0620504e-01	  1.6224651e-01	 -8.8211581e-02
GGGCAT	 -2.4429616e-01	 -2.4459781e-01	  5.0224010e-02
GGGCCA	 -1.4375512e-01	 -2.6645072e-02	 -9.5531635e-02
GGGCCC	  1.7161670e-01	  9.1122076e-02	 -1.4139808e-02
GGGCCG	  1.0261145e-01	  2.4769196e-01	  3.2973960e-01
GGGCCT	 -7.6758675e-02	 -1.7106104e-01	 -3.6184143e-02
GGGCGA	 -8.7052964e-02	 -2.1454665e-01	  1.5136585e-01
GGGCGC	  1.0704304e-01	  1.7689408e-01	 -1.9517183e-02
GGGCGG	  5.0664995e-02	  7.8230560e-02	 -8.1760280e-02
GGGCGT	 -1.8044393e-01	 -3.1320468e-01	 -3.8613159e-02
GGGCTA	 -2.2021295e-01	 -1.4406730e-01	  5.4576833e-02
GGGCTC	 -4.2644907e-02	 -2.9466024e-02	  8.2505174e-02
GGGCTG	  1.6970678e-01	  1.6451614e-01	 -1.5609525e-01
GGGCTT	 -1.9599192e-01	 -2.4557100e-01	  5.5344116e-02
GGGGAA	 -2.1981457e-01	 -7.6173104e-02	  7.6803401e-02
GGGGAC	  1.9597916e-01	  1.5068786e-01	  1.3937545e-01
GGGGAG	  7.1428835e-02	  7.8471623e-02	 -2.0320922e-01
GGGGAT	 -6.0759839e-02	 -2.5596932e-01	 -1.2354027e-02
GGGGCA	 -2.1001808e-01	 -2.4631092e-02	 -1.4132570e-01
GGGGCC	  2.0685720e-01	  1.1599510e-01	  8.2612105e-02
GGGGCG	  5.0987925e-02	  1.7308143e-01	  5.0710928e-02
GGGGCT	 -8.2625531e-02	 -1.8006104e-01	  2.2692155e-02
GGGGGA	 -1.9451341e-01	 -3.8867556e-02	  8.2743071e-02
GGGGGC	  2.9792857e-01	  1.8751006e-01	  1.0449536e-01
GGGGGG	 -2.0229223e-01	  4.9151365e-02	 -1.4514485e-01
GGGGGT	 -1.1519578e-01	 -3.5054711e-01	 -1.7147446e-01
GGGGTA	 -1.7543569e-01	 -1.1675979e-01	 -9.3020350e-02
GGGGTC	  1.7679834e-01	  1.7326123e-01	  3.3796132e-01
GGGGTG	  1.1733305e-01	  1.4816381e-01	 -3.2239503e-01
GGGGTT	 -2.6000682e-01	 -3.7758368e-01	 -4.8646908e-02
GGGTAA	 -3.7672882e+00	 -5.9435911e-02	  5.9121572e-03
GGGTAC	  4.7462463e-01	  9.9847041e-02	  9.6634917e-02
GGGTAG	 -3.7035179e+00	  1.5864131e-01	 -1.1517037e-01
GGGTAT	  2.1980411e-01	 -2.4840464e-01	  1.4366313e-02
GGGTCA	 -1.0831746e-01	  5.4417089e-02	 -7.6087229e-02
GGGTCC	  1.4188406e-01	  1.2563598e-01	  1.0363887e-01
GGGTCG	  2.5310856e-01	  2.6371971e-01	  4.4769669e-01
GGGTCT	 -7.6495811e-02	 -2.4470426e-01	 -1.2923086e-01
GGGTGA	 -3.8003168e+00	 -2.6291396e-02	  8.6356618e-02
GGGTGC	  2.0896199e-01	  1.6307332e-01	  8.5433245e-02
GGGTGG	  4.4659939e-02	  1.4108839e-02	 -1.3567035e-01
GGGTGT	  1.9079892e-01	 -2.0240174e-01	 -1.0810415e-02
GGGTTA	 -1.1505162e-02	  4.5339122e-02	  4.5205202e-02
GGGTTC	  5.2437969e-02	  9.0484746e-02	  1.4711353e-01
GGGTTG	  7.4748136e-02	  2.3012809e-01	 -2.0205873e-01
GGGTTT	 -7.4274570e-02	 -3.1638488e-01	 -4.0425159e-02
GGTAAA	  8.0269098e-02	 -1.4925222e-01	  9.7315550e-02
GGTAAC	  9.9781834e-02	  1.8718302e-01	  1.5966503e-01
GGTAAG	 -1.5863833e-01	  6.3859195e-02	 -3.0884874e-01
GGTAAT	 -8.4293909e-02	 -3.2126296e-02	 -9.1018610e-02
GGTACA	 -1.2641762e-01	 -5.1611986e-02	 -2.4498077e-02
GGTACC	  1.2691909e-01	  1.4873961e-01	  3.7191574e-02
GGTACG	  1.3405829e-02	  3.5492438e-01	  4.1261393e-01
GGTACT	  2.8587766e-02	 -1.9649892e-01	 -1.1494420e-01
GGTAGA	 -1.4938146e-01	 -1.4112459e-01	  1.3337398e-01
GGTAGC	  2.6577470e-01	  1.3902062e-01	  1.2650840e-01
GGTAGG	 -3.4161749e-01	 -1.2296745e-02	 -3.0803922e-01
GGTAGT	  1.4817713e-01	  6.4872719e-02	 -1.2840527e-01
GGTATA	 -2.2886020e-01	 -9.2646524e-02	 -2.7304047e-01
GGTATC	  2.0375128e-01	  1.1029357e-01	  2.8866190e-01
GGTATG	  3.5197172e-02	  2.1561126e-01	 -1.3597694e-01
GGTATT	 -1.6598387e-02	 -2.2983955e-01	  2.5073735e-02
GGTCAA	 -4.5142084e-02	 -3.8221423e-02	  9.1448672e-02
GGTCAC	  2.8135855e-02	  6.3505262e-02	  9.8375209e-02
GGTCAG	  1.5429119e-02	  3.1869225e-02	 -2.9349175e-01
GGTCAT	 -9.3001686e-03	 -8.8727847e-02	  1.3565499e-01
GGTCCA	 -2.6771396e-02	  4.3875813e-02	 -4.8418096e-03
GGTCCC	  4.2402185e-03	  3.3973023e-02	 -1.3908066e-01
GGTCCG	  1.2597886e-01	  2.7811718e-01	  4.8797587e-01
GGTCCT	 -1.4150295e-03	 -1.3996740e-01	 -4.9643316e-03
GGTCGA	  9.9229448e-02	 -1.3306528e-01	  4.5578692e-02
GGTCGC	  5.6637503e-02	  4.7383696e-02	  6.6481945e-03
GGTCGG	 -1.0633506e-01	  8.7679550e-02	 -1.1031239e-01
GGTCGT	 -2.1183481e-02	 -9.3401365e-02	  8.7761067e-02
GGTCTA	 -1.2924127e-01	 -5.8315848e-03	  7.0501310e-03
GGTCTC	 -1.4296585e-01	 -5.5784244e-02	 -4.8758339e-02
GGTCTG	  2.2584361e-01	  2.2890313e-01	 -4.5149725e-02
GGTCTT	 -3.7665840e-02	 -2.1290570e-01	  7.4820608e-02
GGTGAA	 -4.6562497e-02	 -9.3304567e-02	  1.0308606e-01
GGTGAC	  8.0150127e-02	  1.0867164e-01	  9.7140692e-02
GGTGAG	 -1.8996179e-02	 -8.9163119e-03	 -2.5319770e-01
GGTGAT	  5.3478545e-03	  1.7291758e-02	 -3.5946213e-02
GGTGCA	 -1.6517742e-01	 -6.8974994e-02	 -8.4141783e-02
GGTGCC	  1.3251708e-01	  1.1460476e-01	 -5.3783875e-02
GGTGCG	 -1.9183508e-01	  4.2082362e-02	  1.7418200e-01
GGTGCT	  5.3800955e-02	 -6.3540272e-02	  6.5193854e-02
GGTGGA	  1.4267631e-02	  5.5904269e-02	  1.9275416e-01
GGTGGC	  8.8813379e-02	  2.7978316e-02	 -1.7162567e-02
GGTGGG	 -1.5565984e-01	 -7.4591689e-02	 -3.2330826e-01
GGTGGT	  4.9136199e-02	 -9.4966823e-03	  5.9475329e-02
GGTGTA	 -1.3086911e-01	 -2.4478739e-02	 -6.8108790e-02
GGTGTC	  1.2424588e-01	  1.1346734e-01	  2.6814848e-01
GGTGTG	 -1.4246151e-02	  4.4604111e-02	 -2.7462193e-01
GGTGTT	 -4.5589893e-03	 -1.8592145e-01	  8.9670271e-02
GGTTAA	 -3.9545093e+00	  7.3639499e-03	  3.8272467e-02
GGTTAC	  3.5821128e-01	  1.6758680e-01	  7.7231646e-02
GGTTAG	 -3.7857985e+00	  7.6284088e-02	 -1.7600040e-01
GGTTAT	  2.8637171e-01	 -2.7690041e-01	  5.5045141e-03
GGTTCA	 -2.0640770e-01	 -1.0957039e-01	 -1.3269162e-01
GGTTCC	  1.2110519e-01	  1.6517685e-01	  5.5990614e-02
GGTTCG	  1.2469053e-01	  4.4401723e-01	  6.0590076e-01
GGTTCT	  9.0997189e-02	 -1.0530099e-01	 -1.8509293e-02
GGTTGA	 -3.7279458e+00	  6.1800659e-02	  1.2523496e-01
GGTTGC	 -1.7831499e-02	 -1.4265570e-02	 -1.1730633e-01
GGTTGG	  1.4104506e-01	  1.2666136e-01	 -1.4592582e-02
GGTTGT	  2.0341726e-01	 -2.6805049e-01	 -8.6142188e-03
GGTTTA	  4.1115534e-02	  7.5933710e-02	 -5.0404273e-02
GGTTTC	 -1.7151687e-02	 -1.0910430e-01	  8.0236129e-02
GGTTTG	  8.3271295e-02	  2.8173637e-01	 -1.7052871e-01
GGTTTT	 -6.6967055e-02	 -2.7304134e-01	  3.8254596e-02
GTAAAA	 -1.8219972e-02	 -4.5052253e-02	 -1.5488411e-01
GTAAAC	 -2.5983516e-02	  8.5470028e-02	  2.2350696e-01
GTAAAG	  1.2218765e-01	  2.4131384e-01	  9.5123731e-02
GTAAAT	 -6.7115098e-02	 -3.0170381e-01	 -6.8362765e-02
GTAACA	 -4.0605012e-02	  1.1378568e-02	 -1.9776256e-01
GTAACC	  5.8875151e-02	  1.2390059e-01	  8.7292641e-02
GTAACG	  2.0229125e-01	  3.8298500e-01	  8.2866710e-01
GTAACT	 -2.0142382e-02	 -1.9259873e-01	 -1.6345121e-01
GTAAGA	  1.0240972e-02	  6.1355110e-02	 -1.0853028e-01
GTAAGC	  1.2084398e-01	  6.7715533e-02	  1.5906331e-01
GTAAGG	 -3.0138541e-02	  1.8527839e-01	  6.6814430e-02
GTAAGT	 -7.9788096e-02	 -4.6727288e-01	 -6.6465244e-02
GTAATA	 -6.8783127e-02	  7.4391253e-03	  3.9227240e-02
GTAATC	 -2.4201341e-01	 -1.9450130e-01	 -7.1333379e-02
GTAATG	  2.2056577e-01	  3.5379711e-01	  1.3115242e-01
GTAATT	  5.1807117e-02	 -2.5619638e-01	 -6.7632034e-02
GTACAA	 -1.5824153e-03	 -1.6277788e-02	  1.0153078e-01
GTACAC	 -1.1352815e-01	 -4.1629333e-02	  3.2656200e-02
GTACAG	  1.9693148e-01	  2.2314520e-01	 -5.1283471e-02
GTACAT	 -1.8835948e-01	 -2.8867847e-01	 -8.8550061e-02
GTACCA	 -2.2139281e-02	  4.9903646e-02	 -5.8712024e-02
GTACCC	 -2.4388675e-02	  2.9661646e-03	 -1.5015021e-01
GTACCG	  8.3836198e-02	  3.9221585e-01	  6.7854929e-01
GTACCT	  2.9190216e-02	 -1.4978722e-01	 -2.5618847e-02
GTACGA	  7.4257955e-02	  4.7696970e-02	  2.2376789e-01
GTACGC	  8.6322449e-02	  1.5806375e-01	  6.1319057e-02
GTACGG	  1.4844264e-01	  1.7183313e-01	 -4.0274806e-02
GTACGT	 -2.3767468e-01	 -3.1538740e-01	 -2.2340831e-01
GTACTA	 -1.0657588e-01	 -8.3376408e-02	 -8.9045905e-02
GTACTC	 -5.6437876e-02	  3.4543574e-02	  4.0929090e-02
GTACTG	  1.7699437e-01	  1.7557606e-01	  1.4555553e-02
GTACTT	 -7.9973377e-02	 -1.6420370e-01	  1.3611894e-02
GTAGAA	  3.5721868e-02	  2.6768621e-02	 -1.3253514e-01
GTAGAC	  8.4682204e-02	  1.5632161e-01	  3.0847600e-01
GTAGAG	 -1.4010324e-01	 -1.3556622e-02	 -1.1462776e-01
GTAGAT	  6.4874768e-02	 -1.5806340e-01	  7.0791259e-02
GTAGCA	  6.1177202e-02	  1.8514328e-01	 -4.7027282e-02
GTAGCC	  1.7772040e-01	  1.5223934e-01	  1.0478736e-01
GTAGCG	  1.0245466e-01	  2.9447442e-01	  8.7485075e-01
GTAGCT	 -1.5848655e-01	 -3.3230174e-01	 -2.9371986e-01
GTAGGA	  6.9507204e-02	  1.4944813e-01	 -8.6375132e-02
GTAGGC	  9.2674740e-02	  4.2147342e-02	  1.2535045e-01
GTAGGG	 -3.8637493e-02	  1.0668444e-02	  2.3537360e-02
GTAGGT	 -1.4602019e-01	 -3.5141066e-01	 -3.4797668e-02
GTAGTA	 -3.2254476e-02	 -2.7507314e-02	  2.0683937e-02
GTAGTC	 -1.4499764e-01	 -1.1090952e-01	  4.2008534e-02
GTAGTG	  1.7320642e-01	  2.5808090e-01	  4.4368543e-02
GTAGTT	 -4.3017905e-02	 -2.0767613e-01	 -9.1956839e-02
GTATAA	 -3.6893959e+00	  2.8840872e-02	  1.4947316e-01
GTATAC	  3.7893900e-01	  8.4239624e-02	  3.7361294e-02
GTATAG	 -3.4238265e+00	  3.2181999e-01	 -2.9236733e-03
GTATAT	  1.8168820e-01	 -3.4210265e-01	 -1.6606271e-01
GTATCA	 -1.3648717e-02	  5.0023258e-02	  6.2531326e-03
GTATCC	  5.8668550e-02	  1.5529424e-01	  4.9913477e-02
GTATCG	  2.2227407e-01	  5.2597088e-01	  7.1779937e-01
GTATCT	 -4.1792754e-02	 -2.6255882e-01	 -1.8000971e-01
GTATGA	 -3.7163439e+00	  5.4409731e-02	  2.0541553e-01
GTATGC	  1.6935937e-01	  8.7837704e-02	  6.1755620e-02
GTATGG	  2.6522666e-01	  2.3045121e-01	  4.0610615e-02
GTATGT	  9.9999104e-03	 -3.2929093e-01	 -3.0400977e-01
GTATTA	  2.2359621e-02	 -4.5230240e-02	 -6.9857411e-02
GTATTC	 -7.0244628e-03	  1.8982875e-01	  2.0165533e-01
GTATTG	  1.8127693e-01	  3.7730822e-01	 -5.3679001e-02
GTATTT	 -7.9521880e-02	 -3.5731897e-01	 -5.4161731e-02
GTCAAA	 -2.1080221e-01	 -9.7196661e-02	  2.2743106e-02
GTCAAC	  2.0865193e-01	  1.3563125e-01	  1.3620625e-01
GTCAAG	  1.4279686e-01	  2.1699613e-01	 -1.1639336e-02
GTCAAT	 -1.0619352e-01	 -3.6695284e-01	 -1.5031125e-01
GTCACA	 -1.7761372e-01	  1.0173685e-03	 -8.0011688e-02
GTCACC	  1.5334177e-01	  2.2098675e-02	  6.9495425e-02
GTCACG	  2.5182438e-01	  3.4689149e-01	  2.7255854e-01
GTCACT	 -7.0982113e-02	 -1.2824266e-01	 -5.4888111e-02
GTCAGA	 -2.0500486e-01	  6.9567114e-02	  1.8655227e-01
GTCAGC	  3.8044804e-01	  1.5954909e-01	  1.4888006e-01
GTCAGG	 -3.4997860e-01	 -1.2740339e-01	 -3.2354397e-01
GTCAGT	  8.4326394e-02	 -8.0809496e-02	 -6.8333440e-02
GTCATA	 -3.8695180e-01	 -4.1392599e-03	 -3.4591335e-01
GTCATC	  2.8539839e-01	  8.3132587e-02	  3.3409780e-01
GTCATG	  6.6543303e-02	  1.9022819e-01	 -2.4626499e-01
GTCATT	 -1.6361442e-01	 -2.8875032e-01	 -3.6626283e-02
GTCCAA	 -2.3567063e-01	 -2.0209117e-02	  6.3749962e-02
GTCCAC	  9.1662481e-02	  6.7996599e-02	  3.9735612e-02
GTCCAG	  1.8042709e-01	  1.4721769e-01	 -5.6126669e-02
GTCCAT	 -2.0981699e-01	 -3.3371720e-01	 -3.0641260e-02
GTCCCA	 -1.6809247e-01	 -5.9264354e-02	 -1.4027643e-01
GTCCCC	  1.2447135e-01	  1.5138942e-01	  3.8822252e-02
GTCCCG	  3.0272537e-01	  3.9986688e-01	  4.7524858e-01
GTCCCT	 -1.0456908e-02	 -2.2134033e-01	 -1.9950695e-02
GTCCGA	  2.1057216e-02	  5.9716795e-02	  2.2853363e-01
GTCCGC	  1.3058302e-01	  3.9461080e-02	 -6.8848334e-02
GTCCGG	  6.6968650e-02	  9.9966004e-02	 -1.4753357e-01
GTCCGT	 -2.8877750e-01	 -2.5594902e-01	 -2.1306897e-02
GTCCTA	 -2.6188686e-01	 -8.0461018e-02	 -8.5242435e-02
GTCCTC	  3.1580862e-02	  3.9864857e-02	  1.5994650e-01
GTCCTG	  2.2373456e-01	  1.8854614e-01	 -1.2197217e-01
GTCCTT	 -2.5409171e-01	 -2.9131517e-01	 -1.2575910e-02
GTCGAA	 -2.0564297e-01	  5.1447824e-02	  1.7175574e-02
GTCGAC	  2.7581742e-01	  9.4560891e-02	  2.1471193e-01
GTCGAG	 -2.8838584e-02	  1.5125375e-02	 -7.4505053e-02
GTCGAT	 -1.5535312e-02	 -1.9170083e-01	 -1.0798122e-01
GTCGCA	 -6.2055741e-02	  1.4207280e-01	  3.3902351e-02
GTCGCC	  2.1934647e-03	 -1.2498379e-01	 -1.8553846e-01
GTCGCG	  1.9978188e-01	  1.3419892e-01	  1.6389948e-01
GTCGCT	 -2.9738875e-02	  3.5635173e-02	  1.6826662e-01
GTCGGA	 -2.0913067e-03	  1.9735427e-01	  2.4438570e-01
GTCGGC	  1.6538095e-01	  5.7712510e-02	  7.4654065e-02
GTCGGG	 -8.4661938e-02	 -9.4652392e-02	 -2.8738385e-01
GTCGGT	 -8.3876647e-02	 -1.8489186e-01	  1.1389813e-02
GTCGTA	 -3.0676314e-01	  7.3560602e-03	 -2.4091294e-01
GTCGTC	  1.3401736e-01	  1.0990448e-01	  3.2740152e-01
GTCGTG	  1.7005767e-01	 -1.6854255e-02	 -2.4524651e-01
GTCGTT	 -3.2938182e-01	 -9.7497180e-02	 -5.8632057e-02
GTCTAA	 -4.0653090e+00	  3.0819666e-02	  7.3750876e-02
GTCTAC	  5.1052487e-01	  1.5433814e-01	  1.3962255e-01
GTCTAG	 -3.9726715e+00	  1.6225371e-01	 -1.0288732e-01
GTCTAT	  9.7921334e-02	 -4.2657265e-01	 -1.1509698e-01
GTCTCA	 -2.0457868e-01	  1.9616541e-03	 -1.4619446e-01
GTCTCC	  2.9327729e-01	  1.7035215e-01	  2.2165047e-01
GTCTCG	 -1.3181007e-01	 -9.2149526e-02	  7.0729017e-02
GTCTCT	 -5.8759622e-02	 -1.2369598e-01	 -7.6125599e-02
GTCTGA	 -4.1388702e+00	  1.3050331e-02	  1.5316832e-01
GTCTGC	  2.6350334e-01	  1.1208974e-01	  3.2851655e-02
GTCTGG	  1.1961456e-01	  1.5932369e-01	 -7.8866862e-02
GTCTGT	 -2.8746698e-02	 -3.6486885e-01	 -1.1491603e-01
GTCTTA	 -2.0696482e-01	 -1.9627614e-02	 -2.5575703e-01
GTCTTC	  2.9182118e-01	  1.9250435e-01	  3.1244057e-01
GTCTTG	 -8.6197771e-02	  8.7317117e-02	 -2.9581830e-01
GTCTTT	 -1.5151510e-01	 -2.8745213e-01	 -4.7052436e-02
GTGAAA	 -1.8718256e-01	 -1.1658624e-01	 -1.9544439e-01
GTGAAC	  5.9488967e-02	  5.3611640e-02	  2.1158998e-01
GTGAAG	  2.3980516e-01	  2.2934355e-01	  4.7624692e-02
GTGAAT	 -1.0721401e-01	 -1.9623953e-01	  3.5662927e-02
GTGACA	 -1.6239461e-01	 -2.8879225e-02	 -2.0991413e-01
GTGACC	  2.0305143e-01	  9.0677857e-02	  5.1312044e-02
GTGACG	  2.8802407e-01	  3.3780515e-01	  6.7012799e-01
GTGACT	 -8.4192716e-02	 -1.4085889e-01	 -1.0592382e-01
GTGAGA	 -1.4049815e-01	  3.6976863e-02	 -6.9462471e-02
GTGAGC	  6.4861253e-02	 -9.6730202e-02	 -8.2193658e-02
GTGAGG	  3.7955973e-02	  1.7904511e-01	  5.2830599e-02
GTGAGT	  2.8015740e-02	 -2.4384668e-01	  1.3504879e-01
GTGATA	 -2.2990763e-01	  6.7703384e-03	  1.1660212e-01
GTGATC	  4.5570206e-02	 -1.5078196e-01	  1.2371317e-02
GTGATG	  7.7469900e-02	  2.0555916e-01	 -7.8326151e-02
GTGATT	 -1.1206602e-02	 -2.3952168e-01	 -2.7719997e-02
GTGCAA	 -2.4186948e-01	  6.0615167e-03	  1.5879519e-01
GTGCAC	  8.2563050e-02	  2.7999962e-03	  9.6588777e-03
GTGCAG	  1.6680141e-01	  1.0676198e-01	 -1.3647048e-01
GTGCAT	 -2.9321116e-01	 -2.6676193e-01	 -5.3562406e-03
GTGCCA	 -1.8382201e-01	  2.8725022e-02	 -3.6709629e-02
GTGCCC	  1.9517176e-01	  1.0152443e-01	 -8.2294829e-02
GTGCCG	  2.9920000e-01	  3.5143286e-01	  5.6477356e-01
GTGCCT	 -8.6208947e-02	 -2.3632318e-01	 -7.8701749e-02
GTGCGA	 -1.4354403e-01	 -8.8502102e-02	  1.8386061e-01
GTGCGC	  1.9460516e-01	  4.5266919e-02	 -3.0653510e-02
GTGCGG	  1.5545465e-01	  2.4044071e-01	  1.4676094e-02
GTGCGT	 -3.9857468e-01	 -4.1308564e-01	 -1.6141868e-01
GTGCTA	 -2.9898423e-01	 -4.5714162e-02	 -3.4145843e-02
GTGCTC	  9.2202462e-02	  7.2642811e-02	  1.7751996e-01
GTGCTG	  1.4377972e-01	  6.5870792e-02	 -1.4745423e-01
GTGCTT	 -2.7818677e-01	 -1.7285776e-01	  6.7954138e-02
GTGGAA	 -1.4563504e-01	  4.9172211e-02	  6.9121733e-02
GTGGAC	  2.2777499e-01	  5.7448253e-02	  1.6371255e-01
GTGGAG	  8.5990965e-02	  1.1606010e-01	 -1.3562630e-01
GTGGAT	 -1.3995311e-01	 -3.5516804e-01	 -6.9340833e-02
GTGGCA	 -1.9941482e-01	  5.0587866e-02	 -1.6915938e-02
GTGGCC	  3.4821537e-01	  1.5641628e-01	  7.9878084e-03
GTGGCG	 -6.1411109e-02	  4.2795096e-02	  8.3474346e-02
GTGGCT	 -1.4234568e-01	 -1.8970047e-01	 -1.4429234e-02
GTGGGA	 -1.5211914e-01	  1.1401144e-01	  1.2916799e-01
GTGGGC	  3.0090842e-01	  8.5805720e-03	  6.6570215e-02
GTGGGG	 -7.6231539e-02	  6.9284849e-02	 -1.9577193e-01
GTGGGT	 -1.4432357e-01	 -4.6863857e-01	 -7.6500349e-02
GTGGTA	 -2.1017513e-01	  4.7759046e-03	 -5.9538133e-06
GTGGTC	  1.9752125e-01	  9.9951610e-02	  2.5330722e-01
GTGGTG	  5.6064874e-02	  3.9841004e-02	 -2.7754536e-01
GTGGTT	 -1.6619590e-01	 -1.7926113e-01	  1.2079396e-01
GTGTAA	 -4.1079154e+00	  2.8063010e-02	  2.2491835e-01
GTGTAC	  5.2390599e-01	  4.3535605e-02	  2.2435440e-02
GTGTAG	 -3.9763246e+00	  2.4269159e-01	 -6.0396787e-02
GTGTAT	  6.6140607e-02	 -2.8753337e-01	 -2.4746567e-01
GTGTCA	 -1.3262174e-01	  1.0334197e-01	  1.6208271e-02
GTGTCC	  1.3590918e-01	  7.1202584e-02	  2.4093863e-02
GTGTCG	  3.2600692e-01	  3.3314845e-01	  5.4175329e-01
GTGTCT	 -7.3577829e-02	 -2.2247499e-01	 -1.3904241e-01
GTGTGA	 -4.2014518e+00	  8.7707050e-02	  2.3768710e-01
GTGTGC	  3.3737645e-01	  8.6868480e-02	  4.1634496e-02
GTGTGG	  2.2669919e-01	  3.1959242e-01	  1.5739511e-01
GTGTGT	 -1.4601806e-01	 -5.0002265e-01	 -3.7460414e-01
GTGTTA	 -1.8206316e-01	 -4.8783652e-02	 -1.7283128e-01
GTGTTC	  1.9175862e-01	  1.2184197e-01	  2.1049617e-01
GTGTTG	 -1.5687082e-02	  1.8764837e-01	 -2.2309789e-01
GTGTTT	 -4.4651166e-02	 -2.5289476e-01	  3.2771006e-02
GTTAAA	 -1.2757091e-02	 -1.6815805e-01	  6.7436539e-02
GTTAAC	  3.4016874e-02	  2.2841012e-01	  8.5185409e-02
GTTAAG	  3.8805820e-02	  9.9989980e-02	 -5.6184493e-02
GTTAAT	 -3.1450503e-02	 -5.7590678e-02	 -1.2172626e-01
GTTACA	 -6.8809763e-02	 -4.1897736e-02	  1.8894941e-03
GTTACC	  9.9735543e-02	  1.3465439e-01	 -2.1757430e-04
GTTACG	  8.8682592e-02	  4.6338195e-01	  4.3575233e-01
GTTACT	 -8.7049538e-03	 -1.7762388e-01	 -9.6764266e-02
GTTAGA	 -6.1317641e-02	 -7.8978837e-02	  2.3725469e-01
GTTAGC	  1.1149020e-01	  7.0437476e-02	  9.9706659e-03
GTTAGG	 -1.8283430e-01	  9.7070271e-03	 -2.6521295e-01
GTTAGT	  9.7621277e-02	  1.2163353e-02	 -2.6542059e-01
GTTATA	 -1.7403656e-01	 -3.8574483e-02	 -2.2140197e-01
GTTATC	  1.6202210e-01	  4.7159567e-02	  3.0792260e-01
GTTATG	  6.6343643e-02	  3.0565947e-01	 -1.1659653e-01
GTTATT	 -2.6316836e-02	 -3.0470893e-01	 -2.4120668e-02
GTTCAA	 -1.9168782e-01	 -1.6333939e-01	 -7.2741754e-02
GTTCAC	  7.1453243e-03	  2.4514085e-02	  7.3993266e-02
GTTCAG	  2.5250864e-01	  2.8298151e-01	  3.2206628e-02
GTTCAT	 -7.9346575e-02	 -1.9546659e-01	  9.0677887e-03
GTTCCA	 -1.6351726e-02	  6.5804280e-02	 -6.1835472e-02
GTTCCC	 -3.7217058e-02	  2.2853095e-02	 -1.3716236e-01
GTTCCG	  1.3472717e-01	  3.8758823e-01	  6.9388551e-01
GTTCCT	  2.5000378e-02	 -1.6855425e-01	 -1.9534457e-02
GTTCGA	 -1.6675875e-01	 -3.3736375e-01	 -1.5694150e-01
GTTCGC	  2.5956011e-01	  2.5628367e-01	  2.0047942e-01
GTTCGG	  1.7763948e-01	  3.7548456e-01	  8.9487500e-02
GTTCGT	 -5.0897229e-02	 -1.2122341e-01	  6.8488277e-02
GTTCTA	 -1.3887037e-01	 -4.3692548e-02	 -8.0342487e-02
GTTCTC	 -3.0571099e-02	 -2.2720422e-03	  6.1903208e-02
GTTCTG	  1.1364810e-01	  1.7201872e-01	 -4.1914728e-02
GTTCTT	 -1.6652394e-02	 -1.8690793e-01	  2.4959907e-02
GTTGAA	 -7.7605739e-02	 -2.0746337e-01	  2.7191320e-02
GTTGAC	  1.3769694e-01	  2.6385739e-01	  1.2871099e-01
GTTGAG	 -4.3726385e-02	  3.7862316e-02	 -1.1126276e-01
GTTGAT	  6.4533219e-02	  3.3181578e-02	 -4.1761205e-02
GTTGCA	 -7.9931922e-02	 -1.4934951e-02	 -7.6314695e-02
GTTGCC	 -1.9605894e-02	 -1.1350250e-02	 -7.8891411e-02
GTTGCG	  5.8799330e-02	  3.3796126e-01	  4.6748641e-01
GTTGCT	  8.7622136e-02	 -2.5812201e-02	  6.0192425e-02
GTTGGA	  3.7117530e-02	  3.8367741e-02	  1.6451591e-01
GTTGGC	  3.2024156e-02	 -1.4932328e-02	  1.0420290e-02
GTTGGG	 -4.8203323e-02	  4.7454435e-02	 -2.0094022e-01
GTTGGT	 -3.7224360e-02	 -9.5778160e-02	 -1.1808344e-01
GTTGTA	 -8.6521544e-02	  1.7352400e-02	 -1.2643421e-01
GTTGTC	  1.1037513e-01	  9.5724560e-02	  2.7684695e-01
GTTGTG	  1.3229568e-01	  1.8608473e-01	 -1.1114188e-01
GTTGTT	 -1.3693702e-01	 -3.0067536e-01	 -5.0023139e-02
GTTTAA	 -4.0131035e+00	 -2.9209180e-02	  7.8867063e-02
GTTTAC	  3.7784427e-01	  1.6924244e-01	  9.9202834e-02
GTTTAG	 -3.7460022e+00	  1.9134733e-01	 -1.1450697e-01
GTTTAT	  2.4467506e-01	 -2.5935575e-01	 -9.3402326e-02
GTTTCA	 -8.3985746e-02	 -1.1937661e-04	 -6.4088993e-02
GTTTCC	  2.0839160e-02	  1.2943894e-01	  4.8465755e-02
GTTTCG	  1.1128417e-01	  3.0809796e-01	  4.6058208e-01
GTTTCT	  4.2686384e-02	 -1.7147024e-01	 -5.9311058e-02
GTTTGA	 -3.9308114e+00	 -9.9083558e-03	  1.6645356e-01
GTTTGC	  2.0941634e-01	  1.0856394e-01	  3.2960407e-02
GTTTGG	  1.2605982e-01	  2.2485249e-01	 -3.0400019e-02
GTTTGT	  8.8597156e-02	 -3.9349371e-01	 -2.0404160e-01
GTTTTA	  9.7315805e-03	  1.6361263e-02	 -1.4356720e-01
GTTTTC	  8.0141369e-03	  1.7413583e-02	  2.0084523e-01
GTTTTG	  1.0768326e-01	  2.5839299e-01	 -1.8409371e-01
GTTTTT	 -1.0386547e-01	 -3.8636220e-01	  2.0288106e-02
TAAAAA	 -2.0068152e-01	 -1.4648256e-01	 -2.6354462e-02
TAAAAC	  2.4759226e-01	  1.6232751e-01	  1.2687476e-01
TAAAAG	  1.9203009e-01	  3.3936489e-01	  9.7437233e-02
TAAAAT	 -8.0809318e-02	 -2.7365085e-01	 -1.0561848e-01
TAAACA	 -2.4530908e-01	 -3.7204577e-03	 -9.5339470e-02
TAAACC	  1.2261622e-01	  1.8153663e-01	  1.3380706e-01
TAAACG	  7.8336620e-01	  2.9818973e-01	  3.4690803e-01
TAAACT	 -1.2127279e-01	 -2.2733356e-01	 -4.3756846e-02
TAAAGA	 -1.4835283e-01	  8.1340680e-03	  1.3370515e-01
TAAAGC	  1.6470304e-01	  9.9942230e-02	  1.0240668e-02
TAAAGG	  7.9098210e-02	  1.7736673e-01	 -1.1705609e-01
TAAAGT	 -3.1383298e-02	 -3.7737879e-01	 -1.5735961e-01
TAAATA	 -1.3436586e-01	 -1.2093635e-01	 -2.8655848e-01
TAAATC	  2.8114247e-01	  1.1646205e-01	  3.1385264e-01
TAAATG	  2.0525994e-02	  2.5215134e-01	 -3.2473657e-02
TAAATT	 -6.4511359e-02	 -3.0140707e-01	  6.0082886e-02
TAACAA	 -8.7458760e-02	 -3.5140488e-02	  3.6748674e-02
TAACAC	  1.5392041e-01	 -3.7824504e-02	  7.8101777e-03
TAACAG	  4.7645893e-02	  2.4565051e-01	  1.1477859e-02
TAACAT	 -7.1598507e-02	 -2.5782892e-01	 -5.6867469e-02
TAACCA	 -1.8782535e-01	  1.1255195e-01	 -3.1186782e-02
TAACCC	  5.6829635e-02	  3.4441814e-02	  1.5496116e-02
TAACCG	  8.9142513e-01	  3.4316042e-01	  5.2516627e-01
TAACCT	 -1.6231686e-01	 -2.7566788e-01	 -7.3748477e-02
TAACGA	 -4.4575721e-02	 -1.2113067e-02	  9.1148429e-02
TAACGC	  1.6380690e-01	  1.1150274e-01	 -2.6659688e-02
TAACGG	  1.1687067e-01	  2.2314519e-01	  6.4498231e-02
TAACGT	 -1.5898088e-01	 -2.7896422e-01	 -1.1688475e-01
TAACTA	  4.8772652e-02	 -4.3065213e-02	 -1.6725814e-01
TAACTC	  1.0803761e-01	  8.2048915e-02	  1.1254472e-01
TAACTG	  1.5015561e-02	  1.9867420e-01	 -4.8845317e-02
TAACTT	 -1.3368191e-01	 -2.7495104e-01	  4.7653038e-02
TAAGAA	 -1.9241151e-01	  8.8270381e-03	  8.3783560e-02
TAAGAC	  1.9985858e-01	  2.9042985e-02	 -2.1935003e-02
TAAGAG	  6.0894702e-02	  1.7731433e-01	 -7.4683785e-02
TAAGAT	  2.5845205e-02	 -3.4237382e-01	 -8.2486182e-02
TAAGCA	 -2.0830357e-01	  4.9441744e-02	 -4.1776508e-02
TAAGCC	 -1.7163966e-02	  5.2798647e-02	  1.0063400e-02
TAAGCG	  8.6803550e-01	  3.7494421e-01	  5.3544182e-01
TAAGCT	 -8.2315631e-02	 -2.4118978e-01	 -8.1005134e-02
TAAGGA	 -1.4917316e-01	  7.8624144e-02	  1.7014456e-01
TAAGGC	  1.0394535e-01	  1.8232031e-02	 -4.3586675e-02
TAAGGG	  7.9061829e-02	  8.8787302e-02	 -1.7909968e-01
TAAGGT	  1.3478209e-02	 -3.1738326e-01	 -1.7352079e-01
TAAGTA	 -2.8694982e-02	 -8.5648626e-02	 -2.7883875e-01
TAAGTC	  1.6217163e-01	  4.7345210e-02	  2.4688244e-01
TAAGTG	 -2.5648722e-02	  2.0446292e-01	 -9.9810876e-02
TAAGTT	 -7.2793178e-02	 -2.5552067e-01	  6.6912301e-02
TAATAA	 -1.6825676e-01	 -4.8304081e-02	  1.1500951e-02
TAATAC	  2.2949775e-01	  5.7273902e-02	  8.5361406e-02
TAATAG	  1.8296580e-01	  2.9920158e-01	  2.6827417e-02
TAATAT	 -1.0758127e-01	 -2.6101124e-01	 -7.7506490e-02
TAATCA	 -6.6617221e-02	  1.5419608e-01	  9.3165509e-02
TAATCC	 -1.8337242e-01	 -1.2572946e-01	 -1.8697831e-01
TAATCG	  1.0077462e+00	  6.5268123e-01	  6.2212217e-01
TAATCT	 -8.3009973e-02	 -2.0571999e-01	 -2.1540202e-02
TAATGA	 -9.3920335e-02	  3.7137207e-02	  1.3711865e-01
TAATGC	  1.4104988e-01	  3.6938610e-03	  2.0475276e-02
TAATGG	  7.1888790e-02	  2.2771977e-01	 -3.0528747e-02
TAATGT	 -7.4978806e-02	 -3.8721997e-01	 -1.9980450e-01
TAATTA	  2.5908371e-02	 -8.1969099e-03	 -2.3066352e-01
TAATTC	  1.8993166e-01	  2.1411718e-01	  3.1249696e-01
TAATTG	  2.1871358e-01	  3.4799755e-01	 -3.9602753e-02
TAATTT	 -2.5715250e-01	 -4.3009591e-01	 -6.1706107e-02
TACAAA	 -2.0865926e-01	 -1.6227439e-01	 -8.7697588e-02
TACAAC	  2.4512221e-01	  1.7926791e-01	  2.1889484e-01
TACAAG	  2.6965153e-01	  3.5978413e-01	  9.1852047e-02
TACAAT	 -1.6242069e-01	 -4.2836642e-01	 -8.6592212e-02
TACACA	 -2.0914528e-01	 -1.8866038e-02	 -1.2111504e-01
TACACC	  2.6687315e-01	  1.0793207e-01	  2.3588897e-01
TACACG	  5.0597107e-01	  3.1001088e-01	  1.7511101e-01
TACACT	 -1.6475622e-01	 -1.5467161e-01	 -7.4002191e-02
TACAGA	 -1.0097952e-01	  7.1999647e-02	  1.5522605e-01
TACAGC	  3.8266850e-01	  2.1734636e-01	  1.3642272e-01
TACAGG	 -2.6628456e-01	 -1.0002817e-01	 -2.3267953e-01
TACAGT	 -6.6679767e-03	 -1.9470264e-01	 -8.2862705e-02
TACATA	 -5.4464436e-01	 -1.7050382e-01	 -3.9394420e-01
TACATC	  4.3362331e-01	  3.1419030e-01	  4.3523178e-01
TACATG	  1.3203715e-01	  1.6681547e-01	 -2.1242727e-01
TACATT	 -1.3726024e-01	 -2.5717458e-01	  4.9010519e-02
TACCAA	 -2.2707200e-01	 -8.2121324e-03	  6.5046713e-02
TACCAC	  3.7238240e-02	  3.2926588e-03	  1.7256035e-02
TACCAG	  3.2875091e-01	  2.3816197e-01	 -5.7554808e-03
TACCAT	 -3.1698316e-01	 -3.1528363e-01	 -7.6360337e-02
TACCCA	 -1.4644317e-01	  2.3737676e-03	 -1.2876764e-01
TACCCC	  1.5405431e-01	  1.3191058e-01	  1.2122066e-01
TACCCG	  4.3315968e-01	  3.2716641e-01	  4.5150435e-01
TACCCT	 -5.8942281e-02	 -2.2253202e-01	 -5.3255472e-02
TACCGA	 -7.8344449e-02	 -1.9111020e-02	  1.4214329e-01
TACCGC	  2.3569222e-01	  1.8487161e-01	 -4.3995630e-02
TACCGG	  1.4479007e-01	  1.2465747e-01	 -5.6993544e-02
TACCGT	 -3.8922310e-01	 -3.2185996e-01	 -7.1478747e-02
TACCTA	 -4.0641284e-01	 -1.7021401e-01	 -2.4234116e-01
TACCTC	  3.8980588e-02	  9.1183349e-02	  1.7816371e-01
TACCTG	  2.9241794e-01	  1.8268618e-01	 -1.0613362e-01
TACCTT	 -2.9166886e-01	 -2.2930983e-01	  6.8639472e-02
TACGAA	 -3.0072668e-01	 -2.7526957e-03	 -6.7955777e-02
TACGAC	  2.5561488e-01	  1.2702622e-01	  1.6253750e-01
TACGAG	  2.4680558e-01	  1.6778660e-01	  5.6937359e-02
TACGAT	 -2.5114623e-01	 -3.4868872e-01	 -8.5209578e-02
TACGCA	 -3.0482081e-01	 -3.9970051e-02	 -1.0181127e-01
TACGCC	  2.4032603e-01	  2.8139006e-02	  4.5743998e-02
TACGCG	  4.8933750e-01	  2.3507926e-01	  1.8590103e-01
TACGCT	 -2.2528128e-01	 -3.4754001e-02	  2.6108835e-02
TACGGA	 -1.5061401e-01	  7.2035171e-02	  1.4068478e-01
TACGGC	  3.1827423e-01	  1.8522573e-01	  7.0779823e-02
TACGGG	  9.8804288e-02	  1.1631786e-01	 -2.9497663e-02
TACGGT	 -3.5174793e-01	 -4.8026830e-01	 -1.9622365e-01
TACGTA	 -5.3724527e-01	 -1.7438540e-01	 -3.4141028e-01
TACGTC	  2.5092319e-01	  2.4318731e-01	  3.0764204e-01
TACGTG	  2.6627627e-01	  9.0328015e-02	 -8.5593075e-02
TACGTT	 -4.3286476e-01	 -1.6024397e-01	  8.2025558e-02
TACTAA	 -4.2573519e+00	 -7.0331439e-02	 -4.8951093e-02
TACTAC	  5.4893374e-01	  1.8669268e-01	  2.1200517e-01
TACTAG	 -3.8915377e+00	  2.7712438e-01	  4.9941629e-02
TACTAT	  1.4647336e-01	 -3.7619221e-01	 -1.3775085e-01
TACTCA	 -1.7072698e-01	  3.0280996e-02	 -6.2818192e-02
TACTCC	  2.4680808e-01	  4.3308686e-02	  1.7094371e-01
TACTCG	  2.2312135e-01	 -1.2622571e-02	  1.0248299e-01
TACTCT	 -1.4345495e-01	 -6.7621380e-02	 -1.0859274e-01
TACTGA	 -4.2865577e+00	  7.3573836e-03	  5.2084614e-02
TACTGC	  2.9039946e-01	  4.6070516e-02	  9.3385549e-03
TACTGG	  1.9116046e-01	  2.0670663e-01	  9.3566835e-02
TACTGT	 -2.1810839e-02	 -3.4455115e-01	 -1.6779722e-01
TACTTA	 -2.9991460e-01	 -5.4462757e-02	 -2.9455489e-01
TACTTC	  3.0975413e-01	  2.0168589e-01	  2.8847194e-01
TACTTG	  3.9304286e-02	  1.7704800e-01	 -1.6528736e-01
TACTTT	 -1.4140838e-01	 -2.9634637e-01	 -4.9291947e-03
TAGAAA	 -2.0314099e-01	 -5.8051124e-02	 -6.0596871e-03
TAGAAC	  2.7335429e-01	  5.8305111e-02	  8.7112553e-02
TAGAAG	  9.6626796e-02	  2.7913457e-01	  8.6664468e-02
TAGAAT	 -2.9457187e-02	 -3.5593072e-01	 -1.2792550e-01
TAGACA	 -2.8449303e-01	 -6.7055672e-02	 -1.0535505e-01
TAGACC	  1.3228251e-01	  1.6130179e-01	  1.2172537e-01
TAGACG	  7.4528551e-01	  3.5725710e-01	  3.3709639e-01
TAGACT	 -6.3532539e-02	 -1.2309533e-01	 -1.3235966e-02
TAGAGA	 -2.3311995e-01	 -9.5378228e-02	  2.8238857e-02
TAGAGC	  1.5923263e-01	  7.2956815e-02	  8.9797601e-03
TAGAGG	  1.0194796e-01	  2.3080380e-01	 -1.2865627e-02
TAGAGT	  9.3835048e-02	 -2.4196456e-01	 -6.1456677e-02
TAGATA	 -7.3039465e-02	 -1.6018778e-01	 -2.6241380e-01
TAGATC	  2.2989644e-01	  9.0311065e-02	  3.2295570e-01
TAGATG	  5.4972037e-03	  2.7430111e-01	 -1.2583317e-01
TAGATT	 -9.3577489e-02	 -3.1562817e-01	  4.4853613e-02
TAGCAA	 -7.6124795e-02	 -1.9717565e-02	  2.3243556e-02
TAGCAC	  1.3999522e-01	 -3.4138873e-02	  4.7124498e-02
TAGCAG	  4.7732419e-03	  2.1945371e-01	  5.4029316e-02
TAGCAT	 -3.9375417e-02	 -2.9724395e-01	 -1.2804148e-01
TAGCCA	 -2.4539997e-01	  3.2629550e-02	 -1.2908392e-01
TAGCCC	  1.4226741e-01	  1.2640451e-01	  1.5696293e-01
TAGCCG	  5.2413857e-01	  5.9583623e-02	  2.5301692e-01
TAGCCT	 -8.6595468e-02	 -1.8573013e-01	 -3.6287297e-02
TAGCGA	 -2.0418417e-02	 -1.1926033e-01	  1.3949904e-01
TAGCGC	  8.6781077e-02	  5.5753440e-02	 -5.8334250e-02
TAGCGG	  2.5883430e-04	  2.1857877e-01	 -3.0805517e-02
TAGCGT	 -5.4452341e-02	 -2.6253521e-01	 -9.6408695e-02
TAGCTA	  8.9023940e-02	 -4.4991352e-02	 -1.9142532e-01
TAGCTC	  1.5663905e-01	  3.0961186e-02	  3.1627986e-01
TAGCTG	 -1.7478007e-01	  9.6807159e-02	 -2.3875003e-01
TAGCTT	  3.2009343e-03	 -1.8530296e-01	  7.0811801e-02
TAGGAA	 -1.7713417e-01	 -4.4956151e-02	  4.7917157e-02
TAGGAC	  2.5473997e-01	  1.0177929e-01	  9.9908829e-02
TAGGAG	 -2.1524627e-03	  1.3732298e-01	 -6.0318079e-02
TAGGAT	  2.9101091e-02	 -2.2085275e-01	 -9.8024309e-02
TAGGCA	 -2.0890358e-01	  1.2671611e-02	 -4.2783145e-02
TAGGCC	  5.5829436e-02	  7.8286454e-02	  6.3558802e-02
TAGGCG	  7.0888811e-01	  2.7460423e-01	  4.3548536e-01
TAGGCT	 -1.1641746e-01	 -1.5574469e-01	 -1.2375426e-01
TAGGGA	 -1.4264415e-01	 -5.9941731e-02	  9.0423919e-02
TAGGGC	  1.2715705e-01	  1.8208995e-02	  4.1635204e-02
TAGGGG	  6.9922134e-02	  2.4864231e-01	 -1.4313393e-03
TAGGGT	 -5.9164399e-03	 -3.0435365e-01	 -2.1354452e-01
TAGGTA	 -4.0606972e-02	 -1.9601728e-01	 -3.1931621e-01
TAGGTC	  1.6866948e-01	  8.8123128e-02	  2.7623978e-01
TAGGTG	 -1.7238919e-02	  1.9605647e-01	 -1.7180033e-01
TAGGTT	 -7.3109001e-02	 -1.5093507e-01	  1.0066534e-01
TAGTAA	 -6.2954739e-02	  5.1483877e-02	  1.0672255e-01
TAGTAC	  2.7490866e-01	  1.4738972e-01	  1.8970191e-01
TAGTAG	 -6.4304017e-02	  5.9983376e-02	 -1.3521019e-01
TAGTAT	 -6.1988678e-02	 -2.6846081e-01	 -1.3217403e-01
TAGTCA	 -1.1850109e-01	  1.5849350e-01	  3.1984579e-02
TAGTCC	 -7.4977331e-02	 -6.7676976e-02	 -7.2902031e-03
TAGTCG	  9.8473877e-01	  3.9414257e-01	  6.5982920e-01
TAGTCT	 -1.4434645e-01	 -2.2315896e-01	 -1.6938591e-01
TAGTGA	 -1.0291235e-01	 -3.0894117e-02	  1.3543965e-01
TAGTGC	  1.5982889e-01	  1.0034515e-02	  2.4194157e-02
TAGTGG	  7.0540528e-03	  2.1078154e-01	 -5.3860851e-02
TAGTGT	 -2.3915401e-02	 -3.1397244e-01	 -1.9920661e-01
TAGTTA	  7.0528328e-02	 -1.8946666e-02	 -2.2732416e-01
TAGTTC	  1.1495064e-01	  1.5017873e-01	  2.9380447e-01
TAGTTG	  1.6237584e-01	  3.0908632e-01	 -1.9633448e-01
TAGTTT	 -2.2901374e-01	 -3.8403288e-01	 -3.8978487e-02
TATAAA	 -9.1483280e-02	 -2.2540425e-01	  2.7100197e-03
TATAAC	  1.1708644e-01	  3.0910376e-01	  1.8369029e-01
TATAAG	  2.1012059e-01	  2.1455279e-01	  4.8156328e-02
TATAAT	 -8.3163522e-02	 -8.5888661e-02	 -1.4228652e-01
TATACA	 -1.5492779e-01	 -3.0691793e-02	 -7.3494121e-02
TATACC	  1.7045450e-01	  1.4747563e-01	  1.9370179e-01
TATACG	  2.4824448e-01	  3.4300831e-01	  3.1030324e-01
TATACT	  2.3999618e-02	 -1.6239217e-01	 -1.2957646e-01
TATAGA	 -5.3703196e-02	 -1.1241385e-01	  1.4483799e-01
TATAGC	  1.5714258e-01	  1.3156156e-01	  1.0305895e-01
TATAGG	 -4.2530470e-02	  9.4083071e-02	 -1.4020124e-01
TATAGT	 -3.7584599e-02	 -6.4718597e-02	 -2.3719637e-01
TATATA	 -4.3591577e-01	 -2.1695276e-01	 -4.7352809e-01
TATATC	  3.2826430e-01	  1.3528840e-01	  3.6503437e-01
TATATG	  1.6297077e-01	  3.7041852e-01	  5.1122983e-03
TATATT	  7.1349114e-02	 -2.2436319e-01	  1.5142602e-01
TATCAA	 -8.4693804e-02	 -1.1908901e-02	  9.5744371e-02
TATCAC	 -7.0939019e-02	 -6.5272033e-02	  1.6423279e-02
TATCAG	  2.8061968e-01	  2.6404622e-01	 -5.2219946e-02
TATCAT	 -2.2940001e-01	 -3.0109876e-01	 -7.7524319e-02
TATCCA	 -2.1560604e-02	  4.2724628e-02	 -8.4357345e-03
TATCCC	 -7.8360178e-04	  4.3816239e-02	 -2.8609095e-02
TATCCG	  3.1506351e-01	  4.1487899e-01	  7.0499945e-01
TATCCT	 -1.2074020e-02	 -1.5529852e-01	 -1.2200978e-01
TATCGA	  3.9010927e-02	 -5.9885066e-02	  1.9272858e-01
TATCGC	  3.4647699e-02	 -1.0341549e-02	 -3.9217435e-02
TATCGG	  1.5488574e-01	  3.2024315e-01	 -6.5542780e-02
TATCGT	 -1.9497074e-01	 -2.9055822e-01	 -1.4741854e-01
TATCTA	 -2.5595978e-01	 -6.6924170e-02	 -1.4807174e-01
TATCTC	  4.8165366e-02	  2.7582908e-02	  1.2092213e-01
TATCTG	  2.0242342e-01	  2.3710196e-01	 -1.9971916e-02
TATCTT	 -9.1716081e-02	 -2.5381154e-01	  6.7816540e-03
TATGAA	 -3.0364066e-02	 -1.6490294e-01	  5.5114899e-02
TATGAC	  9.5574863e-02	  2.0464100e-01	  6.5252759e-02
TATGAG	  7.7493377e-02	  7.2545178e-02	 -9.0420812e-02
TATGAT	 -1.0032958e-01	 -2.8463218e-02	 -6.1024986e-02
TATGCA	 -1.1236865e-01	  4.4292063e-03	 -4.7208562e-02
TATGCC	  1.5896355e-01	  1.3541377e-01	  5.6541611e-02
TATGCG	  2.5980595e-01	  4.4047856e-01	  3.6190781e-01
TATGCT	 -4.9579509e-02	 -2.4611346e-01	 -4.3985721e-02
TATGGA	  2.3667740e-02	  7.3999815e-02	  1.6732354e-01
TATGGC	  1.2417614e-01	 -4.2470150e-02	  4.7287415e-03
TATGGG	  3.5282619e-02	  1.8193442e-01	 -8.6735569e-02
TATGGT	 -1.9346066e-01	 -3.1046760e-01	 -2.0524536e-01
TATGTA	 -2.4570279e-01	 -9.1906451e-02	 -2.8726143e-01
TATGTC	  1.7098247e-01	  7.8251094e-02	  3.2075214e-01
TATGTG	  1.7044030e-01	  2.2253700e-01	 -1.8586902e-01
TATGTT	 -1.2152876e-01	 -2.9380473e-01	  8.4096022e-02
TATTAA	 -4.0179381e+00	  7.9906043e-03	  1.1878366e-01
TATTAC	  5.0900495e-01	  1.3497156e-01	  1.2028205e-01
TATTAG	 -3.7458992e+00	  2.7772748e-01	 -4.3779436e-02
TATTAT	  1.4456737e-01	 -3.5888422e-01	 -1.8588626e-01
TATTCA	 -7.7411659e-02	  3.3063520e-02	  5.8815638e-03
TATTCC	  8.6377449e-02	  1.2313572e-01	  7.1089946e-02
TATTCG	  3.2634318e-01	  3.9664295e-01	  6.3121492e-01
TATTCT	 -2.2913799e-02	 -2.0259750e-01	 -1.8162993e-01
TATTGA	 -3.8501241e+00	 -1.2533651e-02	  1.3844866e-01
TATTGC	  2.2906150e-01	  4.0474091e-02	  4.2283952e-02
TATTGG	  2.6033393e-01	  2.8686196e-01	 -2.3933726e-03
TATTGT	  1.1351887e-02	 -4.0931883e-01	 -2.3073350e-01
TATTTA	 -1.1648657e-01	 -3.6558699e-02	 -2.0917724e-01
TATTTC	  1.5564196e-01	  6.9983788e-02	  2.7288473e-01
TATTTG	  1.3728014e-01	  3.7406465e-01	 -9.8295525e-02
TATTTT	 -9.8688707e-02	 -3.8034433e-01	 -3.4460269e-02
TCAAAA	 -8.9066789e-02	 -1.7792961e-01	 -1.7619692e-02
TCAAAC	  2.2687672e-03	  8.9559585e-02	  5.4338746e-02
TCAAAG	  1.1919294e-01	  2.9621154e-01	  8.9724682e-02
TCAAAT	  8.7042032e-03	 -2.3806588e-01	 -1.0053466e-01
TCAACA	 -7.9265032e-03	 -4.1438853e-03	  1.5456598e-02
TCAACC	  5.1159747e-02	  1.0904511e-01	  4.3387912e-02
TCAACG	  2.1607155e-01	  6.0973322e-01	  3.2269779e-01
TCAACT	 -5.1984541e-02	 -2.5979057e-01	 -9.9911124e-02
TCAAGA	 -2.3147315e-02	  2.7966527e-03	  1.8158218e-01
TCAAGC	  5.1273216e-02	 -1.0411540e-02	 -7.6731555e-02
TCAAGG	 -7.2032951e-02	  1.7314892e-01	 -5.6661941e-02
TCAAGT	  3.2389164e-02	 -2.0305917e-01	 -1.7926431e-01
TCAATA	 -1.4505552e-01	 -1.8919671e-01	 -2.1697760e-01
TCAATC	  3.2398678e-02	  1.9592809e-02	  2.0231117e-01
TCAATG	  1.4934357e-01	  3.4551618e-01	 -2.0172941e-02
TCAATT	 -3.6251109e-02	 -4.0204805e-01	  4.3642748e-02
TCACAA	 -5.0592832e-03	 -9.6745826e-02	  6.2643513e-02
TCACAC	 -7.2535187e-02	 -2.5474163e-02	  7.7548765e-02
TCACAG	  1.3751939e-01	  2.0699488e-01	 -7.7384405e-02
TCACAT	 -1.5766971e-01	 -2.9075205e-01	 -4.9635455e-02
TCACCA	 -1.2187870e-02	  4.5897834e-02	 -4.8717707e-02
TCACCC	  1.1658128e-02	 -2.4635613e-02	 -3.9978936e-02
TCACCG	  8.4706366e-02	  3.9375362e-01	  3.4060249e-01
TCACCT	 -1.1119937e-02	 -1.7342249e-01	 -7.2410060e-03
TCACGA	  2.0281583e-02	 -2.3515899e-01	  1.5004055e-01
TCACGC	 -1.7416468e-01	 -1.6309065e-01	 -3.0240965e-01
TCACGG	  2.7689421e-01	  4.0862238e-01	  5.3464685e-02
TCACGT	 -8.2084723e-02	 -1.2800655e-01	  1.2442637e-01
TCACTA	 -9.2891775e-02	 -2.9432559e-02	 -1.0162167e-02
TCACTC	 -5.8973627e-03	  4.1489027e-02	  8.1067786e-02
TCACTG	  1.2002521e-01	  1.5007719e-01	 -9.2456430e-02
TCACTT	 -1.1811746e-01	 -2.8965533e-01	  3.2261234e-02
TCAGAA	 -7.2424307e-02	 -9.4235435e-02	  2.2990800e-02
TCAGAC	  6.4951628e-02	  1.1682558e-01	  2.2252655e-02
TCAGAG	  3.2461185e-02	  1.6074628e-01	 -2.9563744e-02
TCAGAT	  2.4575684e-02	 -2.3018564e-01	 -2.1144969e-02
TCAGCA	 -2.2196898e-03	  9.2332199e-02	  7.3979430e-02
TCAGCC	 -3.3507589e-02	 -9.9466547e-02	 -1.7013006e-01
TCAGCG	  2.7079391e-01	  6.2832248e-01	  4.5507860e-01
TCAGCT	 -1.4340143e-03	 -1.8837452e-01	 -8.0551545e-04
TCAGGA	 -3.5265774e-02	 -6.1694678e-02	  6.6659212e-02
TCAGGC	  6.6936746e-02	  5.6768991e-02	  2.2974499e-02
TCAGGG	  7.6438375e-02	  1.7556456e-01	 -7.5391762e-02
TCAGGT	 -1.0145557e-01	 -2.1561973e-01	 -8.4415227e-02
TCAGTA	 -1.1372474e-01	 -1.4996038e-01	 -1.2652616e-01
TCAGTC	  2.1406624e-03	 -4.8254125e-05	  1.6989875e-01
TCAGTG	  1.4986768e-01	  2.5953832e-01	 -1.1456676e-01
TCAGTT	 -1.0211736e-01	 -3.3451912e-01	  4.8687223e-02
TCATAA	 -3.7975852e+00	 -3.4012597e-02	  8.9206258e-03
TCATAC	  4.4813281e-01	  4.9740791e-02	  3.0916873e-01
TCATAG	 -3.6912048e+00	  2.4030393e-01	 -1.0896075e-01
TCATAT	  2.4028169e-01	 -3.0592826e-01	 -1.8844984e-01
TCATCA	 -3.8876276e-02	  3.2222204e-02	  1.5386895e-02
TCATCC	  6.3240565e-02	  5.4274146e-02	  3.9772224e-02
TCATCG	  1.9387460e-01	  6.7131829e-01	  5.3596467e-01
TCATCT	 -3.0846452e-02	 -2.6911813e-01	 -1.5299383e-01
TCATGA	 -3.8486879e+00	 -2.3489475e-02	  1.2329244e-01
TCATGC	  7.6962613e-02	 -2.7606415e-02	 -4.6810932e-02
TCATGG	  2.6618618e-01	  2.0973083e-01	 -5.7618814e-03
TCATGT	  5.3866174e-02	 -2.2888997e-01	 -1.1360407e-01
TCATTA	  4.7168094e-03	 -4.3738808e-02	 -1.4194278e-01
TCATTC	 -2.6028726e-02	  1.2086676e-02	  2.0697741e-01
TCATTG	  1.0813210e-01	  3.8289869e-01	 -1.5489680e-01
TCATTT	 -4.6699364e-02	 -4.0694603e-01	 -2.4985803e-02
TCCAAA	 -1.2416679e-01	 -1.3813418e-01	  2.0496167e-02
TCCAAC	  1.0329372e-01	  1.9010404e-03	  7.6847821e-02
TCCAAG	  1.6212383e-01	  3.0089685e-01	 -1.0223543e-02
TCCAAT	 -1.4987428e-01	 -4.6462697e-01	 -1.0556408e-01
TCCACA	 -6.0203172e-02	  4.8041813e-02	 -8.4147908e-02
TCCACC	  4.1387234e-02	 -5.2662600e-02	  1.3644077e-01
TCCACG	  4.0029997e-01	  4.7187066e-01	  1.6245529e-01
TCCACT	 -1.2827198e-01	 -2.0885128e-01	 -1.5301245e-01
TCCAGA	 -1.6121770e-01	  3.8127672e-02	  1.9505428e-01
TCCAGC	  1.1878772e-01	 -4.9098685e-02	 -1.3345979e-01
TCCAGG	 -1.4194401e-01	  1.0685882e-01	 -6.0251281e-02
TCCAGT	  1.0271420e-01	 -1.5786271e-01	 -6.6923954e-02
TCCATA	 -3.1367493e-01	 -2.8738216e-03	 -9.1510288e-02
TCCATC	  1.8064393e-01	 -5.3316023e-02	  2.0261562e-01
TCCATG	  1.4641453e-01	  2.6481423e-01	 -2.5823548e-01
TCCATT	 -2.1253406e-01	 -3.2583934e-01	  1.3826085e-04
TCCCAA	 -2.4119323e-01	 -1.6907278e-01	  8.5219279e-02
TCCCAC	  5.4820165e-02	  1.0670133e-01	  4.0904351e-02
TCCCAG	  1.3639051e-01	  1.0506223e-01	 -1.2483445e-01
TCCCAT	 -1.3197620e-01	 -1.9064587e-01	  4.0194783e-02
TCCCCA	 -5.7801325e-02	  3.0766085e-02	 -1.0598620e-01
TCCCCC	 -1.0774191e-02	 -3.2168261e-03	  1.2441840e-01
TCCCCG	  4.1272825e-01	  4.3208805e-01	  3.6795506e-01
TCCCCT	 -6.5780357e-02	 -2.4251544e-01	 -1.0998946e-01
TCCCGA	 -1.4025180e-01	 -3.3868510e-01	  7.4274316e-02
TCCCGC	  1.6102193e-01	  2.2040197e-01	 -1.3987108e-02
TCCCGG	  6.4668760e-02	  7.5531192e-02	 -9.2146039e-02
TCCCGT	 -1.9149351e-01	 -9.5773384e-02	  3.8008675e-02
TCCCTA	 -2.9171228e-01	 -1.1478657e-01	 -1.0556357e-02
TCCCTC	 -1.2630058e-02	 -5.4831102e-02	  9.1777161e-02
TCCCTG	  2.5576413e-01	  2.4167545e-01	 -1.3062137e-01
TCCCTT	 -2.9529586e-01	 -2.9758027e-01	  2.4321500e-02
TCCGAA	 -2.5278032e-01	 -3.2690432e-02	  6.9375634e-02
TCCGAC	  1.7735362e-01	 -6.7176364e-02	  8.2264401e-02
TCCGAG	  1.0093617e-01	  1.5159233e-01	 -7.8648567e-02
TCCGAT	 -1.4163686e-01	 -3.1422228e-01	 -6.0886063e-02
TCCGCA	  4.1325435e-02	  2.6130682e-01	  1.5999120e-01
TCCGCC	 -9.0420745e-02	 -2.8742173e-01	 -1.5536158e-01
TCCGCG	  4.0468144e-01	  3.6332190e-01	  2.4854325e-01
TCCGCT	 -2.3109447e-02	  7.8059688e-02	  7.8141734e-02
TCCGGA	 -7.4051030e-02	  5.8539532e-02	  1.8564096e-01
TCCGGC	  1.5727451e-01	  3.8537424e-02	 -6.9273144e-02
TCCGGG	 -3.1615760e-02	  3.4317356e-02	 -1.1093926e-01
TCCGGT	 -1.3617018e-01	 -3.1673169e-01	 -5.3500358e-02
TCCGTA	 -2.8441668e-01	  1.1584386e-02	  4.5014158e-02
TCCGTC	 -1.3042416e-01	 -2.5521442e-01	 -2.6036037e-02
TCCGTG	  2.9045627e-01	  2.3846395e-01	 -1.2413615e-01
TCCGTT	 -2.7992731e-01	 -1.3559343e-01	  1.1954439e-01
TCCTAA	 -4.2161913e+00	 -6.0951058e-02	  6.4386070e-02
TCCTAC	  5.2215046e-01	  1.1093584e-01	  1.2347145e-01
TCCTAG	 -4.1261363e+00	  2.0776339e-01	 -1.2959467e-01
TCCTAT	  1.6168129e-01	 -4.0920287e-01	 -7.9655945e-02
TCCTCA	 -9.5622249e-02	  1.1544499e-01	 -5.1797431e-02
TCCTCC	  6.2858723e-02	 -9.6204996e-02	  1.0319540e-01
TCCTCG	  4.1355729e-01	  3.8957822e-01	  4.2046180e-01
TCCTCT	 -7.2983526e-02	 -1.2559964e-01	 -1.8460335e-01
TCCTGA	 -4.3730769e+00	 -1.3495739e-01	  7.5124942e-02
TCCTGC	  1.8220565e-01	  6.5739803e-02	 -5.7025775e-02
TCCTGG	  1.4399335e-01	  1.5501626e-01	 -4.1513108e-02
TCCTGT	  1.0168516e-01	 -2.2675848e-01	  9.5858594e-04
TCCTTA	 -1.2351672e-01	  3.3060737e-02	 -1.5729186e-01
TCCTTC	  1.4466025e-01	  7.4859522e-02	  2.0167115e-01
TCCTTG	  1.1651645e-01	  2.2813253e-01	 -2.2835825e-01
TCCTTT	 -1.7832428e-01	 -3.4227005e-01	 -2.6179755e-02
TCGAAA	 -5.0295857e-03	 -2.8828625e-02	  1.2045942e-01
TCGAAC	 -2.3833804e-01	 -2.9505566e-01	 -2.6855743e-01
TCGAAG	  2.7902764e-01	  3.8242182e-01	  2.0682766e-01
TCGAAT	 -5.2426685e-02	 -1.8400982e-01	 -8.9082099e-02
TCGACA	 -1.4720865e-01	 -4.3704312e-02	  5.4446999e-03
TCGACC	  8.4726080e-02	  4.5672748e-02	 -2.4352506e-02
TCGACG	  3.8399512e-01	  4.8670709e-01	  2.7712297e-01
TCGACT	 -5.3621385e-02	 -1.8586437e-01	 -5.7418019e-02
TCGAGA	 -3.5126171e-01	 -2.4640268e-01	 -6.8586618e-02
TCGAGC	  3.6009032e-01	  1.9059448e-01	  1.3641104e-01
TCGAGG	  6.7190647e-02	  2.1925744e-01	  3.0019511e-03
TCGAGT	  9.0892971e-02	 -6.4401940e-02	  3.6152430e-02
TCGATA	 -1.3302225e-01	 -8.6314909e-02	  3.1459965e-02
TCGATC	 -1.4291732e-01	 -2.1175592e-01	 -4.1654918e-02
TCGATG	  2.2446449e-01	  3.3498028e-01	 -1.3961218e-01
TCGATT	 -8.7090932e-02	 -3.8347739e-01	  1.1405061e-01
TCGCAA	 -2.7271995e-01	 -7.8166150e-02	  1.4591786e-01
TCGCAC	 -3.7768446e-02	 -1.2762238e-01	 -1.9345081e-01
TCGCAG	  2.4956478e-01	  2.2076584e-01	 -3.9864261e-02
TCGCAT	 -3.5890430e-01	 -2.9037151e-01	  6.6515535e-02
TCGCCA	 -8.5154593e-02	  9.1690689e-02	  1.3317421e-02
TCGCCC	  2.0888060e-02	 -1.9558500e-01	 -2.6650858e-01
TCGCCG	  3.6983922e-01	  4.1946697e-01	  4.1418344e-01
TCGCCT	 -9.9832378e-02	 -7.4220426e-02	  8.3538376e-02
TCGCGA	 -5.0946333e-02	 -1.7569007e-01	  3.2181206e-01
TCGCGC	 -1.3346922e-01	 -1.3887073e-01	 -3.5155255e-01
TCGCGG	  2.2902913e-01	  2.6335040e-01	 -3.2245833e-02
TCGCGT	 -1.0118394e-01	 -1.0866307e-01	  3.0755872e-01
TCGCTA	 -3.1108466e-01	  7.1024626e-02	  2.1546581e-01
TCGCTC	 -1.3435380e-01	 -1.5754403e-01	 -7.2821520e-02
TCGCTG	  4.2292666e-01	  3.5504881e-01	  7.7713422e-02
TCGCTT	 -5.3445023e-01	 -4.2622632e-01	 -8.9202560e-02
TCGGAA	 -2.0949264e-01	 -6.1826639e-02	  1.3317712e-01
TCGGAC	  1.6682327e-01	  1.8123943e-02	 -1.4124271e-02
TCGGAG	  9.1353580e-02	  1.3873880e-01	 -1.2600832e-01
TCGGAT	 -9.8640271e-02	 -2.4569286e-01	 -3.5538893e-02
TCGGCA	  2.9933639e-02	  2.6483423e-01	  2.8127527e-01
TCGGCC	  6.4790882e-02	 -1.4345323e-01	 -1.8463914e-01
TCGGCG	  5.0679815e-01	  5.4898995e-01	  5.1005870e-01
TCGGCT	 -2.5602475e-01	 -1.7606348e-01	 -1.3076559e-01
TCGGGA	 -3.4344840e-01	 -2.6786330e-01	  2.6306378e-02
TCGGGC	  3.5110682e-01	  2.0583043e-01	  1.1925833e-01
TCGGGG	  1.1560609e-01	  2.4296102e-01	 -9.7037323e-02
TCGGGT	 -1.6841757e-01	 -3.6558589e-01	 -7.8420132e-02
TCGGTA	 -3.6028609e-01	 -1.8693742e-01	 -1.2038461e-01
TCGGTC	 -7.4997144e-03	  1.1904216e-02	  1.2316843e-01
TCGGTG	  2.6246905e-01	  2.0692703e-01	 -1.6244662e-01
TCGGTT	 -3.7462628e-01	 -2.9822478e-01	  1.0613043e-01
TCGTAA	 -3.1398637e+00	 -3.6338236e-02	  9.7977690e-02
TCGTAC	  5.4953372e-01	  1.3019350e-01	  9.7883977e-02
TCGTAG	 -3.1022236e+00	  2.2616568e-01	  7.3263827e-03
TCGTAT	  1.0015457e-01	 -3.0181360e-01	 -1.4173938e-01
TCGTCA	 -1.7877524e-01	  1.0328136e-01	  2.6676172e-02
TCGTCC	  2.1782149e-01	  5.5584658e-02	 -3.2469973e-02
TCGTCG	  4.2001468e-01	  2.7710548e-01	  5.1154351e-01
TCGTCT	 -1.7472781e-01	 -2.1937856e-01	 -1.4629227e-01
TCGTGA	 -3.5505819e+00	 -2.9727075e-01	 -2.5473695e-02
TCGTGC	  1.2332308e-01	  3.4417663e-02	 -9.8121151e-02
TCGTGG	  2.7851027e-01	  2.6704112e-01	  5.1590640e-02
TCGTGT	  7.7017598e-02	 -1.4007927e-01	  6.1104346e-02
TCGTTA	  5.2731861e-03	  8.1363223e-02	 -1.0367264e-02
TCGTTC	  1.8732665e-01	  1.8434171e-01	  2.8809506e-01
TCGTTG	 -1.2859726e-01	 -2.0841018e-03	 -3.9454931e-01
TCGTTT	  1.6429771e-03	 -2.1527673e-01	  8.2885839e-02
TCTAAA	 -1.7855313e-02	 -1.6406459e-01	  6.1881300e-02
TCTAAC	 -1.9139745e-03	  2.0993331e-01	  2.3459772e-02
TCTAAG	  1.0687214e-01	  8.6459130e-02	 -2.7053470e-02
TCTAAT	 -7.1247451e-02	 -4.3281451e-02	 -9.0671502e-02
TCTACA	  7.5720875e-03	  2.9462660e-02	  9.3277209e-02
TCTACC	  9.8612912e-02	  1.0640319e-01	  6.6128865e-02
TCTACG	  2.7693698e-01	  6.6907251e-01	  4.3523079e-01
TCTACT	 -1.1349066e-01	 -3.1433746e-01	 -2.4689424e-01
TCTAGA	 -1.5179512e-01	 -1.1883727e-01	  1.5036832e-01
TCTAGC	  1.5078939e-01	  1.2709798e-01	  1.1014792e-02
TCTAGG	 -9.0297110e-02	  2.0034069e-02	 -7.5463668e-02
TCTAGT	  1.0087109e-01	  6.9740731e-03	 -2.3467414e-01
TCTATA	 -1.6074111e-01	 -1.0193313e-01	 -1.1519230e-01
TCTATC	  7.6043971e-02	 -3.0879246e-02	  1.8868205e-01
TCTATG	  1.5524749e-01	  3.8566184e-01	 -8.2631066e-02
TCTATT	 -6.3843280e-02	 -4.4581217e-01	 -1.2653645e-02
TCTCAA	 -1.0032110e-01	 -1.8757239e-01	  4.9130883e-02
TCTCAC	 -1.5269817e-01	 -2.5396926e-02	 -5.1859794e-03
TCTCAG	  1.8615793e-01	  2.4473219e-01	 -8.5928664e-02
TCTCAT	 -9.3029976e-02	 -3.1111279e-01	  4.0856056e-02
TCTCCA	  6.9291830e-02	  9.6408993e-02	  3.1842720e-02
TCTCCC	 -4.5024112e-02	 -8.9075128e-03	 -1.0079645e-01
TCTCCG	  2.7810135e-01	  5.0212884e-01	  5.8549589e-01
TCTCCT	 -6.7237742e-02	 -1.9570644e-01	 -7.6654434e-02
TCTCGA	 -1.4903763e-03	 -4.8422062e-01	 -1.4066433e-02
TCTCGC	 -8.4498011e-02	  7.2982371e-02	 -1.3549278e-02
TCTCGG	  5.2956510e-02	  2.1066253e-01	 -1.1028123e-01
TCTCGT	 -3.4829595e-03	 -1.0196904e-01	  1.8666989e-01
TCTCTA	 -2.3148908e-01	 -1.6059464e-01	 -1.0885175e-01
TCTCTC	 -8.1315629e-02	 -2.9196363e-02	  4.5128632e-02
TCTCTG	  2.2003391e-01	  2.6441225e-01	 -6.8524383e-02
TCTCTT	 -5.4066379e-02	 -2.6492018e-01	  7.9785712e-02
TCTGAA	 -4.2408016e-03	 -9.8195046e-02	  1.0291048e-01
TCTGAC	  1.3405879e-02	  1.7748593e-01	  5.5078503e-02
TCTGAG	  1.7677953e-02	 -4.9824852e-02	 -1.0037977e-01
TCTGAT	 -2.5734847e-02	  1.7638037e-02	 -9.7810119e-02
TCTGCA	 -5.8873851e-02	 -2.7028183e-04	  5.1072841e-03
TCTGCC	  1.6862443e-02	 -1.3332984e-02	 -9.3633682e-02
TCTGCG	  2.2810890e-01	  5.6870663e-01	  4.8955810e-01
TCTGCT	  8.4312120e-03	 -1.4455733e-01	 -2.4319761e-02
TCTGGA	  2.3653032e-02	  7.5345384e-03	  1.6375421e-01
TCTGGC	  5.1642861e-02	  1.1270728e-02	  2.2964040e-02
TCTGGG	 -3.8263541e-02	  6.9745094e-02	 -1.9764075e-01
TCTGGT	 -3.9238796e-02	 -1.5707241e-01	 -9.3103833e-02
TCTGTA	 -1.7051353e-01	 -7.9410844e-02	 -1.0379401e-01
TCTGTC	 -3.5580531e-02	 -1.2934753e-01	  1.3766123e-01
TCTGTG	  2.0305866e-01	  3.0916604e-01	 -8.9302197e-02
TCTGTT	 -1.1614688e-01	 -3.8384283e-01	  3.3572400e-03
TCTTAA	 -3.9600832e+00	 -4.0115759e-02	  4.2299591e-02
TCTTAC	  4.6433890e-01	  1.2063964e-01	  7.2520554e-02
TCTTAG	 -3.7708995e+00	  1.8124846e-01	 -6.9673263e-02
TCTTAT	  2.0732437e-01	 -2.7356368e-01	 -5.5265490e-02
TCTTCA	  1.6687607e-02	  7.2175369e-02	  7.1994953e-02
TCTTCC	 -1.5400304e-02	  1.3313505e-02	 -5.1122934e-02
TCTTCG	  1.6772020e-01	  5.0880027e-01	  5.4775667e-01
TCTTCT	 -2.1305537e-02	 -2.0493087e-01	 -1.4973964e-01
TCTTGA	 -3.9939787e+00	 -7.0629604e-02	  1.2568386e-01
TCTTGC	  6.3313246e-02	  2.9635910e-02	 -2.4856899e-02
TCTTGG	  1.9366288e-01	  2.1041301e-01	 -1.5526594e-02
TCTTGT	  1.3812390e-01	 -3.2277596e-01	 -1.4092959e-01
TCTTTA	  4.9675550e-02	 -3.1237543e-02	 -1.4077257e-01
TCTTTC	 -1.3487057e-02	 -8.5424885e-02	  1.9688101e-01
TCTTTG	  1.8791416e-01	  4.0928793e-01	 -1.2620790e-01
TCTTTT	 -1.6787852e-01	 -4.8928255e-01	 -2.9553520e-02
TGAAAA	 -1.3554458e-01	 -3.2774087e-02	  7.9840079e-02
TGAAAC	  8.2025215e-02	 -3.5039514e-02	 -1.0995490e-01
TGAAAG	  1.3237897e-01	  2.7965313e-01	  3.9246976e-03
TGAAAT	 -2.8794849e-02	 -2.7628836e-01	 -4.1447688e-02
TGAACA	 -1.5242830e-01	  2.8198201e-02	  2.3268065e-03
TGAACC	 -4.8434407e-02	  1.5196769e-02	 -1.2229649e-01
TGAACG	  7.9989970e-01	  5.2628654e-01	  4.3018132e-01
TGAACT	 -1.1495620e-01	 -2.1520256e-01	 -5.2777305e-04
TGAAGA	 -1.1590821e-01	  1.2185604e-02	  1.9099887e-01
TGAAGC	  1.1563013e-01	  9.3567505e-02	 -6.8322621e-02
TGAAGG	  2.6408892e-02	  1.1940406e-01	 -1.7571183e-01
TGAAGT	  5.7474701e-03	 -3.2429034e-01	 -1.5530275e-01
TGAATA	 -4.2834081e-02	 -1.3893479e-01	 -2.4257128e-01
TGAATC	  1.8787830e-01	  4.4117827e-02	  1.4683053e-01
TGAATG	 -1.4951295e-02	  2.5275704e-01	  1.8780394e-02
TGAATT	 -8.3682038e-02	 -2.8570148e-01	  5.5592902e-02
TGACAA	 -4.0859673e-02	 -9.3111977e-02	  5.7143297e-02
TGACAC	  1.5121277e-01	  5.4776173e-02	 -2.2641576e-03
TGACAG	 -5.8435101e-02	  1.6440450e-01	 -8.4538676e-02
TGACAT	 -2.1748837e-02	 -2.1420489e-01	  2.0781223e-02
TGACCA	 -8.8277750e-02	  7.4269563e-02	 -4.5842160e-02
TGACCC	  4.6165489e-02	  1.0993861e-01	  4.1854069e-02
TGACCG	  8.5256672e-01	  5.4136741e-01	  5.6111693e-01
TGACCT	 -2.3930551e-01	 -2.8532517e-01	 -9.4394751e-02
TGACGA	  3.2811493e-03	 -2.5118378e-01	  2.0719154e-01
TGACGC	  1.0809707e-01	  1.4296418e-01	 -9.9419475e-02
TGACGG	  3.0272980e-03	  2.4884404e-01	 -9.7843587e-02
TGACGT	 -9.1602683e-02	 -3.1447870e-01	 -9.6887939e-02
TGACTA	  1.2773694e-01	 -1.5311542e-01	 -6.3700669e-02
TGACTC	  6.9587223e-02	  5.4293107e-02	  7.9887852e-02
TGACTG	 -4.1612647e-03	  2.5158533e-01	 -8.8429086e-02
TGACTT	 -1.4402646e-01	 -2.9346687e-01	  3.4618970e-02
TGAGAA	 -9.6219949e-02	  3.0150799e-02	  1.5127717e-01
TGAGAC	  3.3214428e-02	 -5.6851536e-02	 -1.6962826e-01
TGAGAG	  1.0598496e-01	  2.4078527e-01	  9.3167141e-04
TGAGAT	 -1.7932516e-02	 -3.3165395e-01	 -1.0414021e-01
TGAGCA	 -4.3128014e-02	  1.0502479e-01	  3.0877195e-02
TGAGCC	 -2.0599520e-01	 -9.4540603e-02	 -2.0944169e-01
TGAGCG	  8.5598147e-01	  5.8761615e-01	  5.3852367e-01
TGAGCT	 -6.0452629e-02	 -1.7859504e-01	  6.6873014e-02
TGAGGA	 -3.1201579e-02	  1.3091564e-01	  2.6927394e-01
TGAGGC	 -7.9658896e-02	 -5.4753840e-02	 -1.8152779e-01
TGAGGG	  1.3255696e-01	  1.4761043e-01	 -9.2549637e-02
TGAGGT	  5.5804201e-03	 -3.3812544e-01	 -2.0475547e-01
TGAGTA	  1.9916983e-02	 -1.6857578e-01	 -1.7997472e-01
TGAGTC	  1.1452808e-01	  4.3186460e-02	  1.3553193e-01
TGAGTG	 -1.9003939e-02	  2.5750884e-01	 -1.6153643e-02
TGAGTT	 -9.0575248e-02	 -3.0285510e-01	  2.7606422e-02
TGATAA	 -9.9059261e-02	 -5.3827092e-02	  5.1430944e-02
TGATAC	  1.8197457e-01	  5.2422918e-02	  4.9042244e-02
TGATAG	  7.4884325e-02	  2.3637353e-01	 -1.0116509e-01
TGATAT	 -9.4988964e-02	 -2.5128826e-01	 -2.2072384e-02
TGATCA	 -5.8172178e-02	  7.2970375e-02	  2.5699131e-02
TGATCC	 -6.1941233e-02	  4.7745995e-02	 -4.9953861e-03
TGATCG	  8.8693374e-01	  6.5117407e-01	  4.9868613e-01
TGATCT	 -1.9690363e-01	 -3.0532405e-01	 -1.0424067e-01
TGATGA	 -5.9898496e-02	 -2.1580108e-02	  1.7303906e-01
TGATGC	  1.8191566e-01	  1.5614986e-01	  1.3091926e-02
TGATGG	 -1.0341681e-02	  1.3131262e-01	 -9.7568527e-02
TGATGT	 -6.8271458e-02	 -3.0506134e-01	 -1.6829970e-01
TGATTA	  9.0960070e-02	 -1.1904097e-01	 -9.3577780e-02
TGATTC	  7.2055824e-02	  4.8107717e-02	  1.6787481e-01
TGATTG	  1.3183950e-01	  3.8214141e-01	 -2.1123977e-01
TGATTT	 -2.0511474e-01	 -3.8719255e-01	  1.1170380e-02
TGCAAA	 -1.0351141e-01	 -7.3683947e-02	  6.0600489e-02
TGCAAC	  9.5758952e-02	  4.0016960e-02	 -2.2723544e-03
TGCAAG	  1.4247234e-01	  2.5271299e-01	 -4.9356837e-02
TGCAAT	 -1.3174362e-01	 -4.1146716e-01	 -4.6970602e-02
TGCACA	 -8.4689967e-02	  3.6516115e-03	 -8.3516259e-03
TGCACC	  1.8872616e-01	  1.0537860e-01	  7.9940997e-02
TGCACG	  3.4618393e-01	  3.9700073e-01	  1.9854258e-01
TGCACT	 -2.1269324e-01	 -2.5306684e-01	 -1.0353145e-01
TGCAGA	 -1.6843688e-01	  2.9497828e-02	  1.8318415e-01
TGCAGC	  2.6946542e-01	  1.5337971e-01	  9.5949307e-02
TGCAGG	  5.9031643e-04	  1.7026341e-01	 -5.0413545e-02
TGCAGT	 -1.4626583e-01	 -4.0056267e-01	 -2.7699560e-01
TGCATA	 -3.8287926e-01	 -1.3155046e-01	 -2.2145221e-01
TGCATC	  3.3888367e-01	  1.4261578e-01	  3.0018303e-01
TGCATG	  7.8209236e-02	  2.2988747e-01	 -2.1073781e-01
TGCATT	 -1.7128575e-01	 -2.9929620e-01	  1.8429765e-02
TGCCAA	 -1.6870680e-01	 -8.0865799e-03	  1.6799784e-01
TGCCAC	 -5.0385375e-02	 -2.2298964e-02	 -1.0556738e-01
TGCCAG	  2.7171212e-01	  1.9796507e-01	 -5.3633481e-02
TGCCAT	 -2.4868998e-01	 -2.7613267e-01	 -2.9552080e-02
TGCCCA	 -1.9818982e-01	 -8.2853936e-02	 -1.1962864e-01
TGCCCC	  2.1176790e-01	  1.5714060e-01	  2.2103053e-02
TGCCCG	  1.9627003e-01	  2.3521976e-01	  2.5525787e-01
TGCCCT	 -4.3611918e-02	 -1.3957691e-01	  3.4463190e-02
TGCCGA	 -9.7483993e-02	 -1.3812710e-01	  2.2306131e-01
TGCCGC	  1.4262047e-01	  1.2798636e-01	 -3.0871548e-02
TGCCGG	  1.2479852e-01	  1.3168997e-01	 -1.5782942e-01
TGCCGT	 -3.5295263e-01	 -2.8293562e-01	 -6.5905519e-02
TGCCTA	 -3.0372751e-01	 -7.5281478e-02	 -4.7082268e-03
TGCCTC	 -4.0150739e-02	 -4.1532364e-02	  1.3196502e-02
TGCCTG	  1.8238477e-01	  1.4248845e-01	 -1.7703788e-01
TGCCTT	 -1.3695477e-01	 -1.5284853e-01	  1.4595804e-01
TGCGAA	 -2.0548669e-01	  4.8090432e-02	  1.3506593e-01
TGCGAC	  2.7624917e-01	  1.7391869e-01	  1.4421314e-01
TGCGAG	  2.4084601e-01	  1.9531263e-01	 -2.6975870e-02
TGCGAT	 -4.5053634e-01	 -4.5487058e-01	 -1.6756262e-01
TGCGCA	 -1.8991087e-01	  1.2950425e-01	  9.3092667e-03
TGCGCC	  9.5489390e-02	 -1.5529095e-01	 -2.1549518e-01
TGCGCG	  2.2283074e-01	  1.5951183e-01	  8.9837305e-02
TGCGCT	 -2.0702910e-01	  1.4036763e-02	  1.9670822e-01
TGCGGA	 -1.6198453e-01	  5.5228427e-02	  2.3582120e-01
TGCGGC	  2.6573354e-01	  1.8107256e-01	  7.6719098e-02
TGCGGG	  9.8201685e-02	  1.0989817e-01	 -1.0287522e-01
TGCGGT	 -4.4164759e-01	 -5.5060881e-01	 -2.3324050e-01
TGCGTA	 -4.1551495e-01	 -3.1655796e-02	 -4.1765310e-02
TGCGTC	  1.8725549e-01	  1.4140518e-01	  2.6300621e-01
TGCGTG	  1.9895358e-01	  7.0135303e-02	 -2.0018244e-01
TGCGTT	 -4.7880310e-01	 -2.2144890e-01	 -3.8658024e-03
TGCTAA	 -3.9783816e+00	 -2.1143096e-02	  6.2032398e-02
TGCTAC	  5.3416634e-01	  1.9082610e-01	  1.4195214e-01
TGCTAG	 -3.8447523e+00	  1.8146645e-01	 -1.5193678e-01
TGCTAT	  8.9066699e-02	 -4.1018504e-01	 -7.4599005e-02
TGCTCA	 -1.6088733e-01	  7.3484398e-02	 -1.7726567e-02
TGCTCC	  2.4702442e-01	  3.4919798e-02	  5.3281773e-02
TGCTCG	  3.4835970e-01	  3.5165679e-01	  4.8911536e-01
TGCTCT	 -1.8324684e-01	 -1.7091975e-01	 -1.2227974e-01
TGCTGA	 -4.1542459e+00	 -5.9697703e-02	  1.2748714e-01
TGCTGC	  2.7750468e-01	  1.7333931e-01	  1.0524563e-01
TGCTGG	  1.2723400e-02	  7.8011803e-02	 -1.9344017e-01
TGCTGT	  6.8746433e-02	 -3.1835151e-01	 -4.6740413e-02
TGCTTA	 -2.3557976e-01	 -4.2607129e-02	 -1.9802088e-01
TGCTTC	  2.4988681e-01	  1.6637510e-01	  2.1055865e-01
TGCTTG	 -9.3967356e-03	  1.4262317e-01	 -2.1928199e-01
TGCTTT	 -1.2225244e-01	 -2.5799179e-01	  1.3100918e-02
TGGAAA	 -1.5192892e-01	 -8.7084852e-02	  2.8164286e-02
TGGAAC	  1.5007067e-01	  1.0889123e-01	  1.1047751e-01
TGGAAG	  1.5048406e-01	  2.1163084e-01	 -4.5532584e-02
TGGAAT	 -8.6011805e-02	 -2.7854738e-01	 -7.4066624e-02
TGGACA	 -1.0276920e-01	 -5.3580649e-02	 -4.8096202e-02
TGGACC	  1.6643989e-01	  1.1836687e-01	  6.4304471e-02
TGGACG	  3.5137159e-01	  4.5930475e-01	  3.5306588e-01
TGGACT	 -1.2194273e-01	 -2.0059574e-01	 -8.5549824e-02
TGGAGA	 -6.8282060e-02	  1.4801197e-03	  1.7292175e-01
TGGAGC	  2.3313488e-01	  1.8954358e-01	  3.8766522e-02
TGGAGG	 -6.3445633e-03	  9.6339196e-02	 -7.5391732e-02
TGGAGT	 -1.3465543e-01	 -3.6629990e-01	 -2.4634990e-01
TGGATA	 -3.3852184e-01	 -1.8972519e-01	 -2.4349687e-01
TGGATC	  1.6898367e-01	 -1.9602836e-03	  1.9281238e-01
TGGATG	  1.4939094e-01	  2.7987191e-01	 -2.3395488e-01
TGGATT	 -5.6444570e-02	 -2.5689092e-01	  1.6004990e-01
TGGCAA	 -1.3170879e-01	 -7.4050352e-02	  1.0336417e-01
TGGCAC	 -3.1455453e-02	 -8.3343633e-02	 -3.9371647e-02
TGGCAG	  2.1623215e-01	  2.2647458e-01	 -4.3371659e-02
TGGCAT	 -2.2264926e-01	 -2.6531625e-01	 -3.6998771e-02
TGGCCA	 -1.2367744e-01	 -6.3574523e-02	 -1.5436347e-01
TGGCCC	  2.0344387e-01	  1.6079193e-01	  1.0282151e-01
TGGCCG	  2.4491566e-01	  4.2711815e-01	  4.3425569e-01
TGGCCT	 -8.0392733e-02	 -2.0246875e-01	 -3.2229386e-02
TGGCGA	 -3.0073315e-02	 -1.4407501e-01	  1.9993438e-01
TGGCGC	  5.2739229e-02	  5.5001970e-02	 -1.6597620e-01
TGGCGG	  9.9245928e-02	  2.0264435e-01	 -6.3811545e-03
TGGCGT	 -1.9159724e-01	 -3.6372972e-01	 -4.2108342e-02
TGGCTA	 -2.9328287e-01	 -2.0359816e-01	 -5.6557987e-02
TGGCTC	 -1.0545134e-01	 -9.5635444e-02	  3.1816255e-02
TGGCTG	  2.7466407e-01	  2.7160087e-01	 -1.0144690e-01
TGGCTT	 -1.6155593e-01	 -2.2675171e-01	  9.0206303e-02
TGGGAA	 -6.6847219e-03	  6.6137403e-02	  2.6397893e-01
TGGGAC	  1.9485781e-01	  1.5129353e-01	  1.1817823e-01
TGGGAG	 -3.1661868e-02	  2.2279657e-02	 -2.8048643e-01
TGGGAT	 -9.9159747e-02	 -2.6497614e-01	 -1.7753486e-01
TGGGCA	 -1.8064298e-01	 -7.8723133e-02	 -1.0102735e-01
TGGGCC	  2.5984994e-01	  1.5724128e-01	  1.4952500e-01
TGGGCG	 -2.3415677e-02	  1.2448103e-01	  8.8327043e-02
TGGGCT	 -3.9932393e-02	 -9.1200471e-02	 -3.6339730e-02
TGGGGA	 -5.8003429e-02	 -3.1621136e-02	  1.3390173e-01
TGGGGC	  2.4713832e-01	  1.9671384e-01	  5.7619210e-02
TGGGGG	 -9.1080569e-02	  1.0062884e-01	 -9.2157178e-02
TGGGGT	 -1.2956722e-01	 -4.1125643e-01	 -2.1256217e-01
TGGGTA	 -1.6652991e-01	 -1.2511863e-01	 -1.5105319e-01
TGGGTC	  1.4200900e-01	  1.2238208e-01	  3.2962558e-01
TGGGTG	  1.1319000e-01	  1.2335441e-01	 -3.1411758e-01
TGGGTT	 -1.9120045e-01	 -2.2753547e-01	  6.5812916e-02
TGGTAA	 -3.9163642e+00	 -9.1175176e-02	  5.5980187e-02
TGGTAC	  4.8972261e-01	  1.7023948e-01	  1.5402411e-01
TGGTAG	 -3.8618941e+00	  1.4078067e-01	 -1.2780704e-01
TGGTAT	  2.0646484e-01	 -2.4390818e-01	 -7.9084441e-02
TGGTCA	 -4.0794209e-02	  1.5769804e-01	  4.5930810e-02
TGGTCC	  2.2318171e-01	  1.4894153e-01	  1.4673822e-01
TGGTCG	  4.6238199e-01	  4.4897059e-01	  5.8698779e-01
TGGTCT	 -1.8192089e-01	 -3.5402694e-01	 -2.3350477e-01
TGGTGA	 -4.0250101e+00	 -5.9902832e-02	  8.3511636e-02
TGGTGC	  2.3862317e-01	  1.3645071e-01	  6.1208274e-02
TGGTGG	  1.0892624e-01	  6.1031926e-02	 -1.0518013e-01
TGGTGT	  9.9143587e-02	 -1.9328514e-01	 -1.9903459e-02
TGGTTA	 -1.8596785e-01	 -5.7045408e-02	 -1.0365973e-01
TGGTTC	  2.0780888e-01	  1.4660321e-01	  2.4357104e-01
TGGTTG	 -8.7611051e-03	  2.5072038e-01	 -1.9102053e-01
TGGTTT	 -5.6506302e-02	 -3.1707567e-01	 -4.1588169e-02
TGTAAA	 -2.1522548e-02	 -1.2483479e-01	  8.5831657e-02
TGTAAC	  9.5885336e-02	  2.6086786e-01	  1.8133233e-01
TGTAAG	  1.6515389e-01	  1.5958878e-01	 -2.7279381e-02
TGTAAT	 -1.3936366e-01	 -1.5413646e-01	 -2.0342200e-01
TGTACA	 -1.1045933e-01	 -3.7282914e-02	 -9.8401411e-03
TGTACC	  1.3262570e-01	  1.0067421e-01	  6.3711151e-02
TGTACG	  1.3506234e-01	  5.5439132e-01	  4.0573156e-01
TGTACT	 -9.9531952e-03	 -2.0885246e-01	 -1.3210708e-01
TGTAGA	 -1.1639099e-01	 -1.0230508e-01	  1.4137362e-01
TGTAGC	  2.1011066e-01	  1.5770368e-01	  1.1892539e-01
TGTAGG	 -7.9103202e-02	  1.0732260e-01	 -6.5586939e-02
TGTAGT	 -1.7850582e-03	 -9.9621534e-02	 -2.7924412e-01
TGTATA	 -2.0126756e-01	 -1.4584935e-01	 -2.7064598e-01
TGTATC	  2.1336631e-01	  1.0631496e-01	  3.2123661e-01
TGTATG	  1.3568527e-01	  3.6153781e-01	 -8.8086419e-02
TGTATT	 -8.0295399e-02	 -3.6252478e-01	 -3.7289210e-04
TGTCAA	 -2.9852353e-02	 -9.1112375e-02	  9.2001274e-02
TGTCAC	 -1.0341092e-01	 -4.8857745e-02	  1.0343001e-02
TGTCAG	  2.2328432e-01	  2.4750078e-01	 -1.0379061e-01
TGTCAT	 -1.7504773e-01	 -2.2160357e-01	 -1.5275017e-02
TGTCCA	 -2.0839332e-02	  4.9327888e-02	 -3.1686563e-02
TGTCCC	  1.9517729e-02	  5.3662706e-02	 -2.9758781e-02
TGTCCG	  3.0311626e-01	  4.6452409e-01	  5.5645198e-01
TGTCCT	 -3.8372140e-02	 -1.9888325e-01	 -5.9611373e-02
TGTCGA	  1.8916434e-01	 -1.4043088e-01	  1.8423125e-01
TGTCGC	 -1.6629091e-01	 -1.2458207e-01	 -2.6430678e-01
TGTCGG	  1.4999975e-01	  3.6305022e-01	  4.7007794e-03
TGTCGT	 -1.4855501e-01	 -3.1612432e-01	  9.8110579e-02
TGTCTA	 -1.0754817e-01	 -8.2649037e-02	 -1.2075990e-02
TGTCTC	 -7.0168972e-02	 -2.4174249e-02	 -8.2312501e-04
TGTCTG	  2.1447653e-01	  2.3768760e-01	 -4.2941116e-02
TGTCTT	 -1.1741362e-01	 -2.2997646e-01	  3.5978813e-02
TGTGAA	 -5.5598659e-03	 -7.2939575e-02	  1.2089591e-01
TGTGAC	  1.5435182e-01	  2.0273195e-01	  1.2596348e-01
TGTGAG	  5.0053153e-02	 -2.6140506e-03	 -1.4239512e-01
TGTGAT	 -1.6561805e-01	 -7.3382936e-02	 -1.3154012e-01
TGTGCA	 -1.1717575e-01	 -8.1560249e-03	 -7.5586669e-02
TGTGCC	  1.0779871e-01	  3.6917187e-02	 -3.9616395e-02
TGTGCG	  7.7558987e-02	  3.8982856e-01	  3.3461127e-01
TGTGCT	 -1.6979566e-02	 -1.6889469e-01	  2.1767901e-02
TGTGGA	 -5.3657535e-03	  5.4204557e-02	  1.8872234e-01
TGTGGC	  1.2382729e-01	  6.2454522e-02	  4.3131430e-02
TGTGGG	  1.0501829e-01	  1.0646413e-01	 -1.8994522e-01
TGTGGT	 -2.6585385e-01	 -2.7344039e-01	 -1.4256176e-01
TGTGTA	 -1.5483981e-01	 -6.3051164e-02	 -1.3853250e-01
TGTGTC	  1.4031173e-01	  8.8054314e-02	  2.7066904e-01
TGTGTG	  2.1881485e-02	  1.0284030e-01	 -2.5149190e-01
TGTGTT	 -5.4901682e-02	 -2.9787913e-01	  1.2844634e-01
TGTTAA	 -3.7519886e+00	 -4.1705381e-02	  4.4820461e-02
TGTTAC	  4.4667566e-01	  1.4443749e-01	  1.3694741e-01
TGTTAG	 -3.5811908e+00	  1.7917916e-01	 -1.6187416e-01
TGTTAT	  2.1245944e-01	 -2.8788894e-01	 -5.3044774e-02
TGTTCA	 -3.8193069e-02	  2.8462008e-02	  1.2166373e-02
TGTTCC	  7.4375793e-02	  1.1279076e-01	  6.9590971e-02
TGTTCG	  2.5159615e-01	  6.0106814e-01	  5.9143460e-01
TGTTCT	 -4.7080651e-02	 -2.5821319e-01	 -1.7683138e-01
TGTTGA	 -3.6878064e+00	 -3.7307967e-03	  1.0981894e-01
TGTTGC	  1.7294525e-01	  4.9307093e-02	  1.0346539e-02
TGTTGG	  1.2137090e-01	  1.8001501e-01	 -3.6036093e-02
TGTTGT	  9.6015476e-02	 -3.6187768e-01	 -1.0076202e-01
TGTTTA	 -1.7331852e-02	 -7.7496402e-02	 -1.5630804e-01
TGTTTC	  7.8956947e-02	  3.1853623e-03	  2.7041230e-01
TGTTTG	  1.3473332e-01	  3.5798538e-01	 -1.6666372e-01
TGTTTT	 -1.3705403e-01	 -4.0693653e-01	 -4.1909538e-02
TTAAAA	 -1.0816033e-01	 -1.3332988e-01	 -2.4616203e-01
TTAAAC	 -2.9349071e-04	  1.4429009e-01	  3.0284700e-01
TTAAAG	  2.0885080e-01	  3.3318663e-01	  1.6817518e-01
TTAAAT	 -1.2602771e-02	 -2.8755507e-01	 -2.5520582e-02
TTAACA	 -1.9082285e-03	 -2.5109616e-03	 -2.0746279e-01
TTAACC	  2.7484510e-03	  1.4923151e-01	  8.3545983e-02
TTAACG	  9.1286540e-02	  3.5840762e-01	  8.4016871e-01
TTAACT	 -9.9015767e-03	 -1.9562176e-01	 -1.5172189e-01
TTAAGA	 -2.4038625e-03	  2.3142060e-02	 -1.2563494e-01
TTAAGC	  4.9916707e-02	  9.0720162e-02	  1.7241579e-01
TTAAGG	 -1.1609504e-02	  1.5477519e-01	  8.0443919e-02
TTAAGT	 -2.0131942e-02	 -3.0433491e-01	 -6.4937264e-02
TTAATA	 -1.0608725e-01	 -6.2201582e-02	 -5.8963746e-02
TTAATC	  1.3135527e-02	  9.9449262e-02	  2.2948426e-01
TTAATG	  2.0091607e-01	  2.9775441e-01	  9.0275869e-02
TTAATT	 -8.1185721e-02	 -3.4676784e-01	 -1.6218337e-01
TTACAA	  5.3111885e-02	  5.4525644e-02	  1.4396268e-01
TTACAC	 -7.1892135e-02	  8.0542326e-02	  9.4430737e-02
TTACAG	  8.5708216e-02	  6.6611744e-02	 -1.6097496e-01
TTACAT	 -1.5509611e-01	 -2.3245439e-01	 -4.8026979e-02
TTACCA	  2.7986713e-02	  8.2013167e-02	 -9.9096540e-03
TTACCC	 -8.6181201e-02	  2.1459742e-02	 -9.6483365e-02
TTACCG	  1.3261461e-01	  3.6089233e-01	  6.3931006e-01
TTACCT	  5.2393763e-03	 -1.8625338e-01	 -7.9280794e-02
TTACGA	  1.7217924e-01	 -4.4201098e-02	  1.9980693e-01
TTACGC	 -2.7455691e-02	  8.0550246e-02	 -2.7508693e-02
TTACGG	  1.0815010e-01	  2.0800968e-01	 -2.8813109e-02
TTACGT	 -2.5662002e-01	 -2.2941796e-01	 -1.4851826e-01
TTACTA	 -1.0707700e-01	 -1.7277112e-02	  3.6364913e-04
TTACTC	 -1.5735958e-02	  1.0844176e-01	  5.9862651e-02
TTACTG	  1.4717197e-01	  1.7822708e-01	 -1.1009365e-02
TTACTT	 -6.6172510e-02	 -2.9523039e-01	 -2.5882093e-02
TTAGAA	  2.6303113e-02	 -2.6800664e-02	 -1.8969555e-01
TTAGAC	 -1.0609998e-01	  7.9853348e-02	  2.3565879e-01
TTAGAG	  1.2294928e-02	  1.6662350e-01	  3.0663196e-02
TTAGAT	  1.1947529e-03	 -2.9266283e-01	  2.7233822e-02
TTAGCA	  5.8082156e-02	  1.2638907e-01	 -1.0520447e-01
TTAGCC	 -7.7428117e-02	 -3.1264327e-02	 -9.0673484e-02
TTAGCG	  2.6771826e-01	  4.2764312e-01	  9.5877993e-01
TTAGCT	 -2.4143161e-02	 -2.0931329e-01	 -1.4106172e-01
TTAGGA	  7.6962873e-02	  7.0532195e-02	 -1.3522738e-01
TTAGGC	  3.5556376e-02	  1.2034664e-01	  1.6106416e-01
TTAGGG	 -7.4958257e-02	  6.0644705e-04	  4.6047188e-02
TTAGGT	 -8.2596190e-02	 -2.5367540e-01	 -1.9184686e-02
TTAGTA	 -1.2975256e-01	 -1.5528798e-01	 -1.0112137e-01
TTAGTC	 -8.9404639e-03	  1.2746961e-01	  1.9361293e-01
TTAGTG	  2.2123259e-01	  2.9236811e-01	  7.8893319e-02
TTAGTT	 -8.0967553e-02	 -3.0665037e-01	 -1.0161942e-01
TTATAA	 -3.8584769e+00	 -4.0812204e-03	  6.8769857e-02
TTATAC	  4.0627444e-01	  7.4091978e-02	  1.1309070e-01
TTATAG	 -3.6151161e+00	  2.3299544e-01	 -1.5930733e-02
TTATAT	  2.6357099e-01	 -2.5803182e-01	 -1.3319391e-01
TTATCA	 -5.6617931e-03	  1.0808282e-01	  4.6472527e-02
TTATCC	 -2.2593796e-02	  1.1324596e-01	  3.5658922e-02
TTATCG	  2.7043253e-01	  5.3673100e-01	  6.8539661e-01
TTATCT	 -6.8888129e-03	 -3.4757188e-01	 -2.0913525e-01
TTATGA	 -3.7655540e+00	  3.2617927e-02	  1.8279351e-01
TTATGC	  1.2541899e-01	  5.8940928e-02	 -5.8532297e-03
TTATGG	  2.2615805e-01	  2.2290038e-01	 -2.2152925e-03
TTATGT	  9.6585348e-02	 -3.4377360e-01	 -2.4162932e-01
TTATTA	  3.7292596e-02	 -3.8718760e-02	 -1.1290888e-01
TTATTC	 -1.5718618e-02	  2.2821808e-01	  3.4010300e-01
TTATTG	  1.8900342e-01	  3.5540462e-01	 -9.6752912e-02
TTATTT	 -1.0274900e-01	 -3.9935425e-01	 -1.0416137e-01
TTCAAA	 -1.5275642e-01	 -7.0495985e-02	  7.9117231e-02
TTCAAC	  1.5009427e-01	  2.2493505e-03	  5.3328436e-02
TTCAAG	  1.0161211e-01	  2.2226743e-01	 -4.6031609e-02
TTCAAT	 -9.7693212e-02	 -3.9324912e-01	 -1.6054115e-01
TTCACA	 -1.7570271e-01	  7.2876893e-02	 -3.5112204e-03
TTCACC	  1.8687645e-01	  4.9276007e-03	  1.0113097e-01
TTCACG	  3.2646793e-01	  2.7561113e-01	  1.7995465e-01
TTCACT	 -1.1686114e-01	 -1.9462305e-01	 -1.4397205e-01
TTCAGA	 -2.0035912e-01	  4.5800377e-02	  1.5805857e-01
TTCAGC	  2.7472973e-01	  6.9559969e-02	  5.4095741e-03
TTCAGG	 -1.5308216e-01	  7.2928019e-02	 -9.4689727e-02
TTCAGT	 -5.9673241e-03	 -2.3830846e-01	 -1.6664195e-01
TTCATA	 -4.3651032e-01	  4.7186270e-02	 -3.4528151e-01
TTCATC	  3.1129038e-01	  6.4176716e-02	  3.7160480e-01
TTCATG	  1.2974533e-01	  2.1355183e-01	 -2.8027359e-01
TTCATT	 -1.7123549e-01	 -3.2827902e-01	 -2.6891507e-02
TTCCAA	 -2.4606164e-01	 -5.9369639e-02	  8.2274124e-02
TTCCAC	  7.2434500e-02	  5.1188465e-02	  1.5895240e-02
TTCCAG	  2.7018330e-01	  2.0164219e-01	  1.7531393e-02
TTCCAT	 -3.0319768e-01	 -2.9617828e-01	 -1.2247831e-01
TTCCCA	 -9.8983303e-02	  5.2639119e-02	 -2.7338263e-02
TTCCCC	  1.1787742e-01	  2.5600551e-02	  2.8437957e-02
TTCCCG	  4.4583893e-01	  4.6978483e-01	  4.3578941e-01
TTCCCT	 -1.1090257e-01	 -2.2415851e-01	 -9.1488175e-02
TTCCGA	 -3.1679604e-02	  7.1879618e-02	  2.4575049e-01
TTCCGC	  1.8406092e-01	 -3.9972453e-03	 -1.1581678e-01
TTCCGG	  1.3903630e-01	  1.8744113e-01	 -5.2513558e-02
TTCCGT	 -3.5928649e-01	 -3.1530344e-01	 -1.3684376e-01
TTCCTA	 -3.3471620e-01	 -4.7157083e-02	 -1.3404958e-01
TTCCTC	  6.8467937e-02	  4.7551472e-02	  2.0385973e-01
TTCCTG	  3.2000545e-01	  2.3551202e-01	 -9.7341187e-02
TTCCTT	 -3.9546388e-01	 -3.2004520e-01	 -4.9015332e-02
TTCGAA	 -2.5809228e-01	  1.2199777e-01	  1.6390897e-01
TTCGAC	  4.0488276e-01	  1.7976610e-01	  2.8434998e-01
TTCGAG	 -3.4378115e-02	 -6.8631485e-02	 -2.2688514e-01
TTCGAT	 -1.0420769e-01	 -2.0562020e-01	 -1.3062400e-01
TTCGCA	 -2.4892172e-01	  7.7830330e-02	 -6.0962546e-03
TTCGCC	  2.2037873e-01	 -1.9934841e-02	  4.0705044e-02
TTCGCG	  4.0952569e-01	  2.2510113e-01	  2.4632862e-01
TTCGCT	 -2.9309726e-01	 -9.5608637e-02	 -8.8589005e-02
TTCGGA	 -2.4707179e-01	  6.5217741e-02	  2.0326950e-01
TTCGGC	  2.4903749e-01	  1.9579941e-02	 -4.0147956e-02
TTCGGG	  8.5505828e-02	  1.0932261e-01	 -1.3813341e-01
TTCGGT	 -3.0834389e-01	 -3.3976054e-01	 -1.1582985e-01
TTCGTA	 -4.7528645e-01	 -4.3245845e-02	 -2.5235376e-01
TTCGTC	  3.0500498e-01	  2.7530381e-01	  4.3416861e-01
TTCGTG	  4.4069114e-01	  2.4219896e-01	 -3.5325408e-02
TTCGTT	 -6.7742956e-01	 -3.4242323e-01	 -1.2038857e-01
TTCTAA	 -4.2602992e+00	 -3.8492708e-03	  7.3816575e-02
TTCTAC	  5.1289809e-01	  1.4857917e-01	  1.3762157e-01
TTCTAG	 -4.1366577e+00	  1.7945950e-01	 -4.8901141e-02
TTCTAT	  1.4286926e-01	 -4.4961202e-01	 -1.8247178e-01
TTCTCA	 -1.6352518e-01	  5.5244703e-02	 -2.1633677e-02
TTCTCC	  1.5753981e-01	  5.9188474e-03	  6.9481753e-02
TTCTCG	  4.4729906e-01	  3.9246559e-01	  5.2892828e-01
TTCTCT	 -9.5907666e-02	 -1.2180927e-01	 -1.3842742e-01
TTCTGA	 -4.3306928e+00	  1.5866242e-02	  1.5654977e-01
TTCTGC	  2.3341106e-01	  5.7564713e-02	 -5.6840586e-03
TTCTGG	  2.0481922e-01	  2.1577679e-01	 -7.1243397e-03
TTCTGT	 -3.6627665e-02	 -3.7010840e-01	 -1.7631982e-01
TTCTTA	 -1.6800256e-01	  4.3426469e-02	 -2.3787767e-01
TTCTTC	  2.6769564e-01	  1.4670420e-01	  3.1057426e-01
TTCTTG	  9.1394439e-02	  2.7765086e-01	 -1.3149747e-01
TTCTTT	 -2.1015513e-01	 -3.6715385e-01	 -1.2947890e-01
TTGAAA	 -2.1415986e-02	 -3.5939801e-02	 -1.4313200e-01
TTGAAC	 -1.9233015e-01	 -1.4010388e-01	  5.9902292e-02
TTGAAG	  2.1891813e-01	  3.0368450e-01	  1.1274288e-01
TTGAAT	 -6.1136451e-02	 -2.5555950e-01	  1.4526312e-02
TTGACA	 -4.9755964e-02	  4.7631031e-03	 -1.7720942e-01
TTGACC	  4.9714476e-02	  8.2671560e-02	  3.4767430e-02
TTGACG	  3.8978049e-01	  3.9549381e-01	  8.2322103e-01
TTGACT	 -5.4403901e-02	 -1.5776029e-01	 -1.5315294e-01
TTGAGA	 -1.1640118e-01	 -4.8943561e-02	 -1.6669491e-01
TTGAGC	  1.3783801e-01	  8.2592636e-02	  1.5771426e-01
TTGAGG	 -5.0563440e-02	  9.4747782e-02	 -1.5749618e-02
TTGAGT	  9.6638024e-02	 -1.5654945e-01	  9.7076565e-02
TTGATA	 -1.7308840e-01	 -9.2880011e-02	  1.2688352e-03
TTGATC	  1.1197277e-01	  6.0634710e-02	  1.9603014e-01
TTGATG	  1.4412205e-01	  2.7881387e-01	  1.6123226e-02
TTGATT	 -8.1030555e-02	 -3.4640542e-01	 -1.4693706e-01
TTGCAA	 -2.7831923e-02	  2.4430944e-02	  1.3166423e-01
TTGCAC	 -2.7815642e-02	  3.8118374e-02	  4.4659562e-02
TTGCAG	  1.7038006e-01	  1.4148282e-01	 -6.7871660e-02
TTGCAT	 -2.5515848e-01	 -3.3394489e-01	 -1.0983699e-01
TTGCCA	  4.7890916e-02	  1.2857881e-01	  5.0756991e-02
TTGCCC	 -9.8334327e-02	 -8.0417342e-02	 -1.1733201e-01
TTGCCG	  3.7023997e-01	  4.9917555e-01	  5.6247759e-01
TTGCCT	 -2.8503075e-02	 -1.9927192e-01	 -7.6045223e-02
TTGCGA	  7.7226572e-03	 -1.4245772e-01	  1.8515009e-01
TTGCGC	  2.0333907e-02	  1.2008625e-02	 -7.4256517e-02
TTGCGG	  1.0631946e-01	  2.0265371e-01	 -5.0964378e-02
TTGCGT	 -1.8342194e-01	 -2.3471080e-01	 -9.4102740e-02
TTGCTA	 -1.3698997e-01	 -4.1432656e-02	 -1.1991125e-01
TTGCTC	 -6.2583931e-02	 -4.2704456e-03	  1.2154844e-01
TTGCTG	  2.5281888e-01	  2.5039375e-01	 -1.5798502e-02
TTGCTT	 -2.0522375e-01	 -3.3280092e-01	 -1.2571353e-02
TTGGAA	 -7.2979629e-02	 -8.9396290e-02	 -3.1215721e-03
TTGGAC	  5.5566389e-02	  1.0040431e-01	  7.4773021e-02
TTGGAG	  4.6708867e-02	  1.6124743e-01	 -5.4551534e-02
TTGGAT	  2.2132132e-02	 -2.0764455e-01	  1.7318325e-02
TTGGCA	  2.2415675e-02	  1.1183129e-01	  1.0226692e-01
TTGGCC	 -9.8817684e-03	 -6.9862299e-02	 -1.6024919e-01
TTGGCG	  3.2092085e-01	  5.0609463e-01	  4.8543727e-01
TTGGCT	 -5.0897110e-02	 -1.3985187e-01	 -4.7699258e-02
TTGGGA	 -9.8074853e-02	 -1.1018407e-01	  5.3999327e-02
TTGGGC	  2.2263223e-01	  1.4949843e-01	  1.0906444e-01
TTGGGG	 -1.7649103e-02	  1.8636464e-01	 -1.1089937e-01
TTGGGT	 -2.6190506e-02	 -2.7814233e-01	 -9.9753223e-02
TTGGTA	 -1.2948996e-01	 -1.3460433e-01	 -1.1743067e-01
TTGGTC	  8.3282767e-03	  3.3011414e-02	  1.7238861e-01
TTGGTG	  1.9947205e-01	  2.1912572e-01	 -7.0384346e-02
TTGGTT	 -1.5951043e-01	 -2.1742013e-01	  4.9005216e-03
TTGTAA	 -3.8563871e+00	  2.3335511e-02	  1.3482578e-01
TTGTAC	  5.1677370e-01	  2.1012677e-01	  1.4665675e-01
TTGTAG	 -3.7692807e+00	  1.5970044e-01	 -1.1504759e-01
TTGTAT	  1.9555698e-01	 -3.6947122e-01	 -1.5041706e-01
TTGTCA	 -7.0180476e-02	  9.5478594e-02	 -1.2133803e-02
TTGTCC	  1.2116038e-01	  1.1651312e-01	  1.0619769e-01
TTGTCG	  3.5283977e-01	  3.4958071e-01	  6.1921430e-01
TTGTCT	 -6.3783407e-02	 -2.6362458e-01	 -1.8270433e-01
TTGTGA	 -3.9508417e+00	 -5.7982810e-02	  1.2033793e-01
TTGTGC	  2.5344381e-01	  5.8849700e-02	  4.9667235e-02
TTGTGG	  1.7127308e-01	  2.4170306e-01	 -1.2498002e-02
TTGTGT	  7.1830571e-02	 -3.2767987e-01	 -1.9042128e-01
TTGTTA	  1.4419803e-02	  2.9652255e-02	 -1.5335545e-01
TTGTTC	  3.4539890e-02	  1.9931543e-01	  3.3959258e-01
TTGTTG	  1.5398254e-01	  2.2931676e-01	 -2.3014681e-01
TTGTTT	 -1.1867166e-01	 -3.6151880e-01	 -6.0405415e-02
TTTAAA	 -1.4466739e-01	 -2.3717274e-01	  3.6504308e-03
TTTAAC	  1.5310898e-01	  2.8803247e-01	  1.2441789e-01
TTTAAG	  1.9810243e-01	  1.6936283e-01	  2.7688425e-02
TTTAAT	 -5.1075529e-02	 -3.3910010e-02	 -1.0390027e-01
TTTACA	 -1.0202135e-01	 -2.9070769e-02	 -1.9171130e-02
TTTACC	  1.4409557e-01	  1.5697338e-01	  1.1766172e-01
TTTACG	  2.0298567e-01	  4.3587410e-01	  4.4026047e-01
TTTACT	 -1.5525064e-02	 -1.7018336e-01	 -1.4320572e-01
TTTAGA	 -8.4918335e-02	 -8.7937742e-02	  2.0749171e-01
TTTAGC	  1.9220662e-01	  1.7384322e-01	  7.9981610e-02
TTTAGG	 -9.9327870e-02	  8.7260678e-02	 -1.1726849e-01
TTTAGT	  3.9049445e-03	 -1.0973345e-01	 -3.3479393e-01
TTTATA	 -1.8999749e-01	 -4.0016607e-03	 -1.9072092e-01
TTTATC	  1.9043715e-01	  9.0996601e-02	  3.5589322e-01
TTTATG	  1.8474141e-01	  3.6725116e-01	 -8.3847478e-02
TTTATT	 -8.8772714e-02	 -4.0085083e-01	 -6.6381052e-02
TTTCAA	 -5.8186539e-02	 -9.4038509e-03	  7.1044542e-02
TTTCAC	 -1.2878108e-01	 -6.2565245e-02	 -1.8672239e-02
TTTCAG	  2.4217023e-01	  2.3318252e-01	  1.0338653e-02
TTTCAT	 -1.5031081e-01	 -2.5256014e-01	 -6.9406211e-02
TTTCCA	  2.4140339e-02	  1.0562479e-01	  4.2654943e-02
TTTCCC	 -4.0309798e-02	  1.2182533e-02	 -8.7155998e-02
TTTCCG	  2.1904528e-01	  4.9166334e-01	  7.5398976e-01
TTTCCT	 -1.4225901e-02	 -1.9964275e-01	 -1.2913181e-01
TTTCGA	  2.0905577e-01	  6.6861652e-02	  2.3885934e-01
TTTCGC	 -1.3373426e-02	 -9.7272113e-02	 -1.3265887e-01
TTTCGG	  1.7203932e-01	  3.7758231e-01	  1.3132188e-01
TTTCGT	 -3.1357607e-01	 -4.0876245e-01	 -2.2346193e-01
TTTCTA	 -1.0115283e-01	  7.6320670e-03	 -7.3195450e-02
TTTCTC	  2.7066326e-02	  5.1119018e-02	  1.1972768e-01
TTTCTG	  1.9914190e-01	  2.4040613e-01	 -2.3105597e-02
TTTCTT	 -1.3470984e-01	 -3.0123505e-01	 -3.1327263e-02
TTTGAA	 -4.9410027e-02	 -1.3000277e-01	  1.2654029e-01
TTTGAC	  1.6955975e-01	  2.7877077e-01	  1.0899989e-01
TTTGAG	 -6.3958772e-02	 -8.0066405e-02	 -2.0947921e-01
TTTGAT	  2.6648516e-02	  3.5134722e-02	 -7.5018495e-02
TTTGCA	 -1.0277960e-01	  3.0131333e-02	 -2.3259517e-02
TTTGCC	  1.6915473e-01	  1.0738987e-01	  5.5675983e-02
TTTGCG	  2.3852424e-01	  2.5725254e-01	  4.4197482e-01
TTTGCT	 -7.0323318e-02	 -1.5852384e-01	 -7.9306372e-02
TTTGGA	  2.1624686e-02	  3.7846040e-02	  1.9644734e-01
TTTGGC	  1.6638054e-01	  5.4306950e-02	  8.9033805e-02
TTTGGG	 -8.4896900e-02	  4.3718781e-02	 -2.7355784e-01
TTTGGT	 -7.9719074e-02	 -1.8569356e-01	 -1.5644820e-01
TTTGTA	 -2.3966411e-01	 -8.7429695e-02	 -2.8549957e-01
TTTGTC	  1.4901149e-01	  6.5090246e-02	  3.3730361e-01
TTTGTG	  2.4687426e-01	  2.9734120e-01	 -1.8017171e-01
TTTGTT	 -1.7976545e-01	 -3.5080269e-01	  3.1192625e-02
TTTTAA	 -4.1672707e+00	 -4.3599468e-02	  3.0444747e-02
TTTTAC	  4.4803822e-01	  2.1346270e-01	  1.6731799e-01
TTTTAG	 -3.8710947e+00	  2.1578442e-01	 -2.4716141e-02
TTTTAT	  2.8085253e-01	 -3.0885246e-01	 -1.1905531e-01
TTTTCA	  1.0408260e-02	  1.0066883e-01	  5.7562441e-02
TTTTCC	  5.1309470e-02	  1.3677692e-01	  5.1341347e-02
TTTTCG	  3.0032635e-01	  4.4160470e-01	  6.7273414e-01
TTTTCT	 -5.8172386e-02	 -2.5471696e-01	 -1.6841124e-01
TTTTGA	 -4.0220952e+00	 -9.3308473e-03	  1.6511735e-01
TTTTGC	  2.1490584e-01	  1.2311564e-01	  7.0317112e-02
TTTTGG	  2.6012447e-01	  3.0604425e-01	  3.6670506e-02
TTTTGT	  2.7922975e-02	 -4.5110798e-01	 -2.7799171e-01
TTTTTA	  4.5819059e-02	  1.0732789e-01	 -4.4850085e-02
TTTTTC	  2.4868454e-01	  1.2417132e-01	  4.3096071e-01
TTTTTG	  2.0639126e-01	  4.3313059e-01	 -7.9990491e-02
TTTTTT	 -2.6387346e-01	 -6.0135841e-01	 -2.1194944e-01
