CodePotTab 3 4096  4956.0 
AAAAAA	 -3.4794661e-01	 -2.7059564e-01	 -1.5918732e-01
AAAAAC	  8.8953413e-02	  2.8300750e-01	  1.8978877e-01
AAAAAG	  4.8283875e-01	  2.7001423e-01	  2.5643205e-02
AAAAAT	 -1.7302370e-01	 -1.2324978e-01	  6.4233340e-02
AAAACA	 -2.2650369e-01	 -7.9540119e-02	 -1.6921069e-01
AAAACC	  2.2296649e-01	  2.4119770e-02	  1.7097217e-01
AAAACG	  1.8681039e-01	  2.3679814e-01	 -3.0767291e-03
AAAACT	 -1.1483634e-01	 -1.3628246e-01	  5.0922133e-02
AAAAGA	 -1.3666564e-01	  3.6792103e-02	  1.5021902e-01
AAAAGC	  1.5939417e-01	 -2.5131227e-03	  1.1910160e-02
AAAAGG	 -5.1119272e-03	  2.0287398e-01	 -1.3297865e-01
AAAAGT	 -4.4798709e-02	 -2.8959668e-01	 -1.0106694e-01
AAAATA	 -2.6300094e-01	 -1.8126465e-01	 -2.5910726e-01
AAAATC	  2.3938495e-01	  2.3827608e-01	  3.9761630e-01
AAAATG	  1.6484514e-01	  2.2332053e-01	 -1.8313235e-01
AAAATT	 -1.4030457e-01	 -3.7069738e-01	 -1.7959196e-02
AAACAA	 -2.0791174e-01	 -1.2739219e-01	 -1.2576710e-02
AAACAC	 -4.9450871e-02	  9.2076175e-02	  4.7653504e-02
AAACAG	  4.0095431e-01	  2.3557852e-01	 -4.5451321e-02
AAACAT	 -2.0838726e-01	 -1.3245948e-01	  1.6782407e-02
AAACCA	 -8.1227355e-02	 -1.4575103e-02	  1.3386804e-02
AAACCC	  8.1054814e-02	 -6.6944495e-02	 -1.2774102e-01
AAACCG	  1.1645220e-01	  1.3930814e-01	 -6.2178668e-02
AAACCT	 -1.0397192e-01	 -8.4045961e-02	  1.3456024e-01
AAACGA	 -1.7315163e-01	 -2.0761149e-01	  9.5799640e-02
AAACGC	  2.0652734e-01	  8.1641436e-02	 -6.6544980e-02
AAACGG	 -4.7036946e-02	  2.8553861e-01	  1.6991058e-02
AAACGT	  1.2465860e-03	 -3.6187157e-01	 -1.5650067e-01
AAACTA	 -1.6379629e-01	 -4.8487138e-02	 -8.7299414e-02
AAACTC	 -4.8574846e-02	  1.3990365e-01	  2.4487783e-01
AAACTG	  3.1438026e-01	  1.7449212e-01	 -1.7552161e-01
AAACTT	 -3.1841153e-01	 -3.0810443e-01	 -7.0524551e-03
AAAGAA	 -1.9059360e-01	 -1.3789222e-01	  3.9656185e-02
AAAGAC	  7.0261188e-02	  2.1311915e-01	  9.3722910e-02
AAAGAG	  1.6331168e-01	  1.0511938e-01	 -2.0473917e-01
AAAGAT	  3.1602331e-02	 -1.0675200e-01	  9.5804902e-03
AAAGCA	 -1.2860620e-01	  4.1792847e-02	 -5.0811145e-02
AAAGCC	  1.7267030e-01	 -1.1138802e-01	  4.6809793e-02
AAAGCG	  1.1917162e-02	  1.5411593e-01	 -2.4115687e-02
AAAGCT	 -6.5493926e-02	 -1.4595577e-01	  3.5016242e-02
AAAGGA	  7.2162606e-02	 -1.4356826e-02	  1.3149339e-01
AAAGGC	  1.2003012e-01	 -2.7643405e-03	 -1.5814072e-02
AAAGGG	 -4.8705459e-01	  1.9037116e-01	 -2.2087944e-01
AAAGGT	  3.5553128e-02	 -3.3356670e-01	 -4.2041380e-02
AAAGTA	 -1.9339003e-01	 -1.2532081e-01	 -1.3494556e-01
AAAGTC	  2.5925003e-02	  2.1918735e-01	  2.6082975e-01
AAAGTG	  2.3117612e-01	  1.4196740e-01	 -1.7865975e-01
AAAGTT	 -1.7484128e-01	 -2.8163123e-01	  1.0720472e-02
AAATAA	 -3.6302443e+00	 -1.0871640e-01	 -5.3760115e-02
AAATAC	  5.9189957e-01	  2.0914400e-01	  1.1017982e-01
AAATAG	 -3.1621261e+00	  3.3180419e-01	  1.1833979e-01
AAATAT	  7.7219211e-02	 -2.5572115e-01	 -5.1949322e-02
AAATCA	 -2.4197686e-01	 -4.8019487e-02	 -1.0845803e-01
AAATCC	  1.8210986e-01	 -9.0668965e-03	  1.7196849e-01
AAATCG	  1.4614326e-01	  1.6983898e-01	 -1.2897703e-01
AAATCT	 -1.1185949e-01	 -1.5729189e-01	  6.1898585e-02
AAATGA	 -3.4093101e+00	 -5.0905928e-02	 -1.1605171e-02
AAATGC	  2.2176051e-01	  2.2007441e-02	  5.3388644e-02
AAATGG	  2.2780073e-01	  2.3116145e-01	  7.3020048e-02
AAATGT	 -1.0906918e-01	 -2.9161301e-01	 -1.1278408e-01
AAATTA	 -3.1462494e-01	 -1.1246827e-01	 -3.7597942e-01
AAATTC	  2.9605964e-01	  2.1502663e-01	  3.2319665e-01
AAATTG	  1.8897107e-01	  2.3441646e-01	 -1.0263587e-01
AAATTT	 -2.3770177e-01	 -3.9971387e-01	  2.6211055e-02
AACAAA	 -4.9258119e-01	 -2.3599987e-01	 -2.1617882e-01
AACAAC	  2.3439181e-01	  3.6273801e-01	  3.6517861e-01
AACAAG	  2.9497015e-01	  5.1007584e-02	 -1.6672318e-01
AACAAT	 -3.8482606e-02	 -2.9807264e-01	 -1.4252841e-01
AACACA	 -2.9156697e-01	 -1.5341279e-01	 -2.2411717e-01
AACACC	  2.8288832e-01	  1.5588652e-01	  3.3289582e-01
AACACG	  2.1545874e-01	  1.7370625e-01	 -1.9109541e-01
AACACT	 -2.0868178e-01	 -9.4974145e-02	 -1.8068582e-02
AACAGA	 -5.7157564e-01	 -2.1721758e-01	 -3.7961751e-02
AACAGC	  2.7676776e-01	  1.9853322e-01	  7.6467335e-02
AACAGG	 -3.0037367e-01	  1.0670153e-01	 -2.9625318e-03
AACAGT	  4.5600552e-02	 -3.2990137e-01	 -7.4461080e-02
AACATA	 -2.5450864e-01	 -2.8854594e-01	 -4.3318450e-01
AACATC	  2.6254243e-01	  3.8618127e-01	  4.1722569e-01
AACATG	  1.9939747e-01	  1.7504777e-01	 -3.1064954e-01
AACATT	 -2.0435353e-01	 -3.9626437e-01	 -3.7111226e-02
AACCAA	 -2.9196942e-01	 -1.6308752e-01	 -1.0284691e-01
AACCAC	  5.2632518e-02	  1.3991128e-01	  2.3630534e-01
AACCAG	  3.4425381e-01	  1.9378974e-01	 -1.4041175e-01
AACCAT	 -2.0249206e-01	 -1.6972549e-01	 -2.2303758e-02
AACCCA	 -1.5385787e-01	  1.9985814e-02	 -4.7351807e-02
AACCCC	  1.3974367e-01	 -2.3896179e-01	 -1.6522279e-01
AACCCG	  2.5805908e-01	  2.5528595e-01	  1.7568585e-02
AACCCT	 -2.6163194e-01	 -1.2857969e-01	  1.7418194e-01
AACCGA	 -2.5014654e-01	 -1.9902253e-01	 -3.7499066e-04
AACCGC	  1.9811594e-01	  8.3880544e-02	 -9.2009269e-02
AACCGG	  7.1220167e-02	  2.8944552e-01	  3.1116681e-02
AACCGT	 -3.0494034e-02	 -2.7877828e-01	  7.8411639e-02
AACCTA	 -2.3045942e-01	 -5.0919786e-02	 -7.6395094e-02
AACCTC	 -8.0028303e-02	  1.0945594e-01	  1.9389640e-01
AACCTG	  3.6488080e-01	  1.8581460e-01	 -1.3609661e-01
AACCTT	 -3.8966560e-01	 -3.0733505e-01	 -1.8754559e-02
AACGAA	 -3.1603006e-01	 -1.2398570e-01	 -8.6906351e-02
AACGAC	  6.4187117e-02	  1.6898006e-01	  2.6459831e-01
AACGAG	  2.3210892e-01	  1.0916830e-01	 -1.6001911e-01
AACGAT	  4.6069492e-02	 -9.3923420e-02	 -1.6553367e-02
AACGCA	 -2.8897870e-01	  2.2175377e-02	 -1.5344150e-01
AACGCC	  2.8392354e-01	 -9.9529006e-02	  1.6593273e-01
AACGCG	 -1.7961787e-02	  2.0225731e-01	 -1.2082109e-01
AACGCT	 -1.3663968e-01	 -1.2942596e-01	  3.4805894e-02
AACGGA	  1.0174070e-02	 -1.0480762e-01	  7.2383843e-02
AACGGC	  1.7652541e-01	  2.7813241e-02	  4.3144496e-03
AACGGG	 -3.1522658e-01	  2.6637599e-01	 -5.1982436e-02
AACGGT	 -7.3526099e-02	 -3.6901057e-01	 -9.4756372e-02
AACGTA	 -2.4828853e-01	 -1.4436920e-01	 -1.9881132e-01
AACGTC	  5.0788958e-02	  1.9338797e-01	  2.8193882e-01
AACGTG	  2.5797582e-01	  1.2864357e-01	 -2.5607088e-01
AACGTT	 -2.1186067e-01	 -2.1835609e-01	  3.7861653e-02
AACTAA	 -3.9343884e+00	 -2.5212068e-02	 -1.7797036e-01
AACTAC	  4.9385554e-01	  7.2940618e-02	  2.8935888e-01
AACTAG	 -3.5040319e+00	  2.7544391e-01	  1.0704628e-01
AACTAT	  1.2558663e-01	 -2.8717628e-01	 -1.8673679e-01
AACTCA	 -2.6743963e-01	  5.8383096e-02	 -1.4509085e-01
AACTCC	  1.7222479e-01	 -7.4402238e-03	  1.9723333e-01
AACTCG	  2.2176325e-01	 -3.9059736e-02	 -1.8449673e-01
AACTCT	 -2.8405371e-01	 -4.1988455e-02	  5.0603624e-02
AACTGA	 -3.7063720e+00	 -7.2269090e-02	 -1.2240533e-02
AACTGC	  2.4813226e-01	  2.9624304e-02	  1.2929415e-03
AACTGG	  1.7025392e-01	  2.3270348e-01	  6.8290703e-02
AACTGT	 -9.8442115e-02	 -4.1113520e-01	 -6.6224784e-02
AACTTA	 -5.3283978e-01	  7.3729210e-02	 -3.5584244e-01
AACTTC	  3.5903379e-01	  1.9358382e-01	  3.6881417e-01
AACTTG	 -4.0209431e-02	  3.3034686e-02	 -2.2427081e-01
AACTTT	 -6.7727201e-02	 -2.3257090e-01	 -3.4134142e-02
AAGAAA	 -3.6158946e-01	 -1.2659840e-01	  1.1668209e-02
AAGAAC	  1.4920816e-01	  9.9275336e-02	  6.0506731e-02
AAGAAG	  3.2559341e-01	  1.8392910e-01	 -1.7610824e-02
AAGAAT	 -2.1545832e-01	 -1.3112862e-01	 -5.9081115e-02
AAGACA	 -3.0484664e-01	 -2.5706258e-02	 -1.6261217e-01
AAGACC	  2.4976869e-01	 -1.9513652e-01	  1.6313161e-01
AAGACG	  1.7826466e-01	  2.1774536e-01	  2.5133057e-02
AAGACT	 -2.0895891e-01	 -6.8578251e-02	 -1.8232726e-04
AAGAGA	 -3.9780444e-01	 -1.2252982e-01	  8.9476511e-02
AAGAGC	  2.6462698e-01	 -2.0197727e-02	  2.3942787e-02
AAGAGG	 -1.3031404e-01	  2.8261921e-01	 -8.6603306e-02
AAGAGT	  1.6023595e-02	 -2.7938142e-01	 -1.0198567e-01
AAGATA	 -3.8246343e-01	 -1.9773602e-01	 -3.6685854e-01
AAGATC	  3.2650205e-01	  1.2431654e-01	  3.1064582e-01
AAGATG	  8.7337703e-02	  2.6880223e-01	 -2.8350210e-01
AAGATT	 -1.7398787e-01	 -3.3230504e-01	  1.0168873e-01
AAGCAA	 -2.4922252e-01	 -1.3120045e-01	  1.0247292e-02
AAGCAC	  8.3685160e-02	  1.0510564e-01	  8.1082866e-02
AAGCAG	  2.6605886e-01	  1.6353567e-01	 -3.6835171e-02
AAGCAT	 -2.4856706e-01	 -1.7466933e-01	 -5.6480031e-02
AAGCCA	 -1.6375303e-01	 -5.3069997e-03	 -9.5038110e-04
AAGCCC	  1.9998835e-01	 -6.7250252e-02	 -1.2944268e-01
AAGCCG	  1.3170186e-01	  7.6534748e-02	 -1.4014390e-01
AAGCCT	 -2.0226377e-01	 -1.6318692e-02	  2.1285768e-01
AAGCGA	 -1.7353480e-01	 -2.4189995e-01	  9.7697310e-02
AAGCGC	  2.0438938e-01	  2.3318829e-02	 -1.3627303e-01
AAGCGG	 -3.0504530e-02	  2.8925371e-01	  3.4481268e-02
AAGCGT	 -1.1381365e-02	 -3.1015703e-01	 -1.1477770e-01
AAGCTA	 -1.9309878e-01	 -6.0764186e-02	 -8.9776665e-02
AAGCTC	 -5.7780944e-02	  1.4520407e-01	  2.3836945e-01
AAGCTG	  2.7614298e-01	  1.0127614e-01	 -2.5877610e-01
AAGCTT	 -4.2143083e-01	 -2.7423438e-01	  5.7567295e-02
AAGGAA	 -3.1713331e-01	 -2.0368433e-01	  2.5944512e-02
AAGGAC	  1.7760361e-02	  1.3994747e-01	  1.4546441e-02
AAGGAG	  2.4543174e-01	  1.2339672e-01	 -8.4750719e-02
AAGGAT	 -1.2681470e-02	 -3.9152216e-02	  2.4959762e-02
AAGGCA	 -3.0807918e-01	 -7.0884980e-02	 -5.1952414e-02
AAGGCC	  2.6500025e-01	 -1.6243149e-01	  2.8679857e-02
AAGGCG	  6.2533520e-02	  2.2359084e-01	  7.5944796e-02
AAGGCT	 -4.8830718e-02	 -8.5035592e-02	 -3.7364721e-02
AAGGGA	 -6.3567027e-02	 -9.8615035e-02	  2.1809854e-01
AAGGGC	  3.1902760e-01	  8.9025535e-02	 -3.3326261e-02
AAGGGG	 -6.2802917e-01	  1.2524617e-01	 -2.4157928e-01
AAGGGT	  5.9180306e-03	 -1.8316782e-01	 -1.5546599e-01
AAGGTA	 -4.0030006e-01	 -2.6716739e-01	 -1.9243944e-01
AAGGTC	  7.4302852e-02	  1.8318021e-01	  3.2848457e-01
AAGGTG	  2.2062176e-01	  1.6800450e-01	 -2.5983959e-01
AAGGTT	 -1.8366942e-01	 -3.0794972e-01	 -1.1799827e-03
AAGTAA	 -3.8840566e+00	 -1.8015748e-02	 -2.5716860e-02
AAGTAC	  5.7512695e-01	  4.6841025e-02	  8.8283189e-02
AAGTAG	 -3.5900247e+00	  2.0717387e-01	  9.4419822e-02
AAGTAT	 -8.1285145e-03	 -2.1934997e-01	 -1.1169116e-01
AAGTCA	 -2.9174167e-01	  9.1551505e-02	 -1.3485987e-01
AAGTCC	  2.0927589e-01	 -5.2344624e-02	  2.3530944e-01
AAGTCG	  1.7069845e-01	  8.0383793e-03	 -1.2775715e-01
AAGTCT	 -2.5177836e-01	 -1.2565181e-01	 -2.7169609e-02
AAGTGA	 -3.7523134e+00	 -4.0096510e-02	  1.1546863e-03
AAGTGC	  2.8696197e-01	  4.2898958e-03	  2.5869204e-02
AAGTGG	  8.3129853e-02	  1.9705282e-01	  4.8136123e-02
AAGTGT	 -1.4263283e-01	 -3.4251469e-01	 -9.6679620e-02
AAGTTA	 -5.1395547e-01	  2.2319296e-02	 -3.3077082e-01
AAGTTC	  3.6956900e-01	  1.9186793e-01	  3.5850704e-01
AAGTTG	  4.9110033e-02	  9.6449830e-02	 -2.6218781e-01
AAGTTT	 -2.1152812e-01	 -3.1422347e-01	 -2.2139989e-02
AATAAA	 -4.3515849e-01	 -2.4469352e-01	 -1.1164607e-01
AATAAC	  3.5192400e-01	  2.7414536e-01	  2.7538371e-01
AATAAG	  2.6839638e-01	  3.0849305e-01	  1.0501748e-01
AATAAT	  9.5745651e-03	 -8.6326055e-02	 -8.0821842e-02
AATACA	 -2.3156306e-01	 -1.1897590e-01	 -2.5832978e-01
AATACC	  2.1553011e-01	  2.4847027e-02	  2.5307423e-01
AATACG	  2.6764145e-01	  2.7172613e-01	  8.9124471e-02
AATACT	 -2.2013988e-01	 -1.1197662e-01	 -3.4132626e-02
AATAGA	 -4.5590049e-01	 -1.1178313e-01	  1.1051184e-02
AATAGC	  3.0975252e-01	  3.0003896e-02	  1.0860161e-01
AATAGG	 -1.7648099e-01	  1.8739226e-01	 -5.2464772e-02
AATAGT	  3.2231145e-02	 -5.0635513e-02	 -9.6830577e-02
AATATA	 -1.8741447e-01	 -2.1880610e-01	 -3.9206988e-01
AATATC	  2.7070361e-01	  3.0924699e-01	  4.1723639e-01
AATATG	  1.8210544e-01	  2.8149596e-01	 -2.0786671e-01
AATATT	 -1.5339665e-01	 -3.1742668e-01	  2.6941730e-02
AATCAA	 -2.1631524e-01	 -1.1606373e-01	  4.4844463e-03
AATCAC	  1.1067072e-01	  1.8221973e-01	  1.2024849e-01
AATCAG	  3.3026004e-01	  1.6079029e-01	 -1.0791183e-01
AATCAT	 -2.3010659e-01	 -1.4866835e-01	 -2.3580557e-02
AATCCA	 -2.3392390e-01	 -6.7070141e-02	 -2.6149265e-02
AATCCC	  2.1072756e-01	  3.7475526e-03	 -2.6518184e-01
AATCCG	  1.6664323e-01	  1.1725077e-01	 -1.3501850e-02
AATCCT	 -2.3769416e-01	 -3.2364655e-02	  1.9523084e-01
AATCGA	 -2.3414291e-01	 -2.0092708e-01	  1.2344920e-01
AATCGC	  2.6924244e-01	  1.2486517e-01	 -1.2514319e-01
AATCGG	 -6.6694416e-02	  2.4696001e-01	 -4.1902926e-02
AATCGT	 -6.0289439e-02	 -2.8966549e-01	 -8.9434333e-02
AATCTA	 -2.6159096e-01	  1.9005036e-02	 -6.3007474e-02
AATCTC	  4.7182431e-03	  1.4471035e-01	  1.5516594e-01
AATCTG	  3.0848867e-01	  8.7710299e-02	 -1.1966448e-01
AATCTT	 -3.1754947e-01	 -2.9572952e-01	  7.2727255e-03
AATGAA	 -2.4906498e-01	 -2.1607490e-01	 -3.6025010e-02
AATGAC	  9.1343552e-02	  1.9043981e-01	  1.1179728e-01
AATGAG	  2.5664979e-01	  1.3694438e-01	 -8.8883691e-02
AATGAT	 -9.3950424e-03	  8.4226821e-03	  3.2649476e-02
AATGCA	 -3.0650473e-01	 -6.9059022e-02	 -8.3796360e-02
AATGCC	  2.9434019e-01	  1.1028571e-02	  5.4751704e-03
AATGCG	  1.6534233e-02	  1.9556019e-01	  1.2522195e-02
AATGCT	 -1.4757203e-01	 -1.3107143e-01	  8.9242309e-02
AATGGA	  7.6121767e-03	  6.2878075e-04	  1.3764393e-01
AATGGC	  1.7724590e-01	 -4.0962238e-02	 -5.8454264e-02
AATGGG	 -3.4558940e-01	  8.2787611e-02	 -6.4690083e-02
AATGGT	 -6.4928487e-02	 -4.6182066e-02	 -1.0736460e-01
AATGTA	 -3.1269991e-01	 -1.5828566e-01	 -2.1228795e-01
AATGTC	  7.7439062e-02	  1.9930691e-01	  2.5219804e-01
AATGTG	  2.9666600e-01	  2.2443293e-01	 -1.9233039e-01
AATGTT	 -2.5681925e-01	 -3.9843065e-01	  4.9521018e-02
AATTAA	 -3.4180648e+00	 -3.5660330e-02	 -1.4216032e-02
AATTAC	  5.5255067e-01	  1.7042994e-01	  8.3726317e-02
AATTAG	 -2.9791365e+00	  2.4021876e-01	 -1.1213770e-03
AATTAT	  1.7424107e-01	 -3.0217931e-01	 -2.9392509e-02
AATTCA	 -2.0164527e-01	 -7.8308888e-02	 -7.4532859e-02
AATTCC	  1.7608629e-01	  2.9805994e-02	  1.1970146e-01
AATTCG	  1.9014600e-01	  1.9788547e-01	 -9.2637427e-02
AATTCT	 -2.4632508e-01	 -1.7708072e-01	  3.3047833e-02
AATTGA	 -3.4542198e+00	 -1.6940136e-01	  4.9621612e-02
AATTGC	  2.8559425e-01	  8.8775106e-02	 -5.1712018e-02
AATTGG	  1.8801455e-01	  3.0414295e-01	  5.0090108e-02
AATTGT	 -8.1746936e-02	 -3.8324022e-01	 -5.2087929e-02
AATTTA	 -2.0051247e-01	 -5.6297492e-02	 -2.7870432e-01
AATTTC	  1.5786421e-01	  6.5323852e-02	  2.2262514e-01
AATTTG	  2.4381849e-01	  2.5839898e-01	 -6.7934193e-02
AATTTT	 -2.5572258e-01	 -3.1399909e-01	  2.8180009e-02
ACAAAA	 -3.3601013e-01	 -1.0789748e-01	 -1.0511271e-02
ACAAAC	  9.2801273e-02	  1.8851094e-01	  1.0499939e-01
ACAAAG	  2.8334573e-01	  1.2259353e-01	 -2.8327944e-02
ACAAAT	  2.9561142e-02	 -1.1395186e-01	 -4.9073119e-02
ACAACA	 -1.1268824e-01	 -5.2023114e-04	  1.0458648e-01
ACAACC	  1.4844856e-01	  5.2689919e-03	  7.0530921e-02
ACAACG	  1.7614600e-01	  1.5306066e-01	 -2.9079014e-01
ACAACT	 -8.1101470e-02	 -1.4242427e-01	 -1.3829215e-01
ACAAGA	 -2.7580827e-01	 -1.7599421e-02	  5.4020312e-02
ACAAGC	  1.6042596e-01	 -2.8373422e-03	  6.0075853e-02
ACAAGG	 -5.9690159e-02	  2.1494675e-01	 -3.1745322e-02
ACAAGT	  6.8946764e-02	 -2.2529729e-01	 -1.0762720e-01
ACAATA	 -1.1255059e-01	 -8.2949586e-02	 -3.2746348e-01
ACAATC	  1.2617218e-01	  2.7305853e-01	  3.7693933e-01
ACAATG	  1.8601149e-01	  2.2038347e-01	 -1.9404575e-01
ACAATT	 -1.5175244e-01	 -4.5085126e-01	  2.0636886e-03
ACACAA	 -9.0024062e-03	  3.9263092e-02	  1.5287352e-01
ACACAC	 -3.2572645e-01	 -1.3796027e-01	 -2.8105476e-01
ACACAG	  4.4488931e-01	  2.4384528e-01	  4.6007328e-02
ACACAT	 -1.4625759e-01	 -7.5089045e-02	  8.9120679e-02
ACACCA	 -6.6758588e-02	  8.1812531e-02	  2.0194766e-01
ACACCC	  9.1410838e-02	 -1.6160569e-01	 -3.2643071e-01
ACACCG	  1.9610745e-01	  9.1391161e-02	 -1.6941218e-01
ACACCT	 -2.6511762e-01	 -7.5062186e-02	 -3.1087276e-02
ACACGA	 -8.3034009e-02	 -1.5109396e-01	  1.8409526e-01
ACACGC	  1.1403930e-01	 -5.3193420e-03	 -1.5056886e-01
ACACGG	 -6.3438401e-02	  2.8993040e-01	  7.4042114e-03
ACACGT	 -2.3366721e-02	 -2.9671878e-01	 -1.5432455e-01
ACACTA	 -1.2181856e-01	 -1.7597830e-02	  3.3672065e-02
ACACTC	 -1.1338774e-01	  8.6803034e-02	  1.1209878e-01
ACACTG	  3.5079437e-01	  1.7391509e-01	 -1.8737444e-01
ACACTT	 -3.0101842e-01	 -2.3794885e-01	 -3.6815833e-03
ACAGAA	 -9.5931619e-02	 -1.1215527e-02	  5.7234745e-02
ACAGAC	 -5.5287480e-02	  4.3507643e-02	  4.2328805e-02
ACAGAG	  1.6647020e-01	  8.5604288e-02	 -1.6706067e-01
ACAGAT	 -1.0328957e-02	 -1.0492781e-01	 -2.6045453e-03
ACAGCA	 -1.0727648e-01	  6.5287411e-02	  2.0609732e-01
ACAGCC	  1.9404028e-01	 -9.5155641e-02	 -8.1604786e-02
ACAGCG	  3.5676759e-02	  1.3750133e-01	 -1.8623735e-01
ACAGCT	 -9.2989437e-02	 -1.6384022e-01	 -2.5366497e-01
ACAGGA	  7.2183654e-02	  1.5281997e-02	  8.3127245e-02
ACAGGC	  2.7028672e-02	 -4.2486706e-04	  4.9934939e-02
ACAGGG	 -3.8115498e-01	  2.1041483e-01	 -1.0722303e-01
ACAGGT	  6.0200628e-02	 -3.6205053e-01	 -1.3296260e-01
ACAGTA	 -1.3478856e-01	 -9.8903328e-02	 -7.7539511e-02
ACAGTC	  2.8204173e-03	  2.1005295e-01	  1.9808862e-01
ACAGTG	  2.3337372e-01	  1.5769666e-01	 -2.1145950e-01
ACAGTT	 -1.8173595e-01	 -3.0161262e-01	  2.4431532e-02
ACATAA	 -3.1754744e+00	 -8.6680604e-03	  4.8256036e-02
ACATAC	  3.4932885e-01	  1.0972304e-01	  1.3525586e-02
ACATAG	 -2.8167858e+00	  2.4936627e-01	  5.2299608e-02
ACATAT	  1.5032825e-01	 -2.3384880e-01	 -7.2752953e-02
ACATCA	 -1.8041869e-01	  7.6763399e-02	  7.1172930e-02
ACATCC	  1.1980340e-01	 -7.6419100e-02	  1.0369173e-01
ACATCG	  1.8614224e-01	  7.6893136e-02	 -1.2430830e-01
ACATCT	 -2.0835108e-01	 -1.2516390e-01	 -1.2980404e-01
ACATGA	 -3.0474102e+00	  4.7351710e-02	 -2.6244730e-02
ACATGC	  2.1234182e-01	  5.7813423e-03	  5.4106753e-02
ACATGG	  1.6117285e-01	  1.2955654e-01	  7.6856971e-02
ACATGT	 -4.1725613e-02	 -2.4118793e-01	 -1.2061276e-01
ACATTA	 -1.9871452e-01	  2.1521823e-02	 -2.6240247e-01
ACATTC	  2.6679257e-01	  1.6433564e-01	  3.0924651e-01
ACATTG	  2.2533335e-01	  3.3316693e-01	 -1.7189765e-01
ACATTT	 -2.4504909e-01	 -4.6336699e-01	 -2.8676065e-02
ACCAAA	 -3.6678731e-01	 -7.0520677e-02	 -2.3743942e-02
ACCAAC	  7.2034866e-02	  1.3505650e-01	  1.3092867e-01
ACCAAG	  3.3216450e-01	  1.1086870e-01	 -6.7416534e-02
ACCAAT	 -4.1394863e-02	 -1.6301854e-01	 -6.0414486e-02
ACCACA	 -1.4526351e-01	  3.6931261e-02	 -1.3007174e-01
ACCACC	  1.2173273e-01	 -2.8435662e-02	  1.9452725e-01
ACCACG	  1.3179295e-01	  1.7781021e-01	 -1.3709942e-01
ACCACT	 -1.4876640e-01	 -1.7790559e-01	 -1.3278137e-01
ACCAGA	 -4.5253068e-01	 -4.3177647e-03	  8.3519414e-02
ACCAGC	  2.5395066e-01	  9.3569301e-02	  4.6626706e-02
ACCAGG	 -1.8694216e-01	  1.8721159e-01	 -1.6084120e-02
ACCAGT	 -6.4401855e-03	 -3.6041629e-01	 -1.3268252e-01
ACCATA	 -2.9010195e-01	 -2.9749551e-01	 -3.5881412e-01
ACCATC	  1.4032702e-01	  2.7957490e-01	  3.0121338e-01
ACCATG	  1.6405140e-01	  2.1370932e-01	 -2.1951592e-01
ACCATT	 -8.3639294e-02	 -4.1440490e-01	 -4.8030537e-02
ACCCAA	 -1.7263743e-01	 -6.4456858e-02	  2.9762827e-02
ACCCAC	 -6.3118309e-02	  1.5109975e-02	  2.3671614e-02
ACCCAG	  3.4174612e-01	  1.4325009e-01	 -1.1519511e-01
ACCCAT	 -2.0178384e-01	 -8.1798561e-02	  1.2176191e-02
ACCCCA	 -9.1599107e-02	  1.6620018e-01	  7.3985323e-02
ACCCCC	  3.9503764e-02	 -3.5916793e-01	 -1.7612791e-01
ACCCCG	  2.9862243e-01	  1.2850329e-01	 -3.2630935e-02
ACCCCT	 -3.3651724e-01	 -1.4652660e-01	  6.2971681e-02
ACCCGA	 -2.2524515e-01	 -1.1753759e-01	  9.4094954e-02
ACCCGC	  1.9194095e-01	  1.9466991e-02	 -1.3934851e-01
ACCCGG	 -2.3388905e-02	  2.2875541e-01	  4.1276947e-02
ACCCGT	 -2.9489629e-02	 -1.8086568e-01	 -3.9175645e-02
ACCCTA	 -1.8528885e-01	  1.1175597e-01	  4.0749870e-02
ACCCTC	 -6.8383008e-02	 -3.7974329e-03	  1.4218733e-01
ACCCTG	  3.5989618e-01	  1.4028193e-01	 -1.5701793e-01
ACCCTT	 -4.0791893e-01	 -2.3787226e-01	 -5.1417083e-02
ACCGAA	 -1.9085656e-01	 -1.3642091e-01	  5.6498248e-02
ACCGAC	  5.9326366e-03	  2.2034790e-01	  5.6111105e-02
ACCGAG	  1.4480703e-01	 -6.1614186e-02	 -2.5932014e-01
ACCGAT	  5.3345010e-02	  1.0954419e-02	  6.1319370e-02
ACCGCA	 -3.6710888e-01	  6.0934030e-02	 -1.1133919e-01
ACCGCC	  2.5076994e-01	 -1.9094776e-01	  1.5626881e-01
ACCGCG	 -1.5774816e-01	  2.7149075e-01	 -1.2227188e-01
ACCGCT	 -5.4146659e-02	 -1.0381222e-01	 -6.8146311e-02
ACCGGA	 -6.4671421e-03	 -6.4495839e-02	  1.2490046e-01
ACCGGC	  1.4021525e-01	 -5.4991720e-03	 -8.9225963e-02
ACCGGG	 -3.8567406e-01	  2.5732639e-01	 -2.7908241e-02
ACCGGT	  1.1659943e-02	 -3.6451480e-01	 -9.5439076e-02
ACCGTA	 -2.6796418e-01	 -1.8427354e-01	 -6.6068090e-02
ACCGTC	  9.2845514e-02	  1.9585837e-01	  2.1475276e-01
ACCGTG	  2.2825590e-01	  1.8277356e-01	 -2.1531822e-01
ACCGTT	 -1.6361077e-01	 -2.8050312e-01	 -1.5715586e-02
ACCTAA	 -3.7174094e+00	  6.5818697e-02	 -6.3597716e-02
ACCTAC	  4.3279591e-01	 -2.5372500e-02	  5.6927964e-02
ACCTAG	 -3.3424604e+00	  1.9163112e-01	  6.0770664e-02
ACCTAT	  1.0401902e-01	 -2.3428039e-01	 -1.2602984e-02
ACCTCA	 -2.0225082e-01	  2.5572973e-01	  4.6842050e-02
ACCTCC	  9.8478854e-02	 -3.0328950e-01	  1.5445319e-01
ACCTCG	  2.1283148e-01	 -9.0501972e-02	 -2.1351264e-01
ACCTCT	 -2.8061464e-01	 -6.4178832e-02	 -1.4551398e-01
ACCTGA	 -3.5690074e+00	  2.3338096e-03	  4.2858454e-03
ACCTGC	  2.2924836e-01	  5.0988387e-02	 -3.0047037e-03
ACCTGG	  8.5207157e-02	  1.2974344e-01	  5.0514087e-02
ACCTGT	 -2.4473209e-02	 -3.1313741e-01	 -6.0752783e-02
ACCTTA	 -4.6265298e-01	  2.1645106e-01	 -3.0331579e-01
ACCTTC	  3.2095900e-01	  4.7502100e-02	  3.1711295e-01
ACCTTG	 -2.2063971e-02	 -4.8576728e-03	 -2.4814869e-01
ACCTTT	 -1.4145473e-01	 -2.3280725e-01	 -5.2255247e-02
ACGAAA	 -2.9006463e-01	 -1.2911665e-01	  1.2848522e-02
ACGAAC	  1.5661991e-01	  1.5860707e-01	  2.6776262e-02
ACGAAG	  1.7229627e-01	  1.9603735e-01	 -3.1610165e-02
ACGAAT	  4.6932857e-02	 -1.8935086e-01	 -1.9569742e-02
ACGACA	 -1.1111449e-01	  1.8096929e-02	 -1.2590156e-01
ACGACC	  1.5025519e-01	 -1.7187405e-01	  1.5286307e-01
ACGACG	  1.2023252e-01	  1.4221820e-01	 -9.5400494e-03
ACGACT	 -1.9525109e-01	 -9.1353014e-02	  5.9528085e-03
ACGAGA	 -2.4421291e-01	 -1.9354111e-02	  9.6919291e-02
ACGAGC	  2.3391007e-01	 -5.8836147e-02	  5.1924684e-03
ACGAGG	 -1.5680510e-01	  2.0567866e-01	 -6.4972892e-02
ACGAGT	  6.5223444e-03	 -2.2887142e-01	 -6.7007616e-02
ACGATA	 -9.9111483e-02	 -1.3583615e-01	 -1.8327755e-01
ACGATC	  1.4196342e-01	  1.1646739e-01	  2.3923430e-01
ACGATG	  6.4822815e-02	  2.2061263e-01	 -3.0603147e-01
ACGATT	 -1.2177984e-01	 -3.6183941e-01	  7.1601368e-02
ACGCAA	 -1.1048342e-01	 -9.3822494e-02	  1.2474708e-01
ACGCAC	 -2.7395442e-02	  2.1569931e-03	 -7.9075254e-02
ACGCAG	  2.4250558e-01	  1.7211446e-01	 -1.0520945e-01
ACGCAT	 -2.2786652e-01	 -1.2893614e-01	 -8.0406317e-04
ACGCCA	 -1.6074102e-01	  6.2105991e-02	  8.0441855e-02
ACGCCC	  1.6569665e-01	 -1.4822225e-01	 -3.1239772e-01
ACGCCG	  1.2086549e-01	  7.3553286e-02	 -1.6469069e-02
ACGCCT	 -3.2058385e-01	 -2.2778192e-03	  1.6681948e-01
ACGCGA	 -1.4078847e-01	 -2.0313632e-01	  1.9590600e-01
ACGCGC	  1.8086983e-01	 -5.3001195e-02	 -2.6585001e-01
ACGCGG	 -4.4290066e-02	  3.0741253e-01	 -2.3041200e-02
ACGCGT	 -4.7730580e-02	 -2.3015322e-01	 -9.4686411e-02
ACGCTA	 -1.6491710e-01	  3.6360364e-02	  1.3259862e-01
ACGCTC	 -2.9085938e-02	  7.6867118e-02	  6.8351127e-02
ACGCTG	  2.8489962e-01	  1.0874681e-01	 -1.7199923e-01
ACGCTT	 -4.8399127e-01	 -2.6745823e-01	  5.0241483e-04
ACGGAA	 -2.5603557e-01	 -1.4684829e-01	  4.0926453e-02
ACGGAC	  4.1338425e-02	  9.5826171e-02	 -1.2614965e-01
ACGGAG	  2.0589569e-01	  1.6720711e-01	 -7.1655497e-02
ACGGAT	  2.0144103e-02	 -9.3672447e-02	  7.9125822e-02
ACGGCA	 -2.5353217e-01	  6.8169788e-02	  1.9099083e-02
ACGGCC	  2.5372595e-01	 -1.6972986e-01	 -7.0177794e-02
ACGGCG	  5.6700576e-02	  1.1139374e-01	  2.5957290e-02
ACGGCT	 -1.3043064e-01	 -1.3498032e-01	  3.9950330e-03
ACGGGA	 -2.3583366e-01	 -2.4219839e-01	  3.9312705e-02
ACGGGC	  3.2416630e-01	  1.7240298e-01	  6.0250562e-02
ACGGGG	 -3.8910872e-01	  2.6642022e-01	 -1.5310720e-01
ACGGGT	  1.0935868e-01	 -1.9282518e-01	 -5.5692777e-02
ACGGTA	 -3.8635969e-01	 -1.5291470e-01	 -8.2652986e-02
ACGGTC	  1.1471052e-02	  1.2753026e-01	  1.3182364e-01
ACGGTG	  2.6969707e-01	  1.4353749e-01	 -2.2240789e-01
ACGGTT	 -2.2409059e-01	 -2.1580188e-01	  1.0745561e-01
ACGTAA	 -3.2131975e+00	  4.3581784e-02	  8.9081332e-02
ACGTAC	  4.8096529e-01	  1.9483080e-02	 -5.2870192e-02
ACGTAG	 -3.0116556e+00	  1.2760219e-01	 -2.6925465e-02
ACGTAT	  9.1834992e-02	 -1.9063608e-01	 -5.1636882e-02
ACGTCA	 -2.3359315e-01	  8.6379446e-02	 -8.3124027e-02
ACGTCC	  2.0213440e-01	 -3.1998601e-02	  4.1995045e-02
ACGTCG	  1.6514026e-01	 -7.3936574e-02	  6.3673548e-02
ACGTCT	 -3.0054328e-01	 -1.6770059e-02	 -1.9844275e-02
ACGTGA	 -3.0878880e+00	  2.3485883e-03	  1.3545330e-01
ACGTGC	  2.5999758e-01	 -3.6685631e-02	 -7.1876436e-02
ACGTGG	  1.4155518e-01	  2.1608788e-01	  3.7417632e-02
ACGTGT	 -1.3387251e-01	 -3.4179664e-01	 -1.3148788e-01
ACGTTA	 -2.6775020e-01	  9.0752214e-02	 -1.2518476e-01
ACGTTC	  2.5257722e-01	  1.5291305e-01	  1.9543366e-01
ACGTTG	  1.4023867e-01	  4.9282644e-02	 -1.7457654e-01
ACGTTT	 -2.4332505e-01	 -2.3013452e-01	  1.7002907e-02
ACTAAA	 -1.8218526e-01	 -1.8058161e-01	  1.7120531e-02
ACTAAC	  8.3663002e-02	  1.5660442e-01	  9.7329251e-02
ACTAAG	  2.8638756e-01	  1.9762433e-01	 -6.2442352e-03
ACTAAT	 -9.2534423e-02	 -6.1727922e-02	 -9.5262326e-02
ACTACA	 -3.5655662e-02	 -1.0894072e-02	 -7.5601362e-02
ACTACC	  1.0584988e-01	 -3.8932223e-02	  1.3372324e-01
ACTACG	  3.1214453e-02	  2.2708559e-01	 -1.3651762e-02
ACTACT	 -6.4410314e-02	 -1.8455955e-01	 -1.4338765e-02
ACTAGA	 -1.6847022e-01	 -1.1391373e-01	  1.1470583e-01
ACTAGC	  1.8748511e-01	 -6.4915516e-03	 -2.1130266e-03
ACTAGG	 -1.9420385e-01	  1.7211975e-01	 -7.3152930e-02
ACTAGT	  4.5785468e-02	 -5.2826041e-03	 -1.4284295e-01
ACTATA	 -2.1262383e-01	 -1.5732436e-01	 -3.6006680e-01
ACTATC	  9.5457852e-02	  2.0834956e-01	  3.4317714e-01
ACTATG	  1.7627171e-01	  2.9450053e-01	 -1.6419479e-01
ACTATT	 -3.4131706e-02	 -3.7234679e-01	 -3.3133531e-03
ACTCAA	 -7.2455928e-02	 -6.4097516e-02	  1.0364842e-01
ACTCAC	 -2.2192520e-01	  4.5620177e-02	 -8.5433938e-02
ACTCAG	  3.7004817e-01	  1.4054157e-01	 -1.3607075e-02
ACTCAT	 -2.0444751e-01	 -1.0310973e-01	 -7.8113846e-02
ACTCCA	 -1.1316763e-01	  5.8308546e-02	  6.7641772e-02
ACTCCC	  1.2765731e-01	 -8.6403586e-02	 -3.5870266e-01
ACTCCG	  1.4301494e-01	  8.4310144e-02	 -3.8051765e-02
ACTCCT	 -1.3752663e-01	 -1.0704632e-01	  1.0889325e-01
ACTCGA	 -1.4809626e-01	 -8.0570601e-02	  2.1389222e-01
ACTCGC	  2.0355512e-01	  1.4108074e-01	 -1.7035094e-01
ACTCGG	 -2.4257921e-01	  7.4833691e-02	 -1.5863228e-01
ACTCGT	  1.1672200e-01	 -2.3205294e-01	 -7.3710166e-02
ACTCTA	 -1.1277694e-01	 -1.6371349e-02	 -8.2134772e-03
ACTCTC	 -1.5642081e-01	  4.1498061e-02	  7.7047862e-02
ACTCTG	  3.0926490e-01	  1.8632926e-01	 -1.7199576e-01
ACTCTT	 -3.0850902e-01	 -2.9502448e-01	  6.0731415e-02
ACTGAA	 -6.0275756e-02	 -1.6255417e-01	  1.1616950e-02
ACTGAC	 -1.5574804e-01	  9.1650449e-02	 -1.0198021e-02
ACTGAG	  2.1262114e-01	  1.2837376e-01	 -5.6483217e-02
ACTGAT	 -1.6751952e-02	  3.4027542e-03	  2.9656895e-02
ACTGCA	 -1.5848811e-01	  7.1874894e-03	  5.2629053e-03
ACTGCC	  2.5288394e-01	 -2.6549960e-02	 -4.6349885e-03
ACTGCG	 -1.1002360e-01	  1.7945491e-01	  8.4095299e-03
ACTGCT	 -7.7072352e-02	 -1.7592695e-01	 -8.9482060e-03
ACTGGA	  9.2442311e-02	  4.0871464e-02	  2.1364497e-01
ACTGGC	  1.3071772e-01	  5.6331637e-03	 -5.2697551e-02
ACTGGG	 -3.1583077e-01	  1.2085722e-01	 -5.5866256e-02
ACTGGT	 -9.9590011e-02	 -1.8929365e-01	 -2.2910418e-01
ACTGTA	 -2.2185178e-01	 -2.5407335e-01	 -7.4963272e-02
ACTGTC	  1.9909615e-02	  2.0248410e-01	  1.5155828e-01
ACTGTG	  2.0058434e-01	  2.0623711e-01	 -1.0237428e-01
ACTGTT	 -1.1240921e-01	 -3.5279092e-01	  1.0250023e-02
ACTTAA	 -3.1766486e+00	  1.3663520e-02	  1.9774096e-02
ACTTAC	  4.6475193e-01	  4.3798734e-02	  1.7548347e-02
ACTTAG	 -2.7434173e+00	  2.1283530e-01	  3.9447557e-02
ACTTAT	  2.0667343e-01	 -2.4879435e-01	 -6.5485738e-02
ACTTCA	 -1.3745125e-01	  2.7815230e-02	 -1.6174924e-02
ACTTCC	  1.1013262e-01	  1.9186864e-02	  9.0323977e-02
ACTTCG	  1.8903385e-01	  8.9387558e-02	 -6.5887295e-02
ACTTCT	 -1.7301431e-01	 -1.3825941e-01	 -2.3780225e-02
ACTTGA	 -3.2001200e+00	 -5.9975792e-02	  1.0648933e-01
ACTTGC	  2.8472033e-01	  3.6270697e-02	 -7.9843186e-02
ACTTGG	  5.4920726e-02	  1.9411485e-01	  2.3879334e-02
ACTTGT	  4.0384468e-02	 -3.4620100e-01	 -1.0174616e-01
ACTTTA	 -1.6425589e-01	  5.3280856e-02	 -2.1051091e-01
ACTTTC	  9.9641509e-02	 -2.5659900e-02	  2.3670003e-01
ACTTTG	  2.8281027e-01	  3.2063240e-01	 -1.5517527e-01
ACTTTT	 -2.7464864e-01	 -4.7635579e-01	  1.2138433e-02
AGAAAA	 -2.3480694e-01	 -1.3308351e-01	 -4.4589374e-02
AGAAAC	  1.3803005e-01	  3.0138129e-01	  1.6953498e-01
AGAAAG	  2.5903192e-01	  4.8957888e-02	 -2.0576056e-02
AGAAAT	 -5.9663225e-02	 -1.5964393e-01	 -5.7765897e-02
AGAACA	 -2.4635731e-01	 -9.2228996e-03	 -7.7517971e-02
AGAACC	  2.1932115e-01	  2.3611847e-02	  1.4755982e-01
AGAACG	  5.9951409e-03	  1.4950405e-01	 -5.4043218e-02
AGAACT	  2.4360808e-02	 -1.4197671e-01	  6.9117459e-04
AGAAGA	 -1.2661788e-01	 -6.9543548e-02	  1.2538312e-01
AGAAGC	  8.8526472e-02	  8.0856904e-02	  2.2915961e-02
AGAAGG	  4.2793863e-03	  1.5020569e-01	 -2.4847674e-01
AGAAGT	  4.9285047e-02	 -1.9980721e-01	 -6.0667876e-02
AGAATA	 -1.6975550e-01	 -1.9516037e-01	 -2.9502827e-01
AGAATC	  1.8036151e-01	  2.9185095e-01	  3.3548257e-01
AGAATG	  1.2748922e-01	  2.0322214e-01	 -1.6422023e-01
AGAATT	 -1.2491123e-01	 -4.5510060e-01	 -1.2539646e-02
AGACAA	 -1.0582472e-01	 -1.1883226e-01	  4.1427474e-02
AGACAC	 -3.6965933e-02	  1.7498045e-01	  1.7819533e-03
AGACAG	  2.1384653e-01	  3.7821084e-02	 -1.8019210e-01
AGACAT	 -9.8621562e-02	 -7.0486270e-02	  6.7083612e-02
AGACCA	 -1.4035517e-01	  5.5426240e-02	 -1.3985423e-02
AGACCC	  1.4590272e-01	 -1.1121958e-01	 -1.2178433e-01
AGACCG	  5.2316017e-03	  2.4605191e-03	 -1.1449023e-01
AGACCT	  1.1620125e-02	  3.6738920e-03	  1.9117212e-01
AGACGA	 -1.7769735e-01	 -1.4516991e-01	  2.1984008e-01
AGACGC	  2.0832744e-01	  1.1845272e-01	 -1.7974414e-01
AGACGG	 -2.7579108e-01	  1.4990143e-01	 -2.4839583e-01
AGACGT	  1.3981879e-01	 -2.7981645e-01	 -4.5153055e-02
AGACTA	 -1.3631739e-01	 -2.1605330e-02	 -3.0503307e-02
AGACTC	 -1.0774651e-01	  8.6761139e-02	  1.1476283e-01
AGACTG	  2.7671877e-01	  1.6295964e-01	 -2.7897820e-01
AGACTT	 -1.8610741e-01	 -2.5606766e-01	  7.7556036e-02
AGAGAA	 -1.1836569e-01	 -4.8190046e-02	  8.6194009e-02
AGAGAC	  1.0975280e-01	  2.0507778e-01	  9.2486739e-02
AGAGAG	 -6.5506719e-02	 -1.3532788e-01	 -3.4742635e-01
AGAGAT	  1.2651432e-01	  4.0711831e-02	  9.2064694e-02
AGAGCA	 -2.1302253e-01	  4.7087338e-02	 -1.7503466e-02
AGAGCC	  2.7106690e-01	 -5.9421845e-02	  1.6560948e-02
AGAGCG	 -1.5700594e-01	  5.4409187e-02	 -7.0739791e-02
AGAGCT	  3.2581374e-02	 -8.0176175e-02	  6.3536845e-02
AGAGGA	  5.8271334e-02	  7.9247437e-04	  1.8705899e-01
AGAGGC	  9.3721613e-02	  4.1286975e-02	 -4.6630967e-02
AGAGGG	 -4.7926113e-01	  1.3956733e-01	 -2.6240972e-01
AGAGGT	  9.7937360e-02	 -3.7027258e-01	 -1.1614294e-01
AGAGTA	 -1.3232295e-01	 -1.8415004e-01	 -1.5427598e-01
AGAGTC	 -2.4735596e-02	  2.5584608e-01	  1.5517254e-01
AGAGTG	  1.4325747e-01	  7.9470403e-02	 -1.7700131e-01
AGAGTT	 -4.9400050e-02	 -2.3504727e-01	  9.0521820e-02
AGATAA	 -2.9591451e+00	 -4.0744480e-02	  3.9582651e-02
AGATAC	  3.7411985e-01	  1.2208690e-01	 -1.0627338e-02
AGATAG	 -2.6937590e+00	  1.1443207e-01	 -3.1181134e-02
AGATAT	  1.8466888e-01	 -1.6208708e-01	 -1.7620366e-02
AGATCA	 -1.9966583e-01	  7.4678570e-02	 -4.4530001e-02
AGATCC	  1.9339339e-01	 -4.3514132e-02	  9.5584825e-02
AGATCG	  8.2899995e-02	  6.7782812e-02	 -7.2799243e-02
AGATCT	 -1.6145512e-01	 -1.3855694e-01	  8.4293336e-03
AGATGA	 -2.8749015e+00	 -3.5771965e-03	  1.3152659e-01
AGATGC	  2.1288031e-01	  1.1112435e-01	  1.2097451e-02
AGATGG	  1.2626940e-01	  2.2360358e-02	 -1.1745825e-01
AGATGT	  4.4800520e-02	 -1.8238574e-01	 -7.8889951e-02
AGATTA	 -1.9742633e-01	  2.9810781e-02	 -1.9900943e-01
AGATTC	  2.2410509e-01	  1.4936040e-01	  1.7427278e-01
AGATTG	  1.5941253e-01	  2.1258917e-01	 -1.5907790e-01
AGATTT	 -2.2821277e-01	 -4.2054021e-01	  4.8086122e-02
AGCAAA	 -3.9654598e-01	 -2.2111730e-01	 -1.4633769e-01
AGCAAC	  1.4380176e-01	  3.3057594e-01	  2.3833419e-01
AGCAAG	  2.6325500e-01	 -6.5566055e-02	 -7.4518941e-02
AGCAAT	 -5.4998533e-03	 -2.3812640e-01	 -8.5670695e-02
AGCACA	 -2.3603344e-01	 -1.7788993e-02	 -1.7380421e-01
AGCACC	  2.9211053e-01	  3.9100170e-02	  3.1508270e-01
AGCACG	  7.9255722e-02	  1.7157757e-01	 -1.4730893e-01
AGCACT	 -1.8890904e-01	 -1.6179599e-01	 -1.3094161e-01
AGCAGA	 -7.1887136e-01	 -1.4798991e-01	 -1.5835853e-01
AGCAGC	  1.9409752e-01	  1.1499476e-01	  1.3063456e-01
AGCAGG	 -5.1546437e-01	  5.1334631e-02	 -7.0521161e-02
AGCAGT	  1.6437376e-01	 -2.5921512e-01	 -1.2768389e-01
AGCATA	 -2.3955539e-01	 -2.3751378e-01	 -4.2514747e-01
AGCATC	  1.7726569e-01	  3.1191939e-01	  3.9552045e-01
AGCATG	  1.8192133e-01	  1.6317488e-01	 -3.2932907e-01
AGCATT	 -1.3913223e-01	 -3.6695355e-01	 -9.7581714e-02
AGCCAA	 -2.2078136e-01	 -1.3651344e-01	  4.2499085e-03
AGCCAC	  2.3982668e-02	  1.7822324e-01	  1.0437833e-01
AGCCAG	  2.8066865e-01	  9.0380445e-02	 -1.3394453e-01
AGCCAT	 -2.2926491e-01	 -1.7771956e-01	 -1.1560775e-03
AGCCCA	 -1.9154988e-01	  6.4409062e-02	 -1.1760999e-02
AGCCCC	  2.4018545e-01	 -1.8744364e-01	 -1.8340631e-01
AGCCCG	  9.4944201e-02	  1.1872860e-01	 -7.0365474e-02
AGCCCT	 -2.2664471e-01	 -1.0667783e-01	  2.0250082e-01
AGCCGA	 -2.0307578e-01	 -2.0477168e-01	  1.4913123e-02
AGCCGC	  1.3870919e-01	  1.0075242e-01	  7.1907486e-03
AGCCGG	  3.6635868e-02	  1.7414117e-01	 -2.2893993e-03
AGCCGT	 -4.9225189e-02	 -2.5242582e-01	 -3.4881335e-02
AGCCTA	 -1.7568304e-01	  5.5741187e-02	 -4.3698762e-02
AGCCTC	 -1.1684518e-01	  4.8530348e-02	  1.4096995e-01
AGCCTG	  3.2871056e-01	  1.1824098e-01	 -1.4600030e-01
AGCCTT	 -3.7474373e-01	 -2.5432858e-01	 -3.1530253e-05
AGCGAA	 -2.3468333e-01	 -1.4102042e-01	 -5.1468164e-03
AGCGAC	  3.2769516e-02	  2.4637082e-01	  1.2491335e-01
AGCGAG	  1.4392716e-01	 -2.4165437e-02	 -1.8305248e-01
AGCGAT	  7.2394446e-02	 -7.6828122e-02	  3.0413952e-02
AGCGCA	 -3.5296378e-01	  7.2142348e-02	 -9.4163150e-02
AGCGCC	  3.4952986e-01	 -7.7885188e-02	  1.5318684e-01
AGCGCG	 -2.0649455e-01	  1.2946756e-01	 -9.5310941e-02
AGCGCT	 -1.3318001e-01	 -1.6107285e-01	 -1.6566489e-02
AGCGGA	 -5.5428915e-02	 -1.4985642e-01	 -7.0141503e-03
AGCGGC	  1.4412533e-01	 -1.3650986e-02	  7.4618749e-02
AGCGGG	 -3.6525273e-01	  2.5380230e-01	 -5.0839167e-02
AGCGGT	  6.6336267e-02	 -1.9932862e-01	 -7.9707108e-02
AGCGTA	 -2.4339867e-01	 -1.4279553e-01	 -1.6687548e-01
AGCGTC	  3.6619876e-02	  2.3661137e-01	  2.6924217e-01
AGCGTG	  2.0431662e-01	  3.5095468e-02	 -3.0272263e-01
AGCGTT	 -1.2410890e-01	 -1.9104727e-01	  1.5978286e-02
AGCTAA	 -3.7355571e+00	  4.7526460e-02	 -2.8450700e-02
AGCTAC	  4.6167904e-01	  5.7870723e-02	  7.6490901e-02
AGCTAG	 -3.4193931e+00	  2.7063552e-02	  3.0516900e-02
AGCTAT	  1.8039913e-01	 -1.5571870e-01	 -5.0055552e-02
AGCTCA	 -2.4581124e-01	  1.2385770e-01	 -1.2193588e-01
AGCTCC	  2.1651278e-01	 -1.4392571e-01	  1.8735667e-01
AGCTCG	  9.9320322e-02	 -9.3064576e-02	 -1.8815359e-01
AGCTCT	 -2.4200642e-01	  3.6321938e-02	 -6.1935023e-03
AGCTGA	 -3.4851279e+00	 -8.3901817e-03	 -9.4101839e-02
AGCTGC	  1.8690179e-01	  2.6605861e-02	  7.9566412e-02
AGCTGG	  7.7685207e-02	  1.2329186e-01	  2.8328987e-02
AGCTGT	  3.6519844e-02	 -2.6502016e-01	 -7.7373236e-02
AGCTTA	 -4.1820574e-01	  9.0566710e-02	 -3.1345430e-01
AGCTTC	  2.9495767e-01	  1.7310996e-01	  2.5081000e-01
AGCTTG	  3.7373073e-02	 -3.4354631e-02	 -2.2060786e-01
AGCTTT	 -1.1618464e-01	 -2.2952366e-01	  4.6142168e-02
AGGAAA	 -2.8242883e-01	 -1.3208996e-01	 -9.1632858e-02
AGGAAC	  1.7687273e-01	  1.9892463e-01	  1.9247645e-01
AGGAAG	  1.6945764e-01	  1.3133959e-01	 -3.0517580e-02
AGGAAT	  2.0972818e-02	 -1.4783187e-01	 -3.6348293e-03
AGGACA	 -1.5392417e-01	  9.8899566e-03	 -1.0028666e-01
AGGACC	  1.8108378e-01	 -2.1120849e-01	  1.9999337e-01
AGGACG	  1.1336230e-01	  1.5865956e-01	 -4.9250849e-02
AGGACT	 -1.3140823e-01	 -4.5018684e-02	 -4.3687653e-02
AGGAGA	 -1.7051253e-01	 -8.0609731e-03	 -1.6033579e-01
AGGAGC	  1.6355839e-01	 -1.3824601e-02	  8.8806503e-02
AGGAGG	 -1.6834128e-01	  1.1117722e-01	  7.9647996e-02
AGGAGT	  6.7402765e-02	 -1.7221496e-01	 -1.0752367e-01
AGGATA	 -1.8744524e-01	 -1.2661327e-01	 -2.8218511e-01
AGGATC	  1.9320071e-01	  1.6877806e-01	  3.2149047e-01
AGGATG	 -9.0475425e-02	  1.3560195e-01	 -3.6241856e-01
AGGATT	  2.4727762e-02	 -3.0716458e-01	  5.3143542e-02
AGGCAA	 -1.6868648e-01	 -1.9915645e-01	 -5.4166261e-03
AGGCAC	  3.2978307e-02	  1.9787705e-01	  4.5372378e-02
AGGCAG	  1.9548784e-01	  9.0156414e-02	 -5.5226356e-02
AGGCAT	 -1.4079835e-01	 -9.9056594e-02	  3.2488860e-02
AGGCCA	 -9.4115660e-02	  2.9281937e-02	 -2.8791448e-02
AGGCCC	  2.0681138e-01	 -6.5278858e-02	 -1.4663707e-01
AGGCCG	  9.6660987e-02	  5.4799676e-02	 -2.3367187e-02
AGGCCT	 -2.2013524e-01	 -7.1678430e-02	  1.6687086e-01
AGGCGA	 -9.0630010e-02	 -2.1931300e-01	  7.1980814e-03
AGGCGC	  1.9113708e-01	  1.1767637e-01	 -1.5372641e-01
AGGCGG	 -1.5283193e-01	  1.8247785e-01	  1.1637371e-01
AGGCGT	  5.8215376e-02	 -3.2491657e-01	 -8.0802388e-02
AGGCTA	 -5.2349031e-02	 -4.9824011e-02	  4.0015642e-02
AGGCTC	 -1.4189900e-02	  1.6657013e-01	  1.4779927e-01
AGGCTG	  1.9634333e-01	  1.1017336e-01	 -1.9103360e-01
AGGCTT	 -2.5870112e-01	 -3.2265976e-01	 -6.3355506e-04
AGGGAA	 -2.2878663e-01	 -1.8114375e-01	  1.4140561e-02
AGGGAC	  3.4771010e-02	  1.8894567e-01	  1.2309025e-01
AGGGAG	  1.7152968e-01	  5.9469506e-02	 -1.9029325e-01
AGGGAT	  5.6487475e-02	  1.1318497e-02	  2.2121456e-02
AGGGCA	 -2.2527401e-01	  4.8427366e-02	  4.7165020e-03
AGGGCC	  2.7694145e-01	 -2.2995026e-01	  1.0943671e-01
AGGGCG	 -4.0569741e-02	  1.3409172e-01	 -9.0081573e-02
AGGGCT	 -2.1985266e-02	 -1.0113705e-01	 -3.0644288e-02
AGGGGA	  3.0554198e-03	 -9.1898002e-02	  1.6076188e-01
AGGGGC	  2.6859677e-01	  1.7872003e-01	  2.4904717e-02
AGGGGG	 -6.3829917e-01	  4.0920563e-02	 -1.1019111e-01
AGGGGT	  2.4094498e-02	 -2.5542715e-01	 -1.8644080e-01
AGGGTA	 -2.7854457e-01	 -2.0091009e-01	 -2.7853596e-01
AGGGTC	  9.5587738e-02	  2.5131202e-01	  3.1851590e-01
AGGGTG	  1.9580011e-01	  1.2518509e-01	 -3.9614812e-01
AGGGTT	 -1.3481143e-01	 -3.1617880e-01	  8.1852406e-02
AGGTAA	 -2.8633993e+00	 -5.1624928e-02	 -4.5597744e-03
AGGTAC	  5.3095913e-01	  1.5053128e-01	  9.4603486e-02
AGGTAG	 -2.6295755e+00	  1.0100421e-01	  2.3135874e-02
AGGTAT	  1.6206424e-01	 -1.4888458e-01	 -7.9687200e-02
AGGTCA	 -3.4554385e-02	  1.2625612e-01	 -6.8210028e-02
AGGTCC	  1.1472972e-01	 -1.3565728e-01	  4.0058132e-02
AGGTCG	  8.3149388e-02	 -7.1160376e-02	  2.1677082e-03
AGGTCT	 -2.2851093e-01	 -2.4553595e-02	  4.1599452e-02
AGGTGA	 -2.7793276e+00	 -6.9462098e-02	 -1.0505446e-01
AGGTGC	  3.2897118e-01	  1.1447102e-01	 -2.4120100e-03
AGGTGG	 -2.3174863e-02	  9.0000987e-02	  1.5422790e-01
AGGTGT	  4.7175772e-02	 -2.5830209e-01	 -1.7816238e-01
AGGTTA	 -2.3058988e-01	  8.6889505e-02	 -1.0999158e-01
AGGTTC	  2.4952282e-01	  1.5932383e-01	  2.9266116e-01
AGGTTG	  8.1222793e-03	  5.1518179e-02	 -3.0070227e-01
AGGTTT	 -1.0279997e-01	 -2.8662556e-01	 -2.7903136e-02
AGTAAA	 -2.6662794e-01	 -1.9283237e-01	 -1.2396030e-02
AGTAAC	  2.2519177e-01	  1.9985937e-01	  2.3908897e-01
AGTAAG	  9.4744451e-02	  1.7840093e-01	 -1.4808182e-01
AGTAAT	  4.4815280e-02	 -5.9471413e-02	 -9.6229680e-02
AGTACA	 -1.1725356e-01	  4.6564855e-02	 -2.0430356e-02
AGTACC	  3.3446500e-01	  9.9519134e-02	  2.7618402e-01
AGTACG	 -1.3152947e-01	 -7.5613372e-02	 -3.0222178e-01
AGTACT	 -3.6587000e-02	 -3.7414204e-02	  8.5227273e-02
AGTAGA	 -4.8497728e-01	 -4.9102161e-02	  7.4963272e-02
AGTAGC	  3.2433194e-01	 -3.6561305e-03	  7.9750344e-02
AGTAGG	 -4.0037534e-01	  1.5165859e-01	 -9.6586980e-02
AGTAGT	  2.1163689e-02	 -6.6920936e-02	 -1.1607151e-01
AGTATA	 -2.2598433e-01	 -2.3452491e-01	 -3.8875335e-01
AGTATC	  1.5336724e-01	  3.1301147e-01	  3.2906291e-01
AGTATG	  6.4648204e-02	  1.7736484e-01	 -2.9082447e-01
AGTATT	 -6.0936884e-04	 -3.3262205e-01	  6.7775413e-02
AGTCAA	 -1.6320322e-01	 -8.0141738e-02	 -5.5155833e-03
AGTCAC	  6.9060713e-02	  2.2006348e-01	  1.5789837e-01
AGTCAG	  2.3569581e-01	  6.3057947e-03	 -1.2349683e-01
AGTCAT	 -1.9457990e-01	 -1.3349822e-01	 -3.3794351e-02
AGTCCA	 -1.9210203e-01	  7.7019505e-02	  6.1963096e-02
AGTCCC	  2.1495344e-01	 -6.3370369e-02	 -2.2252904e-01
AGTCCG	  1.5736923e-01	  5.6269769e-02	 -2.1180822e-01
AGTCCT	 -2.2748397e-01	 -1.2374707e-01	  1.5660577e-01
AGTCGA	 -1.9956852e-01	 -1.7787865e-01	  1.1288027e-01
AGTCGC	  2.6151904e-01	  1.5684450e-01	 -1.2004698e-01
AGTCGG	 -1.5481301e-01	  1.3455524e-01	 -3.9349850e-02
AGTCGT	 -6.1861441e-02	 -2.5924802e-01	 -2.2758964e-02
AGTCTA	 -1.7938748e-01	  1.0013672e-02	 -2.7554051e-03
AGTCTC	 -1.0561847e-02	  9.2294484e-02	  1.3485812e-01
AGTCTG	  2.6430336e-01	  1.2080098e-01	 -1.9789572e-01
AGTCTT	 -3.1696540e-01	 -2.5922695e-01	  4.6333272e-02
AGTGAA	 -1.9253367e-01	 -1.6659054e-01	 -6.4772770e-02
AGTGAC	  4.8442464e-02	  1.3969664e-01	  1.6757740e-01
AGTGAG	  9.4493173e-02	  6.3315846e-02	 -1.6834418e-01
AGTGAT	  9.4731800e-02	  2.5406884e-02	  5.9992760e-02
AGTGCA	 -2.6234332e-01	 -4.0584948e-02	 -1.2444808e-01
AGTGCC	  2.9912412e-01	  2.4854558e-02	  1.1948168e-01
AGTGCG	 -5.5920281e-02	  1.6446842e-01	  9.1223912e-03
AGTGCT	 -1.0189771e-01	 -1.4980140e-01	  1.3322392e-02
AGTGGA	  5.0089308e-03	  1.9767417e-02	  8.3542481e-02
AGTGGC	  1.6806683e-01	  1.3549021e-02	 -1.1056389e-02
AGTGGG	 -3.8554621e-01	 -8.5759601e-03	 -8.7649874e-02
AGTGGT	  1.5027764e-02	 -3.8727250e-02	 -1.8965594e-02
AGTGTA	 -2.1236320e-01	 -2.0061643e-01	 -2.3005718e-01
AGTGTC	  8.9007869e-02	  3.1556478e-01	  2.6944098e-01
AGTGTG	  1.4942876e-01	  5.6617416e-02	 -1.5982689e-01
AGTGTT	 -1.3918830e-01	 -3.6250433e-01	  2.7273936e-02
AGTTAA	 -3.1433191e+00	  5.9156533e-02	 -3.2949705e-02
AGTTAC	  5.2792197e-01	  1.5603825e-01	  1.8854640e-01
AGTTAG	 -2.8372085e+00	  8.0754392e-02	 -7.6434411e-02
AGTTAT	  1.4282723e-01	 -3.0841470e-01	 -5.6545310e-02
AGTTCA	 -2.3528966e-01	 -6.2666102e-03	 -6.1032347e-02
AGTTCC	  2.3131146e-01	  5.5985015e-02	  2.0337836e-01
AGTTCG	  1.6542432e-01	  7.0033886e-02	 -1.3366124e-01
AGTTCT	 -3.1474069e-01	 -1.2152770e-01	 -7.1426287e-02
AGTTGA	 -3.2058291e+00	 -7.1591392e-02	  7.4732006e-02
AGTTGC	  2.0109226e-01	  8.8645071e-02	 -3.8081661e-02
AGTTGG	  5.0416693e-02	  1.5101437e-01	 -1.5252469e-02
AGTTGT	  1.0013660e-01	 -3.1219524e-01	 -2.9080067e-02
AGTTTA	 -2.3351254e-01	  6.2486980e-02	 -1.6576530e-01
AGTTTC	  1.7573579e-01	  8.4937438e-02	  2.0512322e-01
AGTTTG	  2.3532373e-01	  2.5791001e-01	 -7.4889325e-02
AGTTTT	 -2.4647203e-01	 -4.5318967e-01	 -2.3262002e-02
ATAAAA	 -2.6639304e-01	 -2.8126564e-02	 -1.7492159e-01
ATAAAC	  2.2395344e-01	  1.9228899e-01	  2.2499214e-01
ATAAAG	  3.4806898e-01	  1.8931004e-01	  2.7914062e-01
ATAAAT	 -1.3193937e-01	 -2.0756873e-01	 -1.4066973e-01
ATAACA	 -2.1383302e-01	  3.3392422e-02	 -1.6353834e-01
ATAACC	  3.2627362e-01	 -7.1918932e-03	  1.4906089e-01
ATAACG	  1.8441088e-01	  1.6169652e-01	  2.1583919e-01
ATAACT	 -2.5861245e-01	 -1.6090792e-01	 -8.8099673e-02
ATAAGA	 -2.3204403e-01	 -3.3857450e-02	 -5.9402641e-02
ATAAGC	  1.7522062e-01	  5.7763096e-02	  2.6069018e-03
ATAAGG	  2.4825122e-02	  2.1777257e-01	  1.5024830e-01
ATAAGT	 -2.3651402e-02	 -2.5809762e-01	 -6.1402701e-02
ATAATA	 -3.3697858e-01	 -8.0703653e-02	 -1.3321508e-01
ATAATC	  3.1092247e-01	  2.9368067e-01	  2.7173525e-01
ATAATG	  3.1376839e-01	  2.6912120e-01	  1.6627792e-01
ATAATT	 -2.1124204e-01	 -4.1128430e-01	 -1.5357748e-01
ATACAA	 -1.0534611e-01	  2.3510600e-03	  8.6711876e-02
ATACAC	  1.5571058e-01	  1.3741153e-01	  1.0748556e-01
ATACAG	  3.8973048e-01	  2.5461948e-01	 -3.7925873e-02
ATACAT	 -4.5689458e-01	 -3.3848873e-01	 -1.6312724e-01
ATACCA	 -1.4286295e-01	  6.9591329e-02	  5.6918561e-02
ATACCC	  1.8660736e-01	 -1.6143419e-01	 -2.8778636e-01
ATACCG	  2.0801696e-01	  1.8792185e-01	  1.0588136e-01
ATACCT	 -3.6159533e-01	 -1.3195172e-01	  5.4542493e-02
ATACGA	 -2.1548225e-01	 -1.4764397e-01	  1.8483923e-01
ATACGC	  2.3914714e-01	  3.3330332e-02	 -1.3538688e-01
ATACGG	 -1.7363479e-02	  3.1520572e-01	  2.6800502e-02
ATACGT	 -9.9678025e-02	 -3.5504872e-01	 -2.6072717e-01
ATACTA	 -2.7563596e-01	 -6.1063215e-02	 -2.4889619e-03
ATACTC	  1.6283327e-01	  1.2916762e-01	  8.5639790e-02
ATACTG	  3.5694650e-01	  2.1845664e-01	 -4.0690064e-02
ATACTT	 -4.0357411e-01	 -2.4859746e-01	 -3.0979205e-02
ATAGAA	 -1.7222323e-01	 -1.5073427e-04	 -1.6340286e-01
ATAGAC	  1.4060146e-01	  1.2201115e-01	  1.9060282e-01
ATAGAG	  2.1736643e-01	  1.2486804e-01	  1.6649255e-01
ATAGAT	 -8.3259083e-02	 -1.9248763e-01	 -8.5242875e-02
ATAGCA	 -2.7146393e-01	  7.6237522e-02	 -1.0556927e-01
ATAGCC	  2.9942262e-01	 -1.0388613e-01	  2.3078784e-02
ATAGCG	  3.2199465e-02	  1.6385700e-01	  2.1530119e-01
ATAGCT	 -1.7961714e-01	 -1.4021912e-01	 -6.7244180e-02
ATAGGA	  5.5590034e-02	  2.5238877e-02	 -6.1657622e-02
ATAGGC	  2.0413475e-01	  3.7627000e-02	  3.4846321e-02
ATAGGG	 -3.3534545e-01	  1.8382038e-01	  8.5335121e-02
ATAGGT	 -1.2149859e-01	 -3.2862324e-01	 -4.2555537e-02
ATAGTA	 -2.7038899e-01	 -9.7515546e-02	  9.0153078e-03
ATAGTC	  1.2612681e-01	  1.8652184e-01	  1.4941345e-01
ATAGTG	  3.3459544e-01	  2.2464229e-01	  1.1562374e-01
ATAGTT	 -2.4900900e-01	 -2.6321650e-01	 -1.8903574e-01
ATATAA	 -3.2005217e+00	 -1.0167680e-02	  6.0246371e-02
ATATAC	  5.9900665e-01	  2.5495714e-01	  1.2415397e-01
ATATAG	 -2.8390124e+00	  2.9668322e-01	  1.7477541e-01
ATATAT	 -6.8731606e-02	 -2.7816954e-01	 -1.5767871e-01
ATATCA	 -2.2393090e-01	  4.5813888e-02	 -7.7735811e-02
ATATCC	  2.3968761e-01	 -5.0307121e-03	  1.3132177e-01
ATATCG	  2.0943800e-01	  1.6376980e-01	  9.0079047e-03
ATATCT	 -3.4506997e-01	 -2.2046947e-01	 -5.2867208e-02
ATATGA	 -3.0632036e+00	  5.4503679e-02	  2.9553309e-02
ATATGC	  3.4785131e-01	  1.0920225e-01	  8.1807762e-02
ATATGG	  1.3102578e-01	  1.8179549e-01	  1.1384895e-01
ATATGT	 -1.6551147e-01	 -3.3927917e-01	 -1.7723408e-01
ATATTA	 -3.8346094e-01	 -3.0828804e-02	 -2.1288858e-01
ATATTC	  4.0229607e-01	  1.8313155e-01	  1.9871099e-01
ATATTG	  1.5715934e-01	  3.6142340e-01	 -2.0623963e-02
ATATTT	 -2.1479328e-01	 -3.9389077e-01	  2.7439755e-03
ATCAAA	 -4.6076655e-01	 -4.2919941e-02	 -3.1456180e-02
ATCAAC	  1.7264956e-01	  1.9985381e-01	  1.9618364e-01
ATCAAG	  4.1441476e-01	  9.3799211e-02	 -7.6689883e-03
ATCAAT	 -1.8917309e-01	 -2.0934148e-01	 -1.3103174e-01
ATCACA	 -2.5103354e-01	  8.4053669e-03	 -7.6166257e-02
ATCACC	  2.9693109e-01	  5.1059648e-02	  1.9465576e-01
ATCACG	  1.3515811e-01	  1.2352818e-01	 -5.3634450e-02
ATCACT	 -3.1957489e-01	 -1.6534367e-01	 -1.0810079e-01
ATCAGA	 -5.0390148e-01	 -8.5593514e-02	  6.2716571e-03
ATCAGC	  2.2715600e-01	  7.7452920e-02	  5.0396133e-02
ATCAGG	 -1.9129996e-01	  1.3342409e-01	  2.2580700e-02
ATCAGT	  4.2229369e-02	 -1.7157936e-01	 -1.0266691e-01
ATCATA	 -2.4822095e-01	 -2.2070491e-01	 -5.8107841e-01
ATCATC	  1.6602623e-01	  2.3761424e-01	  3.3390823e-01
ATCATG	  2.1815044e-01	  2.2091171e-01	 -2.4894419e-01
ATCATT	 -1.8716384e-01	 -3.7959957e-01	 -8.6256310e-02
ATCCAA	 -2.3068719e-01	 -1.0850692e-01	 -2.5575166e-03
ATCCAC	 -6.2392722e-03	  1.3343544e-01	  1.1375473e-01
ATCCAG	  3.3928239e-01	  9.0856388e-02	 -4.1464776e-02
ATCCAT	 -2.5686872e-01	 -1.0778898e-01	 -7.9154298e-02
ATCCCA	 -9.2911743e-02	  5.4612488e-02	 -4.3550789e-02
ATCCCC	  1.2680367e-01	 -2.1336015e-01	 -1.5253992e-01
ATCCCG	  2.0962691e-01	  1.4941356e-01	  1.4749513e-02
ATCCCT	 -3.3915010e-01	 -7.0003852e-02	  1.4830777e-01
ATCCGA	 -2.2286434e-01	 -2.4421589e-01	  4.1575883e-02
ATCCGC	  1.3069113e-01	  9.4721973e-02	 -3.5686214e-02
ATCCGG	  6.8254650e-02	  2.2937474e-01	  8.6480044e-02
ATCCGT	 -2.8787246e-02	 -1.9745015e-01	 -1.1032051e-01
ATCCTA	 -1.9819219e-01	 -2.0747518e-02	 -9.3907513e-02
ATCCTC	 -3.6523752e-02	  4.5868300e-02	  2.7128047e-01
ATCCTG	  3.1299344e-01	  1.1434133e-01	 -2.3762436e-01
ATCCTT	 -4.1504270e-01	 -1.5115954e-01	 -7.9860359e-02
ATCGAA	 -2.9117951e-01	 -1.0734259e-01	  2.6469735e-02
ATCGAC	  1.0615329e-01	  2.2586688e-01	  1.7067608e-01
ATCGAG	  2.6987132e-01	  1.0546949e-01	 -8.7691635e-02
ATCGAT	 -7.2447151e-02	 -1.4510100e-01	 -9.6386880e-02
ATCGCA	 -3.0097413e-01	  6.3112415e-02	 -8.2871199e-02
ATCGCC	  3.3606586e-01	 -1.1390105e-01	  1.2160498e-01
ATCGCG	 -1.5742068e-01	  2.1217592e-01	 -7.4790940e-02
ATCGCT	 -2.0047949e-01	 -1.6210295e-01	 -8.9450348e-03
ATCGGA	 -3.2016709e-02	 -1.5756877e-01	  4.0350545e-02
ATCGGC	  1.8245618e-01	 -6.2006973e-03	  3.8319822e-02
ATCGGG	 -3.1815377e-01	  2.9684284e-01	  1.1327274e-02
ATCGGT	 -1.3875965e-02	 -2.3944443e-01	 -1.1805405e-01
ATCGTA	 -3.2641080e-01	 -1.6026580e-01	 -1.6861455e-01
ATCGTC	  7.9467639e-02	  1.4642854e-01	  2.5136107e-01
ATCGTG	  3.0024922e-01	  2.0351031e-01	 -1.8142492e-01
ATCGTT	 -2.0903242e-01	 -2.4535680e-01	 -5.5640686e-02
ATCTAA	 -3.7535310e+00	  6.4924300e-02	 -1.5056483e-01
ATCTAC	  5.3780001e-01	  1.0598866e-01	  2.8141171e-01
ATCTAG	 -3.4408207e+00	  1.3951965e-01	  1.3459200e-01
ATCTAT	 -9.5215272e-03	 -2.7683893e-01	 -2.2711115e-01
ATCTCA	 -1.8461536e-01	  1.9930361e-01	 -6.7006648e-02
ATCTCC	  1.6725652e-01	 -1.7968529e-01	  1.4561781e-01
ATCTCG	  2.1416406e-01	 -5.6116179e-02	 -1.5415348e-01
ATCTCT	 -3.7655804e-01	 -7.6112866e-02	  4.4880845e-03
ATCTGA	 -3.5696998e+00	 -2.3999708e-02	  2.7383163e-03
ATCTGC	  2.7084661e-01	  6.1632905e-02	  1.9719381e-02
ATCTGG	  1.0529862e-01	  1.5546699e-01	  8.2876042e-02
ATCTGT	 -1.5537906e-01	 -3.0122733e-01	 -1.2073453e-01
ATCTTA	 -6.7282283e-01	  9.9471129e-02	 -3.7857020e-01
ATCTTC	  3.4139451e-01	  1.1682265e-01	  3.6278507e-01
ATCTTG	 -1.4062203e-01	  4.6598013e-02	 -3.0269483e-01
ATCTTT	 -6.3250013e-02	 -2.6371762e-01	 -1.0279524e-01
ATGAAA	 -4.2184129e-01	 -8.5481994e-02	 -2.0211624e-01
ATGAAC	  2.6592323e-01	  1.3663995e-01	  2.0108174e-01
ATGAAG	  3.3461484e-01	  2.0937885e-01	  1.3958186e-01
ATGAAT	 -1.9683138e-01	 -2.0581067e-01	 -2.2363849e-02
ATGACA	 -2.7101749e-01	 -2.0907965e-02	 -1.3515766e-01
ATGACC	  2.9067171e-01	 -1.4296421e-01	  6.1671626e-02
ATGACG	  1.1245932e-01	  2.0436881e-01	  1.1882892e-01
ATGACT	 -2.3288864e-01	 -6.9846064e-02	 -2.8905771e-03
ATGAGA	 -3.0399841e-01	 -1.1739297e-02	 -9.8230885e-03
ATGAGC	  2.4470076e-01	 -1.9403074e-02	 -4.1150279e-02
ATGAGG	 -1.5113240e-01	  2.0297550e-01	  8.4330618e-02
ATGAGT	 -3.2037307e-02	 -2.1749906e-01	 -2.2933938e-02
ATGATA	 -2.9049510e-01	 -1.0228395e-01	  3.4401305e-02
ATGATC	  2.6779193e-01	  1.9866037e-01	  1.9125196e-01
ATGATG	  1.3764955e-01	  1.4462964e-01	 -5.8812171e-02
ATGATT	 -2.2775133e-01	 -2.9325050e-01	 -1.0969414e-01
ATGCAA	 -2.5111759e-01	 -1.9496498e-01	  5.2510139e-02
ATGCAC	  8.2632869e-02	  1.5695624e-01	  4.9421228e-02
ATGCAG	  3.3961082e-01	  2.3462941e-01	 -1.1816845e-01
ATGCAT	 -3.4267411e-01	 -2.3182996e-01	 -2.7302232e-02
ATGCCA	 -2.1376471e-01	  4.4274637e-03	 -9.0421006e-02
ATGCCC	  2.4880835e-01	 -4.0298749e-02	 -1.1778387e-01
ATGCCG	  1.5635701e-01	  1.1516423e-01	  7.4704677e-02
ATGCCT	 -2.9116231e-01	 -1.1085313e-01	  1.5839304e-01
ATGCGA	 -1.4046967e-01	 -2.2729084e-01	  1.0757391e-01
ATGCGC	  2.4254146e-01	 -6.6348831e-03	 -1.1701868e-01
ATGCGG	 -1.1179596e-01	  3.3100298e-01	  2.0056266e-02
ATGCGT	 -4.4227578e-02	 -3.8274986e-01	 -1.1268457e-01
ATGCTA	 -2.4115689e-01	 -7.0157804e-02	 -3.1842358e-02
ATGCTC	 -4.1031199e-05	  1.1068236e-01	  1.5526018e-01
ATGCTG	  2.6532835e-01	  1.2505464e-01	 -1.4558618e-01
ATGCTT	 -4.0307125e-01	 -2.8199169e-01	  1.3407185e-02
ATGGAA	 -3.3191693e-01	 -1.2095711e-01	  3.5584897e-02
ATGGAC	  1.7598970e-01	  1.7714816e-01	  5.5517826e-02
ATGGAG	  2.3246843e-01	  1.3540205e-01	 -2.3245157e-01
ATGGAT	 -7.7025212e-02	 -1.5356399e-01	  5.8994487e-02
ATGGCA	 -2.9986346e-01	  8.6505793e-02	 -1.3623447e-02
ATGGCC	  2.8355205e-01	 -1.9702080e-01	 -2.1586137e-01
ATGGCG	 -2.3948990e-02	  1.8620500e-01	  4.4925746e-02
ATGGCT	 -1.4548089e-01	 -1.6852161e-01	  1.4081387e-01
ATGGGA	 -1.2370536e-01	 -4.5109026e-02	  1.3487563e-01
ATGGGC	  2.9288572e-01	  4.4622522e-02	 -1.2661703e-01
ATGGGG	 -6.3580239e-01	  1.9198169e-01	 -3.0307995e-02
ATGGGT	 -2.0531246e-02	 -2.8687662e-01	 -3.8234226e-02
ATGGTA	 -3.9114290e-01	 -1.1306437e-01	 -5.8561135e-02
ATGGTC	  1.2811902e-01	  1.1404822e-01	  9.4743535e-02
ATGGTG	  2.2604822e-01	  1.5803842e-01	 -1.9597667e-01
ATGGTT	 -2.2654450e-01	 -2.5185469e-01	  1.0010202e-01
ATGTAA	 -3.5557561e+00	  6.8419069e-02	  4.2821322e-02
ATGTAC	  5.5804527e-01	  9.9927172e-02	  9.4703160e-02
ATGTAG	 -3.2559590e+00	  2.3148483e-01	  3.9182443e-02
ATGTAT	 -1.2492276e-01	 -3.3974117e-01	 -1.2342941e-01
ATGTCA	 -3.2203218e-01	  5.9574142e-02	 -1.7477678e-01
ATGTCC	  2.4179286e-01	  1.3272532e-02	  9.3202941e-02
ATGTCG	  1.7163032e-01	 -5.4690298e-02	  8.7828189e-02
ATGTCT	 -3.1658578e-01	 -5.2250806e-02	 -9.4882166e-03
ATGTGA	 -3.4242132e+00	  3.5119105e-02	  8.1029251e-02
ATGTGC	  3.1851831e-01	  3.1616680e-02	  6.3096723e-03
ATGTGG	  1.6132447e-01	  2.2003882e-01	  4.4722762e-02
ATGTGT	 -3.0401903e-01	 -4.5024455e-01	 -1.1972648e-01
ATGTTA	 -4.4936121e-01	  8.3473019e-02	 -1.8517472e-01
ATGTTC	  4.0887409e-01	  2.2237495e-01	  3.1915253e-01
ATGTTG	  4.5464937e-02	  4.7166344e-02	 -1.5612166e-01
ATGTTT	 -2.3027234e-01	 -2.8088826e-01	 -4.1592438e-02
ATTAAA	 -3.0083290e-01	 -2.1765003e-01	 -3.4367718e-02
ATTAAC	  2.2929053e-01	  2.5681680e-01	  1.5890883e-01
ATTAAG	  3.7798503e-01	  2.2370896e-01	  9.1895081e-02
ATTAAT	 -1.7052218e-01	 -7.8583583e-02	 -1.0611617e-01
ATTACA	 -2.4056453e-01	 -9.0634830e-02	 -1.7686670e-01
ATTACC	  2.7978262e-01	  5.5874817e-02	  2.5444564e-01
ATTACG	  1.8746641e-01	  2.0182826e-01	 -9.2830896e-02
ATTACT	 -2.6144007e-01	 -1.1695717e-01	 -9.0860855e-03
ATTAGA	 -4.3563333e-01	 -3.5799876e-02	  1.5153235e-01
ATTAGC	  2.6220769e-01	 -2.1029154e-02	 -1.0002718e-03
ATTAGG	 -1.2616193e-01	  1.4348161e-01	 -4.9437266e-02
ATTAGT	 -4.7718512e-04	 -5.9112765e-02	 -1.7141633e-01
ATTATA	 -2.2663696e-01	 -9.8957881e-02	 -3.1257236e-01
ATTATC	  3.7778267e-01	  3.3863112e-01	  4.3870467e-01
ATTATG	  1.7929415e-01	  2.5731966e-01	 -1.9626927e-01
ATTATT	 -2.3313400e-01	 -4.0223342e-01	 -3.9745301e-02
ATTCAA	 -1.3423876e-01	 -6.6626385e-02	  2.1843726e-02
ATTCAC	  7.3931791e-02	  2.0343503e-01	  1.5531416e-01
ATTCAG	  3.4096754e-01	  1.4558060e-01	 -1.1807203e-01
ATTCAT	 -3.7197798e-01	 -2.4895890e-01	 -7.4018002e-02
ATTCCA	 -1.7725281e-01	  7.5543816e-03	 -8.0004528e-02
ATTCCC	  2.1089272e-01	 -6.2476788e-02	 -1.9182293e-01
ATTCCG	  1.5423195e-01	  1.9396970e-01	  8.1715301e-02
ATTCCT	 -2.7188045e-01	 -1.8990678e-01	  1.5122919e-01
ATTCGA	 -1.8581235e-01	 -1.9831657e-01	  1.2685733e-01
ATTCGC	  2.2883321e-01	  7.4244954e-02	 -1.3291402e-01
ATTCGG	 -8.0041535e-02	  2.6892391e-01	 -1.3434483e-02
ATTCGT	 -5.2323278e-02	 -2.7149561e-01	 -7.3671184e-02
ATTCTA	 -2.3492195e-01	 -4.1636541e-02	 -5.8886781e-02
ATTCTC	  1.6860649e-02	  5.6973781e-02	  1.1548388e-01
ATTCTG	  3.3068886e-01	  2.2156689e-01	 -1.0287610e-01
ATTCTT	 -3.4698236e-01	 -3.0320376e-01	  2.2831336e-02
ATTGAA	 -1.9331782e-01	 -1.8345949e-01	 -1.6732717e-02
ATTGAC	  8.3244972e-02	  2.0106493e-01	  7.4043214e-02
ATTGAG	  2.8056762e-01	  1.6249546e-01	  7.8980908e-02
ATTGAT	 -8.6714640e-02	 -6.3353874e-02	 -8.0844611e-02
ATTGCA	 -3.4101352e-01	 -6.8823069e-02	 -4.5289963e-02
ATTGCC	  3.1649464e-01	  2.4030773e-02	  4.4898715e-02
ATTGCG	 -6.4511942e-03	  2.2489269e-01	  2.0737346e-02
ATTGCT	 -1.7244588e-01	 -1.4709865e-01	 -3.9011149e-03
ATTGGA	  3.4782767e-02	  2.1212552e-02	  1.2260247e-01
ATTGGC	  1.6818118e-01	 -1.7557235e-02	 -1.4551654e-02
ATTGGG	 -3.7456861e-01	  9.1533631e-02	 -2.9733775e-02
ATTGGT	 -7.6487504e-02	 -1.0262371e-01	 -1.4223993e-01
ATTGTA	 -3.3052579e-01	 -1.7156537e-01	 -1.5618458e-01
ATTGTC	  1.6502039e-01	  2.6644999e-01	  2.8182083e-01
ATTGTG	  3.3077973e-01	  2.3359475e-01	 -4.0615641e-02
ATTGTT	 -3.3546394e-01	 -3.9101386e-01	 -8.3365336e-02
ATTTAA	 -3.4453511e+00	  2.2536119e-02	  9.0554170e-03
ATTTAC	  6.0917336e-01	  1.5838933e-01	  1.3345668e-01
ATTTAG	 -2.9900401e+00	  2.4465780e-01	  1.0423411e-01
ATTTAT	  5.3125164e-03	 -2.9383478e-01	 -1.3254412e-01
ATTTCA	 -2.2566767e-01	 -4.1482545e-02	 -8.8650115e-02
ATTTCC	  1.7648125e-01	  3.5622675e-02	  9.1824010e-02
ATTTCG	  1.8802865e-01	  1.5122297e-01	 -8.2070433e-02
ATTTCT	 -2.4496366e-01	 -1.6077232e-01	  5.4974239e-02
ATTTGA	 -3.4457269e+00	 -3.7994325e-02	  8.6986728e-02
ATTTGC	  2.6975483e-01	  9.2636067e-03	 -6.3285202e-02
ATTTGG	  2.0127811e-01	  2.7784285e-01	  8.3249286e-02
ATTTGT	 -1.7719874e-01	 -3.7232396e-01	 -1.0329808e-01
ATTTTA	 -1.8571949e-01	  4.4742987e-02	 -1.6420892e-01
ATTTTC	  1.6865316e-01	  4.7256622e-02	  1.4504194e-01
ATTTTG	  2.7550849e-01	  3.0444914e-01	 -5.6622151e-02
ATTTTT	 -3.1620821e-01	 -4.7755331e-01	  1.4240026e-02
CAAAAA	 -3.4642985e-01	 -8.2159720e-02	  1.4939086e-02
CAAAAC	  9.1522992e-02	  1.3373093e-01	  5.8023043e-02
CAAAAG	  3.2613668e-01	  1.6146663e-01	 -1.3859968e-01
CAAAAT	 -8.3912760e-02	 -1.7108622e-01	  1.9232236e-02
CAAACA	 -2.8205889e-01	 -1.5897678e-02	 -1.1001336e-01
CAAACC	  2.0228706e-01	 -4.2836141e-02	  1.0560754e-01
CAAACG	  2.6814777e-01	  1.5532136e-01	 -1.2799782e-03
CAAACT	 -1.2052584e-01	 -9.5707007e-02	  7.0722155e-02
CAAAGA	 -1.5640083e-01	  4.8777509e-02	  1.3350341e-01
CAAAGC	  1.4361151e-01	  9.9930288e-03	 -2.9984275e-02
CAAAGG	 -7.8133950e-03	  1.6877252e-01	 -1.1561278e-01
CAAAGT	 -8.9599648e-03	 -2.8977954e-01	 -4.5702226e-02
CAAATA	 -2.3069355e-01	 -1.1818720e-01	 -1.5702420e-01
CAAATC	  1.9852418e-01	  1.8922065e-01	  3.0730313e-01
CAAATG	  2.1206988e-01	  2.3092639e-01	 -1.5094376e-01
CAAATT	 -2.4320808e-01	 -4.1232574e-01	 -2.9886901e-02
CAACAA	 -1.9654217e-01	 -4.2255912e-02	  3.0882789e-02
CAACAC	 -2.7727741e-01	  9.2273187e-03	  1.8934047e-04
CAACAG	  4.2532644e-01	  1.5967561e-01	 -8.8293515e-02
CAACAT	 -3.3918804e-01	 -1.3347116e-01	  1.4832676e-02
CAACCA	 -9.4877318e-02	  1.5545574e-01	  6.2577449e-02
CAACCC	  5.5473134e-02	 -2.8756484e-01	 -3.1317002e-01
CAACCG	  1.8770427e-01	  3.2667484e-02	 -5.7122167e-02
CAACCT	 -1.8820311e-01	 -2.0668928e-01	  1.3914503e-01
CAACGA	 -1.9443980e-01	 -1.1542585e-01	  1.5798783e-01
CAACGC	  1.5682130e-01	  5.3000413e-02	 -2.3249392e-01
CAACGG	 -2.4313875e-02	  2.2526652e-01	  9.8972945e-03
CAACGT	  5.2638341e-02	 -3.3114403e-01	 -1.2774068e-01
CAACTA	 -1.8593103e-01	  8.6659633e-02	  3.0248450e-02
CAACTC	 -1.5302688e-01	  1.0528897e-02	  1.9027795e-01
CAACTG	  3.2149881e-01	  1.4005136e-01	 -1.5222274e-01
CAACTT	 -3.4534150e-01	 -2.9083976e-01	 -5.9647098e-02
CAAGAA	 -1.6068083e-01	 -6.3153751e-02	  4.8816931e-02
CAAGAC	 -6.8060458e-02	  1.0912538e-01	  3.1588711e-02
CAAGAG	  2.4436927e-01	  8.9801267e-02	 -1.7147331e-01
CAAGAT	 -2.9231219e-02	 -9.4099909e-02	  1.8199313e-02
CAAGCA	 -1.8695435e-01	  1.1342691e-01	 -2.2427656e-02
CAAGCC	  1.0387447e-01	 -2.1084099e-01	 -2.3919968e-02
CAAGCG	  1.0764120e-01	  1.0233253e-01	  1.3386151e-02
CAAGCT	 -1.1299315e-02	 -1.3236013e-01	  3.7022982e-02
CAAGGA	  4.0140223e-02	 -2.8612081e-02	  9.7279839e-02
CAAGGC	  7.8200072e-02	 -6.5561205e-02	 -6.6866100e-02
CAAGGG	 -3.7739491e-01	  2.0861310e-01	 -6.5173633e-02
CAAGGT	  5.1700547e-02	 -1.4835829e-01	 -7.6957464e-02
CAAGTA	 -1.9244258e-01	 -2.9776439e-02	 -2.5491264e-02
CAAGTC	 -4.1604120e-02	  7.9724744e-02	  1.7909762e-01
CAAGTG	  2.3098198e-01	  1.5973055e-01	 -1.3281357e-01
CAAGTT	 -2.2050712e-01	 -3.0734026e-01	 -7.9204394e-03
CAATAA	 -3.4670055e+00	 -1.2601371e-01	 -4.0308293e-02
CAATAC	  4.9556965e-01	  2.3797300e-01	  1.0674243e-01
CAATAG	 -3.0515120e+00	  2.3961547e-01	  1.0122719e-01
CAATAT	  2.3018961e-01	 -2.2432847e-01	 -7.2888903e-02
CAATCA	 -2.6431900e-01	  3.6772650e-02	 -1.2205189e-01
CAATCC	  1.2050676e-01	 -1.4389096e-01	  1.4327745e-01
CAATCG	  2.2904286e-01	  1.7636539e-01	 -9.7472094e-02
CAATCT	 -1.7760348e-01	 -1.9160806e-01	  7.2610706e-02
CAATGA	 -3.2728558e+00	  6.9388165e-03	 -3.5752255e-02
CAATGC	  1.6102573e-01	  1.0999195e-02	  1.5943902e-02
CAATGG	  1.8551777e-01	  1.7653552e-01	  6.7006320e-02
CAATGT	  4.6346053e-03	 -3.4585857e-01	 -5.8911800e-02
CAATTA	 -3.2740551e-01	 -5.5647869e-02	 -3.4339672e-01
CAATTC	  2.0999512e-01	  1.1830789e-01	  3.5531077e-01
CAATTG	  3.2880890e-01	  2.7041546e-01	 -4.8221316e-02
CAATTT	 -3.3742759e-01	 -3.3332750e-01	 -4.4436511e-02
CACAAA	 -4.6022037e-01	 -7.8380905e-02	 -1.0043630e-01
CACAAC	  1.4217114e-01	  1.8064243e-01	  2.3771162e-01
CACAAG	  3.5753992e-01	  1.2044172e-01	 -1.1709490e-01
CACAAT	 -4.9811557e-02	 -1.8867521e-01	 -3.1744350e-02
CACACA	 -4.6675184e-01	 -1.5384446e-01	 -2.9869294e-01
CACACC	  3.9359808e-01	  1.6743261e-01	  3.9778462e-01
CACACG	  3.6547521e-01	  2.2567931e-01	 -3.1533889e-02
CACACT	 -1.5636195e-01	 -2.2516252e-02	  1.1068255e-01
CACAGA	 -4.9984393e-01	 -8.3130352e-02	  4.8588261e-02
CACAGC	  2.5639367e-01	  9.7147889e-02	  2.6187511e-02
CACAGG	 -2.5622842e-01	  1.6318156e-01	 -5.7839971e-02
CACAGT	  7.5067505e-02	 -2.4797235e-01	 -6.0680710e-02
CACATA	 -3.0257517e-01	 -2.4024364e-01	 -3.4556127e-01
CACATC	  2.0680086e-01	  2.8576139e-01	  3.5524940e-01
CACATG	  2.1359916e-01	  1.5729357e-01	 -2.5579506e-01
CACATT	 -1.9215952e-01	 -2.9719895e-01	 -2.3248538e-02
CACCAA	 -3.4553030e-01	 -1.0999081e-01	  4.7150832e-02
CACCAC	  2.5949242e-02	  1.4527552e-01	  3.2747190e-02
CACCAG	  2.6393840e-01	  7.5980350e-02	 -1.4177854e-01
CACCAT	 -1.0729083e-01	 -2.3210289e-01	  1.4654119e-02
CACCCA	 -1.3058282e-01	  6.7247450e-02	  8.0756395e-04
CACCCC	  2.8543750e-02	 -2.9013824e-01	 -2.9629675e-01
CACCCG	  3.2991883e-01	  1.7098267e-01	  1.3505199e-04
CACCCT	 -3.1234926e-01	 -1.4991619e-01	  1.8660037e-01
CACCGA	 -1.8469115e-01	 -2.1427938e-01	  8.5786797e-02
CACCGC	  1.6793521e-01	  1.6114953e-01	 -1.5539227e-01
CACCGG	  3.4037221e-02	  1.6176818e-01	  2.4288114e-02
CACCGT	 -1.2584531e-01	 -3.0688253e-01	  2.3695979e-02
CACCTA	 -1.9525580e-01	 -5.7877991e-03	  7.9161420e-02
CACCTC	 -2.0267774e-01	  7.4821964e-02	  9.1783322e-02
CACCTG	  3.3818537e-01	  1.1582296e-01	 -1.1185332e-01
CACCTT	 -4.3245685e-01	 -2.5716183e-01	 -3.9913237e-02
CACGAA	 -3.2412556e-01	 -1.5276873e-01	 -2.9336559e-02
CACGAC	  5.5085666e-02	  2.1237776e-01	  1.0924198e-01
CACGAG	  2.7138776e-01	  6.9293991e-02	 -1.4733782e-01
CACGAT	 -3.9922319e-02	 -1.2444174e-01	  3.7557397e-02
CACGCA	 -4.2882854e-01	  5.1380213e-02	 -1.9137859e-01
CACGCC	  3.0728135e-01	 -1.4189667e-01	  1.3397464e-01
CACGCG	 -4.1787311e-02	  1.9375762e-01	 -1.3019073e-01
CACGCT	 -1.7014711e-01	 -1.1723664e-01	  1.0170700e-01
CACGGA	 -2.8185284e-02	 -5.0660674e-02	  1.1661751e-01
CACGGC	  1.6588354e-01	 -1.4530775e-02	 -9.5961452e-02
CACGGG	 -3.4314129e-01	  2.3881079e-01	 -2.8452745e-02
CACGGT	 -6.1731350e-02	 -2.6050398e-01	 -5.1661402e-02
CACGTA	 -3.1983647e-01	 -1.6481557e-01	 -1.5986276e-01
CACGTC	  8.8575915e-02	  2.3786399e-01	  1.9096598e-01
CACGTG	  2.7153352e-01	  8.5659593e-02	 -1.3899404e-01
CACGTT	 -2.3900655e-01	 -2.3839101e-01	  2.6072320e-02
CACTAA	 -3.6343255e+00	 -6.2583112e-03	 -9.3832098e-02
CACTAC	  4.7304690e-01	  4.7000509e-02	  1.6324684e-01
CACTAG	 -3.3488967e+00	  1.5565147e-01	  3.6896169e-02
CACTAT	  1.1476300e-01	 -1.8519832e-01	 -8.5679583e-02
CACTCA	 -2.4960403e-01	  1.3040541e-01	 -1.3405551e-01
CACTCC	  1.2547329e-01	 -1.3936709e-01	  2.0590822e-01
CACTCG	  2.2684643e-01	 -8.5229211e-02	 -2.2737712e-01
CACTCT	 -3.5688722e-01	  8.3646392e-03	  8.0309115e-02
CACTGA	 -3.4349673e+00	 -2.7580099e-02	 -4.3133465e-03
CACTGC	  2.2406372e-01	  8.1563435e-02	 -3.3769783e-02
CACTGG	  1.1754277e-01	  1.1498529e-01	  5.0230417e-02
CACTGT	 -6.9482304e-02	 -3.5187033e-01	 -1.3575825e-02
CACTTA	 -5.2382582e-01	  1.1296857e-01	 -2.8008023e-01
CACTTC	  2.7864364e-01	  1.7616373e-01	  2.7105725e-01
CACTTG	  8.0743991e-02	 -1.5865110e-02	 -1.1657645e-01
CACTTT	 -1.2935482e-01	 -2.2675554e-01	 -2.6213353e-02
CAGAAA	 -4.1586608e-01	 -1.0986011e-01	  1.0113377e-02
CAGAAC	  1.7169240e-01	  1.4082541e-01	  1.7317330e-02
CAGAAG	  2.4397230e-01	  1.6254263e-01	  3.4692704e-03
CAGAAT	 -4.0525947e-02	 -2.0406428e-01	 -3.6025323e-02
CAGACA	 -3.0981231e-01	 -5.4846726e-02	 -1.5719301e-01
CAGACC	  2.2666490e-01	 -1.5066890e-01	  1.8174854e-01
CAGACG	  2.0521517e-01	  1.0497991e-01	  4.6716817e-02
CAGACT	 -1.8812653e-01	  7.1111746e-02	 -2.7148832e-02
CAGAGA	 -3.8464054e-01	 -4.3116726e-02	  1.2433773e-01
CAGAGC	  2.6123413e-01	 -3.6964495e-02	 -1.2824513e-02
CAGAGG	 -1.2668246e-01	  2.0951977e-01	 -3.4646776e-02
CAGAGT	  6.5635503e-03	 -1.9949643e-01	 -1.5505698e-01
CAGATA	 -3.5956407e-01	 -1.5549594e-01	 -1.9063203e-01
CAGATC	  2.2412165e-01	  1.1161049e-01	  2.2776116e-01
CAGATG	  1.5268017e-01	  2.1432553e-01	 -1.8467419e-01
CAGATT	 -1.7159446e-01	 -2.8469804e-01	  5.1482957e-02
CAGCAA	 -1.1977910e-01	 -1.1743346e-01	  5.9025627e-02
CAGCAC	 -1.8609560e-01	 -6.2740427e-03	  6.8505597e-03
CAGCAG	  2.2089057e-01	  1.3719718e-01	 -4.9537584e-02
CAGCAT	 -3.4532493e-01	 -1.6043665e-01	 -2.1476118e-02
CAGCCA	 -1.7557514e-01	 -7.4995565e-03	  1.4475290e-02
CAGCCC	  1.4049384e-01	 -1.1711110e-01	 -1.5107529e-01
CAGCCG	  1.9645384e-01	  1.4208257e-01	 -1.9357407e-01
CAGCCT	 -2.0049460e-01	 -1.1725088e-01	  2.3541626e-01
CAGCGA	 -1.9089159e-01	 -2.4683248e-01	  1.1711210e-01
CAGCGC	  2.1585508e-01	 -4.7183339e-02	 -2.0071135e-01
CAGCGG	 -8.1472769e-02	  3.0212483e-01	  1.9410159e-02
CAGCGT	  3.8642023e-02	 -3.8403451e-01	 -8.0484167e-02
CAGCTA	 -1.3875642e-01	 -5.0096221e-02	  4.8832800e-02
CAGCTC	 -1.9387384e-01	  5.7163674e-02	  2.0345542e-01
CAGCTG	  2.5258547e-01	  1.3096669e-01	 -3.1464079e-01
CAGCTT	 -3.5265383e-01	 -3.3411250e-01	  2.7886171e-02
CAGGAA	 -2.5526923e-01	 -1.3131113e-01	  1.0984178e-01
CAGGAC	 -7.4115932e-02	  1.2650543e-02	 -1.3333784e-01
CAGGAG	  2.4556145e-01	  1.5761448e-01	 -5.3669423e-02
CAGGAT	 -3.3808142e-02	 -6.8649158e-02	  2.5040170e-03
CAGGCA	 -3.0089241e-01	  4.6471551e-02	  9.9480990e-03
CAGGCC	  1.9854636e-01	 -2.9378507e-01	  1.1222146e-02
CAGGCG	  1.1170669e-01	  1.6209921e-01	 -4.0458413e-03
CAGGCT	 -7.2977699e-02	 -1.1025841e-01	 -2.5898715e-02
CAGGGA	 -1.7794279e-02	 -1.2054405e-02	  2.5641865e-01
CAGGGC	  1.9034679e-01	 -7.7311404e-02	 -1.6089243e-01
CAGGGG	 -5.7281697e-01	  2.2184607e-01	 -1.6604267e-01
CAGGGT	  4.1246343e-02	 -2.5449553e-01	 -2.2488001e-01
CAGGTA	 -4.7063851e-01	 -2.5878146e-01	 -4.6488937e-02
CAGGTC	 -4.2356551e-02	  9.3037196e-02	  1.7083123e-01
CAGGTG	  2.3647234e-01	  1.6437781e-01	 -1.7596461e-01
CAGGTT	 -2.2810361e-01	 -2.7769807e-01	  6.8130136e-02
CAGTAA	 -3.6690555e+00	  3.5170626e-02	  3.9387226e-02
CAGTAC	  3.3657226e-01	 -1.2669495e-01	 -1.5885793e-01
CAGTAG	 -3.5455964e+00	  1.9449677e-01	  1.8269341e-01
CAGTAT	  1.6284984e-01	 -1.1981594e-01	 -7.1485400e-02
CAGTCA	 -3.0991685e-01	  1.3077472e-01	 -1.2467872e-01
CAGTCC	  1.1105163e-01	 -1.2559681e-01	  2.0402946e-01
CAGTCG	  2.1986009e-01	  6.9026900e-03	 -1.3452758e-01
CAGTCT	 -2.7544454e-01	 -1.2947330e-01	  2.5791641e-02
CAGTGA	 -3.6321604e+00	 -3.3255469e-02	  4.1879784e-02
CAGTGC	  2.7953929e-01	  4.0701978e-02	  2.2727845e-03
CAGTGG	  1.9315934e-02	  1.4971404e-01	  3.3449996e-02
CAGTGT	 -9.8958626e-02	 -3.9538002e-01	 -1.0593661e-01
CAGTTA	 -4.4890445e-01	  7.7104613e-02	 -3.3367649e-01
CAGTTC	  2.4168231e-01	  1.1828549e-01	  3.3506358e-01
CAGTTG	  1.3493189e-01	  8.3281554e-02	 -2.4648669e-01
CAGTTT	 -2.3860741e-01	 -2.6278484e-01	 -4.6926185e-02
CATAAA	 -3.3230430e-01	 -2.4370620e-01	 -1.3627106e-01
CATAAC	  2.1393465e-01	  2.4242242e-01	  2.5157586e-01
CATAAG	  3.5472152e-01	  2.6060000e-01	  4.1744366e-02
CATAAT	 -4.9036171e-02	 -5.1648017e-02	 -1.2675713e-02
CATACA	 -2.7321720e-01	 -1.1472622e-01	 -2.6046866e-01
CATACC	  1.8882066e-01	  3.0447112e-02	  2.7763793e-01
CATACG	  2.8775939e-01	  2.0265041e-01	  1.2734914e-02
CATACT	 -1.4750902e-01	 -4.1178595e-02	  4.9730033e-02
CATAGA	 -2.9864883e-01	 -1.2229848e-01	  1.0872832e-02
CATAGC	  2.2919045e-01	  6.1520780e-03	  1.1152544e-01
CATAGG	 -1.1764061e-01	  1.8192434e-01	 -1.8371525e-01
CATAGT	  5.1482450e-02	 -1.3276105e-02	 -4.2154182e-02
CATATA	 -2.1576244e-01	 -2.8627774e-01	 -3.0178499e-01
CATATC	  2.0251855e-01	  3.1906578e-01	  3.7548798e-01
CATATG	  2.0588312e-01	  2.4249189e-01	 -2.2588001e-01
CATATT	 -1.4867455e-01	 -3.1964439e-01	  2.6920028e-02
CATCAA	 -3.6155164e-01	 -9.7190052e-02	  1.1817414e-01
CATCAC	  1.3329910e-01	  1.3713919e-01	  5.8240235e-02
CATCAG	  2.7405307e-01	  1.4846656e-01	 -2.0107280e-01
CATCAT	 -1.0278491e-01	 -1.4199542e-01	 -7.4505761e-02
CATCCA	 -2.3700711e-01	  4.7781067e-03	  4.1352641e-02
CATCCC	  1.8576206e-01	 -1.4964771e-01	 -3.2397407e-01
CATCCG	  2.7246326e-01	  1.9151312e-01	 -3.4677170e-02
CATCCT	 -3.1434804e-01	 -1.2420096e-01	  1.1474653e-01
CATCGA	 -2.7745312e-01	 -1.4429542e-01	  2.1108706e-01
CATCGC	  2.5039554e-01	  9.8233856e-02	 -2.0763728e-01
CATCGG	 -5.5094305e-02	  2.0692419e-01	 -1.0857046e-01
CATCGT	 -4.9066454e-02	 -2.4868813e-01	 -1.4066097e-01
CATCTA	 -2.6290613e-01	  1.1554644e-02	  6.5772466e-02
CATCTC	 -1.4785963e-01	 -8.3904524e-05	  5.1637989e-02
CATCTG	  3.4288266e-01	  1.2058352e-01	 -1.0949044e-01
CATCTT	 -3.8122046e-01	 -1.6430992e-01	 -8.8402483e-04
CATGAA	 -2.0677103e-01	 -1.5801901e-01	  2.7816059e-02
CATGAC	  2.6169574e-02	  8.8616483e-02	 -3.1214651e-02
CATGAG	  2.7807686e-01	  1.3534853e-01	 -1.0748594e-01
CATGAT	 -7.5869009e-02	 -5.8142431e-03	  4.9333341e-02
CATGCA	 -3.9442891e-01	 -6.3243546e-02	 -3.6051366e-02
CATGCC	  3.0451319e-01	 -3.5134844e-02	 -4.9565554e-02
CATGCG	  5.5667691e-02	  2.3548885e-01	  2.1655960e-03
CATGCT	 -1.3719325e-01	 -1.4537622e-01	  8.8564560e-02
CATGGA	  1.8783081e-03	  7.4152082e-02	  1.6006802e-01
CATGGC	  1.3945165e-01	 -1.1373701e-01	 -1.6912776e-01
CATGGG	 -3.9170933e-01	  1.0319903e-01	 -6.0206293e-03
CATGGT	  5.9571494e-03	 -9.0927452e-02	 -6.7117482e-02
CATGTA	 -3.2797238e-01	 -2.0836727e-01	 -3.5926245e-02
CATGTC	  2.0026406e-02	  1.9661348e-01	  1.9253574e-01
CATGTG	  2.8728059e-01	  1.7588492e-01	 -1.6314609e-01
CATGTT	 -3.2906935e-01	 -3.7830138e-01	 -1.3800122e-02
CATTAA	 -3.2183645e+00	 -4.9134739e-02	  1.4852040e-02
CATTAC	  5.0109005e-01	  1.6237476e-01	  5.3793769e-02
CATTAG	 -2.8842373e+00	  1.8218954e-01	 -6.7307740e-02
CATTAT	  2.0324643e-01	 -2.3975424e-01	 -1.5469266e-02
CATTCA	 -2.9406041e-01	 -4.5290943e-02	 -6.8172142e-02
CATTCC	  1.5885195e-01	  6.4536475e-02	  6.4827949e-02
CATTCG	  2.3740235e-01	  8.6054578e-02	 -4.4553347e-02
CATTCT	 -3.0161443e-01	 -1.2190627e-01	  5.1862579e-02
CATTGA	 -3.1568570e+00	 -7.6218486e-02	  5.6840215e-02
CATTGC	  2.3203740e-01	  5.1945683e-02	 -2.8325705e-02
CATTGG	  1.9266221e-01	  2.6454911e-01	  4.7025878e-02
CATTGT	 -4.5879070e-02	 -3.7839037e-01	 -7.5894907e-02
CATTTA	 -2.1006380e-01	  4.6457220e-02	 -1.7403892e-01
CATTTC	  5.0899848e-02	 -1.0663709e-02	  1.6855596e-01
CATTTG	  3.4322929e-01	  2.7720651e-01	  3.3575419e-02
CATTTT	 -3.3558893e-01	 -3.6423650e-01	 -5.3837176e-02
CCAAAA	 -2.7673158e-01	 -7.4892856e-02	  8.0348216e-03
CCAAAC	  2.4011718e-02	  1.3609008e-01	  5.8865566e-02
CCAAAG	  2.7428848e-01	  1.1852890e-01	 -8.6391173e-02
CCAAAT	  7.4740924e-04	 -1.2468434e-01	  2.6022189e-03
CCAACA	 -9.8219968e-02	  2.5132079e-02	  8.2010299e-02
CCAACC	  4.2723171e-02	 -1.2168261e-01	 -2.5729824e-02
CCAACG	  2.1163450e-01	  1.9139859e-01	 -1.0522570e-01
CCAACT	 -1.1004281e-01	 -1.1423399e-01	 -2.3945708e-02
CCAAGA	 -1.6559081e-01	 -1.4280409e-03	  7.2203211e-02
CCAAGC	  7.5591534e-02	  2.3519902e-02	 -8.7339003e-03
CCAAGG	 -9.0713688e-04	  1.7910284e-01	 -1.5401269e-02
CCAAGT	  5.0490674e-02	 -2.2639965e-01	 -5.3234261e-02
CCAATA	 -1.8051256e-01	 -1.0805213e-01	 -2.0757596e-01
CCAATC	 -1.0472395e-02	  1.2742834e-01	  2.2621529e-01
CCAATG	  1.8818243e-01	  2.5245211e-01	 -9.5668547e-02
CCAATT	 -4.8405468e-02	 -3.5964766e-01	 -2.4457378e-02
CCACAA	 -7.2243840e-02	 -1.2692237e-02	  1.0722484e-01
CCACAC	 -2.1153475e-01	  7.6551614e-03	 -8.7833859e-02
CCACAG	  3.3452079e-01	  1.1164481e-01	 -8.5626841e-02
CCACAT	 -1.9565624e-01	 -9.7610071e-02	 -1.9767761e-02
CCACCA	  3.0986012e-03	  9.9108353e-02	  1.9997352e-01
CCACCC	 -5.4183491e-02	 -2.5104040e-01	 -3.5359374e-01
CCACCG	  1.7876294e-01	  9.2709243e-02	 -2.2903650e-01
CCACCT	 -2.0129693e-01	 -9.1009058e-02	  8.5283881e-03
CCACGA	 -9.2778645e-02	 -1.7384101e-01	  2.4748540e-01
CCACGC	  9.5862880e-02	  7.7986628e-02	 -2.0007709e-01
CCACGG	 -1.8945931e-01	  1.7723440e-01	 -7.0428088e-02
CCACGT	  1.0031893e-01	 -2.3450521e-01	 -1.2151752e-01
CCACTA	 -4.5261495e-02	  7.9567529e-02	  1.2317362e-01
CCACTC	 -1.8999100e-01	  4.7513887e-02	  7.6321736e-02
CCACTG	  3.0991045e-01	  1.3559520e-01	 -9.9039257e-02
CCACTT	 -3.0485433e-01	 -2.5285399e-01	 -5.3438377e-02
CCAGAA	 -1.1888216e-01	 -3.5340995e-02	  7.0089132e-02
CCAGAC	 -1.4471474e-01	  4.5733098e-02	 -1.7971203e-02
CCAGAG	  2.3702495e-01	  1.0066707e-01	 -8.8456526e-02
CCAGAT	 -3.4529999e-02	 -9.5090874e-02	 -1.8947911e-02
CCAGCA	 -1.2984841e-01	  9.0475619e-02	  1.4465581e-01
CCAGCC	  9.1482684e-02	 -1.9331519e-01	 -9.1741845e-02
CCAGCG	  5.8806431e-02	  1.5209652e-01	 -6.7530952e-02
CCAGCT	  5.3254045e-03	 -1.4986032e-01	 -9.8466702e-02
CCAGGA	  1.2411352e-01	  1.6829772e-02	  9.9238053e-02
CCAGGC	 -5.5983840e-03	 -4.0464200e-02	 -4.5747261e-02
CCAGGG	 -4.8759586e-01	  1.9758455e-01	 -7.9228915e-02
CCAGGT	  4.8484836e-02	 -2.8951883e-01	 -5.8441505e-02
CCAGTA	 -2.5702882e-01	 -2.2933210e-01	 -1.3922682e-01
CCAGTC	 -8.4822305e-02	  1.0893910e-01	  8.8449873e-02
CCAGTG	  2.5936919e-01	  1.9658545e-01	 -2.6588982e-02
CCAGTT	 -9.5968716e-02	 -1.6358230e-01	  4.6006911e-02
CCATAA	 -3.2696292e+00	 -1.4479491e-01	 -7.3984615e-03
CCATAC	  4.0435857e-01	  2.2441600e-01	  6.2416721e-02
CCATAG	 -2.8978817e+00	  1.7778294e-01	  6.7638800e-02
CCATAT	  2.2476502e-01	 -1.4679258e-01	 -6.5161064e-02
CCATCA	 -1.6660216e-01	  9.9455848e-02	  1.2383263e-01
CCATCC	  1.4484303e-02	 -1.7053610e-01	  1.6399652e-02
CCATCG	  2.3109901e-01	  1.0913585e-01	 -9.0376444e-02
CCATCT	 -1.9076125e-01	 -1.2664278e-01	 -1.1106452e-01
CCATGA	 -3.0880241e+00	  2.7803628e-02	  4.8312508e-02
CCATGC	  1.7304201e-01	  3.3939604e-02	  3.9572019e-02
CCATGG	  1.0526481e-01	  8.6324364e-02	 -1.8924817e-02
CCATGT	  4.0223051e-02	 -1.6591696e-01	 -6.1368231e-02
CCATTA	 -2.4106231e-01	  2.2882860e-02	 -1.5734880e-01
CCATTC	  1.5469217e-01	  1.0149287e-01	  1.8133797e-01
CCATTG	  2.2529233e-01	  2.3977005e-01	 -4.0789600e-02
CCATTT	 -2.0440537e-01	 -3.4034139e-01	 -3.4083124e-02
CCCAAA	 -3.8725606e-01	 -8.3380982e-02	 -1.7541926e-02
CCCAAC	  7.2250947e-02	  1.3767311e-01	  1.7092669e-01
CCCAAG	  3.0446798e-01	  9.5067129e-02	 -1.1859787e-01
CCCAAT	 -1.4193938e-02	 -1.2316947e-01	 -7.4830301e-02
CCCACA	 -1.3892660e-01	  8.8818744e-03	 -6.1458074e-02
CCCACC	  1.0956160e-01	 -1.1353840e-01	  1.8476796e-01
CCCACG	  2.2515345e-01	  2.4022339e-01	 -1.1893938e-01
CCCACT	 -1.6082312e-01	 -9.5876284e-02	 -1.0268564e-01
CCCAGA	 -4.3357968e-01	 -2.5284773e-02	  8.4433734e-02
CCCAGC	  1.6996993e-01	 -1.1364559e-03	 -7.8385128e-03
CCCAGG	 -2.0216262e-01	  2.0756531e-01	 -7.0166968e-02
CCCAGT	  1.2495708e-01	 -2.1433979e-01	 -4.0614363e-02
CCCATA	 -2.6513365e-01	 -2.1531129e-01	 -3.0863824e-01
CCCATC	  1.0572845e-01	  1.6405132e-01	  2.7206862e-01
CCCATG	  2.0572868e-01	  2.6456797e-01	 -1.6291885e-01
CCCATT	 -1.1637885e-01	 -3.0824453e-01	 -7.8565404e-02
CCCCAA	 -1.5612607e-01	 -1.7841105e-01	  8.1397437e-02
CCCCAC	 -6.1242998e-02	  1.1644130e-01	 -4.0285118e-02
CCCCAG	  3.2874548e-01	  2.0513596e-01	 -8.4769189e-02
CCCCAT	 -2.0007154e-01	 -1.6038211e-01	 -2.3089927e-02
CCCCCA	  8.8176169e-02	  1.7231570e-01	  2.3312287e-01
CCCCCC	 -1.7597102e-01	 -5.3048348e-01	 -4.5150790e-01
CCCCCG	  2.9389051e-01	  3.0605224e-01	 -5.0168302e-02
CCCCCT	 -2.4035521e-01	 -1.1402162e-01	  7.1488306e-02
CCCCGA	 -1.3821702e-01	 -1.5634218e-01	  1.3943474e-01
CCCCGC	  9.2100836e-02	  1.3595860e-01	 -1.7478964e-01
CCCCGG	 -4.4867534e-02	  1.6870894e-01	  4.9759196e-03
CCCCGT	  4.7464460e-02	 -3.3197692e-01	 -2.0256223e-02
CCCCTA	 -8.3937407e-02	  2.0727672e-02	  9.8610267e-02
CCCCTC	 -1.6717304e-01	  8.7291546e-02	  1.0269712e-01
CCCCTG	  4.0558901e-01	  2.2014828e-01	 -1.1941697e-01
CCCCTT	 -4.1973811e-01	 -3.7727493e-01	 -7.4126832e-02
CCCGAA	 -2.0897813e-01	 -1.5415059e-01	  1.0198860e-01
CCCGAC	 -3.4493141e-02	  1.7983915e-01	 -1.0278658e-01
CCCGAG	  2.4879359e-01	  4.2533800e-02	 -9.5033392e-02
CCCGAT	 -7.7218702e-03	 -2.8288877e-02	 -2.0505330e-02
CCCGCA	 -3.0121091e-01	  7.9335302e-02	  1.0716481e-02
CCCGCC	  2.3499365e-01	 -1.4425756e-01	  9.1957502e-02
CCCGCG	 -1.0518497e-01	  2.9279220e-01	 -1.7200673e-01
CCCGCT	 -9.7924367e-02	 -1.5867108e-01	 -6.1163485e-02
CCCGGA	  5.2758850e-02	 -1.6411373e-02	  2.1019426e-01
CCCGGC	  1.0111989e-01	 -5.1297512e-02	 -1.1351194e-01
CCCGGG	 -4.9379176e-01	  2.2386102e-01	 -1.8384469e-01
CCCGGT	  2.5517762e-02	 -2.4800128e-01	 -5.4981966e-02
CCCGTA	 -5.2650642e-01	 -4.1227081e-01	 -1.9853131e-01
CCCGTC	  1.4840402e-01	  2.4582778e-01	  2.0361952e-01
CCCGTG	  3.5324046e-01	  2.7364188e-01	  1.5883511e-02
CCCGTT	 -5.0043091e-02	 -1.1582941e-01	  2.8454006e-02
CCCTAA	 -3.6337259e+00	  3.2167401e-02	  2.6634298e-02
CCCTAC	  4.3398720e-01	 -4.9525686e-02	  2.1732053e-02
CCCTAG	 -3.2812316e+00	  1.7839620e-01	  6.8740338e-02
CCCTAT	  1.5130776e-01	 -1.4532018e-01	 -1.0241789e-01
CCCTCA	 -2.0703427e-01	  2.6623845e-01	  7.6821484e-02
CCCTCC	  4.2948149e-02	 -2.8879941e-01	  8.7782428e-02
CCCTCG	  2.5980654e-01	 -8.9071700e-03	 -1.3104336e-01
CCCTCT	 -3.1628498e-01	 -1.0834271e-01	 -7.3237337e-02
CCCTGA	 -3.3764863e+00	 -4.2877969e-04	  7.8133345e-02
CCCTGC	  1.8927750e-01	  3.8725372e-02	 -9.2467226e-02
CCCTGG	  7.6372638e-02	  1.0951839e-01	  2.3205915e-02
CCCTGT	 -7.2916769e-03	 -2.7729210e-01	  5.6123128e-03
CCCTTA	 -4.6665987e-01	  2.1610616e-01	 -9.0093523e-02
CCCTTC	  3.3019620e-01	  8.6194441e-02	  2.2453707e-01
CCCTTG	  3.4379639e-02	  3.9642151e-02	  3.0872086e-02
CCCTTT	 -2.3644207e-01	 -2.6359057e-01	 -1.8734571e-01
CCGAAA	 -2.9780555e-01	 -1.1057879e-01	  3.0359594e-02
CCGAAC	  1.2117162e-01	  1.0532266e-01	  2.9409202e-02
CCGAAG	  1.9759439e-01	  1.7172053e-01	 -6.4025573e-02
CCGAAT	  6.2652752e-02	 -1.0177057e-01	 -2.9919071e-02
CCGACA	 -1.1743437e-01	  3.3888131e-02	 -7.7460386e-02
CCGACC	  1.0089592e-01	 -1.8162759e-01	  1.2822631e-01
CCGACG	  2.1435919e-01	  1.7973968e-01	  2.3513379e-02
CCGACT	 -2.2858612e-01	 -1.0011474e-01	 -5.5944219e-02
CCGAGA	 -2.2072008e-01	 -4.4436953e-03	  1.5373386e-01
CCGAGC	  2.5971675e-01	 -4.8070956e-02	  1.3569194e-02
CCGAGG	 -1.1266790e-01	  2.5722545e-01	 -9.8233081e-02
CCGAGT	 -7.3985040e-02	 -2.8431538e-01	 -9.2650719e-02
CCGATA	 -2.0053260e-01	 -9.1297045e-02	 -1.7186208e-01
CCGATC	  4.5272607e-02	  7.7583708e-02	  2.2439557e-01
CCGATG	  1.5940998e-01	  2.0489472e-01	 -2.6832935e-01
CCGATT	 -9.8294169e-02	 -2.9317060e-01	  3.0743416e-02
CCGCAA	 -1.6724032e-01	 -1.7457987e-01	  1.6086133e-01
CCGCAC	 -3.3933464e-02	  2.0054584e-02	 -8.8075764e-02
CCGCAG	  2.4717751e-01	  1.5092562e-01	 -2.3061644e-01
CCGCAT	 -2.1224768e-01	 -4.7619235e-02	  3.5935726e-02
CCGCCA	 -2.7462503e-02	 -7.0696888e-03	  1.3398728e-01
CCGCCC	  6.3288368e-02	 -1.1347961e-01	 -2.9183620e-01
CCGCCG	  1.3212052e-01	  9.9922366e-02	 -1.6603236e-01
CCGCCT	 -3.0723417e-01	 -2.4685889e-02	  1.4893122e-01
CCGCGA	 -1.5739699e-01	 -2.0296705e-01	  2.4339658e-01
CCGCGC	  2.1661846e-01	 -4.6668869e-02	 -2.5888512e-01
CCGCGG	 -1.5357059e-01	  2.8519246e-01	 -1.2456694e-01
CCGCGT	 -5.6432779e-03	 -1.8201046e-01	 -9.4521940e-02
CCGCTA	 -1.2425634e-01	 -6.5859519e-02	  1.7733096e-01
CCGCTC	 -9.5832713e-02	  4.7338247e-02	  2.0108862e-02
CCGCTG	  2.4982223e-01	  1.2088714e-01	 -1.4957581e-01
CCGCTT	 -4.4757938e-01	 -2.3997450e-01	  3.8911488e-02
CCGGAA	 -1.6119665e-01	 -9.0451695e-02	  1.5947382e-01
CCGGAC	  3.1691731e-03	  7.0907280e-02	 -1.4623433e-01
CCGGAG	  1.5383855e-01	  1.0394205e-01	 -1.7335685e-01
CCGGAT	 -3.0905709e-02	 -8.8111058e-02	  2.7293644e-03
CCGGCA	 -1.7778496e-01	  2.4446752e-02	  1.8839292e-02
CCGGCC	  1.9994846e-01	 -1.8429591e-01	 -2.4825353e-05
CCGGCG	  7.8508489e-02	  1.8301757e-01	 -3.5683226e-03
CCGGCT	 -1.1275461e-01	 -1.6674423e-01	 -1.9292811e-02
CCGGGA	  4.6938896e-02	 -7.1161903e-02	  2.5520855e-01
CCGGGC	  1.2648310e-01	 -7.5942382e-02	 -1.3327932e-01
CCGGGG	 -6.1963826e-01	  2.5042334e-01	 -3.2296014e-01
CCGGGT	  5.0318446e-02	 -1.7897269e-01	 -7.5947724e-02
CCGGTA	 -2.1091007e-01	 -1.4318423e-01	  2.6298536e-03
CCGGTC	 -1.0599258e-01	  3.3205893e-02	  1.3793841e-01
CCGGTG	  2.4816485e-01	  1.6516967e-01	 -1.9482899e-01
CCGGTT	 -2.2210193e-01	 -1.9109665e-01	  4.1374248e-02
CCGTAA	 -3.2691984e+00	  1.3226223e-01	  2.4947564e-01
CCGTAC	  1.7045879e-01	 -2.6853603e-01	 -2.5943351e-01
CCGTAG	 -3.1102874e+00	  2.2525346e-01	 -3.0946067e-02
CCGTAT	  2.6055735e-01	  6.1040944e-03	  3.8628474e-02
CCGTCA	 -1.3799442e-01	  1.5871309e-01	  8.5718073e-02
CCGTCC	  4.6292931e-02	 -1.8035479e-01	 -3.3662103e-02
CCGTCG	  2.5019678e-01	  5.4517061e-02	 -3.2049865e-03
CCGTCT	 -3.6306050e-01	 -1.0645114e-01	 -5.2276764e-02
CCGTGA	 -3.0891526e+00	 -5.8744539e-02	  1.7893684e-01
CCGTGC	  2.2393931e-01	  3.3706747e-02	 -2.7791053e-02
CCGTGG	  8.3390012e-02	  1.6888082e-01	 -5.9663400e-02
CCGTGT	 -4.7902379e-02	 -3.1370336e-01	 -9.2246093e-02
CCGTTA	 -4.5659369e-01	  3.8341202e-02	 -2.4617994e-01
CCGTTC	  2.1884529e-01	  7.8259178e-02	  1.7570646e-01
CCGTTG	  1.3959952e-01	  1.1481319e-01	 -9.8920040e-02
CCGTTT	 -1.8241575e-01	 -1.8877964e-01	  1.8534007e-02
CCTAAA	 -1.6799833e-01	 -1.6233292e-01	  3.4544721e-02
CCTAAC	  5.1532384e-02	  1.8766710e-01	  9.7359121e-02
CCTAAG	  3.0250645e-01	  1.6256036e-01	 -5.3460188e-02
CCTAAT	 -1.2761471e-01	 -8.2741804e-02	 -8.0100611e-02
CCTACA	 -5.9534889e-02	  1.6500592e-02	 -2.9206743e-02
CCTACC	  7.2632782e-02	 -1.4963536e-01	 -3.3946481e-02
CCTACG	  1.1631475e-01	  1.8654247e-01	 -5.0952036e-02
CCTACT	 -1.0409527e-01	 -9.6227154e-02	  8.5821547e-02
CCTAGA	 -3.3164671e-01	 -8.7870680e-02	  1.0370204e-01
CCTAGC	  1.9568828e-01	 -2.6793955e-03	  3.1489581e-02
CCTAGG	 -1.0930385e-01	  1.3318154e-01	 -1.3546364e-01
CCTAGT	  9.2301771e-02	 -1.4377883e-02	 -9.7923949e-02
CCTATA	 -1.8675560e-01	 -1.9448541e-01	 -2.5125796e-01
CCTATC	 -6.3928426e-04	  1.5025441e-01	  2.8103128e-01
CCTATG	  1.2492801e-01	  2.8418070e-01	 -1.6373174e-01
CCTATT	  2.5630273e-02	 -3.1442791e-01	 -2.6461968e-02
CCTCAA	 -4.4241969e-02	 -8.9785859e-02	  1.4869663e-01
CCTCAC	 -6.5438338e-02	  1.0540297e-01	 -1.8254474e-02
CCTCAG	  2.6826584e-01	  3.5441875e-02	 -1.6380969e-01
CCTCAT	 -2.3375016e-01	 -1.5341975e-02	 -1.1002447e-01
CCTCCA	  2.7672149e-02	  1.0058650e-01	  1.5094310e-01
CCTCCC	 -6.5273936e-03	 -1.5708111e-01	 -3.6654305e-01
CCTCCG	  1.8367672e-01	  1.1075514e-01	 -9.1062821e-02
CCTCCT	 -2.2157802e-01	 -1.4366646e-01	  9.5998347e-03
CCTCGA	 -7.7203996e-02	 -1.0417936e-01	  2.4222329e-01
CCTCGC	  1.6781139e-01	  1.2035846e-01	 -2.2648861e-01
CCTCGG	 -1.9339989e-01	  1.1353459e-01	 -5.2989058e-02
CCTCGT	  4.3949205e-03	 -1.9147126e-01	 -1.5659614e-01
CCTCTA	 -7.4144088e-02	  3.7032727e-02	  3.1862494e-02
CCTCTC	 -1.4481200e-01	 -4.4958133e-02	  1.0883067e-01
CCTCTG	  2.9861397e-01	  1.7211840e-01	 -1.2854226e-01
CCTCTT	 -3.1926361e-01	 -2.0424861e-01	 -1.5183328e-02
CCTGAA	 -6.7972124e-02	 -1.1572272e-01	  6.4078361e-02
CCTGAC	 -1.6995774e-01	  7.4815080e-02	 -4.7853768e-02
CCTGAG	  3.2096720e-01	  1.4598718e-01	 -8.8345543e-02
CCTGAT	 -1.4329407e-01	 -5.6291834e-02	  4.4828579e-03
CCTGCA	 -1.3049848e-01	  4.1112803e-02	  2.2405300e-02
CCTGCC	  1.3998342e-01	 -2.0339767e-02	 -3.3876929e-02
CCTGCG	 -1.6071895e-02	  1.8312658e-01	 -4.1194768e-03
CCTGCT	 -1.6649676e-02	 -2.0553824e-01	  6.8379212e-03
CCTGGA	  7.5982347e-02	  7.6362388e-03	  1.7291476e-01
CCTGGC	  4.2749964e-02	 -8.2367919e-02	 -1.2565644e-01
CCTGGG	 -4.3154842e-01	  1.5105255e-01	 -5.2065048e-02
CCTGGT	  6.7944802e-02	 -5.9913173e-02	 -5.2315537e-02
CCTGTA	 -9.9282324e-02	 -2.0335919e-01	 -3.3283193e-02
CCTGTC	 -8.0390833e-02	  1.4064538e-01	  8.2650453e-02
CCTGTG	  2.1062335e-01	  2.0284846e-01	 -2.7056998e-02
CCTGTT	 -1.1726340e-01	 -3.0803421e-01	 -2.7180495e-02
CCTTAA	 -3.0780430e+00	  5.6490380e-02	  8.4348008e-02
CCTTAC	  4.4649726e-01	  1.3047667e-02	 -1.7671697e-02
CCTTAG	 -2.7316399e+00	  1.7574529e-01	 -2.1356136e-02
CCTTAT	  2.2321554e-01	 -2.6963395e-01	 -1.0290786e-01
CCTTCA	  1.2342232e-02	  5.0172124e-02	  9.1989927e-02
CCTTCC	  6.4999545e-03	  3.5504472e-02	 -2.3682702e-02
CCTTCG	  1.9380641e-01	  7.7058792e-02	 -7.9774536e-02
CCTTCT	 -2.6850274e-01	 -1.6417201e-01	 -2.1293575e-02
CCTTGA	 -3.0978434e+00	 -4.3877941e-02	  1.2665254e-01
CCTTGC	  2.0974979e-01	 -5.5553038e-03	 -8.9534052e-02
CCTTGG	  1.4202645e-03	  1.9029582e-01	 -4.1299821e-03
CCTTGT	  1.4759389e-01	 -2.9486620e-01	 -7.1577050e-02
CCTTTA	 -1.0814480e-01	  1.0272830e-01	 -1.2745827e-01
CCTTTC	  7.5717673e-02	 -3.5236166e-03	  1.9677602e-01
CCTTTG	  2.5493285e-01	  2.7669090e-01	 -9.8617494e-02
CCTTTT	 -2.9964799e-01	 -4.8629639e-01	 -2.3347765e-02
CGAAAA	 -2.7800372e-01	 -8.1139291e-03	  2.2986133e-05
CGAAAC	  5.1982891e-02	  1.4415723e-01	  8.8517942e-02
CGAAAG	  3.5550946e-01	  9.3589164e-02	 -2.7171262e-02
CGAAAT	 -1.3351636e-01	 -1.9231419e-01	 -4.3170214e-02
CGAACA	 -2.6698875e-01	  9.0588100e-02	 -8.1708662e-02
CGAACC	  2.4665746e-01	 -8.8369243e-02	 -1.0630388e-03
CGAACG	  1.6914755e-01	  9.7610481e-02	  1.7577386e-02
CGAACT	 -1.6291228e-01	 -1.6093664e-01	  6.3964523e-02
CGAAGA	 -1.1420550e-01	  2.8464334e-02	  1.5603746e-01
CGAAGC	  5.6425512e-02	  9.1546044e-02	 -8.2582131e-02
CGAAGG	  4.0228810e-02	  1.0237692e-01	 -1.3332872e-01
CGAAGT	  2.6562911e-02	 -3.6730999e-01	 -5.4909050e-02
CGAATA	 -2.6384902e-01	 -6.0044415e-02	 -1.4866190e-01
CGAATC	  1.0094049e-01	  1.4773206e-01	  2.2523232e-01
CGAATG	  1.8667671e-01	  1.7595795e-01	 -1.1473333e-01
CGAATT	 -1.4776079e-01	 -3.7808144e-01	 -2.6923371e-02
CGACAA	 -2.4613158e-01	  4.2967141e-02	  7.2443575e-02
CGACAC	  1.2117387e-03	  5.2206468e-02	 -3.3094641e-02
CGACAG	  3.1010437e-01	  7.1210854e-02	 -2.0279321e-01
CGACAT	 -1.9706240e-01	 -2.2314440e-01	  5.9595946e-02
CGACCA	 -1.7219514e-01	  1.6595121e-01	 -1.3949288e-03
CGACCC	  2.4594322e-01	 -2.5290036e-01	 -2.8275469e-01
CGACCG	  9.8408394e-02	 -3.9355718e-02	 -7.0387058e-02
CGACCT	 -2.0903300e-01	 -1.6573898e-01	  2.0236793e-01
CGACGA	 -2.1467088e-01	 -1.2471148e-01	  2.1729676e-01
CGACGC	  2.7662212e-01	  7.3325433e-02	 -2.9914927e-01
CGACGG	 -1.6438676e-01	  2.1636061e-01	 -1.3677175e-01
CGACGT	  1.1605760e-02	 -2.9026988e-01	 -1.7198472e-01
CGACTA	 -2.0981106e-01	  5.9518941e-02	  9.4584584e-02
CGACTC	 -6.1102301e-02	  3.7223510e-02	  8.2851358e-02
CGACTG	  2.9915681e-01	  1.2807691e-01	 -1.4186828e-01
CGACTT	 -3.8648385e-01	 -2.5978267e-01	 -1.0622351e-02
CGAGAA	 -2.3401605e-01	 -3.8186370e-03	  9.1471575e-02
CGAGAC	 -4.6705849e-02	  9.6433081e-02	 -1.2112588e-02
CGAGAG	  1.8062678e-01	 -2.8449621e-02	 -2.4067174e-01
CGAGAT	  6.2668838e-02	 -4.1752368e-02	  3.9964408e-02
CGAGCA	 -2.7679956e-01	  1.7954271e-01	  2.7947441e-02
CGAGCC	  3.0199271e-01	 -2.4573134e-01	 -9.7083420e-02
CGAGCG	  7.3968316e-03	  5.3589266e-02	 -4.1066762e-02
CGAGCT	 -5.8362409e-02	 -2.5346401e-01	  5.3204693e-02
CGAGGA	  6.7180529e-02	  5.5708112e-03	  1.6065255e-01
CGAGGC	  1.0344899e-01	 -3.9403901e-02	 -1.3122240e-01
CGAGGG	 -4.3613845e-01	  1.6617027e-01	 -1.4628661e-01
CGAGGT	  3.6045998e-02	 -2.7215043e-01	 -1.0607612e-01
CGAGTA	 -3.9020124e-01	 -1.6693312e-01	 -1.3899317e-01
CGAGTC	 -1.7171292e-02	  1.7566186e-01	  1.0819963e-01
CGAGTG	  2.4056475e-01	  1.5090752e-01	 -5.0773986e-02
CGAGTT	 -1.0907744e-01	 -2.9217786e-01	  7.2343960e-02
CGATAA	 -3.1893070e+00	 -1.5569399e-01	 -2.1243090e-02
CGATAC	  4.8609096e-01	  2.3040687e-01	  8.4451936e-02
CGATAG	 -2.9251351e+00	  1.2169556e-01	 -6.1926931e-02
CGATAT	  1.8747950e-01	 -1.2339245e-01	  5.3510251e-03
CGATCA	 -2.9128620e-01	  2.1791704e-01	 -4.9377037e-03
CGATCC	  1.7451818e-01	 -1.2400078e-01	  3.8278438e-02
CGATCG	  1.4047177e-01	 -1.8793590e-02	 -7.7157803e-02
CGATCT	 -2.1150817e-01	 -1.5519336e-01	  2.9172694e-02
CGATGA	 -3.0730104e+00	  2.5944853e-02	  1.3535656e-01
CGATGC	  2.6080990e-01	  7.0831284e-02	 -4.9380820e-02
CGATGG	  9.0133995e-02	  7.2984122e-02	 -8.4604219e-02
CGATGT	  2.6895599e-02	 -2.8047135e-01	 -5.1917259e-02
CGATTA	 -3.5670325e-01	  8.0140144e-02	 -1.3244125e-01
CGATTC	  2.0422953e-01	  4.5215603e-02	  1.8413541e-01
CGATTG	  2.3227789e-01	  2.4635257e-01	 -5.8590788e-02
CGATTT	 -2.8034186e-01	 -3.7838364e-01	 -4.3807924e-02
CGCAAA	 -3.7217122e-01	 -9.2855155e-02	 -1.6621783e-02
CGCAAC	  7.5354733e-02	  2.0869577e-01	  1.4557990e-01
CGCAAG	  3.8825721e-01	  1.1595930e-02	 -7.7486746e-02
CGCAAT	 -1.7703271e-01	 -1.2723741e-01	 -7.6730751e-02
CGCACA	 -4.1172051e-01	 -1.7444232e-02	 -1.6171004e-01
CGCACC	  3.9739320e-01	  2.4948470e-02	  2.3073779e-01
CGCACG	  8.6725742e-02	  1.6848101e-01	 -4.8912704e-02
CGCACT	 -1.6548428e-01	 -1.1954954e-01	 -3.7864377e-04
CGCAGA	 -4.1723314e-01	 -6.8423614e-02	  3.7225649e-02
CGCAGC	  1.9940944e-01	  4.7217108e-02	  8.7355822e-02
CGCAGG	 -1.8954875e-01	  1.4152789e-01	 -8.4170379e-02
CGCAGT	  5.9062004e-02	 -1.7936039e-01	 -1.3506481e-01
CGCATA	 -3.7178585e-01	 -1.8752687e-01	 -4.1115713e-01
CGCATC	  2.2417839e-01	  2.7775809e-01	  3.1071243e-01
CGCATG	  1.7755398e-01	  9.9189565e-02	 -2.2461195e-01
CGCATT	 -1.8049221e-01	 -3.0667958e-01	 -5.3645957e-02
CGCCAA	 -2.2851522e-01	 -1.2018646e-01	  1.0787609e-01
CGCCAC	 -8.3966270e-02	  1.7869723e-01	 -4.0443376e-02
CGCCAG	  3.3102557e-01	  5.1445846e-02	 -1.3006644e-01
CGCCAT	 -2.7875826e-01	 -1.7188451e-01	  1.5346530e-03
CGCCCA	 -1.2984315e-01	  9.8695330e-02	  2.0818483e-02
CGCCCC	  1.1963764e-01	 -2.7105269e-01	 -3.3383840e-01
CGCCCG	  1.8781662e-01	  1.0109594e-01	 -6.4520583e-02
CGCCCT	 -1.6140842e-01	 -1.0878008e-01	  2.1370502e-01
CGCCGA	 -2.0914669e-01	 -1.5735191e-01	  1.5864444e-01
CGCCGC	  1.1861980e-01	  9.2347175e-02	 -1.2206955e-01
CGCCGG	 -1.3036553e-02	  1.5964273e-01	 -9.4270217e-04
CGCCGT	 -7.3243724e-03	 -3.0013278e-01	 -6.2535293e-02
CGCCTA	 -1.6517621e-01	  8.7928161e-02	  9.2242233e-02
CGCCTC	 -1.1792546e-01	  8.7580495e-02	  8.1785508e-02
CGCCTG	  3.0256838e-01	  3.8917828e-02	 -1.2468786e-01
CGCCTT	 -3.8651511e-01	 -2.1286486e-01	 -2.5530769e-02
CGCGAA	 -2.0520353e-01	 -6.6651471e-02	  8.3459817e-02
CGCGAC	 -4.8110314e-02	  1.5508604e-01	 -2.4078691e-02
CGCGAG	  2.6298866e-01	 -2.0236153e-02	 -1.4310072e-01
CGCGAT	 -5.5152524e-02	 -8.4003717e-02	  8.2435524e-03
CGCGCA	 -4.4949347e-01	  1.0787052e-01	 -1.7967292e-03
CGCGCC	  4.0491459e-01	 -1.0586271e-01	  3.6109984e-02
CGCGCG	 -3.1500062e-01	  9.5143780e-02	 -1.6231054e-01
CGCGCT	 -1.7806779e-01	 -1.3465282e-01	  4.7966857e-02
CGCGGA	 -6.2739611e-02	 -4.2169299e-02	  1.7120729e-01
CGCGGC	  1.6230522e-01	 -6.1638232e-02	 -9.2868559e-02
CGCGGG	 -5.1762152e-01	  2.8507894e-01	 -6.2029343e-02
CGCGGT	  2.8641764e-02	 -2.8013116e-01	 -1.1058350e-01
CGCGTA	 -2.9019064e-01	 -9.6422046e-02	 -7.9671621e-02
CGCGTC	  1.6248001e-01	  2.2304502e-01	  1.3077863e-01
CGCGTG	  1.4826608e-01	 -2.7231292e-03	 -1.8148069e-01
CGCGTT	 -2.0720193e-01	 -2.1453995e-01	  4.5288093e-02
CGCTAA	 -3.6670310e+00	  3.9161440e-02	  1.2472344e-02
CGCTAC	  4.2238441e-01	 -1.8710763e-03	 -3.2942809e-02
CGCTAG	 -3.3798871e+00	  8.3584338e-02	  6.4512558e-02
CGCTAT	  1.6139998e-01	 -1.1933930e-01	 -3.3006288e-02
CGCTCA	 -3.5387707e-01	  2.3643413e-01	  2.9856361e-02
CGCTCC	  2.8389522e-01	 -1.6809534e-01	  6.3654676e-02
CGCTCG	  8.0739051e-02	 -1.4345114e-01	 -1.5667267e-01
CGCTCT	 -3.4527925e-01	 -4.1063659e-02	  1.1776504e-02
CGCTGA	 -3.4890933e+00	  1.4654722e-02	  6.5972060e-03
CGCTGC	  1.5060420e-01	 -7.6161656e-03	 -9.8914118e-04
CGCTGG	  1.3598123e-01	  1.3434425e-01	  4.1376691e-02
CGCTGT	 -2.7907113e-02	 -2.7187061e-01	 -6.4971082e-02
CGCTTA	 -5.7522482e-01	  1.8882790e-01	 -2.1700625e-01
CGCTTC	  3.1229982e-01	  7.7850461e-02	  1.8362164e-01
CGCTTG	  4.7745068e-02	 -4.5183472e-02	 -1.7396235e-01
CGCTTT	 -1.8385556e-01	 -1.7868967e-01	  3.0297847e-02
CGGAAA	 -2.8487626e-01	 -6.1899830e-02	 -7.9671815e-03
CGGAAC	  1.2607910e-01	  1.5069960e-01	  5.2310210e-02
CGGAAG	  2.4185835e-01	  7.8435972e-02	 -1.2964750e-02
CGGAAT	 -2.0922497e-02	 -1.2214784e-01	 -2.0083845e-02
CGGACA	 -1.8694727e-01	  6.9099523e-02	 -1.0749526e-01
CGGACC	  2.3612414e-01	 -2.0575446e-01	  1.9738674e-01
CGGACG	  1.5535012e-01	  9.2926569e-02	  1.0702642e-02
CGGACT	 -1.6917363e-01	 -8.1280880e-02	 -4.2850424e-02
CGGAGA	 -2.3073901e-01	 -8.5095421e-04	 -9.0922497e-02
CGGAGC	  1.6601507e-01	  1.3907220e-02	  5.0248452e-02
CGGAGG	 -8.5386418e-02	  1.1358485e-01	  6.3687950e-02
CGGAGT	  6.5558076e-02	 -2.0531853e-01	 -4.1822311e-02
CGGATA	 -1.5730034e-01	  2.7373014e-02	 -2.3610826e-01
CGGATC	  1.1069167e-01	  7.3836185e-02	  2.7785292e-01
CGGATG	  1.0031191e-01	  1.4949866e-01	 -3.2616490e-01
CGGATT	 -1.1886116e-01	 -3.4457156e-01	  4.0622022e-02
CGGCAA	 -2.3940416e-01	 -1.7175393e-01	  7.0329793e-02
CGGCAC	  9.0619825e-02	  8.9014657e-02	 -3.3617213e-02
CGGCAG	  2.1597224e-01	  1.8106912e-01	 -7.1099363e-02
CGGCAT	 -1.8975288e-01	 -1.7962247e-01	 -5.1771770e-03
CGGCCA	 -1.8140344e-01	  8.4112138e-02	 -2.4511660e-02
CGGCCC	  2.7541593e-01	 -1.2676851e-01	 -1.6913106e-01
CGGCCG	  2.0203041e-01	  1.4116757e-02	 -1.2874995e-01
CGGCCT	 -3.1546563e-01	 -1.8399920e-01	  2.2198682e-01
CGGCGA	 -1.0922462e-01	 -2.2486269e-01	  7.3694520e-02
CGGCGC	  2.8256333e-01	  6.5615594e-02	 -2.6718697e-01
CGGCGG	 -1.3478807e-01	  2.1352147e-01	  8.3699673e-02
CGGCGT	 -6.0732152e-02	 -4.0877831e-01	 -9.4872877e-02
CGGCTA	 -1.4489338e-01	  1.9038782e-02	  1.2362477e-01
CGGCTC	 -6.0839694e-02	  1.0480746e-01	  1.2247016e-01
CGGCTG	  2.6451495e-01	  1.2142617e-01	 -1.9268247e-01
CGGCTT	 -4.5714119e-01	 -3.8662282e-01	 -2.5310483e-02
CGGGAA	 -1.5280892e-01	  1.1732227e-03	  9.4115339e-02
CGGGAC	 -2.3470093e-01	 -2.1611167e-01	 -3.5401076e-01
CGGGAG	  2.9843852e-01	  2.2224709e-01	  7.2779521e-02
CGGGAT	  8.2052559e-02	  1.3056410e-02	  1.3499017e-01
CGGGCA	 -2.3823486e-01	  1.2153932e-01	  2.1953009e-02
CGGGCC	  2.9482150e-01	 -2.7317014e-01	 -2.7224780e-03
CGGGCG	  5.6647547e-02	  9.6587710e-02	 -5.7342947e-02
CGGGCT	 -1.5752614e-01	 -1.7749248e-01	  2.0163625e-02
CGGGGA	  3.0424714e-02	 -5.0889630e-02	  1.7712300e-01
CGGGGC	  1.9766122e-01	 -1.8807026e-02	 -8.2476363e-02
CGGGGG	 -5.3910422e-01	  1.9275644e-01	 -1.2264062e-01
CGGGGT	  1.9278197e-02	 -2.9241624e-01	 -1.0513488e-01
CGGGTA	 -3.7469572e-01	 -1.2724349e-01	 -1.2997566e-01
CGGGTC	 -2.4314778e-02	  2.1437281e-01	  2.3425518e-01
CGGGTG	  2.7659658e-01	  9.8569795e-02	 -3.3267665e-01
CGGGTT	 -2.6049733e-01	 -3.3877921e-01	  9.3032770e-02
CGGTAA	 -3.0939946e+00	  6.0376234e-02	 -1.4744881e-02
CGGTAC	  4.9455974e-01	  2.1933271e-02	  3.6133472e-02
CGGTAG	 -2.9370682e+00	  7.9305932e-02	  5.7493560e-02
CGGTAT	  1.2675034e-01	 -1.9367442e-01	 -6.3553333e-02
CGGTCA	 -2.4944068e-01	  2.6216960e-01	  7.5167296e-03
CGGTCC	  9.9139176e-02	 -2.9699436e-01	 -1.2140635e-01
CGGTCG	  2.0235182e-01	 -9.3967997e-02	  2.6159240e-02
CGGTCT	 -1.8062925e-01	 -1.0782405e-01	  8.8294469e-02
CGGTGA	 -2.8289499e+00	  2.5755098e-02	 -2.2866407e-03
CGGTGC	  3.2091433e-01	  4.3140195e-02	 -1.0999745e-01
CGGTGG	 -9.4931848e-02	  8.0911957e-02	  1.1523877e-01
CGGTGT	  7.8638360e-02	 -3.4117067e-01	 -1.2967105e-01
CGGTTA	 -3.2679030e-01	  1.9116965e-01	 -1.1899425e-01
CGGTTC	  2.2036880e-01	  8.1872217e-02	  2.5291702e-01
CGGTTG	  9.1257624e-02	  4.2511690e-02	 -1.1130892e-01
CGGTTT	 -1.4857486e-01	 -2.6994210e-01	 -9.6641041e-02
CGTAAA	 -2.7169377e-01	 -1.6306913e-01	  7.9158796e-03
CGTAAC	  1.4153966e-01	  1.9222675e-01	  1.3557108e-01
CGTAAG	  3.1433165e-01	  1.7802721e-01	 -9.8725237e-02
CGTAAT	 -1.0929190e-01	 -9.2810288e-02	 -4.7061060e-02
CGTACA	 -1.4689584e-01	  1.4791484e-01	  5.7764955e-02
CGTACC	  4.6284747e-01	  9.4833314e-02	  2.7501798e-01
CGTACG	  1.7876978e-01	  3.0687979e-01	  4.8915610e-02
CGTACT	 -2.7951521e-01	 -3.4431231e-01	 -1.7611575e-01
CGTAGA	 -2.3813362e-01	 -6.0154114e-02	  1.5518278e-01
CGTAGC	  2.0566010e-01	  5.0873286e-03	 -2.9871816e-02
CGTAGG	 -3.7510119e-02	  1.2049829e-01	 -1.1403317e-01
CGTAGT	 -2.0574996e-02	 -4.3510355e-02	 -1.1269001e-01
CGTATA	 -3.0837026e-01	 -1.5543370e-01	 -3.4037513e-01
CGTATC	  2.0155467e-01	  2.6527300e-01	  3.4032109e-01
CGTATG	  9.5484279e-02	  1.2192998e-01	 -2.3677000e-01
CGTATT	 -5.8202013e-02	 -2.9776070e-01	  1.8269163e-02
CGTCAA	 -1.6129845e-01	 -2.8168241e-02	  1.5426458e-01
CGTCAC	  1.3965230e-02	  7.0007443e-02	 -1.2579934e-02
CGTCAG	  2.8298724e-01	  6.3977130e-02	 -1.7927656e-01
CGTCAT	 -2.3264308e-01	 -8.5785359e-02	 -6.6786423e-02
CGTCCA	 -1.4885147e-01	  1.2868904e-01	  1.2240119e-01
CGTCCC	  2.9554373e-01	 -1.3055848e-01	 -4.0423173e-01
CGTCCG	  1.3313094e-01	  4.5434255e-02	 -1.4853875e-01
CGTCCT	 -2.5075838e-01	 -1.5828629e-01	  6.6900000e-02
CGTCGA	 -2.7685067e-01	 -8.5080177e-02	  2.4186465e-01
CGTCGC	  2.5541553e-01	  5.4081339e-02	 -2.8888392e-01
CGTCGG	 -1.8682283e-01	  1.9483377e-01	 -1.1213402e-02
CGTCGT	 -2.1589059e-02	 -2.0582511e-01	 -1.3368163e-01
CGTCTA	 -1.9234280e-01	  1.0382736e-01	  1.3281366e-01
CGTCTC	 -6.6562563e-02	 -4.6217021e-02	  7.4223787e-02
CGTCTG	  2.6950905e-01	  8.8237226e-02	 -1.7032221e-01
CGTCTT	 -3.6106551e-01	 -1.6429166e-01	 -9.2941392e-03
CGTGAA	 -1.7457639e-01	 -9.4636135e-02	  6.1149634e-02
CGTGAC	 -3.2141518e-02	  6.4962991e-02	 -2.5266500e-02
CGTGAG	  2.2666846e-01	  8.1499837e-02	 -1.8660338e-01
CGTGAT	 -4.0513273e-02	 -2.7987059e-02	  5.7208970e-02
CGTGCA	 -3.8552821e-01	  1.0518631e-01	 -1.0565349e-02
CGTGCC	  3.3614433e-01	 -6.7549370e-02	 -3.6470734e-02
CGTGCG	 -2.0693396e-01	  9.0011224e-02	 -5.9043631e-02
CGTGCT	 -6.7027129e-02	 -1.7209698e-01	  7.5124770e-02
CGTGGA	 -3.5829910e-03	  8.5028157e-02	  1.6362561e-01
CGTGGC	  1.3602984e-01	 -9.1071375e-02	 -1.5544614e-01
CGTGGG	 -5.7262665e-01	  9.3760706e-02	 -4.5587264e-02
CGTGGT	  6.7619480e-02	 -1.1485590e-01	 -1.7601820e-02
CGTGTA	 -2.7339172e-01	 -1.0285904e-01	 -8.2601577e-02
CGTGTC	  7.8282051e-02	  2.2613169e-01	  1.8693031e-01
CGTGTG	  1.4762646e-01	  9.3491994e-02	 -1.0011373e-01
CGTGTT	 -1.5212657e-01	 -3.9872855e-01	 -7.5682485e-03
CGTTAA	 -3.1795859e+00	  7.6032020e-02	  7.7099755e-02
CGTTAC	  4.8911077e-01	 -4.0853646e-02	  4.3874551e-02
CGTTAG	 -2.9378171e+00	  1.3635884e-01	 -4.9481157e-02
CGTTAT	  1.4709413e-01	 -2.1362694e-01	 -1.0519751e-01
CGTTCA	 -2.8590563e-01	  7.6677233e-02	  4.3942261e-02
CGTTCC	  2.6544258e-01	  6.1778031e-02	  8.9333229e-02
CGTTCG	  1.1260257e-01	 -3.4025440e-03	 -1.5363987e-01
CGTTCT	 -2.8000155e-01	 -1.5110810e-01	 -5.9846719e-03
CGTTGA	 -3.1717267e+00	 -1.8693589e-02	  1.1950704e-01
CGTTGC	  2.2618741e-01	  8.0663718e-02	 -1.3927881e-01
CGTTGG	  1.5928042e-01	  1.4662509e-01	  4.6294510e-02
CGTTGT	 -5.0298523e-02	 -3.3156902e-01	 -6.6812597e-02
CGTTTA	 -3.0624363e-01	  1.4043371e-01	 -9.1462545e-02
CGTTTC	  2.1040037e-01	  5.0808117e-02	  1.9609062e-01
CGTTTG	  2.4195093e-01	  1.7485571e-01	 -6.7284135e-03
CGTTTT	 -3.6235398e-01	 -3.7602586e-01	 -1.0801959e-01
CTAAAA	 -3.8338983e-01	 -2.3372404e-02	 -1.6732533e-01
CTAAAC	  1.2738661e-01	  7.7978276e-02	  1.7344426e-01
CTAAAG	  3.6383447e-01	  2.3704685e-01	  1.5702264e-01
CTAAAT	 -1.1966714e-01	 -2.8585008e-01	 -6.5445378e-02
CTAACA	 -2.1823816e-01	  1.2570833e-02	 -9.7683333e-02
CTAACC	  2.6630452e-01	  2.0114398e-02	  8.5634939e-02
CTAACG	  1.5523790e-01	  1.4698955e-01	  1.4515664e-01
CTAACT	 -2.3612747e-01	 -1.5530565e-01	 -8.3088793e-02
CTAAGA	 -2.4123704e-01	  7.3835053e-02	 -2.4121379e-02
CTAAGC	  1.2553208e-01	 -1.5638024e-02	 -4.6332352e-02
CTAAGG	  4.2413238e-02	  2.3885913e-01	  1.4140069e-01
CTAAGT	  1.3968361e-03	 -4.1912991e-01	 -4.4618491e-02
CTAATA	 -2.5591508e-01	 -4.2731557e-02	  2.8874248e-02
CTAATC	  2.2155252e-01	  2.2981174e-01	  1.6401966e-01
CTAATG	  2.3490238e-01	  2.1652497e-01	  6.5099031e-02
CTAATT	 -2.4635905e-01	 -4.2446411e-01	 -1.8129148e-01
CTACAA	 -1.8992136e-01	  3.6423355e-02	  6.4637803e-02
CTACAC	 -4.5083266e-02	  1.1191370e-02	  1.9717600e-02
CTACAG	  4.1112477e-01	  1.1980662e-01	 -7.8624904e-02
CTACAT	 -3.4004280e-01	 -1.8821880e-01	 -6.1165385e-02
CTACCA	 -1.1466261e-01	  1.2528144e-01	  1.0217900e-01
CTACCC	  1.9501820e-01	 -1.5711312e-01	 -3.6568922e-01
CTACCG	  1.4979210e-01	  8.5118048e-02	  1.4655572e-02
CTACCT	 -2.8322518e-01	 -2.0593683e-01	  3.7245225e-02
CTACGA	 -1.6713461e-01	 -1.5180410e-01	  1.8187346e-01
CTACGC	  2.4361904e-01	  9.6623436e-02	 -1.9411719e-01
CTACGG	 -1.2521186e-01	  2.4227004e-01	 -1.3810438e-02
CTACGT	 -3.1566069e-02	 -2.8343892e-01	 -1.9438845e-01
CTACTA	 -2.8415477e-01	  2.5238337e-02	  2.3936663e-02
CTACTC	  1.0589093e-01	  1.9146565e-01	  1.0064555e-01
CTACTG	  3.0594695e-01	  1.1082458e-01	 -4.8563123e-02
CTACTT	 -3.4604242e-01	 -3.5781494e-01	 -5.3857449e-02
CTAGAA	 -2.4599050e-01	 -7.8672305e-02	 -1.5009989e-01
CTAGAC	  7.3402695e-02	  1.5106271e-01	  1.3595864e-01
CTAGAG	  2.5088575e-01	  1.4410023e-01	  8.6256117e-02
CTAGAT	 -7.5199470e-02	 -2.0692058e-01	 -1.5385259e-02
CTAGCA	 -2.7196887e-01	  1.1675381e-01	 -8.5722692e-02
CTAGCC	  2.7058989e-01	 -1.5366748e-01	  5.2474905e-02
CTAGCG	  5.8242228e-02	  1.6880713e-01	  1.9318226e-01
CTAGCT	 -1.1471277e-01	 -1.7500959e-01	 -9.8526590e-02
CTAGGA	 -2.8831447e-02	 -2.8157688e-03	 -8.5810401e-02
CTAGGC	  1.8978533e-01	  3.5020776e-02	 -7.8191143e-03
CTAGGG	 -4.0358877e-01	  1.6991538e-01	  9.0031207e-02
CTAGGT	  5.5020601e-03	 -2.9333216e-01	  2.2000799e-02
CTAGTA	 -2.7889901e-01	 -7.1652971e-02	  6.9778383e-02
CTAGTC	  1.7434230e-01	  1.8665755e-01	  1.3751981e-01
CTAGTG	  2.3982655e-01	  1.5677421e-01	  1.8648092e-02
CTAGTT	 -2.6216027e-01	 -2.7075201e-01	 -1.6490953e-01
CTATAA	 -3.1019337e+00	  4.1059246e-03	 -3.8550424e-03
CTATAC	  5.4001212e-01	  1.8089567e-01	  1.3812716e-01
CTATAG	 -2.7894738e+00	  1.7168418e-01	 -8.0241347e-03
CTATAT	  9.4159648e-02	 -2.3668869e-01	 -6.4950489e-02
CTATCA	 -2.4257949e-01	  8.8874817e-02	 -2.7138084e-02
CTATCC	  2.4696609e-01	 -2.5542710e-02	  1.3120237e-01
CTATCG	  1.9952117e-01	  1.4195427e-01	 -5.4588344e-02
CTATCT	 -3.4654683e-01	 -2.7023518e-01	 -4.7461174e-02
CTATGA	 -2.9697273e+00	 -2.2755774e-02	  4.5424044e-02
CTATGC	  2.6861435e-01	  9.8594792e-02	  4.7923882e-02
CTATGG	  2.1268690e-01	  2.0140988e-01	  1.3695979e-02
CTATGT	 -1.6317043e-01	 -3.5412061e-01	 -9.7896315e-02
CTATTA	 -4.2861038e-01	  1.1443772e-02	 -2.3343423e-01
CTATTC	  3.2404825e-01	  1.6809927e-01	  1.9041419e-01
CTATTG	  2.4297394e-01	  2.6379392e-01	  1.0551080e-02
CTATTT	 -2.4845229e-01	 -3.8875639e-01	  1.2371386e-03
CTCAAA	 -4.2677322e-01	 -4.4232536e-02	  3.1777810e-02
CTCAAC	  1.2755866e-01	  7.9940483e-02	  8.7717496e-02
CTCAAG	  3.2824898e-01	  1.2875108e-01	 -5.4289136e-02
CTCAAT	 -1.5649402e-01	 -1.4562678e-01	 -8.6306982e-02
CTCACA	 -2.7620387e-01	 -2.0004362e-02	 -6.5825142e-02
CTCACC	  2.8252855e-01	 -9.7746417e-02	  1.4064457e-01
CTCACG	  1.5871564e-01	  1.7162967e-01	 -7.4146360e-02
CTCACT	 -3.2013494e-01	 -3.8416707e-03	 -5.0672624e-02
CTCAGA	 -5.4189694e-01	 -5.6138862e-02	  1.7804497e-01
CTCAGC	  2.1994334e-01	 -2.3929563e-03	 -1.5907774e-02
CTCAGG	 -2.1625860e-01	  2.5062236e-01	 -4.2807255e-02
CTCAGT	  1.5414378e-02	 -2.0214580e-01	 -1.7908177e-01
CTCATA	 -3.0000386e-01	 -1.9339092e-01	 -3.0924615e-01
CTCATC	  2.3596153e-01	  1.4618745e-01	  3.3232442e-01
CTCATG	  1.4465833e-01	  2.9289678e-01	 -2.4700306e-01
CTCATT	 -2.4068505e-01	 -3.1673008e-01	 -2.0389055e-01
CTCCAA	 -1.6644886e-01	 -8.3645850e-02	  1.2877496e-01
CTCCAC	 -9.2866920e-02	  7.2029121e-02	 -2.1471739e-02
CTCCAG	  2.5937760e-01	  1.0405887e-01	 -1.1069240e-01
CTCCAT	 -1.5383935e-01	 -1.4606623e-01	 -3.8511485e-02
CTCCCA	 -3.5407804e-02	  1.1253161e-01	  7.8306988e-02
CTCCCC	  4.6113536e-02	 -2.4816766e-01	 -2.6977473e-01
CTCCCG	  1.9549669e-01	  1.8160316e-01	 -9.9432627e-03
CTCCCT	 -2.5159377e-01	 -1.7079709e-01	  8.9597829e-02
CTCCGA	 -1.8513554e-01	 -1.3299412e-01	  1.5393618e-01
CTCCGC	  1.2763526e-01	  8.0073975e-02	 -1.3828415e-01
CTCCGG	  1.9864712e-02	  1.6292799e-01	  4.0757176e-02
CTCCGT	 -5.7235967e-02	 -2.6315767e-01	 -1.0462639e-01
CTCCTA	 -4.5888506e-02	  9.6669436e-02	  8.2798049e-02
CTCCTC	 -1.2078997e-01	  7.6128887e-03	  1.2987173e-01
CTCCTG	  3.2680416e-01	  1.7585012e-01	 -1.4371544e-01
CTCCTT	 -3.6301804e-01	 -2.9178217e-01	 -1.1382534e-01
CTCGAA	 -3.0670974e-01	 -9.8800100e-02	  4.5496970e-02
CTCGAC	  3.4949798e-02	  1.0062567e-01	  3.4380425e-03
CTCGAG	  2.6882148e-01	  1.1950484e-01	 -1.0960356e-01
CTCGAT	 -3.5781998e-02	 -9.2520423e-02	  9.7561842e-03
CTCGCA	 -3.1452930e-01	  1.0280275e-01	  1.0318684e-02
CTCGCC	  3.5284358e-01	 -8.2719840e-02	  4.8565071e-02
CTCGCG	 -1.7660394e-01	  1.9939201e-01	 -5.4342110e-02
CTCGCT	 -2.4851634e-01	 -1.9884765e-01	 -3.0977007e-02
CTCGGA	  6.4871018e-03	 -2.1331828e-02	  1.9450724e-01
CTCGGC	  2.0286304e-01	 -7.9097368e-02	 -1.6938357e-02
CTCGGG	 -4.2646867e-01	  3.7314504e-01	 -2.4180023e-02
CTCGGT	 -1.4313902e-01	 -3.5441938e-01	 -2.0825385e-01
CTCGTA	 -3.2487434e-01	 -2.4027468e-01	 -1.3086456e-01
CTCGTC	  1.6125996e-01	  1.1661997e-01	  1.8864831e-01
CTCGTG	  2.5534669e-01	  2.9389438e-01	 -8.1519671e-02
CTCGTT	 -2.4085489e-01	 -2.7344495e-01	 -7.9234846e-02
CTCTAA	 -3.5837398e+00	  5.4515507e-02	 -4.3617729e-02
CTCTAC	  4.7607481e-01	  1.2421464e-03	  5.4306310e-02
CTCTAG	 -3.3493328e+00	  1.4488399e-01	  1.1622066e-01
CTCTAT	  3.9860085e-02	 -2.0620023e-01	 -9.0687290e-02
CTCTCA	 -2.3260832e-01	  2.2664128e-01	  9.0319939e-02
CTCTCC	  3.0709702e-01	 -1.1520780e-01	  1.0857745e-01
CTCTCG	  2.0839873e-01	  1.0455828e-01	  4.2851194e-04
CTCTCT	 -5.8753037e-01	 -2.1394016e-01	 -1.6132648e-01
CTCTGA	 -3.3408947e+00	 -8.6843595e-04	  1.1479912e-01
CTCTGC	  2.6903632e-01	  3.6516748e-02	 -5.2214723e-02
CTCTGG	  5.5300862e-02	  1.8621716e-01	  1.0420755e-01
CTCTGT	 -1.7703730e-01	 -3.9233640e-01	 -1.9176358e-01
CTCTTA	 -6.5901595e-01	  1.6356757e-01	 -2.0669004e-01
CTCTTC	  3.3510441e-01	  7.0198908e-02	  2.7761269e-01
CTCTTG	 -1.2509805e-01	  5.7702761e-02	 -9.5396280e-02
CTCTTT	 -1.5633769e-01	 -2.3239636e-01	 -1.7540088e-01
CTGAAA	 -3.8790023e-01	 -5.3325068e-02	 -1.6339490e-01
CTGAAC	  1.7552081e-01	  6.7627765e-02	  1.7345206e-01
CTGAAG	  2.9201010e-01	  1.4037278e-01	  6.4499043e-02
CTGAAT	 -1.5306637e-01	 -1.3712679e-01	 -4.5359442e-03
CTGACA	 -3.8026810e-01	  2.7184173e-02	 -8.5900493e-02
CTGACC	  3.1577724e-01	 -1.3307650e-01	  1.2370612e-02
CTGACG	  1.4890766e-01	  1.7831805e-01	  1.6160654e-01
CTGACT	 -3.4158909e-01	 -7.2478160e-02	 -4.9255140e-02
CTGAGA	 -3.2364231e-01	  3.5053238e-03	 -1.8325886e-02
CTGAGC	  2.0902935e-01	 -9.5251426e-02	 -6.5131769e-02
CTGAGG	 -6.5641530e-02	  2.7138060e-01	  9.5548391e-02
CTGAGT	 -2.5976207e-02	 -2.8382924e-01	  3.2315112e-03
CTGATA	 -3.2269883e-01	 -2.5576590e-02	  6.8759032e-02
CTGATC	  2.1806711e-01	  6.2889762e-02	  6.8405397e-02
CTGATG	  1.5457362e-01	  1.8104447e-01	  6.1471888e-04
CTGATT	 -2.3265198e-01	 -2.7118033e-01	 -1.1179060e-01
CTGCAA	 -2.4418169e-01	 -1.3189757e-01	  1.0878123e-01
CTGCAC	  1.5604709e-02	  1.7371552e-02	 -9.3175471e-04
CTGCAG	  2.6271188e-01	  1.6743028e-01	 -2.5006920e-01
CTGCAT	 -3.1780839e-01	 -1.4717631e-01	  7.2819807e-02
CTGCCA	 -2.3154037e-01	 -1.0730913e-02	 -1.1862875e-02
CTGCCC	  3.1827793e-01	 -4.4845729e-03	 -1.3513617e-01
CTGCCG	  8.0598362e-02	  1.1604065e-01	 -5.6845136e-02
CTGCCT	 -3.9348587e-01	 -1.2831452e-01	  1.5010509e-01
CTGCGA	 -1.9261076e-01	 -1.4137648e-01	  1.8803847e-01
CTGCGC	  2.7662012e-01	 -2.1783404e-02	 -2.0160483e-01
CTGCGG	 -2.1485785e-01	  2.5929248e-01	 -3.6988143e-02
CTGCGT	 -2.9206246e-02	 -3.1239095e-01	 -1.0475243e-01
CTGCTA	 -1.6969350e-01	  8.1379302e-03	  1.6862489e-01
CTGCTC	  8.0535278e-02	  1.3431074e-01	  1.4313218e-01
CTGCTG	  1.1315881e-01	  1.8198518e-02	 -2.7172172e-01
CTGCTT	 -3.6327270e-01	 -2.7126524e-01	  6.3899107e-02
CTGGAA	 -3.1300759e-01	 -7.5415477e-02	  6.9504030e-02
CTGGAC	  1.3451585e-01	  1.9113895e-02	  2.4542561e-02
CTGGAG	  2.0362532e-01	  1.2950802e-01	 -2.4737339e-01
CTGGAT	 -1.4785595e-01	 -1.0648021e-01	  8.3176792e-02
CTGGCA	 -4.0563077e-01	  7.8538388e-02	  3.3307031e-02
CTGGCC	  3.1331193e-01	 -2.2579810e-01	 -2.6906019e-01
CTGGCG	 -2.1227298e-02	  2.3555383e-01	  3.1662550e-02
CTGGCT	 -2.3300157e-01	 -1.6443919e-01	  1.2832280e-01
CTGGGA	 -7.4865215e-02	 -5.1876713e-02	  1.8505521e-01
CTGGGC	  2.3953408e-01	 -5.0687145e-02	 -1.8319608e-01
CTGGGG	 -5.6959438e-01	  2.4945764e-01	 -9.3679558e-03
CTGGGT	 -9.7090021e-02	 -2.0493971e-01	 -7.4669272e-02
CTGGTA	 -3.7859318e-01	 -6.4939879e-02	 -8.2877890e-04
CTGGTC	  3.0711628e-02	 -3.6080729e-02	  1.0100074e-02
CTGGTG	  2.6310501e-01	  1.9313683e-01	 -7.5323530e-02
CTGGTT	 -3.1026632e-01	 -2.0887800e-01	  5.5370282e-02
CTGTAA	 -3.6655736e+00	  4.7033310e-02	  1.7474655e-02
CTGTAC	  5.4302120e-01	 -2.0300294e-03	  3.7374783e-02
CTGTAG	 -3.4686201e+00	  1.9314888e-01	 -2.2616021e-02
CTGTAT	 -1.5878186e-02	 -2.6068559e-01	 -3.0020498e-02
CTGTCA	 -4.7325271e-01	  8.8058285e-02	 -9.1338612e-02
CTGTCC	  2.8842524e-01	 -4.7412179e-02	  1.2502925e-01
CTGTCG	  1.8951024e-01	  7.5342372e-02	  7.4704742e-04
CTGTCT	 -4.3844390e-01	 -1.5210386e-01	 -5.3062089e-02
CTGTGA	 -3.5710239e+00	  3.1415228e-02	  1.5061343e-01
CTGTGC	  2.9387918e-01	  2.0389531e-02	 -7.6337107e-03
CTGTGG	  1.4482698e-01	  1.9893664e-01	 -4.6085950e-02
CTGTGT	 -3.2463008e-01	 -4.2832741e-01	 -9.2855193e-02
CTGTTA	 -4.3951586e-01	  1.6931453e-01	 -2.2382390e-01
CTGTTC	  3.5469601e-01	  1.6196352e-01	  2.3184156e-01
CTGTTG	  1.1072481e-02	  2.2727287e-05	 -2.0664084e-01
CTGTTT	 -2.5330561e-01	 -2.5612324e-01	  3.9252922e-02
CTTAAA	 -2.7347150e-01	 -1.7033482e-01	  5.0190434e-02
CTTAAC	  1.4738998e-01	  1.7507140e-01	  5.8396403e-02
CTTAAG	  3.0819559e-01	  1.3791731e-01	  2.1765834e-02
CTTAAT	 -1.5129322e-01	 -5.0611138e-02	 -1.4284110e-01
CTTACA	 -2.5804177e-01	 -4.2281818e-02	 -9.9963449e-02
CTTACC	  2.5669250e-01	 -9.2145614e-02	  1.2883760e-01
CTTACG	  1.5169920e-01	  2.1152042e-01	 -1.7899252e-02
CTTACT	 -1.7441912e-01	 -4.2817339e-02	  3.3862647e-03
CTTAGA	 -3.4532300e-01	 -2.2922287e-02	  1.5546466e-01
CTTAGC	  2.3962429e-01	 -4.7822092e-02	 -1.9162690e-02
CTTAGG	 -1.1911834e-01	  1.4208783e-01	 -5.4450817e-02
CTTAGT	 -2.8689064e-02	 -4.4709954e-02	 -1.4827915e-01
CTTATA	 -1.5309428e-01	 -7.0065752e-02	 -2.2288495e-01
CTTATC	  1.2474041e-01	  8.7120093e-02	  3.1334269e-01
CTTATG	  1.5140314e-01	  2.8695151e-01	 -2.5103128e-01
CTTATT	 -1.1244578e-01	 -3.2500601e-01	 -8.6898699e-02
CTTCAA	 -1.1949620e-01	 -3.8487725e-02	  9.4592534e-02
CTTCAC	 -1.6844323e-02	  3.6221214e-02	  3.2140858e-02
CTTCAG	  2.9152745e-01	  1.4462489e-01	 -2.2439209e-01
CTTCAT	 -2.8911307e-01	 -1.4908168e-01	 -2.8197549e-03
CTTCCA	 -7.2105318e-02	  7.9906113e-02	  1.7488429e-02
CTTCCC	  1.7959705e-01	 -7.1728200e-02	 -1.5520413e-01
CTTCCG	  1.1687115e-01	  1.4201328e-01	  1.8187001e-02
CTTCCT	 -2.0229898e-01	 -1.9597134e-01	  5.0359897e-02
CTTCGA	 -1.2909093e-01	 -1.4280376e-01	  2.0922740e-01
CTTCGC	  2.1773760e-01	  9.1706999e-02	 -1.7170972e-01
CTTCGG	 -1.1896593e-01	  1.7014663e-01	 -8.1150308e-02
CTTCGT	 -6.2078618e-02	 -1.7071307e-01	 -1.3526361e-01
CTTCTA	 -8.8116638e-02	  5.5485707e-02	  9.2020586e-02
CTTCTC	 -2.6691396e-02	  6.1043445e-02	  6.0773727e-02
CTTCTG	  2.9502729e-01	  1.5855928e-01	 -1.0341992e-01
CTTCTT	 -3.3511791e-01	 -2.7473775e-01	 -3.1347904e-02
CTTGAA	 -1.5188260e-01	 -1.2940696e-01	  5.9892546e-02
CTTGAC	 -7.8855632e-03	  9.9163115e-02	 -5.0410819e-03
CTTGAG	  2.3315044e-01	  8.7049007e-02	 -2.3547160e-02
CTTGAT	 -7.7456765e-02	 -1.6467188e-02	 -6.6189297e-02
CTTGCA	 -2.2632967e-01	 -4.8533534e-03	 -1.9799513e-04
CTTGCC	  2.3186241e-01	  1.0257876e-03	  8.3073005e-03
CTTGCG	 -4.1771438e-02	  1.7262493e-01	  1.1019183e-02
CTTGCT	 -8.7899454e-02	 -1.5794548e-01	 -1.5429673e-02
CTTGGA	  5.2223273e-02	  7.0428848e-02	  2.3392706e-01
CTTGGC	  9.5722526e-02	 -1.2317026e-01	 -1.3347982e-01
CTTGGG	 -4.2540899e-01	  1.2470035e-01	 -2.5761958e-02
CTTGGT	  1.7709665e-02	 -4.5813940e-02	 -1.5141240e-01
CTTGTA	 -2.1282570e-01	 -1.7539382e-01	 -6.6913508e-02
CTTGTC	  9.1182135e-02	  1.7204408e-01	  2.2237357e-01
CTTGTG	  2.6013449e-01	  2.7889484e-01	 -2.4239335e-02
CTTGTT	 -2.4455130e-01	 -4.5980072e-01	 -1.2660339e-01
CTTTAA	 -3.3053617e+00	  7.1132388e-03	 -2.2541581e-02
CTTTAC	  5.7596672e-01	  7.7969663e-02	  9.2300296e-02
CTTTAG	 -2.9423306e+00	  2.4064213e-01	 -5.9273284e-02
CTTTAT	  1.2322383e-01	 -3.1080830e-01	  3.3458348e-03
CTTTCA	 -2.3197253e-01	  2.2781722e-02	 -1.1786851e-02
CTTTCC	  2.0782065e-01	  2.5007075e-02	  4.1204110e-02
CTTTCG	  1.5551519e-01	  1.1203190e-01	 -9.7917691e-02
CTTTCT	 -2.6598793e-01	 -1.8627898e-01	  4.5093589e-02
CTTTGA	 -3.1556323e+00	 -3.6295600e-02	  1.0163224e-01
CTTTGC	  2.7144060e-01	 -2.2757275e-02	 -4.0283523e-02
CTTTGG	  1.4857309e-01	  2.5237653e-01	  7.5594699e-03
CTTTGT	 -1.4344929e-01	 -3.9730284e-01	 -7.8286201e-02
CTTTTA	 -2.6503274e-01	  6.2659830e-02	 -6.3004866e-02
CTTTTC	  1.4153047e-01	  3.6076304e-02	  1.1075816e-01
CTTTTG	  2.5174052e-01	  2.5290096e-01	 -4.7750745e-02
CTTTTT	 -3.1718463e-01	 -4.9911529e-01	 -1.7628696e-02
GAAAAA	 -2.5594229e-01	 -1.0681271e-01	  4.7681753e-02
GAAAAC	  6.6745043e-02	  1.9616289e-01	  8.7078795e-02
GAAAAG	  3.4415594e-01	  8.5596599e-02	 -1.7493966e-01
GAAAAT	 -1.9866401e-01	 -1.2170498e-01	 -2.4441058e-02
GAAACA	 -1.5747987e-01	 -1.8680293e-02	 -1.1331623e-01
GAAACC	  1.9341911e-01	 -9.3048245e-02	  1.3028477e-01
GAAACG	  1.3821819e-01	  1.7988461e-01	 -3.7603851e-02
GAAACT	 -1.6781627e-01	 -9.1034696e-02	  2.9151684e-02
GAAAGA	 -1.7312436e-01	  2.9080320e-02	  1.0953718e-01
GAAAGC	  1.5743046e-01	  3.8789298e-02	  4.7725260e-02
GAAAGG	 -2.8370278e-02	  1.0916734e-01	 -1.8908691e-01
GAAAGT	 -7.7433726e-03	 -1.8231562e-01	 -4.7487885e-02
GAAATA	 -1.8309063e-01	 -1.2910584e-01	 -2.0507289e-01
GAAATC	  2.0215148e-01	  2.0089756e-01	  3.3320120e-01
GAAATG	  1.3345310e-01	  2.0256980e-01	 -2.2181764e-01
GAAATT	 -1.7516875e-01	 -3.7340304e-01	 -1.6233204e-02
GAACAA	 -1.3983037e-01	 -1.0231294e-01	  7.5527929e-02
GAACAC	 -1.1840325e-01	  1.0902575e-01	 -4.2496469e-02
GAACAG	  3.3776659e-01	  1.5336837e-01	 -1.7569058e-01
GAACAT	 -3.1409815e-01	 -1.8070886e-01	  4.9941488e-02
GAACCA	 -9.0075649e-02	  4.3633569e-02	  4.0605377e-02
GAACCC	  1.4013863e-01	 -7.3486455e-02	 -2.4843261e-01
GAACCG	  8.3766319e-02	  3.9800901e-02	 -9.2924379e-02
GAACCT	 -1.9477701e-01	 -5.4681987e-02	  1.8967515e-01
GAACGA	 -2.2087573e-01	 -2.0750687e-01	  1.2525393e-01
GAACGC	  2.0421945e-01	  8.9122407e-02	 -1.0911392e-01
GAACGG	 -4.6394505e-02	  2.2749366e-01	 -1.2522673e-02
GAACGT	  1.7441582e-02	 -2.9012015e-01	 -1.0714132e-01
GAACTA	 -1.5721478e-01	  8.2360342e-02	  3.1734068e-02
GAACTC	 -1.6010556e-01	  7.8171574e-02	  1.6583396e-01
GAACTG	  3.1612268e-01	  8.6670280e-02	 -2.3537534e-01
GAACTT	 -3.3129132e-01	 -2.5721061e-01	 -2.2278001e-04
GAAGAA	 -1.5763316e-01	 -1.1012372e-01	  9.4060436e-02
GAAGAC	 -1.5125644e-02	  1.8607444e-01	  3.2655768e-02
GAAGAG	  1.7195354e-01	  3.5467211e-02	 -2.2683820e-01
GAAGAT	  1.7078553e-03	 -5.4225340e-02	 -7.7942344e-03
GAAGCA	 -1.8510304e-01	  8.8348463e-02	 -3.7552095e-03
GAAGCC	  1.7916100e-01	 -1.9319038e-01	 -2.9331408e-02
GAAGCG	 -8.4595941e-03	  1.2953126e-01	  1.5831150e-02
GAAGCT	 -2.2257328e-02	 -1.1184448e-01	  1.5694052e-02
GAAGGA	 -1.3988070e-02	 -3.3422478e-02	  9.2820473e-02
GAAGGC	  1.6140787e-01	  3.4318075e-02	  4.6250266e-03
GAAGGG	 -4.4569355e-01	  1.7478029e-01	 -1.5229569e-01
GAAGGT	  7.4798256e-02	 -2.9666716e-01	 -4.4716582e-02
GAAGTA	 -1.8903475e-01	 -1.3364874e-01	 -9.3270661e-03
GAAGTC	  1.6121332e-03	  1.3718490e-01	  1.5290424e-01
GAAGTG	  1.7917418e-01	  1.7690463e-01	 -1.8999943e-01
GAAGTT	 -1.1758845e-01	 -3.3058274e-01	  2.8787239e-02
GAATAA	 -3.5783799e+00	 -9.3433209e-02	 -4.0142957e-02
GAATAC	  5.1026702e-01	  1.6749232e-01	  7.4512966e-02
GAATAG	 -3.2497380e+00	  2.1493390e-01	  4.1484322e-02
GAATAT	  9.9759497e-02	 -1.7217131e-01	 -2.3778502e-02
GAATCA	 -1.9536266e-01	  3.5088401e-02	 -5.5643838e-02
GAATCC	  1.0578049e-01	 -6.4457282e-02	  9.3972050e-02
GAATCG	  1.1446162e-01	  1.0125625e-01	 -1.4824177e-01
GAATCT	 -9.4020382e-02	 -1.0554299e-01	  7.1986929e-02
GAATGA	 -3.4401660e+00	 -5.1697206e-02	 -6.2272564e-02
GAATGC	  1.9403577e-01	  7.2044641e-02	  7.9296313e-02
GAATGG	  1.4927612e-01	  1.2041763e-01	 -9.9582542e-03
GAATGT	 -4.1435700e-02	 -2.3405197e-01	 -2.8111402e-02
GAATTA	 -3.5857767e-01	 -1.8072873e-02	 -3.0410576e-01
GAATTC	  2.5910503e-01	  1.2873819e-01	  2.6219276e-01
GAATTG	  2.2812565e-01	  2.2939380e-01	 -1.2312029e-01
GAATTT	 -2.6815915e-01	 -3.1403008e-01	 -1.2017346e-03
GACAAA	 -3.9123583e-01	 -6.7733251e-02	 -6.9130346e-02
GACAAC	  9.0076946e-02	  1.2585209e-01	  2.1117520e-01
GACAAG	  3.4997022e-01	  1.0899848e-01	 -1.5218073e-01
GACAAT	 -1.3840930e-01	 -1.5309225e-01	 -5.1226292e-02
GACACA	 -2.7779931e-01	  3.9347024e-03	 -1.5765254e-01
GACACC	  2.9306313e-01	 -1.0041970e-01	  2.5764346e-01
GACACG	  1.4086539e-01	  1.8015599e-01	 -1.2553270e-01
GACACT	 -2.4151477e-01	 -9.7120062e-02	 -3.7762009e-02
GACAGA	 -4.2790151e-01	 -3.6579508e-02	  3.5793576e-02
GACAGC	  2.2974172e-01	 -2.5518141e-03	  5.2096050e-02
GACAGG	 -2.1118027e-01	  1.6619015e-01	 -9.8976798e-02
GACAGT	  7.5508431e-02	 -1.7628342e-01	 -4.3814912e-02
GACATA	 -2.3103243e-01	 -2.1406904e-01	 -1.6774173e-01
GACATC	  1.8330155e-01	  1.9746724e-01	  2.8761205e-01
GACATG	  1.3561544e-01	  2.7266490e-01	 -3.5731566e-01
GACATT	 -1.5574352e-01	 -4.4993973e-01	 -2.3737079e-02
GACCAA	 -1.3460302e-01	 -1.2168909e-01	  9.1848068e-02
GACCAC	 -3.3681910e-02	  1.9587557e-01	  8.4347799e-02
GACCAG	  1.9723916e-01	 -5.7783555e-03	 -3.1710511e-01
GACCAT	 -2.0537239e-01	 -1.2483035e-01	  7.6140828e-02
GACCCA	 -1.8212049e-01	  4.3694109e-02	 -2.6341315e-02
GACCCC	  1.7717144e-01	 -2.6648980e-01	 -1.9735493e-01
GACCCG	  1.7080925e-01	  2.3351774e-01	 -4.6259608e-02
GACCCT	 -1.6935071e-01	 -1.5611672e-01	  1.8950607e-01
GACCGA	 -3.4369788e-01	 -3.2964894e-01	 -4.6872750e-02
GACCGC	  2.2763437e-01	  1.9136733e-01	 -4.1830102e-03
GACCGG	  7.7672511e-02	  2.7833256e-01	  2.8698370e-02
GACCGT	 -1.9956496e-02	 -3.4768254e-01	  6.0379431e-02
GACCTA	 -1.5302755e-01	 -1.1234192e-01	  4.1068811e-02
GACCTC	 -9.0022586e-02	  1.3162489e-01	  7.8488603e-02
GACCTG	  3.2139260e-01	  1.2193886e-01	 -1.7403281e-01
GACCTT	 -3.6747473e-01	 -2.3005638e-01	  2.3568647e-02
GACGAA	 -2.3659261e-01	 -6.0741644e-02	  4.5758303e-02
GACGAC	 -1.9183196e-02	  1.1968059e-01	  9.0723187e-02
GACGAG	  1.8793325e-01	  2.8954946e-02	 -2.0659310e-01
GACGAT	 -9.5740007e-03	 -1.2842351e-01	  5.8771716e-03
GACGCA	 -2.7275786e-01	  1.3015084e-01	 -4.8257820e-02
GACGCC	  2.9022399e-01	 -1.7029044e-01	  9.5447630e-02
GACGCG	 -6.1024722e-02	  1.3260816e-01	 -9.2355199e-02
GACGCT	 -2.0037185e-01	 -1.9240981e-01	  3.4028571e-03
GACGGA	 -5.3739522e-02	 -7.5215600e-02	  4.1287821e-02
GACGGC	  1.5695822e-01	 -5.6862276e-02	 -2.3950357e-02
GACGGG	 -3.1192443e-01	  2.5467673e-01	 -4.7969908e-02
GACGGT	  1.8237093e-02	 -2.2762839e-01	  1.4838130e-02
GACGTA	 -1.8535960e-01	 -1.4997779e-01	 -3.5490602e-02
GACGTC	 -4.7732454e-02	  1.1591262e-01	  1.2978731e-01
GACGTG	  2.2369753e-01	  1.2584059e-01	 -1.7416112e-01
GACGTT	 -1.5478665e-01	 -2.1938206e-01	  1.6420590e-02
GACTAA	 -3.8512988e+00	 -2.4516728e-02	 -6.7784533e-02
GACTAC	  4.3594050e-01	  5.4377530e-02	  9.2633002e-02
GACTAG	 -3.5455415e+00	  2.2943076e-01	  7.5901583e-02
GACTAT	  6.8106234e-02	 -2.2868682e-01	 -6.4977005e-02
GACTCA	 -2.8987023e-01	  1.4205492e-01	 -1.1220469e-01
GACTCC	  1.7499539e-01	 -1.4755884e-01	  1.5363744e-01
GACTCG	  1.5475634e-01	 -4.8405439e-02	 -1.9346677e-01
GACTCT	 -2.6903999e-01	  9.5313638e-03	  5.1177651e-02
GACTGA	 -3.6325691e+00	 -3.3602584e-02	  5.8634263e-02
GACTGC	  1.8038622e-01	  2.6459084e-03	 -6.3224860e-02
GACTGG	  1.5193093e-01	  1.7230570e-01	 -3.6763363e-03
GACTGT	 -3.0358404e-02	 -3.1160548e-01	  1.4471484e-02
GACTTA	 -5.3985834e-01	  8.2509793e-02	 -2.9206219e-01
GACTTC	  2.6883310e-01	  1.2164807e-01	  2.5458688e-01
GACTTG	 -4.0028807e-02	  1.9979585e-02	 -2.2292028e-01
GACTTT	 -3.2678653e-02	 -1.6729192e-01	  2.0000448e-02
GAGAAA	 -3.9549184e-01	 -1.1169545e-01	 -3.4000394e-03
GAGAAC	  1.4879775e-01	  1.6128981e-01	  3.6830205e-02
GAGAAG	  2.6612201e-01	  6.8042673e-02	 -4.9402690e-03
GAGAAT	 -1.4799279e-01	 -9.0732045e-02	 -2.1675907e-02
GAGACA	 -2.4496894e-01	 -1.2358077e-02	 -1.6512911e-01
GAGACC	  1.9317320e-01	 -1.5547639e-01	  1.1170193e-01
GAGACG	  1.3711073e-01	  1.0946946e-01	  4.3669015e-02
GAGACT	 -1.7912595e-01	  1.5635723e-02	  1.9004492e-02
GAGAGA	 -4.8231417e-01	 -1.6168298e-01	 -7.7667274e-02
GAGAGC	  2.6974592e-01	 -1.9486864e-03	  8.0026269e-02
GAGAGG	 -1.1716620e-01	  2.3410305e-01	 -3.0375920e-02
GAGAGT	  6.4258792e-02	 -6.7209125e-02	  2.5138969e-02
GAGATA	 -3.4765413e-01	 -1.9266358e-01	 -3.0919245e-01
GAGATC	  2.4491818e-01	  1.7872219e-01	  2.6042169e-01
GAGATG	  4.1235987e-02	  1.5906002e-01	 -3.1706563e-01
GAGATT	 -1.1472350e-01	 -3.0535835e-01	  9.4217412e-02
GAGCAA	 -1.9628246e-01	 -2.1572517e-01	  6.9370516e-02
GAGCAC	  4.6270546e-02	  7.8454904e-02	  1.7724148e-03
GAGCAG	  1.8240391e-01	  1.5679796e-01	 -9.9840030e-02
GAGCAT	 -2.6086527e-01	 -1.9015886e-01	  3.5358172e-02
GAGCCA	 -1.4670078e-01	 -5.1577399e-03	  5.6874845e-03
GAGCCC	  2.0525587e-01	 -6.7331344e-02	 -1.9827576e-01
GAGCCG	  1.1451388e-01	  8.8030852e-02	 -1.5972644e-01
GAGCCT	 -2.3774137e-01	 -5.0237522e-02	  2.4245133e-01
GAGCGA	 -1.6080527e-01	 -2.5941649e-01	  1.2128132e-01
GAGCGC	  2.0752636e-01	 -6.0394231e-02	 -1.1389721e-01
GAGCGG	 -8.0477096e-02	  3.1261393e-01	 -4.7041357e-02
GAGCGT	  8.8659469e-03	 -4.2126095e-01	 -4.7310587e-02
GAGCTA	 -1.2913676e-01	 -1.0190347e-01	  8.2207084e-02
GAGCTC	 -1.4545868e-01	  5.9733130e-02	  1.6281724e-01
GAGCTG	  2.3098843e-01	  1.1732846e-01	 -3.5413730e-01
GAGCTT	 -3.8192737e-01	 -2.6465431e-01	  9.3936808e-02
GAGGAA	 -2.6947442e-01	 -2.5100526e-01	  1.2655704e-01
GAGGAC	  5.1639918e-02	  2.5598744e-02	 -2.5464527e-02
GAGGAG	  1.2680273e-01	  1.4880021e-01	 -1.7429142e-01
GAGGAT	  1.6040866e-03	 -3.9733898e-02	  4.1567694e-02
GAGGCA	 -2.5057414e-01	 -5.7732402e-03	  3.3226758e-02
GAGGCC	  2.3133610e-01	 -2.8667861e-01	 -4.6329871e-02
GAGGCG	  3.9472897e-02	  2.1347973e-01	  4.6511553e-02
GAGGCT	 -7.1129344e-02	 -1.5751095e-01	 -7.8457877e-02
GAGGGA	 -8.8702440e-02	 -7.7133939e-02	  2.1583469e-01
GAGGGC	  2.9549649e-01	  6.0258796e-03	  9.7275302e-03
GAGGGG	 -6.6619039e-01	  1.8838578e-01	 -2.6590344e-01
GAGGGT	  3.7988514e-02	 -2.8528902e-01	 -1.6771738e-01
GAGGTA	 -3.8348937e-01	 -2.5203595e-01	 -1.0018473e-01
GAGGTC	 -1.0925443e-03	  8.6363450e-02	  1.9014654e-01
GAGGTG	  2.0269808e-01	  1.7755067e-01	 -2.8047705e-01
GAGGTT	 -1.6214074e-01	 -3.1757796e-01	  1.4052722e-01
GAGTAA	 -3.8011317e+00	  4.5191343e-03	  5.8099408e-02
GAGTAC	  3.9906812e-01	 -2.5649438e-02	 -8.2329176e-02
GAGTAG	 -3.6192486e+00	  2.0133452e-01	  9.6051618e-02
GAGTAT	  5.3332601e-02	 -1.8638194e-01	 -6.2453952e-02
GAGTCA	 -2.7086473e-01	  9.9070273e-02	 -8.9406535e-02
GAGTCC	  1.7809707e-01	 -5.2819412e-02	  1.1693052e-01
GAGTCG	  9.9602699e-02	 -4.4603717e-02	 -1.4607418e-01
GAGTCT	 -2.0896050e-01	 -2.2228992e-02	  6.6564664e-02
GAGTGA	 -3.7339334e+00	 -8.0135413e-02	  7.7897361e-03
GAGTGC	  3.0848587e-01	  3.6353555e-02	  9.2504442e-02
GAGTGG	  4.2704153e-03	  1.8754414e-01	 -4.8914324e-02
GAGTGT	 -1.4116597e-01	 -3.7622777e-01	 -7.4241988e-02
GAGTTA	 -5.0488329e-01	  7.9825521e-02	 -2.6009569e-01
GAGTTC	  3.0919379e-01	  1.2100039e-01	  2.4525909e-01
GAGTTG	 -1.0375482e-02	  6.7384630e-02	 -3.3636785e-01
GAGTTT	 -1.7333326e-01	 -2.6659849e-01	  5.5282902e-02
GATAAA	 -2.7592626e-01	 -1.3591087e-01	 -4.7452684e-02
GATAAC	  1.5352970e-01	  1.8655005e-01	  2.2372916e-01
GATAAG	  1.8482211e-01	  5.2074831e-02	 -1.8490392e-01
GATAAT	 -4.3116696e-02	 -3.9312981e-02	  4.1494118e-03
GATACA	 -2.7346152e-01	 -7.4051306e-02	 -2.4850735e-01
GATACC	  1.9987021e-01	 -7.5908750e-02	  2.2257960e-01
GATACG	  2.4471463e-01	  2.1399984e-01	  3.3401482e-02
GATACT	 -1.9232833e-01	 -5.1755644e-02	  7.7697504e-03
GATAGA	 -2.9340890e-01	 -8.5182808e-02	 -2.3741398e-02
GATAGC	  2.4953973e-01	 -5.8549093e-03	  1.9676976e-01
GATAGG	 -1.1979956e-01	  1.4514565e-01	 -2.4765006e-01
GATAGT	 -6.9666146e-03	 -2.2768894e-02	 -9.3982644e-02
GATATA	 -1.3841689e-01	 -1.7175590e-01	 -2.9634857e-01
GATATC	  1.6227551e-01	  1.9818018e-01	  2.9560634e-01
GATATG	  1.2811978e-01	  2.6214749e-01	 -2.2885056e-01
GATATT	 -1.1755964e-01	 -3.5480571e-01	  4.8531875e-02
GATCAA	 -2.2105460e-01	 -1.8794876e-01	  1.1890672e-01
GATCAC	  5.7263155e-02	  1.6415443e-01	 -1.0541319e-02
GATCAG	  2.5297192e-01	  1.3309036e-01	 -2.6569325e-01
GATCAT	 -2.2486527e-01	 -1.3901800e-01	  3.3334553e-02
GATCCA	 -1.9476156e-01	  8.2665635e-03	  4.5292106e-02
GATCCC	  2.0585120e-01	 -7.3285386e-02	 -4.2761332e-01
GATCCG	  1.1810385e-01	  1.6482091e-01	 -1.4323650e-02
GATCCT	 -2.4189912e-01	 -1.3492747e-01	  1.7177443e-01
GATCGA	 -2.7237201e-01	 -2.3317465e-01	  1.9978136e-01
GATCGC	  2.6938155e-01	  1.0991237e-01	 -1.5725523e-01
GATCGG	 -1.1790074e-01	  2.3964995e-01	 -1.4543115e-01
GATCGT	 -3.2450225e-02	 -3.3592153e-01	 -7.0486911e-02
GATCTA	 -1.9093527e-01	 -1.2372060e-01	  5.6848396e-02
GATCTC	 -5.3467978e-02	  1.0476593e-01	  4.7012310e-02
GATCTG	  2.7078536e-01	  1.5522845e-01	 -1.6986737e-01
GATCTT	 -3.3204547e-01	 -2.9274845e-01	  5.6019872e-02
GATGAA	 -1.7178403e-01	 -4.9113117e-02	  1.1252051e-01
GATGAC	  2.9686680e-02	  8.2249969e-02	  1.6960140e-02
GATGAG	  2.0884232e-01	  6.0634129e-02	 -1.4670515e-01
GATGAT	 -9.3775518e-02	 -7.3025875e-02	 -4.4328906e-02
GATGCA	 -2.3436028e-01	  5.1593490e-02	  7.0704818e-02
GATGCC	  2.6341653e-01	 -4.9174223e-02	 -8.1849784e-02
GATGCG	 -3.4684263e-02	  1.1297807e-01	 -3.3232749e-02
GATGCT	 -1.6723189e-01	 -1.5676442e-01	  1.7411342e-02
GATGGA	 -5.4104257e-02	 -1.5540089e-02	  1.2632619e-01
GATGGC	  1.9855095e-01	 -9.9460945e-02	 -5.1468693e-02
GATGGG	 -3.9824256e-01	  1.6457324e-01	 -6.1183300e-02
GATGGT	 -1.9151030e-02	 -7.0112050e-02	 -6.5025471e-02
GATGTA	 -2.6811653e-01	 -2.5003254e-01	 -4.1434933e-02
GATGTC	  2.8430780e-02	  1.7718221e-01	  2.0645088e-01
GATGTG	  2.3884316e-01	  1.8443029e-01	 -2.2245912e-01
GATGTT	 -2.4985306e-01	 -3.6050197e-01	  6.1801001e-03
GATTAA	 -3.5877335e+00	  1.0127993e-02	  2.9424490e-02
GATTAC	  5.0748557e-01	  1.4238082e-01	  3.6477767e-02
GATTAG	 -3.3550138e+00	  1.1607809e-01	 -1.2233625e-01
GATTAT	  1.0816241e-01	 -2.5206786e-01	  9.5899096e-03
GATTCA	 -1.7717551e-01	  2.4238175e-02	 -2.3023212e-02
GATTCC	  1.4820202e-01	 -1.7923208e-02	  7.3999994e-02
GATTCG	  1.4566502e-01	  1.0131177e-01	 -1.0050807e-01
GATTCT	 -2.4892902e-01	 -1.3620934e-01	  2.7391678e-02
GATTGA	 -3.5371690e+00	 -1.1791653e-01	 -5.8659287e-03
GATTGC	  2.2981623e-01	  3.4848183e-02	 -5.0781708e-04
GATTGG	  1.5184261e-01	  2.2581793e-01	 -5.8178902e-02
GATTGT	 -8.0297112e-02	 -3.2930702e-01	  5.6680810e-02
GATTTA	 -2.6517674e-01	  2.8172826e-02	 -1.6143064e-01
GATTTC	  1.2973426e-01	 -3.0083414e-02	  1.6013360e-01
GATTTG	  2.5886562e-01	  2.8571585e-01	 -4.2811898e-03
GATTTT	 -2.4323748e-01	 -3.5527581e-01	 -3.5813313e-02
GCAAAA	 -3.0710405e-01	 -6.6017307e-02	  3.4295160e-02
GCAAAC	  4.4263352e-02	  1.7099860e-01	  3.0131284e-02
GCAAAG	  3.0172959e-01	  1.1396194e-01	 -8.0312684e-02
GCAAAT	 -3.1909131e-02	 -1.6943628e-01	 -1.8715288e-02
GCAACA	 -7.2470613e-02	 -6.3826256e-03	  1.5197891e-01
GCAACC	  1.5811341e-01	 -1.0048291e-02	 -8.1437044e-02
GCAACG	  1.5347680e-01	  1.7010900e-01	 -2.2605310e-01
GCAACT	 -1.5323874e-01	 -1.3726979e-01	 -1.3423495e-01
GCAAGA	 -2.3149019e-01	  4.0525023e-02	  9.0125196e-02
GCAAGC	  1.5868981e-01	  1.9820631e-03	  1.6213609e-02
GCAAGG	 -1.1650760e-01	  1.7197172e-01	 -9.9577516e-02
GCAAGT	  6.5898724e-02	 -2.7509260e-01	 -3.3303034e-02
GCAATA	 -1.6657394e-01	 -5.8506127e-02	 -1.7432293e-01
GCAATC	  5.7924826e-02	  1.6672485e-01	  2.8916627e-01
GCAATG	  2.2990893e-01	  2.5723734e-01	 -2.5382140e-01
GCAATT	 -1.6601244e-01	 -4.9200124e-01	 -1.8872852e-02
GCACAA	 -6.1219987e-02	 -2.2162491e-02	  1.2174645e-01
GCACAC	 -2.1720619e-01	 -9.3145557e-03	 -1.4920710e-01
GCACAG	  3.5109195e-01	  1.5938334e-01	 -1.1578068e-01
GCACAT	 -2.2931634e-01	 -1.3706340e-01	  4.8850473e-02
GCACCA	 -5.4981560e-02	  7.7269174e-02	  1.7916761e-01
GCACCC	  1.5114774e-01	 -9.6904345e-02	 -3.2932177e-01
GCACCG	  9.0287685e-02	  3.7752837e-02	 -1.3798884e-01
GCACCT	 -2.0219812e-01	 -9.3819477e-02	 -2.8156806e-02
GCACGA	 -1.1930203e-01	 -1.9821982e-01	  2.1480909e-01
GCACGC	  1.6699268e-01	  2.6522243e-02	 -1.5739952e-01
GCACGG	 -1.1700346e-01	  2.9900762e-01	 -3.1891972e-02
GCACGT	 -2.2066940e-02	 -3.6102101e-01	 -1.5082511e-01
GCACTA	 -9.8523982e-02	  2.7912391e-02	  1.4965799e-01
GCACTC	 -1.0734392e-01	  8.0762602e-02	  8.2122676e-02
GCACTG	  3.2925475e-01	  1.6745912e-01	 -1.8768519e-01
GCACTT	 -3.6808762e-01	 -2.8285745e-01	 -1.8222751e-02
GCAGAA	 -1.2937836e-01	  6.3264081e-03	  6.9728784e-02
GCAGAC	 -1.2062622e-01	  9.3457721e-02	 -8.0353152e-03
GCAGAG	  2.0140384e-01	  2.4301969e-02	 -1.2688014e-01
GCAGAT	 -1.4341961e-03	 -1.2530009e-01	  8.3560059e-03
GCAGCA	 -8.1557900e-02	  8.9659907e-02	  1.9567674e-01
GCAGCC	  1.6071607e-01	 -1.8802348e-01	 -1.9555157e-01
GCAGCG	  2.4938645e-02	  1.3112444e-01	 -1.5682070e-01
GCAGCT	 -5.5850539e-02	 -1.7971250e-01	 -1.8992378e-01
GCAGGA	  1.1816976e-01	  2.5141850e-02	  9.3429580e-02
GCAGGC	 -1.4169306e-02	 -2.9375058e-02	  5.7714824e-03
GCAGGG	 -4.1578239e-01	  1.9305190e-01	 -1.4559256e-01
GCAGGT	  4.4905439e-02	 -3.5906488e-01	 -7.3946759e-02
GCAGTA	 -1.2359427e-01	 -2.4397053e-02	 -1.0096720e-02
GCAGTC	 -1.2292662e-01	  7.2717741e-02	  1.1117260e-01
GCAGTG	  2.3394439e-01	  1.7798461e-01	 -1.9467561e-01
GCAGTT	 -1.4650585e-01	 -2.8977582e-01	  4.8973519e-02
GCATAA	 -3.1577175e+00	 -1.2064727e-01	 -2.8204452e-02
GCATAC	  4.1308784e-01	  1.6624583e-01	  3.8506724e-02
GCATAG	 -2.8033340e+00	  2.1859325e-01	  3.4169510e-02
GCATAT	  1.6611782e-01	 -1.7250679e-01	 -1.3041860e-02
GCATCA	 -1.9314212e-01	  1.1800011e-01	  1.1184662e-01
GCATCC	  1.3501735e-01	 -1.2356704e-01	  6.9189854e-02
GCATCG	  9.4092324e-02	  9.2256345e-02	 -1.7521247e-01
GCATCT	 -1.0287384e-01	 -1.4545730e-01	 -8.4809467e-02
GCATGA	 -2.9340000e+00	  6.4079881e-02	  3.6858834e-02
GCATGC	  1.9570439e-01	 -5.1860813e-02	  1.4827373e-02
GCATGG	  7.4255116e-02	  1.7858234e-01	 -2.2891643e-02
GCATGT	  2.4193520e-02	 -2.4314751e-01	 -2.6309850e-02
GCATTA	 -2.0916082e-01	  3.1160727e-02	 -1.7102504e-01
GCATTC	  1.8030083e-01	  1.3061813e-01	  1.7529273e-01
GCATTG	  2.0464878e-01	  2.6101783e-01	 -1.5162683e-01
GCATTT	 -1.9871964e-01	 -4.0090621e-01	  2.4788303e-02
GCCAAA	 -3.9825800e-01	 -3.9823800e-02	 -7.4825431e-03
GCCAAC	  4.2114832e-02	  1.0001527e-01	  1.1548790e-01
GCCAAG	  2.7395946e-01	  4.2409386e-02	 -1.2918080e-01
GCCAAT	  7.3439959e-03	 -1.1111744e-01	 -3.7748716e-03
GCCACA	 -2.3914273e-01	  2.7658937e-02	 -9.3635030e-02
GCCACC	  2.3164220e-01	 -8.4477350e-02	  2.2293411e-01
GCCACG	  7.1033195e-02	  1.6788809e-01	 -1.6978855e-01
GCCACT	 -1.8124591e-01	 -1.0900108e-01	 -1.1841533e-01
GCCAGA	 -4.2043015e-01	  7.0741726e-03	  7.5759113e-02
GCCAGC	  1.6682404e-01	 -3.1273235e-02	 -1.5288532e-02
GCCAGG	 -1.8513440e-01	  1.5440610e-01	 -5.4857772e-02
GCCAGT	  1.0594091e-01	 -1.6227417e-01	 -1.6400944e-02
GCCATA	 -3.2051671e-01	 -1.9763193e-01	 -2.8037614e-01
GCCATC	  1.2819722e-01	  1.7193998e-01	  2.7606580e-01
GCCATG	  1.9505256e-01	  2.4579616e-01	 -2.4101962e-01
GCCATT	 -1.1834355e-01	 -3.4231347e-01	 -3.9297424e-02
GCCCAA	 -1.8100227e-01	 -1.1070322e-01	  5.9237711e-02
GCCCAC	 -1.1869193e-01	  8.3648950e-02	  1.0414124e-02
GCCCAG	  3.0753607e-01	  9.3596801e-02	 -1.3914290e-01
GCCCAT	 -2.0250799e-01	 -1.0911917e-01	  3.0965572e-02
GCCCCA	 -1.0214441e-01	  1.0138143e-01	  8.0147550e-02
GCCCCC	  1.1882312e-01	 -3.3466944e-01	 -1.4595592e-01
GCCCCG	  1.4161694e-01	  1.6263928e-01	 -1.1015211e-01
GCCCCT	 -1.8296923e-01	 -8.3457023e-02	  7.5270630e-02
GCCCGA	 -2.7991405e-01	 -1.9535244e-01	  9.1237448e-02
GCCCGC	  2.0716736e-01	  5.7344962e-02	 -9.4669417e-02
GCCCGG	 -1.3709171e-01	  2.3156944e-01	 -2.3893055e-02
GCCCGT	  3.6181584e-02	 -2.5101495e-01	  4.0288880e-03
GCCCTA	 -1.5653111e-01	  7.5393720e-03	  1.1875436e-01
GCCCTC	 -4.2265300e-02	 -1.3244426e-02	  8.9620657e-02
GCCCTG	  2.7641955e-01	  1.7180204e-01	 -2.2732136e-01
GCCCTT	 -3.8051689e-01	 -2.4464123e-01	  5.0160955e-03
GCCGAA	 -2.1474315e-01	 -7.1268283e-02	  6.4379111e-02
GCCGAC	 -9.0029366e-02	  1.9018824e-01	  5.8377668e-02
GCCGAG	  1.9808474e-01	 -5.3445432e-02	 -1.8263373e-01
GCCGAT	  2.3270153e-02	 -7.7741198e-02	  1.5365308e-02
GCCGCA	 -2.6464731e-01	  1.1226912e-01	  2.8633330e-02
GCCGCC	  2.2744147e-01	 -1.6166677e-01	  6.5315835e-02
GCCGCG	 -2.4203169e-01	  2.3393650e-01	 -4.4165935e-02
GCCGCT	 -7.5778730e-02	 -1.4707552e-01	 -1.1339174e-01
GCCGGA	  3.5619479e-02	 -1.5646853e-02	  1.7344514e-01
GCCGGC	  8.3194233e-02	 -9.9206365e-05	 -1.2873080e-01
GCCGGG	 -4.3847567e-01	  1.8784662e-01	 -7.7215470e-02
GCCGGT	  6.7140348e-02	 -3.3253318e-01	 -5.9279665e-02
GCCGTA	 -2.2832224e-01	 -6.2974192e-02	  5.0930884e-02
GCCGTC	  7.4190885e-02	  8.8197753e-02	  1.3500379e-01
GCCGTG	  1.7183115e-01	  1.2110492e-01	 -2.1231693e-01
GCCGTT	 -1.5262079e-01	 -1.9462414e-01	 -1.9996312e-02
GCCTAA	 -3.8272157e+00	  6.5212213e-02	 -4.8062378e-03
GCCTAC	  4.0302020e-01	 -2.6986007e-02	  1.3605070e-02
GCCTAG	 -3.5221848e+00	  1.7955549e-01	  5.4832805e-02
GCCTAT	  1.5407498e-01	 -2.6976129e-01	 -4.5558311e-02
GCCTCA	 -2.6532125e-01	  2.7159762e-01	  4.5490554e-03
GCCTCC	  1.8850096e-01	 -2.4308877e-01	  1.5289645e-01
GCCTCG	  1.1283616e-01	 -9.5516704e-02	 -2.5944984e-01
GCCTCT	 -2.9360288e-01	 -5.6209836e-02	 -5.3294133e-02
GCCTGA	 -3.6153154e+00	  5.1071063e-02	  8.5921556e-02
GCCTGC	  1.5975936e-01	 -1.1843855e-02	 -8.6162321e-02
GCCTGG	  7.6109625e-02	  1.3680454e-01	  1.9851852e-02
GCCTGT	 -1.4104847e-03	 -2.9977816e-01	  7.7444240e-03
GCCTTA	 -4.8533836e-01	  1.8735050e-01	 -1.5493318e-01
GCCTTC	  2.6999864e-01	  4.0120207e-02	  2.4418980e-01
GCCTTG	  2.9776074e-02	  4.5506202e-02	 -2.4469046e-01
GCCTTT	 -1.4459348e-01	 -2.1810360e-01	 -3.0045686e-02
GCGAAA	 -3.2953316e-01	 -1.2938066e-01	  2.6097670e-02
GCGAAC	  1.1708526e-01	  1.5087822e-01	  4.3503571e-02
GCGAAG	  1.9838902e-01	  1.8836969e-01	 -5.0430406e-02
GCGAAT	  7.1873561e-02	 -1.6446652e-01	 -4.2567812e-02
GCGACA	 -1.6156685e-01	  4.2115580e-02	 -5.2271858e-02
GCGACC	  2.2042035e-01	 -1.0353933e-01	  1.1195481e-01
GCGACG	  1.3444930e-01	  1.1790311e-01	  2.9784871e-02
GCGACT	 -2.0671538e-01	 -1.1736555e-01	 -5.6674857e-02
GCGAGA	 -2.0821990e-01	 -7.3543331e-03	  9.6557699e-02
GCGAGC	  1.8897016e-01	 -8.8070095e-02	  6.1675314e-02
GCGAGG	 -1.3644698e-01	  2.2106113e-01	 -1.4832151e-01
GCGAGT	  4.9236190e-02	 -2.4556690e-01	 -6.0195114e-02
GCGATA	 -2.3027247e-01	 -1.3509491e-01	 -2.1204267e-01
GCGATC	  9.8210938e-02	  1.1587947e-01	  2.6135200e-01
GCGATG	  1.4800274e-01	  2.1358792e-01	 -3.6247194e-01
GCGATT	 -1.1979789e-01	 -3.6707437e-01	  8.4376656e-02
GCGCAA	 -1.5525767e-01	 -1.4558707e-01	  1.6434284e-01
GCGCAC	 -8.3214380e-03	  2.8420549e-02	 -7.6144539e-02
GCGCAG	  2.3847263e-01	  1.2985039e-01	 -2.1435787e-01
GCGCAT	 -2.5529274e-01	 -4.9500301e-02	  1.0517123e-02
GCGCCA	 -1.3855694e-01	  3.3112583e-03	  8.8891357e-02
GCGCCC	  2.6693791e-01	 -2.4212046e-02	 -4.1001067e-01
GCGCCG	  7.6480143e-02	  8.6970277e-02	 -3.4559373e-02
GCGCCT	 -2.8215677e-01	 -8.5277878e-02	  9.2331856e-02
GCGCGA	 -1.1655512e-01	 -9.5742859e-02	  2.2322291e-01
GCGCGC	  1.8329272e-01	 -1.6101491e-01	 -2.6812732e-01
GCGCGG	 -8.6281091e-02	  3.4361744e-01	 -1.5135749e-02
GCGCGT	 -5.2656990e-02	 -3.3298984e-01	 -1.3264401e-01
GCGCTA	 -1.2944543e-01	  3.0300548e-02	  1.8725172e-01
GCGCTC	 -4.3032140e-02	 -3.8455883e-03	  4.8524331e-02
GCGCTG	  2.4533996e-01	  1.3835853e-01	 -1.6037537e-01
GCGCTT	 -4.1792238e-01	 -2.5048283e-01	 -1.5899906e-02
GCGGAA	 -2.3920046e-01	 -1.6368386e-01	  9.8082989e-02
GCGGAC	  7.3488154e-02	  9.9525549e-02	 -7.0303351e-02
GCGGAG	  1.3869825e-01	  1.6949058e-01	 -1.8008655e-01
GCGGAT	  5.2996795e-03	 -1.4653584e-01	  5.7487391e-02
GCGGCA	 -1.7675978e-01	  4.9196761e-02	  2.0918453e-02
GCGGCC	  3.0002418e-01	 -2.1970850e-01	 -6.3250162e-02
GCGGCG	  1.2786443e-02	  1.6475049e-01	  1.3156524e-02
GCGGCT	 -1.7033546e-01	 -2.0590352e-01	 -8.8272054e-06
GCGGGA	  1.5105974e-02	 -3.5281803e-02	  2.5381833e-01
GCGGGC	  1.8683924e-01	 -1.1066736e-01	 -5.7990409e-02
GCGGGG	 -5.1853836e-01	  2.4954662e-01	 -3.8237703e-01
GCGGGT	  2.0077027e-02	 -3.0905518e-01	 -1.1760417e-01
GCGGTA	 -2.1486893e-01	 -1.0419749e-01	  1.3906746e-01
GCGGTC	 -3.8657766e-03	  4.1745402e-02	  7.7141546e-02
GCGGTG	  2.0133705e-01	  1.9465360e-01	 -3.0639470e-01
GCGGTT	 -2.3766343e-01	 -3.8272676e-01	  7.9918772e-02
GCGTAA	 -3.1482258e+00	  2.1761563e-03	  6.8390809e-02
GCGTAC	  5.5117309e-01	  9.9142224e-02	  4.2532533e-02
GCGTAG	 -2.9553182e+00	  1.7452967e-01	 -6.0168471e-02
GCGTAT	  8.7009393e-02	 -2.5991929e-01	 -6.5595888e-02
GCGTCA	 -2.4781930e-01	  1.1037217e-01	  2.2303509e-02
GCGTCC	  2.8069013e-01	 -7.4123330e-02	  1.7497679e-02
GCGTCG	  6.6042610e-02	 -1.0824754e-03	 -9.8020388e-03
GCGTCT	 -2.7962703e-01	 -6.6033348e-02	 -2.6617493e-02
GCGTGA	 -2.9111602e+00	 -5.2733812e-03	  2.2471526e-01
GCGTGC	  2.6146078e-01	 -5.9881561e-02	  1.5227112e-02
GCGTGG	  8.5956767e-02	  2.3673585e-01	 -7.5595729e-02
GCGTGT	 -1.0927622e-01	 -4.3709007e-01	 -1.6182999e-01
GCGTTA	 -1.8997793e-01	  1.1648577e-01	 -4.4175848e-02
GCGTTC	  1.4442106e-01	  7.8498244e-02	  2.0063910e-01
GCGTTG	  1.7367259e-01	  1.0496308e-01	 -2.3973617e-01
GCGTTT	 -2.4201709e-01	 -2.5964996e-01	  1.9324996e-02
GCTAAA	 -2.2694060e-01	 -1.5055011e-01	  5.1608153e-02
GCTAAC	  1.0399768e-01	  1.7025684e-01	  3.5204142e-02
GCTAAG	  2.8731540e-01	  1.4491606e-01	 -6.8206333e-02
GCTAAT	 -1.1558964e-01	 -7.6897793e-02	 -5.0651595e-02
GCTACA	 -1.3929813e-01	  2.9585229e-02	 -5.1672772e-02
GCTACC	  1.7499363e-01	 -1.1357183e-01	  2.8308032e-02
GCTACG	  5.1856510e-02	  1.7981434e-01	 -5.1032268e-02
GCTACT	 -8.2470097e-02	 -1.1549544e-01	  5.7681955e-02
GCTAGA	 -2.8922260e-01	 -5.9029244e-02	  1.6601172e-01
GCTAGC	  1.4435831e-01	 -5.6425881e-02	 -2.7190359e-02
GCTAGG	 -7.3462360e-02	  1.6444264e-01	 -1.3178010e-01
GCTAGT	  8.2115553e-02	 -1.3206691e-02	 -1.4056247e-01
GCTATA	 -1.6676247e-01	 -1.6088523e-01	 -2.7529261e-01
GCTATC	  1.2589619e-01	  1.9013976e-01	  2.7264303e-01
GCTATG	  1.0953170e-01	  2.8458288e-01	 -1.8879974e-01
GCTATT	 -6.5801077e-02	 -4.5294034e-01	  1.0209772e-02
GCTCAA	 -5.0493967e-02	 -6.7812070e-02	  1.5027617e-01
GCTCAC	 -7.2121300e-02	  1.3263860e-01	 -2.5486790e-02
GCTCAG	  2.6596007e-01	  3.4039278e-02	 -1.7052706e-01
GCTCAT	 -2.7704912e-01	 -7.8540683e-02	 -7.3763631e-02
GCTCCA	 -7.3283114e-02	  8.1728213e-02	  1.0190812e-01
GCTCCC	  1.7921953e-01	 -4.3765351e-02	 -4.3964303e-01
GCTCCG	  9.7772256e-02	  6.9501340e-02	 -9.1521084e-02
GCTCCT	 -1.4211777e-01	 -1.4177038e-01	  7.6570600e-02
GCTCGA	 -1.3464752e-01	 -1.0170107e-01	  2.2400278e-01
GCTCGC	  2.2530164e-01	  6.7552574e-02	 -2.4624786e-01
GCTCGG	 -2.4244216e-01	  2.0713653e-01	 -5.2387465e-02
GCTCGT	  1.2630536e-03	 -2.7184108e-01	 -1.1677828e-01
GCTCTA	 -5.5610120e-02	  1.3533579e-01	  1.1130910e-01
GCTCTC	 -1.7372730e-01	 -8.8502899e-02	 -6.7656470e-04
GCTCTG	  3.2164204e-01	  1.7228043e-01	 -1.9047610e-01
GCTCTT	 -3.2862544e-01	 -2.3761940e-01	  5.3036243e-02
GCTGAA	 -1.1616255e-01	 -9.1255657e-02	  8.2696892e-02
GCTGAC	 -1.2807158e-01	  7.6177187e-02	 -1.9988478e-03
GCTGAG	  2.2665788e-01	  7.8895867e-02	 -1.1530031e-01
GCTGAT	 -2.7690833e-02	 -3.8687829e-02	 -2.4731157e-02
GCTGCA	 -1.6205686e-01	  1.1913855e-01	  9.0096764e-02
GCTGCC	  2.6326773e-01	 -2.8584352e-02	 -5.0906979e-02
GCTGCG	 -9.0670452e-02	  1.8252718e-01	  6.6360302e-02
GCTGCT	 -1.0706318e-01	 -2.5518587e-01	 -8.6961150e-02
GCTGGA	  5.9923396e-02	  4.4430051e-02	  1.9524206e-01
GCTGGC	  7.5059883e-02	 -9.9500000e-02	 -1.1045879e-01
GCTGGG	 -4.3617678e-01	  1.3874839e-01	 -9.5828898e-02
GCTGGT	  4.8647281e-02	 -8.0759741e-02	 -8.1204072e-02
GCTGTA	 -1.4840440e-01	 -1.3187042e-01	  3.9203968e-02
GCTGTC	 -4.3976177e-03	  1.5394285e-01	  1.4605354e-01
GCTGTG	  2.1742536e-01	  2.0386536e-01	 -5.6494568e-02
GCTGTT	 -1.6602856e-01	 -3.5715303e-01	 -9.8000340e-02
GCTTAA	 -3.2414756e+00	  3.2704122e-02	  6.3983113e-02
GCTTAC	  5.1778805e-01	  2.3648717e-02	 -1.3180147e-03
GCTTAG	 -2.9303694e+00	  2.0172217e-01	 -6.0645584e-02
GCTTAT	  1.8774086e-01	 -2.9572502e-01	 -5.4412436e-02
GCTTCA	 -1.6338657e-01	  5.5319190e-02	  8.5895561e-02
GCTTCC	  2.1529552e-01	  1.2362109e-02	 -7.9921242e-03
GCTTCG	  1.0971005e-01	  1.1216060e-01	 -1.1980493e-01
GCTTCT	 -2.0932640e-01	 -1.7809369e-01	 -9.4648814e-03
GCTTGA	 -3.1339264e+00	  3.9271605e-03	  2.0733601e-01
GCTTGC	  2.4310383e-01	 -4.3715451e-02	 -9.0916820e-02
GCTTGG	  6.6356711e-02	  2.2507259e-01	 -7.2015874e-02
GCTTGT	  1.6121380e-02	 -3.5954440e-01	 -9.8699175e-02
GCTTTA	 -1.2202755e-01	  7.4075125e-02	 -8.6247690e-02
GCTTTC	  5.6494839e-02	  2.1464866e-02	  1.9424056e-01
GCTTTG	  3.0262062e-01	  2.8166568e-01	 -1.9287950e-01
GCTTTT	 -3.2795352e-01	 -4.5299366e-01	  8.6771039e-04
GGAAAA	 -3.3417287e-01	 -9.8567411e-02	 -5.5778038e-02
GGAAAC	  1.9617987e-01	  2.6308641e-01	  1.7751269e-01
GGAAAG	  2.8079844e-01	  7.5883895e-02	 -5.8799215e-02
GGAAAT	 -2.5693296e-02	 -1.3953017e-01	 -1.6320601e-02
GGAACA	 -1.4896606e-01	  9.2324957e-02	 -7.3264726e-02
GGAACC	  1.8278134e-01	 -1.3726848e-01	  1.4939685e-02
GGAACG	  1.1221986e-01	  1.5854360e-01	  3.7455864e-02
GGAACT	 -1.1877057e-01	 -1.5870267e-01	  3.0295240e-02
GGAAGA	 -2.4735664e-01	  1.7300464e-02	  1.4211053e-01
GGAAGC	  1.8623325e-01	  8.4782474e-02	  2.6507974e-02
GGAAGG	 -1.8198048e-01	  1.0424026e-01	 -2.2748870e-01
GGAAGT	  8.2807548e-02	 -2.4516329e-01	 -6.4448513e-02
GGAATA	 -1.9898146e-01	 -1.8164419e-02	 -1.4714541e-01
GGAATC	  1.3936332e-01	  1.8214236e-01	  2.7205735e-01
GGAATG	  1.6653408e-01	  1.3538519e-01	 -2.2420141e-01
GGAATT	 -1.8325347e-01	 -3.8942933e-01	 -1.8390587e-02
GGACAA	 -1.7162140e-01	 -6.7649871e-02	  1.1086064e-01
GGACAC	  5.5407152e-02	  2.0341597e-01	 -6.0960706e-02
GGACAG	  2.3564517e-01	  2.8446153e-02	 -2.1528086e-01
GGACAT	 -1.9990104e-01	 -2.2182697e-01	  4.8231341e-02
GGACCA	 -2.1557133e-01	  3.1863887e-02	 -7.1833007e-02
GGACCC	  3.5327297e-01	 -3.2575624e-03	 -8.2299396e-02
GGACCG	  1.6265575e-02	 -2.7188402e-02	 -9.1779932e-02
GGACCT	 -1.4221688e-01	 -3.9994888e-02	  2.1975639e-01
GGACGA	 -2.4154177e-01	 -1.9258370e-01	  1.7259201e-01
GGACGC	  2.9495534e-01	  1.7446977e-01	 -1.3095057e-01
GGACGG	 -2.4927104e-01	  1.8665940e-01	 -2.0975122e-01
GGACGT	  7.0474148e-02	 -2.9897335e-01	 -9.8621726e-02
GGACTA	 -1.4875212e-01	  1.6412236e-03	  1.0211602e-01
GGACTC	 -1.9882048e-02	  1.0959393e-01	  6.0589321e-02
GGACTG	  2.8210708e-01	  8.4727705e-02	 -2.3101498e-01
GGACTT	 -3.3134487e-01	 -2.1234666e-01	  3.0963162e-02
GGAGAA	 -2.1471621e-01	 -5.4659296e-02	  9.7504362e-02
GGAGAC	  2.2780690e-02	  1.5030445e-01	  1.2440600e-02
GGAGAG	  1.1101074e-01	  3.3269007e-02	 -2.2761869e-01
GGAGAT	  9.7476773e-02	 -8.9523010e-02	 -4.4868486e-03
GGAGCA	 -1.1263623e-01	  1.2162936e-01	  1.6745497e-02
GGAGCC	  2.2669062e-01	 -1.3816077e-01	 -1.0747834e-01
GGAGCG	 -6.9154046e-02	  8.9693941e-02	  4.2342704e-02
GGAGCT	 -4.3509468e-02	 -2.1408616e-01	  1.3565330e-02
GGAGGA	  7.2590336e-02	 -1.4091006e-02	  1.2097073e-01
GGAGGC	  1.0968061e-01	  9.0381578e-02	 -1.9187229e-02
GGAGGG	 -5.9344411e-01	  1.0282817e-01	 -1.9337803e-01
GGAGGT	  1.4780890e-02	 -3.0600208e-01	 -9.8001182e-02
GGAGTA	 -1.6438226e-01	 -5.3380325e-02	  3.0294467e-02
GGAGTC	 -2.3746949e-02	  1.7693956e-01	  7.7586830e-02
GGAGTG	  1.9090874e-01	  9.7584970e-02	 -1.9397086e-01
GGAGTT	 -1.3176063e-01	 -3.0185443e-01	  5.8757145e-02
GGATAA	 -3.4226253e+00	 -1.8774264e-02	  8.0961585e-02
GGATAC	  4.5228046e-01	  1.1720223e-01	 -3.7113003e-02
GGATAG	 -3.1896701e+00	  1.2611945e-01	 -3.5218075e-02
GGATAT	  1.0098057e-01	 -1.6586135e-01	 -3.9789952e-02
GGATCA	 -1.6163687e-01	  1.5008023e-01	  2.5912322e-02
GGATCC	  1.4965869e-01	 -2.1156386e-01	 -1.0098575e-02
GGATCG	  1.1016384e-01	  1.0089670e-01	 -8.8577263e-02
GGATCT	 -1.8046902e-01	 -1.4808197e-01	  5.3116787e-02
GGATGA	 -3.3295035e+00	  5.7129227e-02	  1.5289007e-01
GGATGC	  2.1259597e-01	  8.5711792e-02	  8.8051734e-03
GGATGG	  1.2314348e-01	 -1.6607771e-02	 -1.7466837e-01
GGATGT	 -1.2722864e-02	 -1.7137444e-01	 -3.4460299e-02
GGATTA	 -3.3001187e-01	  1.1495060e-01	 -4.7770191e-02
GGATTC	  2.7678952e-01	  9.6100174e-02	  1.4174449e-01
GGATTG	  1.3449192e-01	  1.8223010e-01	 -9.4535097e-02
GGATTT	 -2.6061606e-01	 -3.9916980e-01	 -2.1677759e-02
GGCAAA	 -4.2488357e-01	 -7.6275438e-02	 -4.1456833e-02
GGCAAC	  1.0644711e-01	  1.0158544e-01	  1.3192455e-01
GGCAAG	  3.4144607e-01	  1.4500566e-01	 -8.4734701e-02
GGCAAT	 -5.3119127e-02	 -1.2561776e-01	 -2.0910056e-02
GGCACA	 -2.5796041e-01	  1.0656338e-01	 -8.7437809e-02
GGCACC	  3.4537831e-01	 -1.1715354e-01	  1.6817005e-01
GGCACG	 -2.0014120e-02	  1.0225031e-01	 -4.6923418e-02
GGCACT	 -1.6415150e-01	 -1.5137175e-01	 -2.9794015e-02
GGCAGA	 -5.5157709e-01	 -9.8110409e-03	 -1.3934875e-02
GGCAGC	  2.0753066e-01	 -1.0828302e-02	  1.4230360e-01
GGCAGG	 -3.2205522e-01	  1.4825788e-01	 -1.9337559e-01
GGCAGT	  1.0412206e-01	 -1.5537435e-01	 -1.2512557e-01
GGCATA	 -3.2430688e-01	 -9.2919856e-02	 -2.5931242e-01
GGCATC	  1.8644968e-01	  2.1074688e-01	  2.8628743e-01
GGCATG	  2.0466141e-01	  1.8190750e-01	 -2.6384726e-01
GGCATT	 -1.7450546e-01	 -3.2473698e-01	 -3.3133667e-02
GGCCAA	 -2.5481698e-01	 -1.4366323e-01	  3.4046412e-02
GGCCAC	  3.3308759e-02	  1.3939118e-01	  4.4430800e-02
GGCCAG	  2.9288331e-01	  9.3558237e-02	 -1.4399806e-01
GGCCAT	 -2.1601680e-01	 -7.5697467e-02	  2.9838767e-02
GGCCCA	 -8.0014206e-02	  8.5058339e-02	  4.3065984e-02
GGCCCC	  2.2377218e-01	 -2.0538411e-01	 -3.4427291e-01
GGCCCG	  4.8259556e-02	  3.8482089e-02	 -9.0175457e-02
GGCCCT	 -2.4330156e-01	 -6.7202449e-02	  1.7539451e-01
GGCCGA	 -1.9787923e-01	 -1.6886273e-01	  1.2081780e-01
GGCCGC	  1.5929109e-01	  9.4153605e-02	 -1.0793431e-02
GGCCGG	 -6.1543491e-02	  2.1447393e-01	 -9.5011964e-02
GGCCGT	  1.0314134e-02	 -3.0838782e-01	 -9.2241704e-02
GGCCTA	 -1.5007444e-01	  1.2618500e-01	  7.6204598e-02
GGCCTC	 -7.3365375e-02	  3.6144525e-02	  6.0052905e-02
GGCCTG	  2.8400463e-01	  3.8266968e-02	 -1.8481378e-01
GGCCTT	 -3.9125955e-01	 -1.7854993e-01	  4.4348206e-02
GGCGAA	 -2.8627414e-01	 -7.8639202e-02	  3.9812569e-02
GGCGAC	  1.0362665e-02	  2.0246434e-01	  3.0433066e-02
GGCGAG	  2.1705185e-01	  5.8465251e-03	 -1.1679707e-01
GGCGAT	  1.8666888e-02	 -1.5495792e-01	  6.8958621e-03
GGCGCA	 -3.0499941e-01	  1.3216479e-01	  6.7808386e-03
GGCGCC	  3.2610837e-01	 -1.0147084e-01	  3.1035228e-02
GGCGCG	 -3.2023576e-01	  8.4553793e-02	 -4.6592698e-02
GGCGCT	 -1.0587791e-01	 -1.7549579e-01	 -1.3195617e-02
GGCGGA	  2.4974424e-02	 -3.4901027e-02	  1.1899137e-01
GGCGGC	  9.9830672e-02	 -3.2026883e-02	  1.4270236e-02
GGCGGG	 -5.0835264e-01	  2.5404674e-01	 -1.1003128e-01
GGCGGT	  4.9098469e-02	 -2.9159135e-01	 -1.2316789e-01
GGCGTA	 -2.4342091e-01	 -9.8625943e-02	 -2.8218322e-02
GGCGTC	  1.2021999e-01	  2.4491598e-01	  1.7688864e-01
GGCGTG	  1.2485903e-01	 -7.1006315e-03	 -2.2615658e-01
GGCGTT	 -1.4384250e-01	 -2.1439445e-01	  3.7242278e-02
GGCTAA	 -3.9075348e+00	  1.0678956e-01	 -2.4539653e-02
GGCTAC	  4.6702361e-01	  7.0460048e-03	  4.4840213e-02
GGCTAG	 -3.5664225e+00	  3.6825448e-02	  4.6105623e-02
GGCTAT	  1.4712413e-01	 -2.1902348e-01	 -3.2193560e-02
GGCTCA	 -2.1593706e-01	  2.1472999e-01	  3.1073643e-02
GGCTCC	  2.4171883e-01	 -2.3319525e-01	  1.2671360e-02
GGCTCG	  6.8540581e-02	 -1.0868125e-01	 -1.1413618e-01
GGCTCT	 -2.8126347e-01	 -1.3429997e-02	  2.7197013e-02
GGCTGA	 -3.5220082e+00	  4.2900030e-02	  5.4095097e-02
GGCTGC	  1.3294134e-01	 -6.8278019e-03	  3.8664185e-02
GGCTGG	  1.5118380e-01	  1.1608078e-01	 -5.9286278e-02
GGCTGT	 -3.1198462e-02	 -2.4778117e-01	 -5.1961489e-02
GGCTTA	 -4.8005843e-01	  1.2222774e-01	 -2.7674735e-01
GGCTTC	  3.2524216e-01	  1.3396689e-01	  2.1327239e-01
GGCTTG	  4.9480319e-02	 -1.3144688e-01	 -1.8116838e-01
GGCTTT	 -1.7172313e-01	 -1.2694626e-01	  5.2603990e-02
GGGAAA	 -3.3804378e-01	 -1.1545766e-01	 -1.0110133e-01
GGGAAC	  2.6520357e-01	  3.1938183e-01	  1.8915598e-01
GGGAAG	  1.8611839e-01	  2.1054208e-02	 -3.6506660e-02
GGGAAT	  4.0840644e-02	 -1.4404742e-01	  3.5168145e-02
GGGACA	  2.5406688e-02	  1.8065843e-01	  1.3608139e-03
GGGACC	 -1.2245388e-01	 -4.2988944e-01	 -1.1992135e-01
GGGACG	  2.5652155e-01	  1.9922651e-01	  1.1831704e-01
GGGACT	 -8.0010563e-02	  1.3045055e-02	  7.3458478e-02
GGGAGA	 -4.7284895e-01	 -1.2612497e-02	 -6.8967015e-02
GGGAGC	  3.2694724e-01	  1.0740475e-01	  1.5377074e-01
GGGAGG	 -4.6090323e-01	  5.2101467e-02	 -5.1621430e-02
GGGAGT	  5.0043557e-02	 -2.1072495e-01	 -9.1185622e-02
GGGATA	 -2.4295042e-01	 -5.6940503e-02	 -2.3194245e-01
GGGATC	  1.4241207e-01	  1.9338910e-01	  2.4742532e-01
GGGATG	  1.2285895e-01	  1.4437187e-01	 -2.9463330e-01
GGGATT	 -1.1794849e-01	 -3.9046785e-01	  3.1184290e-02
GGGCAA	 -7.3550567e-02	 -1.4850242e-01	  5.0653711e-02
GGGCAC	  5.5188626e-02	  1.7654307e-01	 -6.4214007e-03
GGGCAG	  1.4930391e-01	  9.4622932e-02	 -1.0980261e-01
GGGCAT	 -1.8075675e-01	 -1.3581571e-01	  3.6453966e-02
GGGCCA	 -1.4773253e-01	  6.9550745e-02	 -1.9469479e-02
GGGCCC	  2.5296342e-01	 -8.0862664e-02	 -2.5749564e-01
GGGCCG	  1.9664299e-01	  2.1400260e-02	 -6.9426320e-02
GGGCCT	 -2.7167106e-01	 -1.4272110e-01	  1.9188830e-01
GGGCGA	 -8.4170908e-02	 -1.6120832e-01	  1.5463251e-01
GGGCGC	  2.8098029e-01	  1.6282009e-01	 -7.4956194e-02
GGGCGG	 -1.6994852e-01	  1.8611340e-01	 -1.9161500e-02
GGGCGT	 -4.4180062e-02	 -3.9292625e-01	 -1.2810983e-01
GGGCTA	 -8.9887984e-02	 -1.1172815e-02	  1.6556297e-01
GGGCTC	 -3.6730987e-03	  1.8957576e-01	  1.2255903e-01
GGGCTG	  2.5143754e-01	  6.2842645e-02	 -2.1220848e-01
GGGCTT	 -3.7795246e-01	 -2.6605135e-01	 -5.4417692e-02
GGGGAA	 -3.2323527e-01	 -1.4848241e-01	 -3.7105365e-03
GGGGAC	  1.5971255e-01	  2.0229590e-01	  8.1499070e-02
GGGGAG	  1.4028294e-01	  4.4353444e-02	 -1.9672976e-01
GGGGAT	  8.7991074e-02	  1.1570776e-02	  9.1757081e-02
GGGGCA	 -1.5061620e-01	  7.5152166e-02	  1.9717304e-02
GGGGCC	  3.1962949e-01	 -1.5187620e-01	  1.5530634e-01
GGGGCG	 -3.1405143e-02	  7.7550970e-02	 -1.3902469e-01
GGGGCT	 -1.2827340e-01	 -1.4128296e-01	 -2.7837804e-02
GGGGGA	  1.2555267e-01	  2.1097708e-02	  1.9672674e-01
GGGGGC	  3.1776509e-01	  1.9563779e-01	  2.1032606e-01
GGGGGG	 -7.3145437e-01	 -1.0267384e-01	 -3.6887079e-01
GGGGGT	 -9.8704830e-02	 -1.7665242e-01	 -2.2842434e-01
GGGGTA	 -1.8671216e-01	 -9.9034123e-02	 -1.1930814e-01
GGGGTC	  1.3067453e-01	  2.8187650e-01	  3.1026927e-01
GGGGTG	  1.6092056e-01	  4.1157681e-02	 -3.1761235e-01
GGGGTT	 -2.3509587e-01	 -3.7030411e-01	 -2.7133564e-02
GGGTAA	 -2.7617543e+00	  2.3455799e-02	  6.4196050e-02
GGGTAC	  5.4918110e-01	  1.5363505e-01	  3.5725873e-02
GGGTAG	 -2.5486588e+00	  3.6191303e-02	  1.1399194e-02
GGGTAT	  1.0351778e-01	 -1.4951785e-01	 -9.4592199e-02
GGGTCA	 -1.6153149e-01	  1.6161841e-01	 -7.5942217e-03
GGGTCC	  2.4100557e-01	 -1.4840703e-01	 -3.0843678e-03
GGGTCG	  1.0442918e-01	 -1.1015934e-01	 -3.7837408e-02
GGGTCT	 -2.2331354e-01	 -6.8033904e-02	  3.7785824e-02
GGGTGA	 -2.4924941e+00	  8.2929082e-02	  1.4426017e-01
GGGTGC	  3.0764499e-01	  1.4160649e-01	  4.8861023e-02
GGGTGG	 -9.6850052e-02	 -3.1764847e-03	 -5.8066715e-02
GGGTGT	  9.8581798e-02	 -2.9790273e-01	 -1.2946370e-01
GGGTTA	 -2.8800449e-01	  1.7351714e-01	 -4.9851768e-02
GGGTTC	  2.8331822e-01	  1.3662475e-01	  2.5459006e-01
GGGTTG	  5.4654028e-02	 -6.4348385e-02	 -1.7676891e-01
GGGTTT	 -1.7135660e-01	 -2.1389890e-01	 -7.8890011e-02
GGTAAA	 -2.4453498e-01	 -1.4640017e-01	  2.8499875e-02
GGTAAC	  2.6666498e-01	  1.6909242e-01	  1.9543047e-01
GGTAAG	 -8.1658373e-03	  1.1419491e-01	 -3.2719857e-01
GGTAAT	  1.5918398e-02	 -6.1768949e-02	 -2.8477427e-02
GGTACA	 -1.7726964e-01	  5.4791231e-02	 -9.0106964e-02
GGTACC	  2.1681231e-01	 -3.2723449e-02	  1.4247556e-01
GGTACG	  6.4568691e-02	  1.0919342e-01	 -5.6249402e-02
GGTACT	 -7.9879090e-02	 -1.3442533e-01	  5.1726191e-03
GGTAGA	 -4.7459641e-01	 -2.9756701e-02	  1.2686543e-01
GGTAGC	  2.9387453e-01	 -1.6639724e-02	  9.3572304e-02
GGTAGG	 -4.3025950e-01	  8.6591735e-02	 -3.1577989e-01
GGTAGT	  8.1759132e-02	 -2.9703645e-02	 -8.4756635e-02
GGTATA	 -2.0829646e-01	 -1.5905848e-01	 -3.5318351e-01
GGTATC	  1.8958634e-01	  2.5456044e-01	  3.5297278e-01
GGTATG	  4.2856313e-02	  1.3892469e-01	 -3.1650519e-01
GGTATT	 -4.4384040e-02	 -2.7049509e-01	  9.9427355e-03
GGTCAA	 -1.9678718e-01	  5.7549295e-03	  1.4550702e-01
GGTCAC	  6.0486507e-02	  8.3219029e-02	  3.3925913e-02
GGTCAG	  2.2699924e-01	  5.9706368e-02	 -2.5267071e-01
GGTCAT	 -1.8812858e-01	 -1.7188904e-01	 -4.8362873e-02
GGTCCA	 -2.1377909e-03	  2.0841466e-01	  1.8436982e-01
GGTCCC	 -7.7929020e-02	 -3.4694207e-01	 -7.2978103e-01
GGTCCG	  2.1580665e-01	  1.9370937e-01	 -5.0209854e-02
GGTCCT	 -7.5049542e-02	 -8.9381665e-02	  2.3558168e-01
GGTCGA	 -2.7031368e-01	 -1.4305498e-01	  2.0260973e-01
GGTCGC	  2.7587742e-01	  1.3340257e-01	 -2.1804313e-01
GGTCGG	 -2.9324839e-01	  1.6358998e-01	 -9.8327115e-02
GGTCGT	  1.2176844e-02	 -3.1220764e-01	 -1.3557130e-02
GGTCTA	 -1.5294071e-01	  3.1959422e-02	  1.4512947e-01
GGTCTC	 -5.7516914e-02	  8.2739174e-02	  3.5391103e-02
GGTCTG	  2.7825806e-01	  1.4650352e-01	 -2.5294766e-01
GGTCTT	 -3.2750100e-01	 -3.3117136e-01	  4.4171330e-02
GGTGAA	 -1.6007450e-01	 -8.3322808e-02	  6.6173859e-02
GGTGAC	  8.4034666e-02	  9.1751844e-02	  9.0917319e-02
GGTGAG	  4.0463857e-02	  1.8281918e-02	 -3.6462891e-01
GGTGAT	  4.3330990e-02	 -8.6705955e-03	  6.2081408e-02
GGTGCA	 -2.0771283e-01	  5.7062682e-02	  2.4740063e-03
GGTGCC	  2.8050050e-01	 -2.9154504e-02	  5.5020093e-03
GGTGCG	 -1.6447918e-01	  1.1253230e-01	  9.6763959e-03
GGTGCT	 -5.9796233e-02	 -1.5361896e-01	 -1.4120581e-02
GGTGGA	  2.5605723e-02	  4.5219522e-02	  1.6188821e-01
GGTGGC	  1.6156264e-01	  2.8847702e-02	  1.9800905e-02
GGTGGG	 -4.7660297e-01	  7.1054563e-02	 -1.5466411e-01
GGTGGT	  6.9360394e-04	 -1.6789185e-01	 -1.0396061e-01
GGTGTA	 -2.3329493e-01	 -1.4262162e-01	 -5.5210363e-02
GGTGTC	  1.0377282e-01	  2.6496404e-01	  1.8699171e-01
GGTGTG	  1.3633801e-01	  7.1303777e-02	 -1.3977040e-01
GGTGTT	 -1.2915485e-01	 -3.3633214e-01	 -8.1424667e-03
GGTTAA	 -3.3667171e+00	 -1.8993367e-03	  6.4403571e-02
GGTTAC	  5.2754247e-01	  1.6096370e-01	  6.9353878e-02
GGTTAG	 -3.1127110e+00	  9.4199412e-02	 -1.3031954e-01
GGTTAT	  1.3963825e-01	 -2.3187132e-01	 -5.5377983e-02
GGTTCA	 -1.1689824e-01	  4.5372006e-02	  4.4562064e-02
GGTTCC	  2.1584032e-01	  1.0348612e-02	  3.0978780e-02
GGTTCG	  7.3008098e-02	  6.1738282e-02	 -8.8750675e-02
GGTTCT	 -2.8145704e-01	 -1.1909638e-01	 -6.3249427e-03
GGTTGA	 -3.1364629e+00	  2.0012366e-02	  1.5116942e-01
GGTTGC	  1.9712222e-01	  6.5730244e-02	 -4.2270489e-02
GGTTGG	  1.2015884e-01	  1.0510252e-01	 -1.2611572e-01
GGTTGT	 -2.1606961e-02	 -2.9687002e-01	  3.2388598e-03
GGTTTA	 -3.0092508e-01	  1.6785549e-01	 -2.8528260e-02
GGTTTC	  2.8718379e-01	  8.5990153e-02	  1.7359662e-01
GGTTTG	  1.6562934e-01	  2.0849866e-01	 -5.3388435e-02
GGTTTT	 -3.0697703e-01	 -4.3659282e-01	 -8.2431354e-02
GTAAAA	 -3.0187717e-01	 -1.4858308e-02	 -1.2591895e-01
GTAAAC	  9.3454212e-02	  1.5326488e-01	  1.4180747e-01
GTAAAG	  3.7842569e-01	  1.0528147e-01	  2.1239688e-01
GTAAAT	 -1.3548864e-01	 -1.6907476e-01	 -1.2353320e-01
GTAACA	 -1.8708515e-01	  4.6700221e-02	 -9.1178693e-02
GTAACC	  2.4249922e-01	  3.8256142e-03	  1.0464946e-01
GTAACG	  8.5859060e-02	  1.0237221e-01	  1.2276691e-01
GTAACT	 -1.3160430e-01	 -1.4457576e-01	 -8.8758901e-02
GTAAGA	 -1.2424058e-01	  8.0033846e-02	  5.8540842e-03
GTAAGC	  2.0553130e-01	  8.5045777e-02	  7.7791074e-03
GTAAGG	  5.9354775e-02	  2.1841931e-01	  1.3983639e-01
GTAAGT	 -1.8600534e-01	 -4.9214458e-01	 -1.1608706e-01
GTAATA	 -2.5750715e-01	 -1.2189390e-01	 -1.1429147e-02
GTAATC	  2.5935259e-01	  2.8727204e-01	  1.7619151e-01
GTAATG	  2.2481200e-01	  2.4029046e-01	  9.8442867e-02
GTAATT	 -2.3253024e-01	 -4.4100106e-01	 -1.7887338e-01
GTACAA	 -1.2803398e-02	  4.3535654e-02	  1.5340652e-01
GTACAC	 -6.2547036e-02	  5.3038213e-02	  8.3241621e-03
GTACAG	  3.4507555e-01	  1.8585035e-01	 -1.3610953e-01
GTACAT	 -3.5322821e-01	 -2.6311219e-01	 -1.1184113e-01
GTACCA	 -1.0543464e-01	  5.0387464e-02	  8.1284493e-02
GTACCC	  2.0078190e-01	 -7.1232513e-02	 -2.8064913e-01
GTACCG	  9.0929210e-02	  1.2418699e-01	  6.1442573e-02
GTACCT	 -1.9381101e-01	 -1.5287915e-01	 -5.4224711e-03
GTACGA	  9.7868089e-03	 -4.6602033e-02	  3.0813840e-01
GTACGC	  4.2512375e-01	  2.7619228e-01	  5.5198748e-02
GTACGG	 -4.0562814e-01	 -2.0862089e-02	 -2.9500452e-01
GTACGT	 -4.8638683e-02	 -2.9069489e-01	 -1.3189574e-01
GTACTA	 -6.2190197e-02	 -2.2517459e-03	  1.4066909e-01
GTACTC	 -9.6730366e-03	  1.1205522e-01	 -1.1829251e-02
GTACTG	  1.7173438e-01	  4.6765354e-02	 -2.0825590e-01
GTACTT	 -1.9826591e-01	 -1.9419555e-01	  7.3412575e-02
GTAGAA	 -1.7943524e-01	 -8.4910588e-03	 -1.2797064e-01
GTAGAC	  6.2100478e-02	  1.7442466e-01	  1.7766239e-01
GTAGAG	  1.9863634e-01	  8.0208883e-02	  5.8754388e-02
GTAGAT	 -6.4369068e-02	 -2.4281016e-01	 -4.9063411e-02
GTAGCA	 -1.6612956e-01	  1.3455644e-01	 -6.6561386e-02
GTAGCC	  2.4616241e-01	 -1.4341418e-01	  3.3547051e-02
GTAGCG	 -8.3161861e-02	  1.1582899e-01	  1.5777022e-01
GTAGCT	 -8.4377274e-02	 -1.6086030e-01	 -8.3972842e-02
GTAGGA	  6.7667022e-02	  4.9068138e-02	 -1.9233711e-02
GTAGGC	  2.0145851e-01	  3.9017648e-02	 -2.1089721e-02
GTAGGG	 -5.0769877e-01	  1.9907223e-01	  9.7303636e-02
GTAGGT	 -1.0872100e-01	 -4.2329931e-01	 -4.3630607e-02
GTAGTA	 -2.4108198e-01	 -3.9192021e-02	  3.7649736e-02
GTAGTC	  7.7065639e-02	  1.0411587e-01	  1.0897253e-01
GTAGTG	  2.4705830e-01	  2.3262578e-01	  6.6357061e-02
GTAGTT	 -1.4816459e-01	 -3.1104681e-01	 -1.6036256e-01
GTATAA	 -2.9346504e+00	 -3.2443281e-02	  2.1209642e-02
GTATAC	  4.9449834e-01	  2.1310256e-01	  1.3545765e-01
GTATAG	 -2.6079247e+00	  2.3629048e-01	 -1.1112766e-02
GTATAT	  2.7230127e-02	 -2.6657954e-01	 -8.9305729e-02
GTATCA	 -1.5736668e-01	  1.9357567e-01	  1.9321876e-02
GTATCC	  2.4940191e-01	 -2.7244404e-02	  1.2337852e-01
GTATCG	  2.2073932e-01	  1.5975563e-01	 -1.1579202e-03
GTATCT	 -4.1613770e-01	 -2.8342083e-01	 -1.0999908e-01
GTATGA	 -2.7738230e+00	  7.0369594e-02	  1.2292995e-01
GTATGC	  2.6979321e-01	  1.0517205e-01	  6.4603314e-02
GTATGG	  2.4002260e-01	  2.2825411e-01	  2.5655942e-02
GTATGT	 -2.1216328e-01	 -4.1525888e-01	 -1.6214596e-01
GTATTA	 -3.0474505e-01	  5.8554690e-02	 -9.1990009e-02
GTATTC	  3.5711074e-01	  1.4798658e-01	  2.0042834e-01
GTATTG	  1.0088558e-01	  2.7263585e-01	 -1.3135797e-01
GTATTT	 -2.0646645e-01	 -3.7696636e-01	 -1.7373206e-02
GTCAAA	 -4.3123823e-01	 -1.8737154e-02	  4.0240891e-02
GTCAAC	  1.1528827e-01	  7.5327925e-02	  1.4152382e-01
GTCAAG	  3.0386877e-01	  1.0334923e-01	 -1.3166644e-01
GTCAAT	 -1.1506439e-01	 -1.6471969e-01	 -1.1894854e-01
GTCACA	 -2.7829364e-01	  3.9771236e-02	 -1.5899666e-02
GTCACC	  3.1006813e-01	 -9.2397213e-02	  1.4244318e-01
GTCACG	  1.7748829e-02	  1.4557928e-01	 -6.2840357e-02
GTCACT	 -2.4372442e-01	 -8.9054137e-02	 -1.1131363e-01
GTCAGA	 -4.0113899e-01	 -7.1482598e-03	  1.0068246e-01
GTCAGC	  2.2746710e-01	 -3.6739083e-03	  1.0291767e-01
GTCAGG	 -2.8284520e-01	  2.0099153e-01	 -1.3607778e-01
GTCAGT	  2.3004399e-03	 -2.0150350e-01	 -1.8739673e-01
GTCATA	 -2.8211799e-01	 -2.1802723e-01	 -4.1722876e-01
GTCATC	  2.1898942e-01	  1.3381459e-01	  3.4792963e-01
GTCATG	  9.9924706e-02	  2.8163317e-01	 -3.3438325e-01
GTCATT	 -1.8169855e-01	 -3.1770208e-01	 -1.3842693e-01
GTCCAA	 -2.0500055e-01	 -1.2595958e-01	  8.5908771e-02
GTCCAC	 -5.8530416e-02	  1.2488714e-01	  2.9979106e-02
GTCCAG	  2.7976218e-01	  1.1766800e-01	 -1.3022190e-01
GTCCAT	 -2.0227215e-01	 -1.7947541e-01	 -2.4119053e-02
GTCCCA	  1.1812287e-01	  1.9820340e-01	  1.3069846e-01
GTCCCC	  1.9036044e-01	 -9.9905089e-02	 -1.1644703e-01
GTCCCG	 -1.3733213e-01	 -1.0633422e-01	 -2.6007923e-01
GTCCCT	 -1.8168895e-01	 -9.4617851e-02	  1.9023879e-01
GTCCGA	 -1.9125512e-01	 -2.4760894e-01	  1.2426575e-01
GTCCGC	  1.9588946e-01	  1.3074814e-01	 -3.0312935e-02
GTCCGG	 -2.4656491e-02	  2.6744437e-01	  3.6816601e-02
GTCCGT	 -8.3510228e-02	 -3.5786304e-01	 -1.5923810e-01
GTCCTA	 -2.6181679e-02	  4.1444372e-02	  1.1834459e-01
GTCCTC	 -4.6292521e-02	  2.9478235e-02	  1.9656524e-01
GTCCTG	  2.4594699e-01	  1.4250946e-01	 -2.0425384e-01
GTCCTT	 -3.8375968e-01	 -2.4020456e-01	 -7.6935709e-02
GTCGAA	 -3.0082163e-01	 -8.8383704e-02	  6.9971576e-02
GTCGAC	  4.9501799e-02	  1.7051890e-01	  7.1297012e-02
GTCGAG	  1.8936007e-01	  1.8422669e-02	 -1.4447558e-01
GTCGAT	 -1.0646730e-02	 -9.1114864e-02	 -3.2077938e-02
GTCGCA	 -2.6514590e-01	  7.8739643e-02	  3.9108641e-02
GTCGCC	  2.9764402e-01	 -6.8730086e-02	  3.0978201e-02
GTCGCG	 -2.5502506e-01	  1.6490564e-01	  1.5039617e-02
GTCGCT	 -1.3463902e-01	 -1.6787468e-01	 -9.0749726e-02
GTCGGA	 -4.4268966e-02	 -1.4178500e-01	  1.5412606e-01
GTCGGC	  1.7067543e-01	  1.7131154e-03	 -4.2975921e-02
GTCGGG	 -4.6462137e-01	  2.9442146e-01	 -6.0597874e-02
GTCGGT	  1.6568521e-02	 -2.8078976e-01	 -1.1080811e-01
GTCGTA	 -2.5563288e-01	 -1.6426273e-01	 -6.2597536e-02
GTCGTC	  6.1705407e-02	  1.1948863e-01	  1.7286246e-01
GTCGTG	  1.7654037e-01	  1.7510201e-01	 -1.7613852e-01
GTCGTT	 -1.0311785e-01	 -2.6003957e-01	 -9.0414882e-02
GTCTAA	 -3.5929043e+00	  1.0192674e-01	  4.9213912e-02
GTCTAC	  5.0812525e-01	  4.1842408e-02	  6.9922529e-02
GTCTAG	 -3.4117694e+00	  7.5875111e-02	  1.1678188e-02
GTCTAT	  1.2735114e-02	 -2.3347285e-01	 -1.1804098e-01
GTCTCA	 -2.1985099e-01	  2.3355593e-01	  6.4655341e-02
GTCTCC	  2.2526361e-01	 -1.9401273e-01	  5.2950764e-03
GTCTCG	  9.3421780e-02	 -6.4431243e-02	 -2.2214225e-02
GTCTCT	 -3.1153071e-01	 -5.7260357e-02	 -4.7062360e-02
GTCTGA	 -3.2921169e+00	  2.9392412e-02	  1.0820733e-01
GTCTGC	  2.5764650e-01	  3.3507030e-02	 -3.3258513e-02
GTCTGG	  6.1435655e-02	  1.5806790e-01	  4.8448533e-02
GTCTGT	 -1.6007498e-01	 -3.3055282e-01	 -1.1302042e-01
GTCTTA	 -5.8737630e-01	  1.5602982e-01	 -2.8928122e-01
GTCTTC	  3.1342432e-01	  8.1903130e-02	  3.0519664e-01
GTCTTG	 -1.4615981e-01	  1.9705033e-02	 -1.6295347e-01
GTCTTT	 -8.0036744e-02	 -2.3280030e-01	 -1.3183004e-01
GTGAAA	 -4.1870159e-01	 -8.6179145e-02	 -1.9270752e-01
GTGAAC	  1.9582570e-01	  1.7952690e-01	  1.8811485e-01
GTGAAG	  2.9078680e-01	  7.7643074e-02	  9.0301096e-02
GTGAAT	 -8.7868623e-02	 -1.0489871e-01	  8.4340554e-03
GTGACA	 -3.0278254e-01	  9.6703200e-03	 -8.5352950e-02
GTGACC	  2.9173550e-01	 -8.0798209e-02	  1.9049579e-03
GTGACG	  9.7574674e-02	  1.3327022e-01	  1.3011098e-01
GTGACT	 -3.0610862e-01	 -5.5062976e-02	 -1.9565355e-02
GTGAGA	 -2.6153699e-01	  5.7934385e-02	  4.4599019e-02
GTGAGC	  2.9641667e-01	  3.2548714e-02	 -3.1032695e-03
GTGAGG	 -8.0720494e-03	  2.5129527e-01	  1.2564041e-01
GTGAGT	 -2.3677467e-01	 -3.8906911e-01	 -1.2763457e-01
GTGATA	 -2.7794355e-01	 -4.3024705e-03	  5.3401280e-02
GTGATC	  2.5115120e-01	  1.6057058e-01	  1.0472587e-01
GTGATG	  1.1741156e-01	  1.1451825e-01	 -6.8454207e-03
GTGATT	 -2.1471371e-01	 -2.9593444e-01	 -1.1862291e-01
GTGCAA	 -1.7053649e-01	 -1.3499025e-01	  1.1269604e-01
GTGCAC	  3.2658648e-02	  4.1407615e-02	 -5.0325930e-02
GTGCAG	  2.5944322e-01	  1.8361370e-01	 -2.0113474e-01
GTGCAT	 -3.2863620e-01	 -1.6389357e-01	  5.1245566e-02
GTGCCA	 -1.9728728e-01	 -4.9786279e-03	 -3.2295521e-02
GTGCCC	  2.9588372e-01	 -3.1765625e-02	 -1.7926344e-01
GTGCCG	  6.9405109e-02	  1.2854935e-01	  4.2061120e-02
GTGCCT	 -3.2607886e-01	 -1.2443908e-01	  1.2798104e-01
GTGCGA	 -1.3252656e-01	 -1.6134766e-01	  1.8043298e-01
GTGCGC	  2.9666883e-01	 -1.4727850e-02	 -1.1306790e-01
GTGCGG	 -1.7184946e-01	  3.1896138e-01	 -6.4761050e-02
GTGCGT	 -1.2944295e-01	 -4.0329820e-01	 -8.9391172e-02
GTGCTA	 -2.2741562e-01	 -6.2702529e-02	  5.3685904e-02
GTGCTC	  8.5269779e-02	  1.1284857e-01	  1.0347694e-01
GTGCTG	  1.9878107e-01	  1.0154021e-01	 -2.3563664e-01
GTGCTT	 -4.2019457e-01	 -2.9019043e-01	  6.8885975e-02
GTGGAA	 -3.3046678e-01	 -1.4423162e-01	  1.0540508e-01
GTGGAC	  1.5272988e-01	  1.1393940e-01	  4.9381539e-02
GTGGAG	  1.7176551e-01	  1.1746062e-01	 -3.1032577e-01
GTGGAT	 -5.9029393e-02	 -8.9618362e-02	  4.4208694e-02
GTGGCA	 -3.9444804e-01	  1.4628842e-02	 -4.3548960e-02
GTGGCC	  3.5107949e-01	 -1.7274520e-01	 -2.2060955e-01
GTGGCG	 -9.1143087e-02	  2.1866903e-01	  1.1686558e-01
GTGGCT	 -1.6123907e-01	 -1.0637467e-01	  1.0931299e-01
GTGGGA	 -7.2934404e-02	 -2.2282640e-02	  2.5633439e-01
GTGGGC	  2.5239050e-01	  2.9668210e-02	 -1.1725140e-01
GTGGGG	 -6.7009217e-01	  2.4138045e-01	 -5.9125546e-02
GTGGGT	 -8.6306572e-02	 -3.5437980e-01	 -1.5224971e-01
GTGGTA	 -3.3906811e-01	 -1.2276912e-01	  7.0067503e-02
GTGGTC	  1.2576304e-01	  1.0252989e-01	  1.1867046e-01
GTGGTG	  1.5368284e-01	  1.4156085e-01	 -2.5446028e-01
GTGGTT	 -2.4441622e-01	 -3.1839955e-01	  7.5019546e-02
GTGTAA	 -3.4425414e+00	  5.2882262e-02	  2.9891398e-02
GTGTAC	  5.6221187e-01	  1.3312005e-01	  8.0087796e-02
GTGTAG	 -3.2168911e+00	  1.0083472e-01	 -1.1583465e-01
GTGTAT	 -6.4244226e-02	 -2.7022895e-01	 -2.6100991e-02
GTGTCA	 -4.3433180e-01	  1.0895372e-01	 -1.0762816e-01
GTGTCC	  2.8442386e-01	  9.7851381e-03	  1.2494881e-01
GTGTCG	  1.1298757e-01	 -4.9031269e-02	  4.8384622e-02
GTGTCT	 -3.4522456e-01	 -1.0767695e-01	 -1.0439572e-01
GTGTGA	 -3.3098376e+00	  1.3418296e-01	  2.1477136e-01
GTGTGC	  3.6440444e-01	  9.2749722e-02	  1.1719030e-01
GTGTGG	  2.6835930e-01	  3.6385763e-01	  7.5994253e-02
GTGTGT	 -4.7277746e-01	 -6.4715683e-01	 -2.5863853e-01
GTGTTA	 -4.3537322e-01	  1.9140165e-01	 -1.7791623e-01
GTGTTC	  3.8805544e-01	  1.4188261e-01	  2.1619363e-01
GTGTTG	 -4.2509571e-02	  4.7145635e-02	 -2.0321397e-01
GTGTTT	 -2.0538087e-01	 -3.0169970e-01	  2.8645882e-02
GTTAAA	 -2.7622181e-01	 -1.3742535e-01	  1.6754065e-02
GTTAAC	  1.5186253e-01	  1.8375188e-01	  9.7720541e-02
GTTAAG	  2.7718163e-01	  1.0681380e-01	 -1.0352975e-02
GTTAAT	 -1.3933122e-01	 -7.5839415e-02	 -8.0218047e-02
GTTACA	 -1.9797404e-01	 -3.0964110e-02	 -8.9499347e-02
GTTACC	  2.3743209e-01	  6.5608989e-03	  1.2714340e-01
GTTACG	  7.8585394e-02	  1.4696299e-01	 -5.3336073e-02
GTTACT	 -1.4685874e-01	 -8.5877590e-02	  2.9597371e-03
GTTAGA	 -3.0283999e-01	 -4.7782059e-03	  1.5556745e-01
GTTAGC	  2.5352216e-01	 -2.8683780e-02	  3.9891496e-02
GTTAGG	 -7.4612409e-02	  1.6759911e-01	 -3.7431445e-02
GTTAGT	 -8.9868218e-02	 -9.3712047e-02	 -2.1365984e-01
GTTATA	 -1.0417265e-01	 -7.6732688e-02	 -2.5289920e-01
GTTATC	  2.5136256e-01	  2.1695024e-01	  3.3342901e-01
GTTATG	  5.9020746e-02	  2.6681516e-01	 -7.9528898e-02
GTTATT	 -1.5741643e-01	 -4.3766332e-01	 -8.2803532e-02
GTTCAA	 -1.4425081e-01	 -6.5238222e-02	  6.1926104e-02
GTTCAC	  2.5897153e-02	  1.5878467e-01	  3.4070726e-02
GTTCAG	  2.9674122e-01	  8.6291522e-02	 -2.2057095e-01
GTTCAT	 -2.5827411e-01	 -1.4648174e-01	  2.7733838e-02
GTTCCA	 -1.5366673e-02	  7.4118994e-02	  1.6184779e-02
GTTCCC	  1.5697713e-01	 -6.9016933e-02	 -2.1478187e-01
GTTCCG	  3.5201993e-02	  1.2265275e-01	  1.8589217e-02
GTTCCT	 -1.9456199e-01	 -1.8209785e-01	  8.8019475e-02
GTTCGA	 -1.6059004e-01	 -1.3743487e-01	  1.8958376e-01
GTTCGC	  2.3168147e-01	  1.0222466e-01	 -1.1384324e-01
GTTCGG	 -1.8731496e-01	  2.1045223e-01	 -1.0587946e-01
GTTCGT	 -3.7371095e-02	 -3.1222022e-01	 -8.3576120e-02
GTTCTA	 -1.6117002e-01	  3.1933542e-02	  6.9929004e-02
GTTCTC	  3.6448490e-02	  5.6120068e-02	  2.7738744e-02
GTTCTG	  2.8083426e-01	  1.9880787e-01	 -1.3547301e-01
GTTCTT	 -3.3188707e-01	 -3.3708245e-01	  2.2233274e-02
GTTGAA	 -9.0346478e-02	 -9.8785773e-02	  6.1604787e-02
GTTGAC	 -5.8124237e-02	  1.0642175e-01	  3.2954890e-02
GTTGAG	  2.3848270e-01	  8.3036810e-02	 -6.2093101e-02
GTTGAT	 -1.1814868e-01	 -5.5360012e-02	 -5.8428384e-02
GTTGCA	 -1.9268851e-01	  5.6220919e-02	  3.8657177e-02
GTTGCC	  2.3892382e-01	 -5.4716077e-02	 -1.3977298e-02
GTTGCG	 -7.2385557e-02	  2.0053715e-01	  8.9694574e-02
GTTGCT	 -9.5144749e-02	 -1.7603363e-01	 -8.5635103e-02
GTTGGA	  7.7192515e-02	  7.6781057e-02	  2.1840544e-01
GTTGGC	  1.2169192e-01	 -1.1501544e-01	 -3.6151901e-02
GTTGGG	 -5.0718528e-01	  1.8420094e-01	 -1.0731953e-01
GTTGGT	 -1.1369540e-02	 -1.6232593e-01	 -1.5537076e-01
GTTGTA	 -1.5801606e-01	 -1.8324229e-01	 -6.4541893e-03
GTTGTC	  1.4219436e-01	  2.6340175e-01	  2.6064274e-01
GTTGTG	  2.6165265e-01	  2.4479698e-01	 -4.0155821e-02
GTTGTT	 -2.8403047e-01	 -4.3639851e-01	 -1.7345023e-01
GTTTAA	 -3.3496621e+00	  5.1072121e-02	  1.8369570e-02
GTTTAC	  5.5370080e-01	  6.8930812e-02	  2.9727537e-02
GTTTAG	 -3.0457079e+00	  1.9274655e-01	  2.3073630e-02
GTTTAT	  7.3184413e-03	 -2.6651770e-01	 -4.6511758e-02
GTTTCA	 -2.1789211e-01	  2.7851816e-03	 -1.5760813e-02
GTTTCC	  2.2810072e-01	  5.5516820e-02	  6.7003042e-02
GTTTCG	  1.0234440e-01	  1.1974776e-01	 -1.2758155e-01
GTTTCT	 -2.4472712e-01	 -2.0117959e-01	  3.9047603e-02
GTTTGA	 -3.2515178e+00	  1.7344939e-02	  1.2767504e-01
GTTTGC	  2.4616344e-01	 -1.4278036e-02	 -2.7974112e-02
GTTTGG	  1.5168905e-01	  2.6694581e-01	 -6.7393244e-03
GTTTGT	 -1.6600993e-01	 -4.3610758e-01	 -7.4644350e-02
GTTTTA	 -1.8774858e-01	  7.2028898e-02	 -3.0515250e-02
GTTTTC	  1.6984339e-01	  8.6914338e-02	  1.1233848e-01
GTTTTG	  2.2763900e-01	  2.4167599e-01	 -2.8373206e-02
GTTTTT	 -3.0073735e-01	 -4.7535545e-01	 -4.4792626e-02
TAAAAA	 -1.7743802e-01	 -7.0103198e-02	  2.4667259e-02
TAAAAC	  2.0359769e-01	  1.9075380e-01	  1.2465859e-01
TAAAAG	  2.0294724e-01	  2.5023401e-01	 -1.0152372e-01
TAAAAT	 -9.4435863e-02	 -2.9252315e-01	 -6.1997246e-02
TAAACA	 -2.0423867e-01	 -5.5384804e-02	 -1.5238903e-01
TAAACC	  2.1448998e-01	  2.0794943e-02	  1.6957153e-01
TAAACG	  1.7457578e-01	  2.6609075e-01	  3.5091601e-02
TAAACT	 -4.9339205e-02	 -1.9416353e-01	  4.6232939e-02
TAAAGA	 -4.4725765e-02	  4.6537925e-02	  1.4245437e-01
TAAAGC	  4.4781841e-02	  3.9034259e-02	  1.6812452e-03
TAAAGG	  1.5588078e-01	  2.4876110e-01	 -1.1638393e-01
TAAAGT	 -1.1095221e-01	 -3.7788489e-01	 -1.0173690e-01
TAAATA	 -1.2507568e-01	 -1.5930025e-01	 -2.9557002e-01
TAAATC	  2.5983176e-01	  2.5330323e-01	  4.0156633e-01
TAAATG	  9.8225720e-02	  3.1254643e-01	 -1.2348789e-01
TAAATT	 -1.2021592e-01	 -4.6442994e-01	  6.4319624e-03
TAACAA	 -2.0830081e-01	 -1.3397096e-01	  7.2156474e-02
TAACAC	  1.9059765e-01	  1.8220475e-01	 -8.0286171e-03
TAACAG	  1.8554948e-01	  2.5122312e-01	 -8.9904383e-02
TAACAT	 -3.6410011e-02	 -2.1084200e-01	 -6.8279453e-02
TAACCA	 -1.8238172e-01	  3.6338367e-02	  4.6309169e-02
TAACCC	  5.2931577e-02	 -1.4313963e-01	 -1.5978774e-01
TAACCG	  1.2081663e-01	  1.9003384e-01	 -6.0787860e-02
TAACCT	  7.7945568e-02	 -1.9303237e-01	  9.3248516e-02
TAACGA	 -1.5102793e-01	 -1.8915133e-01	  1.3794889e-01
TAACGC	  4.7097139e-02	  1.9681399e-01	 -4.2486332e-02
TAACGG	  9.4601154e-02	  1.7807902e-01	 -8.6433969e-02
TAACGT	  5.4224938e-02	 -2.8255305e-01	 -1.8084250e-01
TAACTA	 -2.5868374e-03	 -8.3781235e-02	 -7.1913339e-02
TAACTC	  1.7636445e-01	  1.7663287e-01	  2.6544622e-01
TAACTG	  5.3756446e-02	  2.3545021e-01	 -2.1584208e-01
TAACTT	 -1.5962826e-01	 -3.4642994e-01	 -1.9012703e-02
TAAGAA	 -1.8888327e-01	 -6.9987133e-02	  6.3105337e-02
TAAGAC	  2.0970659e-01	  1.3428858e-01	  8.1683427e-02
TAAGAG	  1.3513827e-01	  1.8794951e-01	 -1.9480467e-01
TAAGAT	 -4.3581493e-02	 -1.8915461e-01	 -4.3116838e-02
TAAGCA	 -9.6906580e-02	  5.1424321e-02	 -8.0496572e-02
TAAGCC	  3.9464720e-02	 -1.4811371e-01	  7.3050417e-02
TAAGCG	  1.4507116e-01	  2.1879035e-01	  2.7358916e-02
TAAGCT	 -4.9546838e-02	 -1.6952592e-01	 -9.0900448e-04
TAAGGA	 -1.1518113e-01	 -1.9024899e-02	  1.5409662e-01
TAAGGC	  2.4084214e-02	 -3.1085359e-03	 -5.0439563e-02
TAAGGG	  9.3468867e-02	  2.5053066e-01	 -1.6417247e-01
TAAGGT	  2.5086977e-02	 -3.9837855e-01	 -1.0208393e-01
TAAGTA	 -1.7781038e-02	 -1.8728261e-01	 -1.7079276e-01
TAAGTC	  1.9484039e-01	  2.1474698e-01	  2.2764176e-01
TAAGTG	  8.3792144e-03	  2.2794867e-01	 -1.6408344e-01
TAAGTT	 -1.2672175e-01	 -3.3552611e-01	  6.2553197e-02
TAATAA	 -2.2022974e-01	 -1.9991893e-01	 -2.4652544e-02
TAATAC	  2.8658196e-01	  2.9034621e-01	  1.4979193e-01
TAATAG	  2.7683061e-01	  3.0229697e-01	  4.6063766e-02
TAATAT	 -1.1192416e-01	 -1.6595113e-01	 -6.5214366e-02
TAATCA	 -1.4756523e-01	 -4.1644204e-02	 -1.3630159e-01
TAATCC	  1.0146304e-01	  1.7905749e-02	  2.1014522e-01
TAATCG	  1.0238006e-01	  2.0267525e-01	 -1.7907999e-01
TAATCT	 -5.9160986e-03	 -2.0039275e-01	  6.0906358e-02
TAATGA	 -7.2991110e-02	 -1.0522508e-01	 -4.2122465e-02
TAATGC	  4.2030856e-02	  9.2946090e-02	  7.3199995e-02
TAATGG	  6.7669593e-02	  2.3607786e-01	  5.7258248e-02
TAATGT	 -2.2638356e-02	 -3.4736300e-01	 -8.0324955e-02
TAATTA	 -6.4596809e-02	 -1.5897147e-01	 -3.6719131e-01
TAATTC	  3.0065158e-01	  1.7855088e-01	  3.8964349e-01
TAATTG	  9.0546533e-02	  3.5204720e-01	 -1.1719461e-01
TAATTT	 -1.8394855e-01	 -3.9549774e-01	  3.4736890e-02
TACAAA	 -4.7569978e-01	 -4.2597163e-02	 -5.5843055e-02
TACAAC	  2.2959574e-01	  1.5283316e-01	  2.5390056e-01
TACAAG	  3.9320821e-01	  1.9757478e-01	 -9.7936369e-02
TACAAT	 -1.4041778e-01	 -2.4810354e-01	 -9.1008842e-02
TACACA	 -3.2793158e-01	 -6.9779247e-02	 -2.4825369e-01
TACACC	  3.4266260e-01	 -2.9301103e-03	  3.3716828e-01
TACACG	  2.8046459e-01	  2.8174254e-01	 -1.3920559e-01
TACACT	 -3.0248156e-01	 -1.4702812e-01	  1.9091947e-02
TACAGA	 -3.7689298e-01	 -4.3201581e-02	  4.2593364e-02
TACAGC	  2.6073816e-01	  8.9029163e-02	  5.7708342e-02
TACAGG	 -2.0926898e-02	  2.1952482e-01	 -3.0360654e-02
TACAGT	 -3.5569936e-02	 -3.2491210e-01	 -9.9032238e-02
TACATA	 -4.0801686e-01	 -3.6524969e-01	 -5.7617372e-01
TACATC	  3.9226514e-01	  4.1861698e-01	  5.1252830e-01
TACATG	  3.3537343e-01	  3.0011827e-01	 -4.1343473e-02
TACATT	 -1.9224826e-01	 -2.2018968e-01	  1.5679320e-02
TACCAA	 -3.0900165e-01	 -1.0542477e-01	  1.1689175e-02
TACCAC	  5.2324943e-02	  1.4775841e-01	  1.5136345e-01
TACCAG	  3.4719706e-01	  1.3402754e-01	 -1.5237080e-01
TACCAT	 -2.6506120e-01	 -1.7840864e-01	 -5.2882675e-02
TACCCA	 -1.3183893e-01	  6.2465999e-02	  1.7763838e-02
TACCCC	  1.5914191e-01	 -2.5943205e-01	 -1.1261455e-01
TACCCG	  2.9049048e-01	  2.4649842e-01	 -3.7258912e-02
TACCCT	 -4.1336986e-01	 -2.0310326e-01	  7.0737898e-02
TACCGA	 -2.3682766e-01	 -1.8607029e-01	  7.7200450e-02
TACCGC	  2.6748747e-01	  1.4305559e-01	 -8.1520200e-02
TACCGG	 -2.3714744e-02	  2.5309658e-01	  7.3352411e-02
TACCGT	 -2.1999869e-01	 -3.5766917e-01	 -8.8061661e-02
TACCTA	 -2.2594158e-01	 -1.1327070e-01	 -7.7739224e-02
TACCTC	 -6.1132584e-02	  7.7700526e-02	  1.7787360e-01
TACCTG	  3.8884401e-01	  1.5301457e-01	 -1.1174215e-01
TACCTT	 -4.5336959e-01	 -1.3353920e-01	 -2.5899677e-02
TACGAA	 -3.4575838e-01	 -7.4628912e-02	  1.8580338e-02
TACGAC	  1.3386863e-01	  2.1293661e-01	  1.6138647e-01
TACGAG	  1.8020858e-01	  1.7080065e-02	 -1.5678623e-01
TACGAT	 -1.3576905e-03	 -1.2766920e-01	 -3.7925337e-02
TACGCA	 -4.0934747e-01	  5.4484867e-02	 -2.0417748e-01
TACGCC	  3.3706737e-01	 -1.7839068e-01	  1.6892290e-01
TACGCG	  1.1906740e-03	  2.5431558e-01	 -8.6847916e-02
TACGCT	 -2.0555457e-01	 -1.7132857e-01	  5.6380041e-02
TACGGA	  4.0851388e-02	 -8.1769945e-03	  1.5829685e-01
TACGGC	  3.3539638e-01	  1.8797846e-01	  1.0571377e-01
TACGGG	 -6.3401794e-01	 -4.0069371e-02	 -3.2115209e-01
TACGGT	 -2.2451863e-02	 -2.6175031e-01	 -1.8239708e-03
TACGTA	 -3.9148849e-01	 -2.4517344e-01	 -1.5703154e-01
TACGTC	  1.1551408e-01	  2.7651784e-01	  3.0581066e-01
TACGTG	  3.3164042e-01	  1.9354606e-01	 -2.0126821e-01
TACGTT	 -2.8410393e-01	 -2.7783230e-01	  1.9421892e-02
TACTAA	 -3.7276750e+00	  5.6383729e-02	 -8.0931932e-02
TACTAC	  4.6820438e-01	  5.2101605e-02	  1.2908639e-01
TACTAG	 -3.3698187e+00	  1.7743956e-01	  1.8971533e-01
TACTAT	  6.0267732e-02	 -2.5616071e-01	 -1.5554611e-01
TACTCA	 -3.1204036e-01	  1.5663673e-01	 -1.5149212e-01
TACTCC	  3.1611162e-01	 -3.7824702e-02	  3.4246877e-01
TACTCG	  7.1978323e-02	 -1.1169264e-01	 -3.3173284e-01
TACTCT	 -3.4758094e-01	 -7.4356928e-02	 -2.4727156e-02
TACTGA	 -3.4771628e+00	  1.3426259e-02	  8.2192168e-02
TACTGC	  2.8767657e-01	  1.1635074e-01	  3.1752981e-02
TACTGG	  4.6288230e-02	  4.7804479e-02	 -7.4088641e-02
TACTGT	 -1.1572826e-01	 -3.2731622e-01	 -3.2049820e-02
TACTTA	 -6.8803740e-01	  1.2760867e-01	 -2.8882089e-01
TACTTC	  3.9318687e-01	  1.2510774e-01	  3.2737583e-01
TACTTG	  1.0528204e-01	  1.0277844e-01	 -1.2556021e-01
TACTTT	 -1.4958158e-01	 -2.8503394e-01	 -3.5719011e-02
TAGAAA	 -1.9778158e-01	 -2.5887834e-02	 -6.4969119e-03
TAGAAC	  2.1393313e-01	  1.3397335e-01	  1.9850010e-01
TAGAAG	  1.2904093e-01	  1.9765131e-01	 -8.0250576e-03
TAGAAT	 -2.9057650e-02	 -3.2026058e-01	 -1.5274721e-01
TAGACA	 -1.5202057e-01	 -2.3591979e-03	 -1.6098458e-01
TAGACC	  1.1957105e-01	 -1.4562654e-01	  2.9599077e-01
TAGACG	  1.0280108e-01	  1.8379566e-01	 -1.9480525e-02
TAGACT	 -1.3817118e-02	 -8.9259088e-02	 -1.3033108e-01
TAGAGA	 -6.8768241e-02	 -4.2180855e-02	  1.6895935e-01
TAGAGC	  9.2841673e-04	  2.6935307e-02	 -1.1565238e-02
TAGAGG	  9.4847292e-02	  2.2517435e-01	 -1.0791916e-01
TAGAGT	 -1.1467578e-02	 -2.9116267e-01	 -1.8366210e-01
TAGATA	 -8.6777195e-02	 -1.5381414e-01	 -2.4831766e-01
TAGATC	  1.8347619e-01	  2.0400517e-01	  3.5081211e-01
TAGATG	  6.8565346e-02	  2.5103110e-01	 -1.7533556e-01
TAGATT	 -1.0361441e-01	 -3.4587580e-01	  2.7865070e-04
TAGCAA	 -1.3122195e-01	 -1.4614800e-01	  4.8513681e-02
TAGCAC	  1.2992443e-01	  8.3116218e-02	  2.7300239e-02
TAGCAG	  6.3301347e-02	  2.2887069e-01	  3.8791854e-02
TAGCAT	 -1.7629748e-02	 -1.9034816e-01	 -1.4101408e-01
TAGCCA	 -2.1985373e-01	 -1.1478758e-03	  4.9743563e-02
TAGCCC	  1.3722840e-01	 -8.1410818e-02	 -1.3920270e-01
TAGCCG	  6.0129095e-02	  1.3409317e-01	 -1.8534155e-01
TAGCCT	  1.3006860e-01	 -1.2545870e-01	  1.4804633e-01
TAGCGA	 -1.0956599e-01	 -1.8822990e-01	  1.5108143e-01
TAGCGC	  1.6389232e-02	  5.4285616e-02	 -1.5660891e-01
TAGCGG	  5.3464685e-02	  2.9166934e-01	  1.5673228e-02
TAGCGT	  6.2530965e-02	 -4.0108523e-01	 -1.6699091e-01
TAGCTA	  3.7935097e-02	 -8.1263587e-02	 -6.5982983e-02
TAGCTC	  1.3436450e-01	  1.2553814e-01	  2.8615707e-01
TAGCTG	 -5.4750286e-02	  1.6259913e-01	 -2.8516394e-01
TAGCTT	 -8.4714442e-02	 -2.9892144e-01	 -3.3157007e-03
TAGGAA	 -1.8737736e-01	 -1.4609478e-01	  4.3353152e-02
TAGGAC	  2.0678520e-01	  8.6065874e-02	 -2.2035263e-02
TAGGAG	  9.6080877e-02	  2.2598818e-01	 -7.7006109e-02
TAGGAT	 -1.6115092e-02	 -1.1614053e-01	 -2.7017822e-04
TAGGCA	 -1.4412768e-01	  7.0775854e-03	 -8.2680888e-02
TAGGCC	  8.5977539e-02	 -2.3607957e-01	  3.7570830e-02
TAGGCG	  7.5529404e-02	  2.4281828e-01	  9.7315803e-02
TAGGCT	  2.4260698e-02	 -1.7141941e-01	 -2.0511735e-02
TAGGGA	 -9.6697696e-02	 -1.2487803e-01	  1.8012232e-01
TAGGGC	  5.2588027e-02	  3.0431280e-02	  8.0605894e-03
TAGGGG	  6.4289197e-02	  2.4490443e-01	 -2.0424409e-01
TAGGGT	 -9.7661000e-04	 -2.2510517e-01	 -1.7682515e-01
TAGGTA	 -3.9190575e-02	 -2.0026864e-01	 -1.6926202e-01
TAGGTC	  1.6960680e-01	  2.4859466e-01	  2.3861055e-01
TAGGTG	 -1.9045806e-02	  1.5665855e-01	 -2.5256708e-01
TAGGTT	 -7.3365524e-02	 -2.8678852e-01	  1.0345405e-01
TAGTAA	 -1.1227189e-01	  2.6223384e-02	  2.5764425e-04
TAGTAC	  1.7190452e-01	  6.0453806e-02	  8.8528462e-02
TAGTAG	  9.7032927e-02	  1.4625093e-01	  1.5750863e-01
TAGTAT	 -9.0644360e-02	 -2.2688638e-01	 -2.2762482e-01
TAGTCA	 -7.5020887e-02	  1.3408762e-01	 -3.1530552e-02
TAGTCC	  6.4849928e-02	 -1.0407352e-01	  1.9676630e-01
TAGTCG	 -2.2842207e-03	  1.4873153e-02	 -1.8288679e-01
TAGTCT	  2.4625339e-02	 -1.5356152e-01	 -3.0907681e-02
TAGTGA	  9.3809646e-03	 -9.4123483e-02	  1.4706260e-03
TAGTGC	  3.4408815e-02	  1.2450412e-01	  6.2765442e-02
TAGTGG	 -7.5973305e-03	  1.8326944e-01	  6.1980017e-02
TAGTGT	 -3.3380881e-02	 -4.0031034e-01	 -1.4305912e-01
TAGTTA	  5.6006674e-02	  6.7543663e-02	 -3.8216323e-01
TAGTTC	  1.9360556e-01	  1.3724598e-01	  3.6977446e-01
TAGTTG	  3.9826363e-02	  1.4641938e-01	 -1.7623940e-01
TAGTTT	 -1.9542895e-01	 -2.8341889e-01	 -1.1567791e-02
TATAAA	 -3.6376309e-01	 -2.2376160e-01	 -7.9739638e-02
TATAAC	  2.6726493e-01	  2.7301583e-01	  2.6220620e-01
TATAAG	  3.5632581e-01	  2.6287204e-01	  5.6646001e-02
TATAAT	 -7.5154565e-02	 -9.5776580e-02	 -9.1722310e-02
TATACA	 -3.5787714e-01	 -1.2435053e-01	 -2.5382146e-01
TATACC	  2.7431086e-01	  2.7356487e-02	  3.0794916e-01
TATACG	  3.2280514e-01	  2.9356706e-01	  2.5931684e-02
TATACT	 -2.1118167e-01	 -1.2490150e-01	 -1.0184109e-02
TATAGA	 -2.5765479e-01	 -1.0641108e-01	  2.9759008e-02
TATAGC	  2.6044840e-01	  5.9509553e-02	  1.3814393e-01
TATAGG	  6.1600070e-02	  2.0156272e-01	 -7.8753792e-02
TATAGT	 -9.5186517e-02	 -8.6969405e-02	 -1.2849125e-01
TATATA	 -3.0451924e-01	 -3.4783521e-01	 -4.3312159e-01
TATATC	  3.0729911e-01	  3.9779884e-01	  5.1261491e-01
TATATG	  3.0330825e-01	  2.9939291e-01	 -1.8853115e-01
TATATT	 -1.2774801e-01	 -1.9032192e-01	  8.8230714e-02
TATCAA	 -2.7596754e-01	 -8.1764594e-02	  7.6367602e-02
TATCAC	  1.2243582e-01	  1.2781933e-01	  1.0030578e-01
TATCAG	  3.3608520e-01	  1.7663419e-01	 -2.0980054e-01
TATCAT	 -2.4241325e-01	 -1.8634784e-01	 -6.3677736e-02
TATCCA	 -1.6737141e-01	 -9.5861470e-03	  3.9912038e-02
TATCCC	  2.1421646e-01	 -8.6778909e-02	 -3.1995416e-01
TATCCG	  2.4829048e-01	  2.1843867e-01	 -3.9758094e-02
TATCCT	 -4.0252221e-01	 -1.5449604e-01	  1.1922901e-01
TATCGA	 -2.9150122e-01	 -2.0070502e-01	  1.7854725e-01
TATCGC	  2.8550586e-01	  1.5273833e-01	 -2.1487509e-01
TATCGG	 -6.1283775e-02	  2.2381368e-01	 -2.8275587e-02
TATCGT	 -9.8960869e-02	 -2.6992369e-01	 -1.2866685e-01
TATCTA	 -2.8975385e-01	 -3.5407521e-02	  2.9350219e-02
TATCTC	 -6.5315448e-02	  6.1312180e-02	  1.3796577e-01
TATCTG	  3.6627382e-01	  1.8709978e-01	 -1.4154574e-01
TATCTT	 -4.7395891e-01	 -2.8700501e-01	 -1.4372504e-02
TATGAA	 -2.3306820e-01	 -1.7368038e-01	 -2.2922356e-03
TATGAC	  7.0487395e-02	  1.4277846e-01	  5.1076587e-02
TATGAG	  2.7564561e-01	  1.5671574e-01	 -9.1903925e-02
TATGAT	 -5.2947883e-02	 -3.7985962e-02	  1.9822078e-02
TATGCA	 -4.0173745e-01	 -1.0625269e-01	 -1.0771251e-01
TATGCC	  3.6950979e-01	  5.6883022e-03	  6.9385789e-02
TATGCG	  8.7328255e-02	  2.4742971e-01	  1.6569417e-02
TATGCT	 -2.0574398e-01	 -1.2377103e-01	  6.2288322e-02
TATGGA	  4.0309548e-02	  5.1417697e-02	  1.6284497e-01
TATGGC	  1.5316576e-01	 -8.1189252e-02	 -1.2963784e-01
TATGGG	 -3.6450091e-01	  1.5500431e-01	  1.3255459e-02
TATGGT	 -8.5260548e-02	 -1.4993508e-01	 -1.1234038e-01
TATGTA	 -5.3346217e-01	 -3.0369490e-01	 -2.9088309e-01
TATGTC	  1.6723129e-01	  3.5237986e-01	  3.9198759e-01
TATGTG	  3.9161876e-01	  2.2778063e-01	 -1.6593611e-01
TATGTT	 -3.0556059e-01	 -2.6641083e-01	  1.0899138e-01
TATTAA	 -3.2199764e+00	  7.7784974e-03	  4.9130142e-02
TATTAC	  5.8224142e-01	  1.2303378e-01	  1.2350652e-01
TATTAG	 -2.7906957e+00	  3.8072735e-01	  6.5571211e-02
TATTAT	  5.5624876e-02	 -3.9475995e-01	 -1.4406092e-01
TATTCA	 -3.0018741e-01	 -7.9126284e-02	 -8.1858873e-02
TATTCC	  2.4500203e-01	  3.9261200e-02	  1.4961995e-01
TATTCG	  2.5861222e-01	  2.1435010e-01	 -1.4130128e-02
TATTCT	 -3.2544029e-01	 -1.5603566e-01	 -3.9014708e-02
TATTGA	 -3.1576643e+00	 -7.7662811e-02	  1.0500918e-01
TATTGC	  2.8064415e-01	  9.4374083e-02	  2.2604095e-02
TATTGG	  2.3155561e-01	  3.0613539e-01	  3.3894882e-02
TATTGT	 -1.2210482e-01	 -4.6195525e-01	 -1.6116318e-01
TATTTA	 -3.2197446e-01	 -9.0294302e-02	 -2.7009591e-01
TATTTC	  2.5937247e-01	  1.2108619e-01	  2.5145435e-01
TATTTG	  3.2455185e-01	  2.8124666e-01	  3.2939289e-02
TATTTT	 -3.0683014e-01	 -2.5398034e-01	 -1.5378099e-02
TCAAAA	 -2.7256379e-01	 -6.2783219e-02	 -2.9700638e-03
TCAAAC	  1.2097201e-01	  1.4494774e-01	  1.4591035e-01
TCAAAG	  2.6574507e-01	  1.5971363e-01	 -8.1661768e-02
TCAAAT	 -5.8184668e-02	 -1.6411437e-01	 -4.1495137e-02
TCAACA	 -7.2590560e-02	 -1.9666830e-02	  3.1832520e-02
TCAACC	  8.2378380e-02	 -1.7502817e-03	  1.3251410e-01
TCAACG	  2.2472885e-01	  1.8973975e-01	 -1.3009195e-01
TCAACT	 -2.1411985e-01	 -1.6141690e-01	 -4.6278756e-02
TCAAGA	 -2.6298860e-01	  8.2604177e-03	  9.6162118e-02
TCAAGC	  1.5030749e-01	  5.2464353e-03	  5.1501486e-02
TCAAGG	  4.0878206e-03	  2.2021119e-01	 -5.3012159e-02
TCAAGT	  2.7185438e-02	 -2.7662289e-01	 -1.0364902e-01
TCAATA	 -1.2034052e-01	 -1.3177314e-01	 -2.4120551e-01
TCAATC	  5.7477321e-02	  2.6620904e-01	  3.6361215e-01
TCAATG	  2.2026852e-01	  2.6587814e-01	 -2.4917890e-01
TCAATT	 -1.3904107e-01	 -4.6818018e-01	 -2.9429929e-02
TCACAA	 -1.1191258e-01	 -8.4254190e-02	  9.2210755e-02
TCACAC	 -2.0057055e-01	  2.8012343e-02	 -1.1210980e-01
TCACAG	  3.6974382e-01	  2.0610492e-01	 -7.0818156e-02
TCACAT	 -2.0818336e-01	 -1.4570704e-01	  1.7796289e-02
TCACCA	 -5.1842175e-02	  2.2286050e-02	  1.9426619e-01
TCACCC	  1.4901149e-01	 -6.3068949e-02	 -2.8943890e-01
TCACCG	  1.7072235e-01	  1.4536501e-01	 -2.0913446e-01
TCACCT	 -3.1533116e-01	 -1.2623580e-01	 -2.3122740e-03
TCACGA	 -4.8854936e-02	 -2.2487468e-01	  2.4625288e-01
TCACGC	  1.4628550e-01	  9.1535985e-02	 -1.8196653e-01
TCACGG	 -1.0913362e-01	  2.6529810e-01	 -3.5726030e-03
TCACGT	 -5.6734383e-02	 -3.4157580e-01	 -1.9123788e-01
TCACTA	 -1.0339285e-01	 -2.3889419e-02	  1.1712305e-01
TCACTC	 -1.8045284e-01	  5.5240374e-02	  1.1474749e-01
TCACTG	  3.6014628e-01	  2.3495845e-01	 -1.7187801e-01
TCACTT	 -3.2832855e-01	 -3.0282152e-01	 -4.4319820e-02
TCAGAA	 -1.6836348e-01	  4.5278445e-03	  4.6909019e-02
TCAGAC	  3.3564590e-02	  6.7905352e-02	  4.4338997e-02
TCAGAG	  1.9493598e-01	  1.6575511e-01	 -6.2252693e-02
TCAGAT	 -3.9166778e-02	 -2.4839154e-01	 -4.5712609e-02
TCAGCA	 -9.8264106e-02	  2.8518783e-02	  1.4480147e-01
TCAGCC	  1.4731646e-01	 -8.4082149e-02	  7.6386291e-03
TCAGCG	  1.2004041e-01	  1.9693908e-01	 -9.9885583e-02
TCAGCT	 -1.3112167e-01	 -1.8052062e-01	 -1.4776087e-01
TCAGGA	  1.2215158e-01	 -4.6344277e-02	  1.0131378e-01
TCAGGC	  3.6372699e-02	  7.4561737e-03	  1.3968889e-02
TCAGGG	 -2.7404478e-01	  2.6567516e-01	 -8.8841572e-02
TCAGGT	 -4.5440890e-02	 -4.0063933e-01	 -9.9463321e-02
TCAGTA	 -3.4865849e-02	 -1.5806511e-01	  4.0002089e-02
TCAGTC	 -7.1346104e-02	  1.6183193e-01	  1.1178234e-01
TCAGTG	  2.3229878e-01	  2.0625284e-01	 -1.3230386e-01
TCAGTT	 -1.8634716e-01	 -2.8735775e-01	 -7.4297432e-03
TCATAA	 -3.0607471e+00	 -1.8518840e-01	 -5.2745808e-02
TCATAC	  4.7415596e-01	  2.4997373e-01	  7.2045743e-02
TCATAG	 -2.6598785e+00	  2.6497436e-01	  1.1550086e-01
TCATAT	  1.8510731e-01	 -1.8986608e-01	 -4.2083617e-02
TCATCA	 -2.3483124e-01	 -3.1116918e-02	  4.4726171e-02
TCATCC	  1.6892108e-01	 -6.4706365e-03	  1.1117673e-01
TCATCG	  1.9796625e-01	  1.2386202e-01	 -1.0828239e-01
TCATCT	 -1.9896911e-01	 -9.9024594e-02	 -9.3884759e-02
TCATGA	 -2.8142507e+00	  2.6361829e-02	  3.3202294e-02
TCATGC	  1.8991879e-01	 -2.6912685e-02	  5.5959066e-03
TCATGG	  1.8362972e-01	  1.7199180e-01	  4.2954102e-02
TCATGT	 -4.7211707e-02	 -2.1197763e-01	 -7.2155952e-02
TCATTA	 -2.2160013e-01	 -7.5970508e-02	 -1.8154871e-01
TCATTC	  1.8584977e-01	  1.6931123e-01	  2.5010550e-01
TCATTG	  2.5096804e-01	  3.2508630e-01	 -1.0770836e-01
TCATTT	 -1.8724304e-01	 -4.1137558e-01	 -8.1455261e-03
TCCAAA	 -4.0090454e-01	 -2.2297056e-02	  2.4205860e-02
TCCAAC	  1.0114786e-01	  9.8141924e-02	  1.4148998e-01
TCCAAG	  2.9791707e-01	  1.4654183e-01	 -1.0341342e-01
TCCAAT	 -6.6344984e-02	 -2.3563664e-01	 -9.3297929e-02
TCCACA	 -1.5117174e-01	  3.8364045e-02	 -4.7283340e-02
TCCACC	  1.5172555e-01	 -1.0183308e-01	  1.9986966e-01
TCCACG	  2.2354220e-01	  2.2588153e-01	 -1.5414625e-01
TCCACT	 -2.6078001e-01	 -1.6118439e-01	 -1.0864682e-01
TCCAGA	 -4.5740631e-01	 -5.4461407e-03	  9.7045511e-02
TCCAGC	  1.9301233e-01	 -1.9330537e-02	  2.7593060e-03
TCCAGG	 -2.9193452e-01	  2.1656837e-01	 -9.8021969e-02
TCCAGT	  1.1926477e-01	 -2.5574660e-01	 -4.2154353e-02
TCCATA	 -1.5705186e-01	 -2.3646939e-01	 -2.3208575e-01
TCCATC	  7.5388335e-02	  2.0736712e-01	  2.6816019e-01
TCCATG	  2.0129317e-01	  2.7528360e-01	 -1.9914357e-01
TCCATT	 -1.2474889e-01	 -3.8826287e-01	 -5.0894171e-02
TCCCAA	 -1.4202739e-01	 -1.0637087e-01	  1.1090624e-01
TCCCAC	 -3.9920673e-02	  9.8975398e-02	 -2.7160238e-02
TCCCAG	  2.7845684e-01	  1.5028475e-01	 -8.2749881e-02
TCCCAT	 -2.4927104e-01	 -1.8405029e-01	 -5.2056670e-02
TCCCCA	 -7.8259759e-02	  9.7011350e-02	  1.0103460e-01
TCCCCC	  1.9567817e-02	 -3.2363284e-01	 -2.0419256e-01
TCCCCG	  2.5499684e-01	  1.9614768e-01	 -7.0861451e-02
TCCCCT	 -2.7184120e-01	 -1.1809308e-01	  6.6143006e-02
TCCCGA	 -8.7364495e-02	 -1.1461320e-01	  2.3647445e-01
TCCCGC	  2.6638171e-01	  2.2309297e-01	 -4.6119366e-02
TCCCGG	  5.8125041e-02	  2.9811689e-01	  9.6888438e-02
TCCCGT	 -2.8595048e-01	 -5.5821216e-01	 -3.1111115e-01
TCCCTA	 -1.7460962e-01	 -6.8536632e-02	  6.7389295e-02
TCCCTC	 -2.0656331e-01	  5.1589809e-02	  4.6812531e-02
TCCCTG	  3.9723438e-01	  2.3449294e-01	 -5.8067780e-02
TCCCTT	 -4.3009821e-01	 -3.2449257e-01	 -3.6115866e-02
TCCGAA	 -2.2613877e-01	 -1.3744481e-01	  9.2654124e-02
TCCGAC	  3.0053850e-02	  2.0471939e-01	  1.0185599e-02
TCCGAG	  2.0511688e-01	  1.0912252e-01	 -1.1522815e-01
TCCGAT	 -2.0467963e-02	 -1.6343567e-01	 -4.9616829e-02
TCCGCA	 -2.2822879e-01	  1.3186762e-01	  4.2189628e-02
TCCGCC	  2.2170556e-01	 -1.8424095e-01	  6.8866715e-02
TCCGCG	 -3.3280425e-02	  2.9022920e-01	 -4.2378299e-02
TCCGCT	 -1.4609146e-01	 -2.2891606e-01	 -1.1689611e-01
TCCGGA	  1.4934284e-02	 -1.0382954e-01	  1.7412366e-01
TCCGGC	  1.0347572e-01	  2.4281505e-02	 -9.8421752e-02
TCCGGG	 -3.1581277e-01	  2.5138438e-01	 -4.9218927e-02
TCCGGT	 -9.0890732e-03	 -2.6696283e-01	 -1.3133810e-01
TCCGTA	 -2.3537804e-01	 -5.3421192e-02	  6.2363222e-02
TCCGTC	 -7.4084491e-02	  1.1215316e-01	  4.7086593e-02
TCCGTG	  3.2874995e-01	  2.0339198e-01	 -1.0919230e-01
TCCGTT	 -2.0037386e-01	 -2.9850659e-01	 -1.0496075e-02
TCCTAA	 -3.5446141e+00	  2.6231134e-02	 -4.1527491e-02
TCCTAC	  4.6882173e-01	 -3.9187770e-02	  7.8253299e-02
TCCTAG	 -3.2767019e+00	  2.4237393e-01	  9.3247756e-02
TCCTAT	  1.1699934e-01	 -2.5557899e-01	 -8.5979246e-02
TCCTCA	 -1.6163957e-01	  2.7622810e-01	  4.0102176e-02
TCCTCC	  6.6961773e-02	 -3.5711497e-01	  7.1222492e-02
TCCTCG	  1.8476745e-01	  2.8741062e-02	 -1.9714969e-01
TCCTCT	 -3.1713885e-01	 -6.0648534e-02	  2.6979292e-02
TCCTGA	 -3.4122591e+00	 -1.7091265e-02	  9.8038830e-02
TCCTGC	  1.8335257e-01	  1.9510601e-02	 -5.6605875e-02
TCCTGG	  7.5643599e-02	  1.4055142e-01	  3.2184660e-02
TCCTGT	 -5.5814065e-02	 -2.8385022e-01	 -6.1114792e-02
TCCTTA	 -3.4549111e-01	  2.1367061e-01	 -1.5276785e-01
TCCTTC	  2.2690257e-01	  3.6631491e-02	  1.9689372e-01
TCCTTG	  3.3244070e-02	  4.9971439e-02	 -3.2144610e-02
TCCTTT	 -1.1176763e-01	 -2.5206655e-01	 -8.1311002e-02
TCGAAA	 -3.4141737e-01	 -8.0309384e-02	  3.7789144e-02
TCGAAC	  1.6458201e-01	  1.4517680e-01	  6.2300436e-02
TCGAAG	  2.0395280e-01	  2.0219789e-01	 -7.4024968e-02
TCGAAT	  8.0564218e-03	 -2.4896789e-01	 -4.7084458e-02
TCGACA	 -1.4645068e-01	  7.6562397e-02	 -6.9357865e-02
TCGACC	  1.7996860e-01	 -1.1157317e-01	  1.6395365e-01
TCGACG	  2.2166502e-01	  1.5278773e-01	  2.0570535e-02
TCGACT	 -3.2825807e-01	 -1.7499512e-01	 -8.2462147e-02
TCGAGA	 -3.1144786e-01	  5.8496404e-03	  1.1229327e-01
TCGAGC	  2.5259939e-01	 -4.1414399e-02	  2.0958463e-02
TCGAGG	 -1.3476779e-01	  2.4938227e-01	 -5.1023878e-02
TCGAGT	 -9.6182758e-03	 -3.3496132e-01	 -9.6170075e-02
TCGATA	 -1.7015660e-01	 -1.3392764e-01	 -1.9877256e-01
TCGATC	  1.1822260e-01	  1.9361930e-01	  2.5233933e-01
TCGATG	  1.6646519e-01	  2.0693983e-01	 -3.1446600e-01
TCGATT	 -1.6272387e-01	 -3.7718296e-01	  7.2742045e-02
TCGCAA	 -1.8469301e-01	 -1.2667453e-01	  1.4975467e-01
TCGCAC	  1.2249933e-02	  1.1963382e-01	 -4.7996879e-02
TCGCAG	  2.6127753e-01	  1.4204603e-01	 -1.5426055e-01
TCGCAT	 -2.5782734e-01	 -1.8269885e-01	 -1.5446277e-02
TCGCCA	 -1.0618370e-01	  1.1884023e-03	  8.5255057e-02
TCGCCC	  1.9210710e-01	 -4.3155063e-02	 -2.8987268e-01
TCGCCG	  1.3171302e-01	  9.4477639e-02	 -8.7757207e-02
TCGCCT	 -3.7851104e-01	 -9.0906352e-02	  1.2519278e-01
TCGCGA	 -8.2070932e-02	 -1.9378562e-01	  2.1550031e-01
TCGCGC	  1.6716190e-01	  7.3935231e-03	 -3.0301094e-01
TCGCGG	 -5.5727202e-02	  2.8684351e-01	 -5.0205089e-02
TCGCGT	 -7.3366165e-02	 -2.5389501e-01	 -5.6356583e-02
TCGCTA	 -1.1677045e-01	  1.9634970e-02	  2.4680059e-01
TCGCTC	 -1.8902743e-01	  3.4020036e-02	  1.2299004e-02
TCGCTG	  2.9959747e-01	  1.3154191e-01	 -1.9425312e-01
TCGCTT	 -4.9312627e-01	 -2.5438476e-01	  8.9099752e-03
TCGGAA	 -2.5329456e-01	 -1.6415289e-01	  9.9909984e-02
TCGGAC	  7.1264498e-02	  9.3445234e-02	 -6.7439511e-02
TCGGAG	  2.0610982e-01	  1.7891626e-01	 -8.7671295e-02
TCGGAT	 -5.8377389e-02	 -1.1215303e-01	 -2.0643048e-02
TCGGCA	 -1.9756404e-01	  7.5657912e-02	  2.2477524e-02
TCGGCC	  2.1999437e-01	 -2.0422569e-01	 -3.2757893e-02
TCGGCG	  1.3530090e-01	  1.7841813e-01	  2.5652528e-02
TCGGCT	 -2.4796718e-01	 -1.7393281e-01	 -2.2022221e-02
TCGGGA	  5.8414049e-02	 -9.9560358e-02	  2.6292947e-01
TCGGGC	  1.6756357e-01	  1.1771969e-02	 -9.7152337e-02
TCGGGG	 -4.5901984e-01	  2.2367181e-01	 -2.6576999e-01
TCGGGT	 -4.5286808e-02	 -2.5393862e-01	 -1.6881427e-01
TCGGTA	 -2.0529278e-01	 -8.2301706e-02	  1.6312876e-01
TCGGTC	 -1.9463901e-01	 -3.8077194e-02	  9.8034116e-03
TCGGTG	  3.3485779e-01	  2.1270476e-01	 -2.8338680e-01
TCGGTT	 -3.2577941e-01	 -2.1128853e-01	  6.3149884e-02
TCGTAA	 -3.3301113e+00	 -4.9904410e-02	  9.0992227e-02
TCGTAC	  5.0474578e-01	  5.9953976e-02	  1.2800820e-02
TCGTAG	 -3.2005286e+00	  1.4299208e-01	 -1.0548639e-01
TCGTAT	  1.2282399e-01	 -1.3296510e-01	 -4.0157977e-02
TCGTCA	 -1.9669726e-01	  1.0004015e-01	  8.2977517e-03
TCGTCC	  1.1605547e-01	 -4.7224633e-02	  2.7951520e-02
TCGTCG	  1.8262814e-01	 -3.0501919e-02	 -3.2162618e-02
TCGTCT	 -3.4920502e-01	 -3.0137571e-02	 -6.9193926e-04
TCGTGA	 -3.0952582e+00	 -2.0938560e-03	  2.1092804e-01
TCGTGC	  1.9532818e-01	 -1.4454309e-02	 -6.1866250e-02
TCGTGG	  1.8309376e-01	  2.1240865e-01	 -2.2408711e-02
TCGTGT	 -1.4550568e-01	 -3.4918007e-01	 -1.2995185e-01
TCGTTA	 -3.3100906e-01	  4.8161704e-02	 -3.7421539e-02
TCGTTC	  2.5755426e-01	  8.6182892e-02	  1.8724284e-01
TCGTTG	  1.4700095e-01	  1.2756738e-01	 -1.4059968e-01
TCGTTT	 -2.2245105e-01	 -2.1115123e-01	 -1.3270713e-02
TCTAAA	 -1.9531348e-01	 -1.5783027e-01	  3.2940201e-02
TCTAAC	  8.9595765e-02	  1.9751193e-01	  8.7334819e-02
TCTAAG	  2.8530616e-01	  1.6183996e-01	 -6.3997274e-03
TCTAAT	 -1.0430820e-01	 -9.2817113e-02	 -9.5573343e-02
TCTACA	 -1.0104841e-01	  9.4911987e-03	 -6.4619102e-02
TCTACC	  4.7335926e-02	 -4.9522698e-02	  9.6732996e-02
TCTACG	  8.2110666e-02	  1.8776132e-01	 -1.0555457e-01
TCTACT	  7.4322037e-03	 -1.6366638e-01	  5.3578738e-02
TCTAGA	 -3.5828876e-01	 -7.1576044e-02	  1.3478900e-01
TCTAGC	  1.8868355e-01	  1.3740623e-02	 -1.5918085e-02
TCTAGG	 -5.7325460e-02	  1.5648219e-01	 -1.4440568e-01
TCTAGT	  7.6214977e-02	 -6.2400393e-02	 -8.1236281e-02
TCTATA	 -1.3409375e-01	 -1.7431484e-01	 -2.4755712e-01
TCTATC	  3.5136152e-02	  2.3504871e-01	  2.8074414e-01
TCTATG	  1.7905059e-01	  2.9529548e-01	 -1.8102819e-01
TCTATT	 -5.8209531e-02	 -4.5524895e-01	  2.2411792e-02
TCTCAA	 -6.8137221e-02	 -7.7520758e-02	  1.0411933e-01
TCTCAC	 -1.1085850e-01	  1.7669527e-01	  1.6657617e-02
TCTCAG	  2.9108763e-01	  4.2814001e-02	 -1.0514735e-01
TCTCAT	 -2.4215589e-01	 -1.2452304e-01	 -8.5749716e-02
TCTCCA	 -5.6782115e-02	  6.5820746e-02	  1.0525627e-01
TCTCCC	  9.3814515e-02	 -9.0389602e-02	 -3.4093183e-01
TCTCCG	  1.4499842e-01	  1.3068128e-01	 -1.3697095e-01
TCTCCT	 -1.7056857e-01	 -1.7101415e-01	  1.0060658e-01
TCTCGA	 -1.1181784e-01	 -1.5865272e-01	  2.2281855e-01
TCTCGC	  1.3751513e-01	  1.4202814e-01	 -2.4126375e-01
TCTCGG	 -1.0673916e-01	  1.6753213e-01	 -3.3649072e-02
TCTCGT	  2.0803334e-02	 -2.6075113e-01	 -1.1661579e-01
TCTCTA	 -6.4031638e-02	  7.5418450e-02	  1.0104667e-01
TCTCTC	 -3.7330568e-01	 -1.1564092e-01	 -1.4313803e-02
TCTCTG	  3.8822383e-01	  2.5798732e-01	 -1.2241859e-01
TCTCTT	 -3.0158734e-01	 -3.1019354e-01	  2.9149070e-02
TCTGAA	 -1.2448353e-01	 -1.3019218e-01	  5.2542157e-02
TCTGAC	 -2.7732745e-02	  1.3287386e-01	 -2.8250780e-04
TCTGAG	  2.2304304e-01	  1.2442172e-01	 -7.5199440e-02
TCTGAT	 -4.8189268e-02	 -6.5626629e-02	 -2.0527067e-02
TCTGCA	 -1.0402148e-01	 -4.9227015e-03	  1.6363654e-02
TCTGCC	  1.7747726e-01	 -3.4593344e-02	 -1.2882693e-02
TCTGCG	 -2.4973959e-02	  2.0857875e-01	 -5.6517487e-03
TCTGCT	 -6.7704387e-02	 -1.6701289e-01	 -3.1732251e-03
TCTGGA	  1.0871412e-01	  4.1785512e-02	  1.9609475e-01
TCTGGC	  7.0551209e-02	 -5.4771047e-02	 -1.0087057e-01
TCTGGG	 -3.7776649e-01	  1.1154674e-01	 -7.8334369e-02
TCTGGT	 -4.8801331e-03	 -1.1259597e-01	 -1.0842504e-01
TCTGTA	 -9.4402663e-02	 -1.8938848e-01	 -1.2291818e-02
TCTGTC	 -1.2531608e-01	  1.7483239e-01	  1.1368471e-01
TCTGTG	  2.4563144e-01	  1.7535713e-01	 -1.1207659e-01
TCTGTT	 -1.6930264e-01	 -2.7896231e-01	  5.6834482e-03
TCTTAA	 -2.9504073e+00	 -5.5468034e-02	  4.8013818e-02
TCTTAC	  4.9452919e-01	  1.0161396e-01	  6.9942139e-02
TCTTAG	 -2.5921893e+00	  2.8001812e-01	 -1.9618229e-04
TCTTAT	  1.8247226e-01	 -2.5862584e-01	 -1.0900157e-01
TCTTCA	 -9.4391018e-02	  3.5003059e-02	  5.7117287e-02
TCTTCC	  1.3211976e-01	  6.4231865e-02	  7.2777249e-02
TCTTCG	  1.8476538e-01	  1.2006840e-01	 -7.9320818e-02
TCTTCT	 -2.1321082e-01	 -2.0177205e-01	 -5.6892317e-02
TCTTGA	 -2.9289021e+00	 -8.8834137e-02	  1.4049795e-01
TCTTGC	  2.6013705e-01	  7.3496200e-02	 -6.5360121e-02
TCTTGG	  9.9722296e-02	  2.1825618e-01	 -1.1517921e-02
TCTTGT	 -2.0678286e-02	 -3.7842724e-01	 -8.7680005e-02
TCTTTA	 -8.5196286e-02	  4.0847948e-03	 -1.3392642e-01
TCTTTC	  1.3919455e-02	  4.7056865e-02	  2.1791650e-01
TCTTTG	  2.7497232e-01	  3.0962002e-01	 -1.1807464e-01
TCTTTT	 -2.5433940e-01	 -5.0334412e-01	 -2.0911496e-02
TGAAAA	 -1.8040684e-01	 -5.1366009e-02	 -1.5304647e-02
TGAAAC	  2.3526564e-01	  2.6363626e-01	  1.7609937e-01
TGAAAG	  1.8717818e-01	  1.2478504e-01	 -8.5207820e-02
TGAAAT	 -9.8093152e-02	 -2.4056232e-01	 -4.4725705e-02
TGAACA	 -1.1550622e-01	  6.5147869e-02	 -8.8323176e-02
TGAACC	  1.7143007e-01	 -8.2384069e-03	  1.7813693e-01
TGAACG	  1.4974308e-01	  2.0095868e-01	 -3.9944142e-02
TGAACT	 -1.1829390e-01	 -2.7456543e-01	 -1.3217872e-02
TGAAGA	 -6.2497240e-02	  2.5225490e-02	  1.8102308e-01
TGAAGC	  4.7523402e-02	  9.4974205e-02	 -8.7090209e-03
TGAAGG	  7.8688592e-02	  1.4492919e-01	 -1.9016375e-01
TGAAGT	 -4.7118358e-02	 -3.5168713e-01	 -1.2749092e-01
TGAATA	 -2.0103229e-02	 -1.7244284e-01	 -1.9980274e-01
TGAATC	  1.9861437e-01	  2.9832467e-01	  3.7011901e-01
TGAATG	  1.9309545e-02	  2.1215305e-01	 -2.1326762e-01
TGAATT	 -1.3453947e-01	 -4.5440245e-01	 -3.0993050e-02
TGACAA	 -1.3139658e-01	 -1.0432193e-01	  7.8984872e-02
TGACAC	  1.4905532e-01	  1.5357144e-01	 -4.2193774e-02
TGACAG	  6.7311257e-02	  1.5445083e-01	 -2.0235373e-01
TGACAT	 -3.3737693e-02	 -1.8676464e-01	  4.3818671e-02
TGACCA	 -1.8292548e-01	  8.3154351e-02	 -1.2168223e-02
TGACCC	  7.2380818e-02	 -1.0886040e-01	 -1.6333207e-01
TGACCG	  1.1925376e-01	  6.8838172e-02	 -8.5446633e-02
TGACCT	  6.0559783e-02	 -1.5736984e-01	  1.7882332e-01
TGACGA	 -1.0646542e-01	 -2.5086027e-01	  2.8153965e-01
TGACGC	  2.2490993e-02	  1.8283586e-01	 -2.9530588e-01
TGACGG	  7.3819026e-02	  2.4464312e-01	 -1.8464679e-01
TGACGT	  3.1995639e-02	 -4.1856885e-01	 -2.4868047e-01
TGACTA	  1.2116811e-01	 -5.1725409e-03	  6.7341052e-02
TGACTC	  1.4103989e-01	  1.2932009e-01	  1.3092737e-01
TGACTG	 -2.2796992e-02	  1.8714608e-01	 -2.5444338e-01
TGACTT	 -1.6638941e-01	 -3.4853023e-01	  2.4773341e-02
TGAGAA	 -1.4502026e-01	 -3.4409437e-02	  7.1299598e-02
TGAGAC	  2.1543835e-01	  1.4488013e-01	  8.8081576e-02
TGAGAG	  5.8923971e-02	  7.0244841e-02	 -2.7179995e-01
TGAGAT	 -4.9807172e-02	 -1.2891068e-01	  7.7161980e-03
TGAGCA	 -1.1485185e-01	  8.8837728e-02	 -3.2686859e-02
TGAGCC	  1.1941015e-01	 -9.6696727e-02	  6.7904286e-02
TGAGCG	  1.1962482e-01	  1.5286717e-01	 -7.0126988e-02
TGAGCT	 -7.1305931e-02	 -2.1757692e-01	  2.8215181e-02
TGAGGA	 -9.3575239e-02	 -4.9416306e-03	  1.9256562e-01
TGAGGC	  1.0901158e-02	  2.4072899e-02	 -5.9242811e-02
TGAGGG	  7.8992516e-02	  2.3281310e-01	 -1.7630424e-01
TGAGGT	  2.1977322e-02	 -4.7589126e-01	 -1.5780507e-01
TGAGTA	  7.4339233e-02	 -1.8006590e-01	 -9.6788138e-02
TGAGTC	  1.8657348e-01	  2.6420021e-01	  1.9207394e-01
TGAGTG	 -7.3658206e-02	  1.3782635e-01	 -1.8752216e-01
TGAGTT	 -1.2113919e-01	 -3.2856703e-01	  6.7382239e-02
TGATAA	 -1.5553175e-01	 -1.1392565e-01	 -9.0079037e-03
TGATAC	  2.6525658e-01	  2.6266286e-01	  1.1403982e-01
TGATAG	  1.6972433e-01	  1.7011061e-01	 -9.3597144e-02
TGATAT	 -1.3030605e-01	 -1.7388599e-01	 -8.0810883e-04
TGATCA	 -7.5786896e-02	  9.8835424e-02	 -1.2520766e-01
TGATCC	  4.3842588e-02	 -1.0671152e-01	  1.3504857e-01
TGATCG	  8.7065190e-02	  1.2427097e-01	 -1.0622562e-01
TGATCT	 -3.6238898e-02	 -1.8585259e-01	  5.4755677e-02
TGATGA	 -9.8440453e-02	 -5.2390672e-02	  1.1525532e-01
TGATGC	  7.9546362e-02	  1.2520768e-01	 -3.7146718e-04
TGATGG	  1.3022346e-02	  1.1285629e-01	 -1.1348310e-01
TGATGT	  2.5721382e-02	 -2.5925231e-01	 -7.9348594e-02
TGATTA	  6.7414381e-02	 -1.3367019e-02	 -1.2075391e-01
TGATTC	  2.2425568e-01	  1.5079543e-01	  2.7580029e-01
TGATTG	  5.2250586e-02	  2.9336026e-01	 -2.1641697e-01
TGATTT	 -2.2022617e-01	 -4.5448214e-01	  6.8680393e-03
TGCAAA	 -4.4092089e-01	 -7.4124217e-02	 -5.4568354e-02
TGCAAC	  1.2376009e-01	  1.9389193e-01	  1.9340576e-01
TGCAAG	  4.0426356e-01	  1.1211777e-01	 -7.1754336e-02
TGCAAT	 -1.1349853e-01	 -1.9654490e-01	 -7.7425644e-02
TGCACA	 -3.0454731e-01	  3.0595073e-02	 -1.5037844e-01
TGCACC	  3.6741650e-01	 -2.6769800e-02	  3.0588341e-01
TGCACG	  1.9911027e-01	  2.4213943e-01	 -7.5358570e-02
TGCACT	 -3.2132429e-01	 -2.0910656e-01	 -1.1020436e-01
TGCAGA	 -4.2648551e-01	 -3.1940144e-02	  3.0490695e-02
TGCAGC	  2.1172199e-01	  5.4123942e-02	  1.1008007e-01
TGCAGG	 -2.9149115e-01	  1.7878971e-01	 -1.1254699e-01
TGCAGT	  5.9033763e-02	 -2.7797517e-01	 -1.3782866e-01
TGCATA	 -3.4382558e-01	 -2.3973827e-01	 -3.8490519e-01
TGCATC	  3.3506823e-01	  3.9087975e-01	  4.4780290e-01
TGCATG	  1.1553888e-01	  1.4407963e-01	 -4.0764198e-01
TGCATT	 -1.6694346e-01	 -3.8235736e-01	 -6.0083922e-02
TGCCAA	 -2.4349627e-01	 -1.4974952e-01	  7.1989782e-02
TGCCAC	 -2.2137156e-02	  1.7435561e-01	 -7.9451955e-04
TGCCAG	  3.5544604e-01	  1.1261383e-01	 -1.0464961e-01
TGCCAT	 -2.9421768e-01	 -1.9056445e-01	 -1.7576022e-02
TGCCCA	 -2.0085990e-01	  6.6112056e-02	  6.6468544e-02
TGCCCC	  2.4151284e-01	 -2.1383929e-01	 -2.3886459e-01
TGCCCG	  1.8207823e-01	  1.6210687e-01	 -9.9472269e-02
TGCCCT	 -4.1959879e-01	 -1.4855810e-01	  1.2856576e-01
TGCCGA	 -1.0414004e-01	 -2.3220302e-01	  1.7230968e-01
TGCCGC	  1.2482380e-01	  1.2737279e-01	 -7.9130784e-02
TGCCGG	 -2.6056075e-02	  1.8029763e-01	 -1.0443120e-02
TGCCGT	 -1.0353733e-01	 -3.5048157e-01	 -1.2727948e-01
TGCCTA	 -2.2568198e-01	 -1.8118670e-02	  7.4314408e-02
TGCCTC	 -7.4265845e-02	  1.2585178e-01	  1.4134210e-01
TGCCTG	  3.3697200e-01	  1.1465971e-01	 -1.8182904e-01
TGCCTT	 -4.3580127e-01	 -2.5732556e-01	 -3.4379877e-02
TGCGAA	 -3.2625958e-01	 -7.9579234e-02	  3.6216073e-02
TGCGAC	  7.5952664e-02	  1.8601288e-01	  3.5587762e-02
TGCGAG	  2.4657516e-01	  5.8457855e-02	 -1.2187601e-01
TGCGAT	 -4.0424082e-02	 -1.5318878e-01	  9.2770867e-03
TGCGCA	 -4.5558023e-01	  8.7065622e-02	 -8.4446564e-02
TGCGCC	  4.0224028e-01	 -1.0325404e-01	  1.4775148e-01
TGCGCG	 -1.8949091e-01	  2.2579005e-01	 -7.6807328e-02
TGCGCT	 -2.5800017e-01	 -2.5036162e-01	 -3.4411822e-02
TGCGGA	 -2.5707446e-03	 -6.8740726e-02	  1.5007317e-01
TGCGGC	  1.8115781e-01	 -1.1217467e-02	  9.9703623e-03
TGCGGG	 -4.5460874e-01	  3.0778372e-01	 -8.5910685e-02
TGCGGT	 -9.6838698e-02	 -3.9754692e-01	 -1.8430413e-01
TGCGTA	 -3.5276532e-01	 -1.5934724e-01	 -1.0253247e-01
TGCGTC	  1.8230081e-01	  3.2212356e-01	  2.6733616e-01
TGCGTG	  1.7798780e-01	  1.3089364e-02	 -2.8714198e-01
TGCGTT	 -2.1312797e-01	 -2.8822818e-01	  2.1005426e-02
TGCTAA	 -3.4934714e+00	  3.0234009e-02	 -3.0765587e-02
TGCTAC	  4.9204910e-01	  5.7220042e-02	  5.7573598e-02
TGCTAG	 -3.1630754e+00	  1.3571757e-01	  4.4939611e-02
TGCTAT	  1.2970063e-01	 -2.1684445e-01	 -3.4172956e-02
TGCTCA	 -2.9080081e-01	  1.8029150e-01	 -6.8270423e-02
TGCTCC	  2.3680688e-01	 -1.5039381e-01	  1.5807314e-01
TGCTCG	  9.5532395e-02	 -1.4560246e-02	 -1.8822359e-01
TGCTCT	 -2.9064864e-01	 -7.5290591e-02	 -2.3144338e-02
TGCTGA	 -3.2821090e+00	  3.6008593e-02	  6.9634415e-02
TGCTGC	  1.2349837e-01	 -4.9321163e-02	 -3.0925944e-02
TGCTGG	  1.2144685e-01	  2.0823270e-01	  4.3394566e-02
TGCTGT	  3.9597382e-03	 -3.2003403e-01	 -6.8550631e-02
TGCTTA	 -5.6417370e-01	  1.5268464e-01	 -2.7340847e-01
TGCTTC	  3.6258051e-01	  1.2522553e-01	  2.6827008e-01
TGCTTG	  2.3902364e-02	  1.1447302e-02	 -2.0823161e-01
TGCTTT	 -1.6063827e-01	 -2.5244612e-01	  2.2698788e-02
TGGAAA	 -4.5970944e-01	 -9.6862219e-02	 -3.2261059e-02
TGGAAC	  2.8300613e-01	  2.5633815e-01	  1.8134452e-01
TGGAAG	  3.4843048e-01	  1.3464151e-01	 -3.6851257e-02
TGGAAT	 -1.4473835e-01	 -2.0802368e-01	 -5.9730049e-02
TGGACA	 -1.8304805e-01	  4.2784683e-02	 -8.6843237e-02
TGGACC	  2.5232193e-01	 -1.2912166e-01	  1.6616793e-01
TGGACG	  1.7504680e-01	  1.5037566e-01	  1.8543929e-02
TGGACT	 -2.5969258e-01	 -1.3467078e-01	 -5.0698694e-02
TGGAGA	 -4.3401149e-01	  2.3519853e-02	 -6.6715308e-02
TGGAGC	  2.6947603e-01	  1.9319670e-03	  1.0144976e-01
TGGAGG	 -2.3779094e-01	  1.4151508e-01	  3.9388269e-02
TGGAGT	  3.0418295e-02	 -2.5635993e-01	 -1.2708580e-01
TGGATA	 -1.0929190e-01	 -7.7237643e-02	 -2.1756916e-01
TGGATC	  2.1303932e-01	  2.1919259e-01	  3.4410381e-01
TGGATG	  6.6365995e-02	  1.3781503e-01	 -3.7797111e-01
TGGATT	 -1.9582739e-01	 -4.0333134e-01	  3.6313176e-02
TGGCAA	 -2.5000274e-01	 -1.9828625e-01	  8.0466583e-02
TGGCAC	  9.1710858e-02	  2.0557323e-01	 -3.0340722e-02
TGGCAG	  2.8743160e-01	  1.5431499e-01	 -6.3705340e-02
TGGCAT	 -2.6786473e-01	 -1.7714946e-01	 -4.4995312e-02
TGGCCA	 -1.3988884e-01	 -2.3126265e-02	  2.7110150e-02
TGGCCC	  2.6830646e-01	 -4.3064639e-02	 -2.5877094e-01
TGGCCG	  1.3256952e-01	  1.4016289e-01	 -1.7226437e-01
TGGCCT	 -2.6742744e-01	 -8.6994328e-02	  2.0344494e-01
TGGCGA	 -1.4828788e-01	 -2.9141337e-01	  1.1163963e-01
TGGCGC	  2.3019192e-01	  1.2894884e-01	 -2.1806653e-01
TGGCGG	 -1.2479111e-01	  2.1730429e-01	  9.7449392e-02
TGGCGT	 -4.0650152e-02	 -3.6852789e-01	 -1.3466451e-01
TGGCTA	 -1.1206507e-01	 -7.4974991e-02	  1.3220645e-01
TGGCTC	 -1.1013510e-01	  1.7143282e-01	  1.5588532e-01
TGGCTG	  2.8757754e-01	  1.2474476e-01	 -2.9589939e-01
TGGCTT	 -4.7444338e-01	 -3.3571312e-01	 -5.4752276e-05
TGGGAA	 -3.7232411e-01	 -1.6332552e-01	  5.6147659e-03
TGGGAC	  2.1199578e-01	  2.5724974e-01	  2.9494975e-02
TGGGAG	  2.4934600e-01	  1.1330915e-01	 -1.6827667e-02
TGGGAT	 -8.1642397e-02	 -1.3393301e-01	 -1.2740644e-02
TGGGCA	 -2.3171841e-01	  7.6336116e-02	  6.7331038e-02
TGGGCC	  3.2460645e-01	 -1.8222582e-01	  8.5856259e-02
TGGGCG	 -4.0426753e-02	  1.0573573e-01	 -1.4983977e-01
TGGGCT	 -1.4832903e-01	 -1.4598425e-01	 -4.0104773e-02
TGGGGA	 -6.6414110e-02	 -1.0477912e-01	  1.8651567e-01
TGGGGC	  2.8776166e-01	  1.1028481e-01	 -4.7249947e-02
TGGGGG	 -8.6455792e-01	  1.6128953e-01	 -8.9383572e-02
TGGGGT	 -1.1300298e-02	 -3.5776606e-01	 -1.7999215e-01
TGGGTA	 -2.5403044e-01	 -1.3704810e-01	 -5.2758519e-02
TGGGTC	 -4.6163443e-02	  2.8942135e-01	  3.2747936e-01
TGGGTG	  2.2897576e-01	  6.8413891e-02	 -3.9319977e-01
TGGGTT	 -2.2868529e-01	 -3.8994622e-01	  1.9300185e-02
TGGTAA	 -3.3312590e+00	 -3.6641240e-02	 -1.3892456e-02
TGGTAC	  5.7548869e-01	  1.5851007e-01	  7.6516867e-02
TGGTAG	 -3.0969725e+00	  1.0408348e-01	  5.2240442e-02
TGGTAT	  1.1207534e-01	 -1.7416315e-01	 -7.3262617e-02
TGGTCA	 -2.0076910e-01	  1.9843318e-01	  4.3653704e-02
TGGTCC	  8.9071549e-02	 -2.9628477e-01	 -8.6468875e-02
TGGTCG	  2.4794218e-01	 -2.5577523e-02	 -2.0568294e-02
TGGTCT	 -2.8925779e-01	 -6.6455893e-02	  4.7798730e-02
TGGTGA	 -3.1306620e+00	 -6.2664486e-02	  2.6759956e-02
TGGTGC	  1.9557483e-01	  1.3350904e-01	 -3.9578736e-02
TGGTGG	  1.4492786e-01	  8.3083808e-02	  8.8398814e-02
TGGTGT	 -1.2959099e-01	 -3.5858434e-01	 -1.6435720e-01
TGGTTA	 -4.7079590e-01	  1.1802314e-01	 -2.2299318e-02
TGGTTC	  4.3511233e-01	  1.4442402e-01	  3.3514223e-01
TGGTTG	  1.3894048e-03	  7.0080325e-02	 -2.9601321e-01
TGGTTT	 -2.5225744e-01	 -2.7027154e-01	 -8.9614257e-02
TGTAAA	 -2.6830357e-01	 -1.8574256e-01	  4.4382472e-02
TGTAAC	  2.1452746e-01	  2.6606861e-01	  1.7431483e-01
TGTAAG	  1.9136083e-01	  1.4794034e-01	 -9.8142922e-02
TGTAAT	 -1.2044877e-02	 -8.3884433e-02	 -1.1808231e-01
TGTACA	 -2.6099488e-01	 -8.8035919e-02	 -1.5651140e-01
TGTACC	  2.2991571e-01	  4.7130026e-02	  2.8642923e-01
TGTACG	  2.6675949e-01	  2.5126752e-01	 -3.7208229e-02
TGTACT	 -1.2932457e-01	 -1.3859932e-01	 -1.9382989e-02
TGTAGA	 -2.2458516e-01	 -4.2461928e-02	  1.4109321e-01
TGTAGC	  2.0317060e-01	  2.2554798e-02	  1.8518975e-02
TGTAGG	 -1.5611090e-01	  1.2699071e-01	 -1.4948362e-01
TGTAGT	  3.6159720e-02	 -7.9699360e-02	 -1.0007709e-01
TGTATA	 -1.4860228e-01	 -2.0106725e-01	 -2.6202965e-01
TGTATC	  1.7041472e-01	  3.3120215e-01	  3.8850766e-01
TGTATG	  5.7081427e-02	  1.4291902e-01	 -3.1615040e-01
TGTATT	 -3.9609194e-02	 -3.2468295e-01	  3.2914098e-02
TGTCAA	 -1.5547310e-01	 -8.8633612e-02	  7.1786374e-02
TGTCAC	  7.7935055e-02	  2.0008758e-01	  6.9643766e-02
TGTCAG	  2.7387473e-01	  6.7865543e-02	 -1.4621828e-01
TGTCAT	 -2.4814624e-01	 -1.4734796e-01	 -4.8999395e-02
TGTCCA	 -1.4217253e-01	  1.0902232e-01	  1.1834893e-01
TGTCCC	  2.9252681e-01	 -8.9599140e-02	 -2.8661367e-01
TGTCCG	  1.0325740e-01	  9.2350736e-02	 -2.6972562e-01
TGTCCT	 -2.8516021e-01	 -2.1447660e-01	  1.1196713e-01
TGTCGA	 -1.4173701e-01	 -1.7717300e-01	  2.4756694e-01
TGTCGC	  2.0685345e-01	  1.5805645e-01	 -2.3644461e-01
TGTCGG	 -1.2992021e-01	  1.7028859e-01	 -1.4413364e-02
TGTCGT	 -1.0113816e-01	 -3.4562576e-01	 -1.1937993e-01
TGTCTA	 -1.6114978e-01	  3.7169907e-02	  1.3501115e-01
TGTCTC	 -5.3946014e-02	  8.6827829e-02	  1.4555466e-01
TGTCTG	  2.6182693e-01	  9.9868521e-02	 -2.6206017e-01
TGTCTT	 -3.7716246e-01	 -2.6329449e-01	 -2.9662587e-03
TGTGAA	 -2.7050963e-01	 -1.3138701e-01	 -1.2626622e-02
TGTGAC	  5.5328164e-02	  1.2995307e-01	  9.1916703e-02
TGTGAG	  1.0931931e-01	  6.1038494e-02	 -2.3839702e-01
TGTGAT	  1.0317699e-01	 -1.5547681e-02	  8.7406367e-02
TGTGCA	 -3.2511091e-01	 -3.9435350e-03	 -1.1852995e-01
TGTGCC	  3.8164514e-01	  5.4664761e-02	  1.4615780e-01
TGTGCG	 -1.1780775e-01	  1.0452133e-01	 -8.2770117e-02
TGTGCT	 -1.8124637e-01	 -1.8906203e-01	  4.3823820e-02
TGTGGA	  5.9854392e-02	  6.4334691e-02	  1.5971836e-01
TGTGGC	  1.4193881e-01	 -3.7341189e-02	 -6.5226011e-02
TGTGGG	 -5.0173092e-01	  7.5979479e-02	 -1.0982565e-01
TGTGGT	  1.6160786e-02	 -1.3713205e-01	 -3.5822332e-02
TGTGTA	 -2.0231900e-01	 -1.3943624e-01	 -9.0515144e-02
TGTGTC	  1.8161666e-01	  4.2894846e-01	  3.9520848e-01
TGTGTG	  6.8833448e-02	 -6.0743794e-02	 -2.9929695e-01
TGTGTT	 -1.5187600e-01	 -2.4695209e-01	  9.7851947e-02
TGTTAA	 -2.8167496e+00	  1.6248718e-02	  3.9084084e-02
TGTTAC	  5.1861447e-01	  1.2282708e-01	  1.2058302e-01
TGTTAG	 -2.4817445e+00	  1.9774003e-01	 -7.0423432e-02
TGTTAT	  1.6224222e-01	 -2.6783159e-01	 -8.1196330e-02
TGTTCA	 -2.5251922e-01	  2.3181571e-02	 -2.4434870e-02
TGTTCC	  2.6440197e-01	  6.8257309e-02	  2.2255063e-01
TGTTCG	  1.4243038e-01	  9.8622024e-02	 -1.6922636e-01
TGTTCT	 -2.7981061e-01	 -2.0518835e-01	 -8.8328786e-02
TGTTGA	 -2.7862010e+00	  2.4920801e-02	  1.9875458e-01
TGTTGC	  2.2650458e-01	  4.6718720e-02	 -7.3840551e-02
TGTTGG	  1.3944872e-01	  2.5802821e-01	  4.1540738e-02
TGTTGT	 -9.0763278e-02	 -4.2489487e-01	 -1.4841726e-01
TGTTTA	 -2.7745569e-01	 -1.3697389e-02	 -1.8332070e-01
TGTTTC	  2.9182300e-01	  1.4530903e-01	  3.2120228e-01
TGTTTG	  2.0665388e-01	  2.3788670e-01	 -1.4636986e-01
TGTTTT	 -2.9827049e-01	 -3.9308280e-01	 -3.1635251e-02
TTAAAA	 -1.5886039e-01	 -2.9504338e-02	 -1.6121081e-01
TTAAAC	  1.3344972e-01	  1.6113044e-01	  2.5764716e-01
TTAAAG	  2.6092708e-01	  2.2434945e-01	  1.8617630e-01
TTAAAT	 -1.0580320e-01	 -2.5238222e-01	 -1.2924983e-01
TTAACA	 -1.1914431e-01	 -4.5479205e-02	 -1.3717967e-01
TTAACC	  2.4543051e-01	  5.7569198e-02	  1.2983181e-01
TTAACG	  5.5367317e-02	  1.8792939e-01	  1.9689313e-01
TTAACT	 -1.2859176e-01	 -1.2493049e-01	 -9.7419158e-02
TTAAGA	 -1.4133705e-01	  1.7275589e-02	 -9.1802254e-03
TTAAGC	  1.2942363e-01	  1.9010637e-02	  3.3281778e-04
TTAAGG	  1.8314034e-02	  2.5913003e-01	  1.5946433e-01
TTAAGT	 -3.2587904e-02	 -3.0651304e-01	 -1.0948338e-01
TTAATA	 -8.0782905e-02	 -1.0108905e-01	 -1.8759182e-02
TTAATC	  2.1538787e-01	  3.5427105e-01	  3.0509284e-01
TTAATG	  1.8140988e-01	  2.6828063e-01	  1.1737891e-01
TTAATT	 -1.6499676e-01	 -4.2541552e-01	 -2.2977012e-01
TTACAA	 -5.6731902e-02	 -1.2479968e-01	  5.3123571e-02
TTACAC	 -1.0370499e-02	  1.1502396e-01	  6.5598316e-02
TTACAG	  3.3724383e-01	  2.4956924e-01	 -5.3477053e-02
TTACAT	 -2.8679377e-01	 -1.6117537e-01	 -9.0444811e-02
TTACCA	 -1.1136184e-01	  1.8598195e-02	  3.0110562e-02
TTACCC	  1.3659354e-01	 -4.5129444e-02	 -1.9367734e-01
TTACCG	  2.0435072e-02	  1.9808140e-01	  3.0402223e-02
TTACCT	 -6.2278751e-03	 -1.7645170e-01	  5.7655979e-02
TTACGA	 -6.1289348e-02	 -2.7764234e-01	  1.5049863e-01
TTACGC	  1.3882172e-01	  8.2216203e-02	 -1.4324117e-01
TTACGG	 -9.7486094e-02	  3.4614602e-01	  6.8902187e-02
TTACGT	 -1.8388210e-02	 -3.5397449e-01	 -2.0368230e-01
TTACTA	 -5.9678458e-02	 -7.9432227e-02	  2.5106426e-02
TTACTC	  5.5799793e-02	  1.5851928e-01	  1.3973282e-01
TTACTG	  2.7735636e-01	  2.7579358e-01	 -6.0037374e-02
TTACTT	 -2.3040842e-01	 -3.2440165e-01	 -6.7339599e-02
TTAGAA	 -1.2602043e-01	 -2.1847423e-02	 -1.4916943e-01
TTAGAC	  4.6120428e-02	  1.2148219e-01	  2.0639317e-01
TTAGAG	  1.6215338e-01	  1.7668785e-01	  1.1276209e-01
TTAGAT	 -2.3743587e-02	 -2.4668290e-01	 -7.8129798e-02
TTAGCA	 -1.8877140e-01	  4.5226894e-02	 -8.7391779e-02
TTAGCC	  1.9624275e-01	 -4.8181228e-02	  2.8585102e-02
TTAGCG	  7.0258096e-02	  2.1935992e-01	  2.3321006e-01
TTAGCT	 -7.7944532e-02	 -1.7673497e-01	 -9.9090151e-02
TTAGGA	  5.4029226e-02	  2.4387287e-02	 -3.2749437e-02
TTAGGC	  8.0365181e-02	 -1.1662178e-02	  1.5139175e-02
TTAGGG	 -3.9344716e-01	  2.1803071e-01	  5.9278674e-02
TTAGGT	  6.6969536e-02	 -3.5545951e-01	 -3.4838106e-02
TTAGTA	 -6.3427679e-02	 -1.4796007e-01	  6.9514483e-02
TTAGTC	  9.9771015e-02	  2.5588486e-01	  2.0879166e-01
TTAGTG	  2.1811301e-01	  2.4875776e-01	  9.1731891e-02
TTAGTT	 -1.7561482e-01	 -3.0928016e-01	 -2.3552883e-01
TTATAA	 -2.8747177e+00	 -8.4196337e-02	 -6.2487196e-02
TTATAC	  4.6919161e-01	  2.3322371e-01	  1.4454782e-01
TTATAG	 -2.5003512e+00	  2.5206399e-01	  1.0029226e-01
TTATAT	  1.7398567e-01	 -2.3231034e-01	 -6.1673850e-02
TTATCA	 -1.8928008e-01	  2.1211073e-02	 -1.0050973e-01
TTATCC	  3.0611974e-01	  4.5919258e-02	  2.2254980e-01
TTATCG	  1.0689189e-01	  1.5485939e-01	 -4.1148655e-02
TTATCT	 -2.7863306e-01	 -2.4406563e-01	 -6.7363597e-02
TTATGA	 -2.7060397e+00	 -3.4971751e-02	  2.1923918e-02
TTATGC	  2.1662091e-01	  7.6260023e-02	  2.5284255e-02
TTATGG	  1.6287689e-01	  1.7457418e-01	  5.5113435e-02
TTATGT	  4.8149731e-03	 -2.4655673e-01	 -8.9199767e-02
TTATTA	 -1.7698777e-01	 -7.4268982e-02	 -2.4781482e-01
TTATTC	  3.1306753e-01	  2.5974995e-01	  3.3393487e-01
TTATTG	  1.8016949e-01	  3.2538840e-01	 -3.9627735e-02
TTATTT	 -1.6972078e-01	 -4.0088457e-01	 -2.2164643e-02
TTCAAA	 -4.7243154e-01	 -2.8667688e-02	 -1.8276882e-03
TTCAAC	  1.8272065e-01	  1.4986306e-01	  1.8895602e-01
TTCAAG	  3.6660963e-01	  2.1333331e-01	  5.9414700e-02
TTCAAT	 -1.3774273e-01	 -3.0036008e-01	 -2.0114511e-01
TTCACA	 -2.8717375e-01	  1.3027621e-02	 -1.4487870e-01
TTCACC	  3.5604328e-01	 -6.7152984e-02	  2.7648658e-01
TTCACG	  1.6417401e-01	  2.5941589e-01	 -4.8906446e-02
TTCACT	 -3.5919493e-01	 -1.5396938e-01	 -1.3073044e-01
TTCAGA	 -4.3423685e-01	 -3.4453880e-02	  1.5682468e-01
TTCAGC	  2.3919800e-01	  3.6009405e-02	  1.6811743e-02
TTCAGG	 -1.7528486e-01	  2.4727611e-01	 -7.5844631e-02
TTCAGT	  4.2630844e-03	 -2.7221468e-01	 -1.5784194e-01
TTCATA	 -2.6853374e-01	 -1.5908436e-01	 -3.1044918e-01
TTCATC	  3.1914833e-01	  2.5372449e-01	  4.4311637e-01
TTCATG	  2.4146478e-01	  3.1521675e-01	 -3.5704798e-01
TTCATT	 -3.0118635e-01	 -3.7865999e-01	 -1.4062402e-01
TTCCAA	 -2.5136063e-01	 -3.3431593e-02	  6.7425989e-02
TTCCAC	 -1.4611555e-03	  9.0001039e-02	  2.4026021e-02
TTCCAG	  3.4680173e-01	  1.4405452e-01	 -6.9909478e-03
TTCCAT	 -2.7246138e-01	 -2.1813390e-01	 -9.4043016e-02
TTCCCA	 -2.3618412e-01	  2.9400490e-02	 -1.1125779e-02
TTCCCC	  2.2335577e-01	 -2.3136568e-01	 -1.9957225e-01
TTCCCG	  2.1520512e-01	  2.7906546e-01	  4.6138909e-02
TTCCCT	 -3.7389767e-01	 -1.7394462e-01	  1.2025305e-01
TTCCGA	 -2.5791043e-01	 -2.5749463e-01	  1.1651297e-01
TTCCGC	  1.7946121e-01	  1.0629284e-01	 -1.4670464e-01
TTCCGG	  8.5096560e-02	  2.7069393e-01	  1.5158388e-01
TTCCGT	 -1.3078420e-01	 -3.1064618e-01	 -1.6771387e-01
TTCCTA	 -2.3007551e-01	 -1.0820208e-02	 -1.3677087e-02
TTCCTC	  2.9512485e-02	  1.7286384e-02	  2.0636277e-01
TTCCTG	  3.3988506e-01	  2.1203773e-01	 -1.2594251e-01
TTCCTT	 -4.4644430e-01	 -2.4552453e-01	 -1.0370456e-01
TTCGAA	 -4.0756652e-01	 -9.9597245e-02	  3.5629116e-02
TTCGAC	  1.0776632e-01	  1.6984463e-01	  5.2360740e-02
TTCGAG	  2.3086259e-01	  1.4082783e-01	 -5.5609502e-02
TTCGAT	 -1.8339198e-02	 -1.7714405e-01	 -3.3368386e-02
TTCGCA	 -3.7091154e-01	  8.6540073e-02	 -6.1628919e-02
TTCGCC	  3.7355268e-01	 -1.2150051e-01	  1.0346099e-01
TTCGCG	 -6.0745399e-02	  3.1086206e-01	  3.0424524e-02
TTCGCT	 -3.1598696e-01	 -2.7107736e-01	 -5.9024177e-02
TTCGGA	  4.2500895e-02	 -4.8037678e-02	  1.6569495e-01
TTCGGC	  1.8006620e-01	  2.4484677e-02	 -1.7278325e-02
TTCGGG	 -2.5647476e-01	  2.6545030e-01	 -2.0629581e-02
TTCGGT	 -1.1379867e-01	 -3.3893305e-01	 -1.6953100e-01
TTCGTA	 -2.7363804e-01	 -1.1564802e-01	 -1.0895034e-01
TTCGTC	  1.4440735e-01	  2.0103569e-01	  2.6896107e-01
TTCGTG	  3.3429024e-01	  2.5205275e-01	 -1.4883475e-01
TTCGTT	 -3.2208884e-01	 -3.5260317e-01	 -8.0925405e-02
TTCTAA	 -3.7054360e+00	  1.7859446e-02	 -1.9475814e-02
TTCTAC	  5.3780687e-01	  8.2313232e-02	  1.3827962e-01
TTCTAG	 -3.4675734e+00	  1.9431549e-01	  1.1259893e-01
TTCTAT	  3.1247649e-03	 -2.4343047e-01	 -1.6375555e-01
TTCTCA	 -2.8732723e-01	  1.8700618e-01	  1.6130102e-03
TTCTCC	  2.1581645e-01	 -2.1363227e-01	  1.4871876e-01
TTCTCG	  2.1247679e-01	  9.7033381e-02	 -1.1257333e-01
TTCTCT	 -4.3329024e-01	 -1.5246339e-01	 -9.9076815e-02
TTCTGA	 -3.4874334e+00	 -7.3741578e-02	  8.3554782e-02
TTCTGC	  2.1603325e-01	  5.1258404e-02	 -7.3258206e-02
TTCTGG	  1.6669753e-01	  2.1199073e-01	  9.9426121e-02
TTCTGT	 -1.6433814e-01	 -3.6439034e-01	 -1.1416238e-01
TTCTTA	 -6.6392356e-01	  1.5173420e-01	 -3.2673204e-01
TTCTTC	  3.5075307e-01	  6.5467164e-02	  3.1238678e-01
TTCTTG	 -9.0399139e-02	  1.1172159e-01	 -1.9212390e-01
TTCTTT	 -1.0745029e-01	 -2.8099525e-01	 -6.7384548e-02
TTGAAA	 -3.1921366e-01	 -2.6125291e-02	 -1.7889124e-01
TTGAAC	  2.1077603e-01	  9.7352877e-02	  1.9860068e-01
TTGAAG	  2.8081465e-01	  2.1136859e-01	  1.4507008e-01
TTGAAT	 -1.1254045e-01	 -2.6397645e-01	 -5.7390921e-02
TTGACA	 -2.7021512e-01	 -3.1557687e-02	 -1.2973697e-01
TTGACC	  3.0833006e-01	 -8.4578298e-02	  7.5397253e-02
TTGACG	  1.3042998e-01	  2.1263170e-01	  1.9651601e-01
TTGACT	 -2.2021732e-01	 -6.2928975e-02	 -7.0107542e-02
TTGAGA	 -2.5256184e-01	  3.3059541e-02	  7.7886172e-03
TTGAGC	  1.8563499e-01	 -5.3765859e-02	 -2.1843122e-02
TTGAGG	 -3.0396797e-02	  2.2980455e-01	  9.8411866e-02
TTGAGT	 -2.8329216e-02	 -2.4979727e-01	 -6.7797333e-02
TTGATA	 -1.8148652e-01	 -6.3445054e-02	  4.8890352e-02
TTGATC	  2.8167176e-01	  2.3658963e-01	  2.0909736e-01
TTGATG	  1.1792584e-01	  2.0860326e-01	  4.4046260e-02
TTGATT	 -1.8119591e-01	 -3.5377702e-01	 -2.0003963e-01
TTGCAA	 -1.0419842e-01	 -8.5967571e-02	  7.8604445e-02
TTGCAC	 -6.3706208e-03	  1.4252602e-01	  1.3015099e-03
TTGCAG	  2.9456043e-01	  1.6474010e-01	 -1.2075637e-01
TTGCAT	 -3.3007532e-01	 -2.3435746e-01	 -5.8705201e-03
TTGCCA	 -1.4070731e-01	 -1.4996176e-02	 -4.3199662e-02
TTGCCC	  2.6522487e-01	 -1.4163799e-03	 -1.1660994e-01
TTGCCG	  9.8295704e-02	  1.5636879e-01	  3.3724666e-02
TTGCCT	 -2.9494143e-01	 -1.7276089e-01	  1.0923100e-01
TTGCGA	 -1.0221548e-01	 -1.6765702e-01	  1.7969057e-01
TTGCGC	  2.1344624e-01	  3.7997715e-02	 -2.0431486e-01
TTGCGG	 -1.9848605e-01	  2.5001332e-01	  5.4855994e-03
TTGCGT	 -1.0273556e-02	 -3.3236364e-01	 -1.0313419e-01
TTGCTA	 -1.2126369e-01	 -4.4357289e-02	  4.1315500e-02
TTGCTC	  5.2406769e-02	  1.2833242e-01	  1.7912325e-01
TTGCTG	  1.9623108e-01	  1.2899069e-01	 -2.1329528e-01
TTGCTT	 -3.4089926e-01	 -3.2455364e-01	  1.1259882e-02
TTGGAA	 -2.5520650e-01	 -1.4923801e-01	  1.9309744e-02
TTGGAC	  1.0478993e-01	  1.4096726e-01	  4.5027088e-02
TTGGAG	  2.0140560e-01	  1.6547179e-01	 -1.6969278e-01
TTGGAT	 -4.5984264e-02	 -1.2651962e-01	  5.2965354e-02
TTGGCA	 -3.1924719e-01	  7.0686482e-02	 -3.8334846e-02
TTGGCC	  2.5280705e-01	 -1.8476264e-01	 -1.9909617e-01
TTGGCG	 -4.3794704e-03	  2.5540504e-01	  9.4103083e-02
TTGGCT	 -1.3800399e-01	 -1.6127296e-01	  1.2840647e-01
TTGGGA	 -1.4775143e-02	 -1.5364543e-01	  1.8964157e-01
TTGGGC	  2.1336393e-01	  4.2543989e-02	 -1.0715451e-01
TTGGGG	 -5.6490266e-01	  2.3046876e-01	 -5.4322109e-02
TTGGGT	  7.4709319e-03	 -2.4930046e-01	 -8.4938228e-02
TTGGTA	 -2.3154502e-01	 -1.3404250e-01	 -8.9583747e-02
TTGGTC	  1.2456696e-01	  1.4190155e-01	  1.5829545e-01
TTGGTG	  2.4827634e-01	  2.2736128e-01	 -1.5513882e-01
TTGGTT	 -2.7127630e-01	 -3.2130975e-01	  3.1585097e-02
TTGTAA	 -3.3328044e+00	 -1.5620797e-02	 -9.1933655e-03
TTGTAC	  5.7770550e-01	  1.5339382e-01	  1.3104819e-01
TTGTAG	 -3.0814753e+00	  1.8233909e-01	 -2.5035873e-02
TTGTAT	  4.6560295e-02	 -2.6820710e-01	 -5.8439609e-02
TTGTCA	 -3.1502348e-01	  8.9087278e-02	 -1.0817751e-01
TTGTCC	  3.0694160e-01	  1.7874252e-02	  1.9119953e-01
TTGTCG	  1.1385946e-01	  8.1865024e-03	  7.1593286e-03
TTGTCT	 -3.0481949e-01	 -1.4755854e-01	 -1.0666397e-01
TTGTGA	 -3.1658695e+00	  1.9069700e-02	  1.2527251e-01
TTGTGC	  2.7521574e-01	  3.3914562e-02	 -1.2606394e-02
TTGTGG	  1.4857814e-01	  2.1577670e-01	  4.9696419e-02
TTGTGT	 -2.2732180e-01	 -4.3604738e-01	 -1.4980216e-01
TTGTTA	 -2.8896704e-01	  1.5328668e-01	 -1.2645443e-01
TTGTTC	  4.0474963e-01	  2.1846740e-01	  3.0971405e-01
TTGTTG	  4.2948194e-02	  7.1408190e-02	 -1.8928567e-01
TTGTTT	 -2.1374117e-01	 -3.3438650e-01	 -2.4754039e-04
TTTAAA	 -3.6058515e-01	 -1.8142955e-01	  8.0124084e-03
TTTAAC	  2.5840038e-01	  2.9629660e-01	  1.6091691e-01
TTTAAG	  3.5746872e-01	  1.9215259e-01	  4.1976899e-02
TTTAAT	 -1.4347598e-01	 -1.2499531e-01	 -1.1924504e-01
TTTACA	 -2.4664311e-01	 -7.1480267e-02	 -1.8928419e-01
TTTACC	  2.5549874e-01	  4.2477280e-02	  2.1041265e-01
TTTACG	  2.8393742e-01	  2.3477109e-01	 -4.8980877e-02
TTTACT	 -2.9996905e-01	 -1.4400443e-01	  3.9288063e-02
TTTAGA	 -3.2856941e-01	 -1.6406830e-02	  1.8800142e-01
TTTAGC	  2.6844081e-01	 -5.7066935e-03	 -1.2800705e-02
TTTAGG	 -8.4394127e-02	  1.5279879e-01	 -3.7717506e-02
TTTAGT	 -7.2479606e-02	 -9.5125481e-02	 -2.0849247e-01
TTTATA	 -1.0704374e-01	 -7.5122625e-02	 -1.7626065e-01
TTTATC	  2.8841960e-01	  3.6090592e-01	  4.5259047e-01
TTTATG	  1.9315432e-01	  2.4987540e-01	 -1.6776972e-01
TTTATT	 -2.2761860e-01	 -4.5021486e-01	 -9.0313844e-02
TTTCAA	 -1.3023308e-01	 -5.1058527e-02	  6.7054726e-02
TTTCAC	  8.1082560e-02	  1.6242367e-01	  3.5741322e-02
TTTCAG	  3.1266919e-01	  1.3106127e-01	 -1.2333474e-01
TTTCAT	 -3.1047434e-01	 -2.0682572e-01	 -3.7823346e-02
TTTCCA	 -1.9315815e-01	  8.1332037e-03	 -2.1553639e-02
TTTCCC	  2.1078458e-01	 -9.0016373e-02	 -2.2171803e-01
TTTCCG	  2.1422379e-01	  2.3394372e-01	  6.6441797e-02
TTTCCT	 -3.7511608e-01	 -1.9255573e-01	  1.2274119e-01
TTTCGA	 -8.6116895e-02	 -1.3221884e-01	  2.1703236e-01
TTTCGC	  2.0359163e-01	  1.1176281e-01	 -2.1503997e-01
TTTCGG	 -5.6478765e-02	  2.1642283e-01	 -1.2510978e-02
TTTCGT	 -1.4835829e-01	 -3.8447297e-01	 -1.3454649e-01
TTTCTA	 -1.6268966e-01	 -2.1573173e-02	  5.8227509e-02
TTTCTC	  4.0465742e-02	  1.1602412e-01	  9.8113433e-02
TTTCTG	  3.3334577e-01	  2.4410717e-01	 -8.7205835e-02
TTTCTT	 -4.0520328e-01	 -4.0882182e-01	 -4.5240179e-02
TTTGAA	 -2.6336163e-01	 -1.4293373e-01	  9.4731664e-03
TTTGAC	  8.0383085e-02	  1.8202700e-01	  7.1542002e-02
TTTGAG	  3.2270232e-01	  1.5310134e-01	  2.1007596e-02
TTTGAT	 -1.0866364e-01	 -9.6817642e-02	 -6.8862289e-02
TTTGCA	 -3.4709406e-01	 -4.0498696e-02	 -5.8891196e-02
TTTGCC	  3.1060618e-01	  8.8203922e-03	  2.5618218e-02
TTTGCG	  4.3653283e-02	  2.2999451e-01	  5.8666192e-02
TTTGCT	 -2.1136124e-01	 -1.6146733e-01	  2.8737539e-03
TTTGGA	  7.1450315e-02	  7.9903916e-02	  2.0466216e-01
TTTGGC	  1.5038300e-01	 -7.3603891e-02	 -6.1006997e-02
TTTGGG	 -3.7372735e-01	  1.2073962e-01	 -4.4272378e-02
TTTGGT	 -8.7312803e-02	 -1.3066003e-01	 -1.4745119e-01
TTTGTA	 -2.8827375e-01	 -1.7583458e-01	 -8.5174337e-02
TTTGTC	  9.8489046e-02	  2.4230805e-01	  2.9563129e-01
TTTGTG	  3.6847490e-01	  2.6217672e-01	 -1.0136932e-01
TTTGTT	 -3.8912904e-01	 -3.8143578e-01	 -8.2453884e-02
TTTTAA	 -3.3273253e+00	  2.0461299e-02	  3.6181891e-03
TTTTAC	  6.1270142e-01	  1.3353480e-01	  1.5061931e-01
TTTTAG	 -2.9399166e+00	  2.6027802e-01	 -1.5305451e-02
TTTTAT	  5.9044152e-02	 -3.0797866e-01	 -7.3317558e-02
TTTTCA	 -1.8893474e-01	 -1.7924663e-03	 -1.9575294e-02
TTTTCC	  1.2844141e-01	 -2.7605975e-02	  2.0441741e-02
TTTTCG	  2.2581565e-01	  1.8307911e-01	 -3.6151506e-02
TTTTCT	 -2.7912793e-01	 -1.7301866e-01	  2.4835587e-02
TTTTGA	 -3.1907351e+00	 -6.2051650e-02	  1.2987579e-01
TTTTGC	  2.2769493e-01	 -1.0726031e-02	 -5.8759142e-02
TTTTGG	  2.1092498e-01	  2.9318011e-01	  6.5487333e-02
TTTTGT	 -1.2079572e-01	 -3.9133236e-01	 -1.4008898e-01
TTTTTA	 -1.4936137e-01	  9.7644880e-02	 -3.3116095e-02
TTTTTC	  2.7489987e-01	  1.1801754e-01	  2.3643607e-01
TTTTTG	  2.9251981e-01	  3.4327540e-01	  2.3059882e-02
TTTTTT	 -4.1691357e-01	 -6.1855322e-01	 -1.2927607e-01
