aaosarxi   F	  24481	     16	   57.2	    619	-1.8475	  7.6032e-01  3.3713e+01  1.8988e+01  3.4486e+00 -1.2481e+01  9.2265e+01  2.0071e+00  4.4435e-04  2.0826e+05  2.0832e+05
aborbien   F	  83668	     23	   60.3	    374	-1.6891	  8.9288e-01  1.2150e-01  5.6529e+01  9.1011e+00 -3.6644e+01  1.2233e+02  2.5095e+00  2.1980e-04  6.5094e+05  6.5100e+05
abrabram   F	 191710	     16	  511.3	  66194	-3.4518	  2.2547e-01  3.7076e+01  5.1345e+01  3.8129e+00 -4.0508e+02  5.4679e+02  1.2820e+01  9.6750e-02 -1.8413e+02  8.8163e+02  1.1352e+00  2.5837e-05  3.0536e+06  3.0537e+06
abruprec   F	 131915	     29	  228.2	   7352	-2.9844	  3.6816e-01  3.4037e+01  5.8093e+01  3.2295e+00 -7.4226e+01  3.6141e+02  1.5401e+00  5.2002e-01 -3.2365e+02  9.8310e+02  3.5379e+00  4.5826e-05  1.8128e+06  1.8129e+06
absiglau   F	  53197	     41	   65.4	    748	-1.8755	  8.4390e-01 -5.4264e+01  1.1435e+02  1.3960e+01 -1.3241e+01  1.1447e+02  1.8073e+00  3.1799e-04  4.5965e+05  4.5972e+05
absipade   F	  60787	     23	   72.0	    438	-1.8943	  8.8957e-01 -2.5249e+02  3.1867e+02  2.8491e+01 -3.6705e+01  1.3596e+02  2.4553e+00  2.1002e-04  5.3043e+05  5.3050e+05
absirepe   F	  63079	     23	   81.9	    492	-1.9585	  9.2451e-01 -2.1758e+01  9.7204e+01  7.2472e+00 -6.9827e+01  1.7164e+02  2.2604e+00  1.9599e-04  5.6866e+05  5.6872e+05
acaccras   F	  83795	     16	  241.5	   9949	-2.9956	  4.3527e-01  4.6567e+01  4.8712e+01  2.2852e+00 -4.4327e+02  7.7627e+02  3.7955e+00  4.0344e-01  3.3153e+02  5.3061e+02  1.1952e+00  5.7511e-05  1.1561e+06  1.1562e+06
acan_eba   F	    289	     58	   94.8	    418	-2.1154	  6.4214e-09  2.9071e+00  6.7943e+01  3.5235e+00  2.2170e+01  6.4508e+01  2.9178e+00  5.3754e-03  2.8290e+03  2.8547e+03
acancast   F	  89938	     23	   94.0	    480	-2.1621	  7.7167e-02  9.1000e+00  4.3698e+01  1.2939e+00  9.0630e+00  7.6931e+01  3.5361e+00  1.3939e-04  8.9572e+05  8.9579e+05
acanchlo   F	 114994	     29	  870.0	  37384	-3.6306	  1.0398e-01  5.9383e+01  3.8559e+01  1.3050e+00 -1.7669e+02  9.0049e+02  1.3907e+00  2.9329e-05  1.9226e+06  1.9227e+06
acanflam   F	  47807	     16	  945.0	  54498	-3.7007	  6.3892e-02  6.1270e+01  3.4354e+01  1.5715e+00 -1.5482e+02  8.9620e+02  1.2723e+00  4.8694e-05  8.1523e+05  8.1529e+05
acanhaem   F	  41794	     17	  850.3	  47433	-3.5585	  1.6785e-01 -1.8088e+01  9.6433e+01  1.2497e+01 -6.7100e+01  1.9292e+02  4.6129e+00  9.0515e-02 -2.4703e+02  1.1712e+03  1.3479e+00  5.8338e-05  6.8544e+05  6.8553e+05
acanlage   F	  32201	     16	  205.2	 295209	-3.2682	  3.3502e-01 -1.9285e+02  2.7232e+02  3.0000e+01  3.2489e+01  1.1506e+02  1.6651e+00  2.4851e-01 -7.3782e+01  1.1464e+03  7.9556e-01  8.6672e-05  4.8426e+05  4.8435e+05
acanlatu   F	 280456	     29	  413.9	  57170	-3.3899	  1.6222e-01  4.2841e+01  4.8677e+01  3.8474e+00  5.2302e+01  1.1491e+02  9.7963e-01  3.8315e-01 -1.2759e+02  9.8506e+02  1.1561e+00  1.8492e-05  4.3751e+06  4.3752e+06
acanobte   F	  93280	     19	 1319.8	  22935	-3.7287	  1.4622e-01  4.7490e+01  1.5603e+01  9.0099e-01 -1.6563e+02  5.5002e+02  1.5812e+00  4.1073e-01 -1.1413e+03  3.8602e+03  2.6145e+00  6.6484e-05  1.5968e+06  1.5969e+06
acanplan   F	 166754	     29	  676.9	  55940	-3.5373	  1.2304e-01 -2.2477e+03  2.7111e+03  1.6696e+01 -2.9168e+01  5.3350e+02  1.1098e+00  2.9033e-05  2.7165e+06  2.7166e+06
acanpoly   F	 225846	     30	  552.1	  41164	-3.4480	  2.4265e-01  9.2263e+00  8.1535e+01  5.4658e+00  5.1204e+01  1.3028e+02  1.9271e+00  1.4873e-01 -2.2425e+02  1.1180e+03  1.3286e+00  2.6560e-05  3.5924e+06  3.5926e+06
acanvite   F	  80276	     23	  227.0	   2778	-2.8016	  3.7109e-01  4.2412e+01  7.5119e+01  1.2058e+00 -2.8511e+02  5.0609e+02  4.5711e+00  8.5209e-05  1.0356e+06  1.0357e+06
acaringo   F	  17758	     23	   67.3	    470	-1.7924	  8.4449e-01 -1.6059e+02  2.2380e+02  2.9989e+01 -1.2586e+01  8.4876e+01  1.9686e+00  4.0251e-04  1.4727e+05  1.4733e+05
acartons   F	  26477	     16	  371.0	   4198	-3.0417	  1.4674e-02 -2.7141e+02  3.5041e+02  3.0000e+01 -1.1775e+03  1.3740e+03  1.1781e+01  4.8253e-01  1.2266e+02  3.1095e+02  1.7899e+00  1.3736e-04  3.7133e+05  3.7142e+05
acaumorr   F	  16960	     17	   80.4	    722	-2.0095	  7.8247e-01 -3.9502e+01  1.1371e+02  1.2190e+01 -8.4083e+01  1.9401e+02  2.6399e+00  3.5028e-04  1.5690e+05  1.5695e+05
accigent   F	  68983	     16	  874.4	  45894	-3.6471	  1.2407e-01  5.9747e+01  3.9740e+01  1.3131e+00 -1.5359e+02  8.9501e+02  1.3108e+00  4.0042e-05  1.1584e+06  1.1585e+06
acepmacr   F	  52262	     23	   56.3	    834	-1.9633	  6.0649e-01  3.1477e+01  1.8792e+01  4.1883e+00 -2.8284e+01  1.0346e+02  2.6963e+00  3.7597e-01  9.5959e+01  3.0178e+02  1.5886e+00  2.4171e-04  4.7252e+05  4.7262e+05
acernegu   F	  68777	     16	  193.0	   5111	-2.9056	  3.3911e-01 -3.0659e+02  3.9651e+02  2.9977e+01 -1.1557e+02  2.5429e+02  6.1771e+00  1.8161e-01 -2.1681e+02  6.5569e+02  2.1754e+00  8.0854e-05  9.2039e+05  9.2049e+05
acetacet   F	     62	     21	   93.0	  13385	-2.7014	  1.0000e+00  9.4572e+00  5.5009e+01  9.6399e-01  1.7292e-02  7.7551e+02  7.8189e+02
achedome   F	   9257	     16	  153.0	   5520	-2.8285	  5.2119e-01  5.7736e+01  2.6421e+01  1.5790e+00 -2.2957e+02  5.8193e+02  1.9996e+00  2.8721e-04  1.2067e+05  1.2072e+05
achicole   F	  30380	     16	   67.2	  10801	-2.3718	  6.5820e-01  1.5233e+01  4.2758e+01  5.9165e+00 -2.0843e+01  2.4028e+02  1.1077e+00  2.3427e-04  3.3137e+05  3.3143e+05
achrgris   F	  91622	     29	  665.7	  42995	-3.5635	  5.0384e-02  1.7785e+01  6.4001e+01  6.2976e+00 -6.1610e+01  6.1064e+02  1.2322e+00  5.2206e-05  1.5079e+06  1.5079e+06
acidacid   F	  28759	     23	   85.7	    942	-2.2615	  4.0110e-02 -2.9257e+02  3.2999e+02  2.9323e+01  3.2066e+01  4.4079e+01  1.7360e+00  2.8203e-04  2.9958e+05  2.9963e+05
acidrich   F	  17074	     23	   62.0	    601	-1.9381	  7.1499e-01  6.6105e+00  4.9353e+01  7.7048e+00 -3.5828e+01  1.2499e+02  2.4776e+00  3.2349e-04  1.5244e+05  1.5249e+05
acinjuba   F	 158500	     30	 1528.2	 140434	-3.9517	  9.3339e-02  6.2179e+01  3.7110e+01  1.3276e+00 -2.9921e+02  5.7449e+02  3.7900e+00  1.0415e-01 -3.2134e+02  1.7843e+03  1.1620e+00  1.7316e-05  2.8910e+06  2.8911e+06
acipguel   F	  25063	     16	  359.2	   5258	-3.1338	  9.9736e-02  1.3537e+01  1.4591e+01  9.2057e-01 -2.1292e+02  5.0669e+02  2.2206e+00  1.7864e-04  3.6179e+05  3.6185e+05
acipoxyr   F	  12866	     16	  304.5	   3040	-3.0188	  9.4693e-02  1.0379e+01  2.1708e+01  1.1074e+00 -4.2078e+01  1.4261e+02  5.7608e+00  1.8213e-01 -1.7504e+02  5.0421e+02  2.7283e+00  2.3675e-04  1.7870e+05  1.7879e+05
acipruth   F	 367168	     24	  700.8	  97116	-3.6458	  4.3875e-02  4.6142e+01  5.1116e+01  3.3169e+00 -2.1188e+01  5.5538e+02  1.0168e+00  1.4636e-05  6.1644e+06  6.1645e+06
acipsine   F	 115270	     16	  639.0	 115228	-3.6357	  4.9626e-02 -7.5788e+02  1.1565e+03  1.1098e+01 -5.2654e+01  5.0388e+02  9.6539e-01  4.0469e-05  1.9286e+06  1.9287e+06
acomruss   F	 186725	     16	 1412.8	 143979	-3.9142	  8.5379e-02  5.0284e+01  3.9610e+01  2.4710e+00 -1.0754e+02  3.3339e+02  2.4454e+00  1.5156e-01 -1.7871e+02  1.6490e+03  1.1239e+00  1.5861e-05  3.3657e+06  3.3658e+06
acrealca   F	  26181	     23	   69.5	   1218	-2.1847	  4.8245e-01  1.7093e+01  2.7111e+01  1.2043e+00  1.2003e+01  5.6810e+01  3.8425e+00  3.4171e-04  2.6351e+05  2.6357e+05
acrechry   F	  14386	     23	   69.1	    872	-2.0387	  8.0663e-01  2.3981e+01  3.8253e+01  3.3542e+00 -1.0548e+01  9.1337e+01  1.6082e+00  4.8124e-04  1.3509e+05  1.3514e+05
acrestri   F	  27260	     23	   60.1	    864	-1.8496	  8.6817e-01  3.2842e+01  2.2824e+01  3.2461e+00 -1.9736e+01  1.3269e+02  1.7163e+00  3.7376e-04  2.3213e+05  2.3219e+05
acrocerv   F	 140282	     16	  612.2	  62412	-3.5001	  4.6185e-02 -7.9731e+01  1.7386e+02  1.0381e+01 -1.3583e+02  5.9641e+02  1.3265e+00  4.0400e-05  2.2663e+06  2.2664e+06
acrodigi   F	 134667	     20	  587.7	  19899	-3.4320	  7.9045e-02 -8.9887e+01  1.8686e+02  8.8045e+00 -1.2296e+02  6.0395e+02  1.4890e+00  3.3187e-05  2.1298e+06  2.1298e+06
acroechi   F	 153107	     30	  282.9	 155754	-3.2991	  2.6141e-01 -5.7902e+00  8.4716e+01  6.3710e+00  1.6879e+01  3.1264e+02  8.0374e-01  4.8712e-05  2.3254e+06  2.3255e+06
acrogemm   F	  43881	     16	  589.8	 156896	-3.4427	  6.0618e-02 -9.5981e+01  1.9073e+02  1.0646e+01 -1.1746e+02  5.8071e+02  1.4348e+00  7.6488e-05  6.9742e+05  6.9748e+05
acrohyac   F	  35931	     16	  585.6	 223177	-3.4512	  6.6503e-02 -1.0554e+02  1.9942e+02  1.0817e+01 -5.8034e+01  5.2502e+02  1.3224e+00  9.2346e-05  5.7344e+05  5.7350e+05
acromill   F	 191606	     16	  615.0	 117700	-3.5427	  6.8115e-01 -2.5722e+01  3.5765e+02  8.4717e-01 -3.1477e+02  8.9974e+02  3.2011e+00  4.2443e-05  3.1273e+06  3.1274e+06
acromuri   F	 199487	     28	  620.5	  18100	-3.4338	  1.0836e-01  2.2754e+01  8.0336e+01  2.7518e+00 -1.0930e+02  6.4219e+02  1.5489e+00  2.6018e-05  3.1560e+06  3.1560e+06
acrotenu   F	 100370	     16	  594.7	  61628	-3.4034	  8.9295e-02  6.1689e+00  9.2402e+01  3.9112e+00 -1.3759e+02  6.3196e+02  1.6227e+00  4.3439e-05  1.5751e+06  1.5752e+06
actichin   F	  88570	     16	  462.4	  39871	-3.3354	  2.8858e-01 -2.4292e+00  9.4183e+01  5.8713e+00  9.8846e+01  1.4949e+02  6.9154e-01  1.9691e-01 -4.0373e+02  1.1476e+03  1.7839e+00  3.7158e-05  1.3621e+06  1.3622e+06
actideli   F	  62356	     16	  417.4	  18709	-3.2673	  3.9429e-01  5.3667e+01  4.2843e+01  1.7559e+00  1.4187e+01  4.7757e+01  5.1648e-01  1.7908e-02 -2.3606e+02  9.2491e+02  1.6361e+00  5.9801e-05  9.3779e+05  9.3789e+05
actieria   F	 212206	     30	  427.0	  14679	-3.2723	  2.9890e-01  2.0000e+01  7.2570e+01  4.1641e+00 -3.5246e+01  2.4600e+02  1.7151e+00  2.1860e-01 -3.7286e+02  1.2568e+03  1.8545e+00  2.7874e-05  3.1971e+06  3.1972e+06
actitene   F	 128579	     16	  466.1	  10817	-3.2771	  1.1553e-01  4.5734e+01  4.2451e+01  2.2176e+00 -1.1880e+02  5.1967e+02  1.6979e+00  5.1021e-05  1.9427e+06  1.9428e+06
acyrpisu   F	 142207	     16	  189.4	  39615	-3.1501	  4.7863e-01  3.8496e+01  3.2022e+01  2.0996e+00 -7.5422e+01  5.6351e+02  1.1417e+00  4.0960e-01 -4.6326e+02  2.6685e+03  1.5146e+00  4.2107e-05  2.0610e+06  2.0611e+06
acytsubg   F	  22585	     29	   76.3	    629	-1.9037	  8.5706e-01 -1.1490e+02  1.8526e+02  1.8888e+01 -1.1136e+01  1.1801e+02  1.9721e+00  3.7353e-04  1.9793e+05  1.9799e+05
adelcool   F	 107734	     30	  181.3	  59005	-3.0659	  4.3703e-01  2.8714e+01  4.2041e+01  3.4637e+00 -1.1822e+01  4.2737e+02  9.5767e-01  4.1818e-05  1.5208e+06  1.5209e+06
adelsutu   F	  79057	     28	 2287.3	 213681	-4.1061	  1.7039e-01  6.1545e+01  6.2125e+01  1.0653e+00 -4.8865e+02  2.5264e+03  1.1519e+00  2.6603e-05  1.4979e+06  1.4979e+06
adeltsug   F	  44023	     29	  110.6	  31516	-2.8798	  5.3987e-01  3.2428e+01  3.7058e+01  3.2501e+00 -3.6714e+01  4.9550e+02  1.0873e+00  7.8900e-05  5.8350e+05  5.8356e+05
adinvaga   F	 199982	     23	   57.9	   1550	-1.7988	  8.4664e-01  1.9662e+00  5.2470e+01  8.9939e+00 -7.5810e+00  1.0055e+02  1.2478e+00  1.5330e-01  1.8753e+02  2.3613e+03  5.1765e+00  3.9103e-04  1.6417e+06  1.6418e+06
adoxhonm   F      56827      16   686.1  108262 -3.7313   9.8625e-02  5.1724e+01  3.3526e+01  2.1340e+00 -8.3834e+01  8.0403e+02  1.0588e+00  6.6077e-05  9.5816e+05  9.5822e+05
adunpalu   F	   2222	     18	  168.5	   3330	-2.6846	  1.6596e-01 -1.6060e+02  2.3533e+02  2.5801e+01 -1.0543e+02  2.0310e+02  1.8368e+01  1.2965e-01 -2.3622e+02  4.2079e+02  3.6082e+00  9.9960e-04  2.7495e+04  2.7558e+04
aedeaegy   F	 126349	     16	  290.4	 130430	-3.4877	  3.7098e-01 -6.1860e+00  6.7061e+01  1.2589e+01 -6.3336e+00  2.0796e+02  9.3390e-01  2.6086e-01 -7.8520e+03  1.6768e+04  2.0993e+00  3.6176e-05  2.0479e+06  2.0480e+06
aedealbo   F	 121562	     30	  159.8	 129652	-3.3491	  4.2035e-01 -5.9072e+00  6.7581e+01  1.1211e+01 -6.3550e+00  2.0787e+02  1.1340e+00  2.4817e-01 -7.8520e+03  1.6768e+04  2.0060e+00  3.6877e-05  1.8929e+06  1.8930e+06
aedejapo   F	  34871	     17	   76.3	  75652	-3.0094	  4.5805e-01  1.4009e+01  4.6699e+01  9.0819e+00 -4.4434e+00  1.1779e+02  9.0163e-01  3.2841e-01 -6.4558e+03  1.6452e+04  2.4628e+00  1.0743e-04  4.8344e+05  4.8354e+05
aedekore   F	  33362	     17	   79.4	 100439	-3.0579	  4.3788e-01 -9.8632e+01  1.5933e+02  3.0000e+01 -8.7077e+00  1.1984e+02  9.9674e-01  3.3536e-01 -7.6242e+03  1.7167e+04  2.1142e+00  8.3160e-05  4.7436e+05  4.7446e+05
aegitaus   F	 201287	     16	  166.4	  27741	-2.9916	  3.8730e-01 -3.3350e+02  4.2256e+02  2.9172e+01 -2.7296e+01  2.9332e+02  1.0265e+00  5.3653e-01 -1.3033e+03  1.9359e+03  8.5106e+00  5.0494e-05  2.7763e+06  2.7764e+06
aegymona   F	  66980	     16	  942.8	  63150	-3.7146	  9.4369e-02  6.5218e+01  4.0908e+01  9.9917e-01 -1.6054e+02  9.1537e+02  1.2295e+00  5.7469e-05  1.1460e+06  1.1460e+06
aesceven   F	  65103	     16	  209.5	  71000	-2.9982	  4.9985e-01  5.4814e+01  4.5769e+01  1.7151e+00 -7.2631e+02  1.1012e+03  4.9450e+00  3.5956e-01 -2.4204e+01  5.5257e+02  6.8339e-01  6.0060e-05  8.9894e+05  8.9904e+05
aetharab   F	   4000	     17	  101.8	   1841	-2.4274	  6.1154e-01 -1.8700e+01  1.0231e+02  8.6695e+00 -9.0019e+01  3.0271e+02  2.3458e+00  3.8846e-01  6.7068e+02  2.0448e+03  4.3872e-05  6.5400e-04  4.4698e+04  4.4767e+04
aethtumi   F	  68803	     17	   62.0	 105910	-2.6587	  5.5497e-01 -7.7971e+01  1.3151e+02  3.0000e+01 -1.3956e+03  1.5027e+03  2.8782e+01  1.3668e-01 -6.3808e+01  9.6730e+02  8.7590e-01  1.6950e-04  8.3561e+05  8.3571e+05
agarbis1   F	  51117	     16	   54.9	    486	-1.5606	  8.9168e-01 -4.3352e+01  9.5635e+01  2.1802e+01 -1.0699e+01  8.3120e+01  1.7072e+00  3.6139e-04  3.6727e+05  3.6733e+05
agarbisp   F	  51227	     16	   54.9	    417	-1.5635	  8.8341e-01 -5.3462e+01  1.0574e+02  2.4059e+01 -1.2701e+01  7.9741e+01  1.8565e+00  3.9836e-04  3.6875e+05  3.6881e+05
agarchil   F	   1351	     16	   93.2	  12825	-2.1936	  1.4930e-01  1.3286e+01  3.2324e+01  6.9134e-01 -2.8704e+02  3.7324e+02  1.9524e+01  1.9332e-03  1.3669e+04  1.3706e+04
agarhyph   F	      1	     49	   24.5	      0	 0.5636	  1.0000e+00  4.8899e+01  1.0175e-01  8.4523e+00  2.9747e+01 -8.5156e-01 -6.8516e+00
agarsubr   F	  16475	     16	   54.7	    293	-1.4481	  9.5894e-01  2.2246e+00  5.0115e+01  1.1450e+01 -1.1612e+01  1.0590e+02  1.9349e+00  9.9504e-04  1.0984e+05  1.0990e+05
agarverm   F	   1217	     16	   97.4	 125600	-2.6232	  7.6388e-01  3.5748e+00  8.0879e+01  4.0632e+00  1.1399e+01  1.8406e+02  4.3886e-01  1.8442e-03  1.4641e+04  1.4677e+04
agavamer   F	  11341	     16	  209.1	  99693	-3.2271	  4.4727e-01  4.5404e+01  4.4818e+01  2.6187e+00 -1.0492e+02  7.0179e+02  9.4828e-01  1.8173e-04  1.6852e+05  1.6857e+05
agavfour   F	   3043	     16	  164.4	  93723	-3.1599	  3.0419e-01 -2.7243e+02  3.5915e+02  2.9782e+01  5.1692e+01  6.3495e+01  1.1312e+00  3.0553e-01 -1.4538e+02  1.1231e+03  9.8675e-01  4.4703e-04  4.4142e+04  4.4208e+04
agavtequ   F	  80513	     16	  287.3	  39153	-3.3611	  4.5020e-01  4.6721e+01  4.4557e+01  2.3601e+00 -2.1766e+02  8.9473e+02  1.2756e+00  4.2724e-01 -2.0033e+04  2.7355e+04  5.6194e+00  4.8435e-05  1.2478e+06  1.2479e+06
agelphoe   F	 173287	     30	  907.2	  82414	-3.7138	  1.0763e-01  5.3628e+01  3.7990e+01  1.7850e+00 -9.4252e+01  8.4570e+02  1.1312e+00  2.1615e-05  2.9639e+06  2.9639e+06
ageltric   F	 197950	     18	  940.3	 133100	-3.7714	  1.2126e-01  5.9988e+01  3.5696e+01  1.2668e+00  1.3564e+01  8.6078e+01  8.3101e-01  2.7874e-02 -2.4617e+01  8.4830e+02  1.0181e+00  1.9129e-05  3.4374e+06  3.4375e+06
ageraden   F	 213116	     16	  209.6	  60311	-3.0290	  3.6243e-01 -3.1798e+02  4.0439e+02  3.0000e+01 -2.7035e+01  3.1235e+02  1.0602e+00  5.0746e-01 -7.5727e+02  1.3652e+03  5.3833e+00  5.0139e-05  2.9768e+06  2.9769e+06
agkipisc   F	   2213	     56	  567.7	  11266	-3.3453	  2.4021e-01  6.0956e+01  4.7341e+01  1.1103e+00 -2.2906e+02  7.9235e+02  1.9211e+00  5.0767e-04  3.4089e+04  3.4129e+04
agriplan   F	  75696	     17	  164.5	 200235	-3.1504	  3.2994e-01 -1.0882e+02  1.6633e+02  2.9951e+01  2.9129e+01  1.4236e+02  7.8823e-01  4.7217e-01 -2.9592e+02  2.2630e+03  9.0143e-01  4.9404e-05  1.0971e+06  1.0972e+06
agroipsi   F	     79	     67	  820.0	 109909	-3.6641	  1.4563e-01  5.6035e+01  2.0631e+01  2.1072e+00  1.9626e+01  7.3587e+02  1.0263e+00  1.2690e-02  1.3471e+03  1.3637e+03
agropedi   F	  86434	     23	   58.3	    517	-1.6615	  8.7829e-01 -4.5312e+01  1.0041e+02  1.8273e+01 -7.4526e+00  8.4421e+01  1.7360e+00  2.5703e-04  6.6111e+05  6.6118e+05
agrosege   F	  39891	     16	  698.3	  97020	-3.6472	  7.7398e-02  4.1105e+01  4.0241e+01  4.6488e+00 -7.2967e+01  6.2979e+02  1.0351e+00  6.3129e-05  6.7093e+05  6.7099e+05
ahaepras   F	 204521	     30	 1668.2	 154249	-3.9942	  9.9662e-02  6.7822e+01  5.3517e+01  8.3935e-01 -1.9746e+02  1.5384e+03  1.1316e+00  1.4728e-05  3.7619e+06  3.7620e+06
ailumela   F	 223849	     30	 1476.2	 223763	-3.9934	  9.2333e-02  5.8844e+01  3.7042e+01  1.5534e+00 -2.6786e+01  5.3384e+02  1.0624e+00  3.9987e-01 -2.7107e+02  2.4966e+03  1.0577e+00  1.3083e-05  4.1146e+06  4.1147e+06
akanmusc   F	  23544	     38	   62.3	    746	-1.9552	  8.6888e-01  2.8875e+01  2.7433e+01  3.0904e+00 -6.4128e+01  2.1510e+02  2.4553e+00  2.9006e-04  2.1199e+05  2.1205e+05
alatalat   F	   1771	     16	 1398.0	  19834	-3.7364	  1.1558e-01  1.4752e+01  1.6811e+01  6.4409e-01 -6.1010e+02  1.1321e+03  2.9048e+00  3.4776e-01 -1.3669e+03  3.3070e+03  2.6749e+00  5.5011e-04  3.0487e+04  3.0548e+04
albijuli   F	 110829	     16	  238.9	  18770	-3.0192	  4.4973e-01  5.0078e+01  4.6435e+01  2.0056e+00 -4.8709e+02  9.2560e+02  3.3740e+00  3.9911e-01 -4.6406e+01  4.3913e+02  9.0364e-01  5.1847e-05  1.5410e+06  1.5411e+06
albucand   F	  20093	     23	   56.4	   1179	-1.8180	  7.7290e-01 -9.4679e+01  1.4727e+02  3.0000e+01 -1.1427e+01  8.8562e+01  1.4643e+00  7.0615e-04  1.6807e+05  1.6812e+05
albulaib   F	  20349	     23	   56.1	   4884	-1.8167	  8.7515e-01 -1.1739e+02  1.6978e+02  3.0000e+01 -2.7046e+01  2.4993e+02  1.0736e+00  6.4660e-04  1.6950e+05  1.6956e+05
aldraffi   F	  90785	     16	  667.6	  40423	-3.5490	  1.1996e-01  6.8832e+01  4.9353e+01  1.1165e+00 -8.6659e+01  6.5776e+02  1.2574e+00  3.4375e-05  1.4838e+06  1.4838e+06
aleitest   F	  26531	     17	  112.0	  18235	-2.7881	  4.5677e-01 -5.4343e+01  1.2405e+02  1.1998e+01 -1.4419e+01  2.5775e+02  1.0994e+00  1.7433e-04  3.4116e+05  3.4121e+05
aleocurt   F	  27968	     18	   61.5	  31674	-2.2820	  6.6525e-01 -9.3669e+01  1.4912e+02  3.0000e+01  4.6747e+00  1.3815e+02  1.1879e+00  2.6231e-01  1.5932e+02  2.0204e+03  9.9259e-01  1.8579e-04  2.9299e+05  2.9308e+05
alexfort   F	 213099	     19	 1414.5	 174067	-3.9354	  8.3713e-02  5.2385e+01  3.7156e+01  2.2861e+00 -1.0235e+02  3.3858e+02  2.1987e+00  1.6113e-01 -1.6502e+02  1.6635e+03  1.0780e+00  1.4042e-05  3.8612e+06  3.8613e+06
aliqkhao   F	  35897	     23	   60.0	    868	-2.0533	  5.8531e-01  3.1410e+01  2.2259e+01  3.5729e+00 -1.2226e+01  7.9870e+01  1.8389e+00  3.0638e-04  3.3903e+05  3.3909e+05
alitvire   F	  90906	     16	  441.8	  62138	-3.4319	  1.4170e-01  3.2678e+01  6.5513e+01  4.5737e+00 -3.4484e+01  4.3556e+02  1.0366e+00  4.7719e-05  1.4403e+06  1.4403e+06
allicepa   F	 140841	     16	  547.6	 928849	-3.6803	  2.0395e-01 -5.5745e+01  1.3974e+02  1.2109e+01  5.3002e+01  7.2316e+01  8.0061e-01  1.3426e-01 -5.8296e+01  8.6252e+02  7.0119e-01  2.1937e-05  2.3789e+06  2.3791e+06
allifist   F	  38149	     16	  338.7	  72982	-3.2823	  3.3086e-01 -6.4004e+01  1.4788e+02  1.2200e+01 -8.8001e+01  5.9233e+02  1.0187e+00  5.4519e-01 -7.3312e+01  5.3129e+02  9.8296e-01  7.3691e-05  5.7655e+05  5.7664e+05
allimiss   F	 402445	     28	 1472.5	 248306	-3.9789	  1.0730e-01  6.5685e+01  5.4947e+01  8.2590e-01 -1.2342e+02  1.2366e+03  9.8115e-01  1.3197e-05  7.3863e+06  7.3864e+06
allisati   F	  10438	     16	  345.0	  78021	-3.3203	  3.2770e-01  1.0857e+01  7.3801e+01  5.5836e+00 -2.8062e+01  2.3628e+02  9.9743e-01  1.9012e-01 -8.9611e+01  8.1853e+02  1.0285e+00  1.7967e-04  1.5952e+05  1.5960e+05
allisine   F	 205773	     30	 1532.7	 274208	-4.0080	  1.0028e-01  6.6168e+01  5.5480e+01  8.4206e-01 -1.1442e+02  1.2845e+03  9.7047e-01  1.4133e-05  3.7934e+06  3.7935e+06
alloangu   F	  55840	     16	  157.0	  42452	-2.9698	  4.2038e-01 -3.4549e+02  4.3490e+02  2.9904e+01  4.8813e-01  2.8206e+02  9.1947e-01  5.0504e-01 -5.8532e+02  1.1124e+03  6.9133e+00  1.3008e-04  7.6727e+05  7.6737e+05
allomacr   F	  45215	     23	   75.8	   1463	-2.0902	  7.0780e-01 -3.2326e+01  1.0519e+02  1.2375e+01 -1.8761e+01  1.1796e+02  1.6042e+00  2.9220e-01 -2.0954e+03  3.6937e+03  7.0782e+00  1.0065e-03  4.1145e+05  4.1155e+05
allosemi   F	  96379	     16	  215.6	 911985	-3.2798	  3.5041e-01  4.1586e+01  4.6810e+01  3.1406e+00 -8.6490e+01  2.9716e+02  1.5747e+00  3.6717e-01 -2.3450e+01  1.0180e+03  5.9215e-01  4.6014e-05  1.4599e+06  1.4600e+06
allosudh   F	 116982	     16	  134.4	   2850	-2.6543	  2.6214e-01 -3.6323e+02  4.2067e+02  3.0000e+01  3.3243e+01  1.0888e+02  1.5341e+00  1.9200e-04  1.4293e+06  1.4293e+06
alnuglut   F	 129300	     29	  293.1	  16718	-3.1663	  3.5544e-01  3.8609e+01  5.6744e+01  2.8481e+00 -1.2379e+02  2.8913e+02  3.2160e+00  1.6538e-01 -9.2413e+01  7.8347e+02  1.4864e+00  3.5635e-05  1.8854e+06  1.8855e+06
alosalos   F	 243724	     16	  518.6	  79195	-3.5173	  3.0143e-01  6.6978e+01  7.4855e+01  8.9309e-01 -4.2672e+01  5.9048e+02  1.0337e+00  2.1331e-05  3.9439e+06  3.9440e+06
alospseu   F	 119122	     16	  463.7	  51939	-3.4500	  2.9664e-01  7.0126e+01  7.8647e+01  8.4114e-01 -9.8603e+01  5.5678e+02  1.1534e+00  3.7915e-05  1.8926e+06  1.8927e+06
alossapi   F	 279729	     19	  514.8	  79180	-3.5151	  2.9392e-01  6.7895e+01  6.9048e+01  8.8311e-01 -4.9594e+01  5.8885e+02  1.0346e+00  2.0027e-05  4.5240e+06  4.5240e+06
aloucara   F	  37817	     16	  719.7	  30485	-3.5695	  1.3279e-01  4.4079e+01  4.4646e+01  3.0831e+00 -1.2360e+01  2.6070e+02  1.5298e+00  3.2939e-01 -6.0547e+02  1.8258e+03  1.6649e+00  6.1704e-05  6.2236e+05  6.2245e+05
alte_ria   F	  10795	     34	   54.1	   3874	-1.7216	  8.5097e-01  3.4123e+01  1.6592e+01  3.7009e+00 -1.6586e+01  1.1142e+02  3.0999e+00  1.2641e-01 -5.8053e+01  6.2790e+02  7.5632e-01  9.8124e-04  8.5684e+04  8.5765e+04
altealte   F	  26383	     24	   55.3	    602	-1.8226	  7.5772e-01  3.4359e+01  1.6541e+01  3.4985e+00 -2.2037e+01  1.0812e+02  2.2082e+00  6.4903e-04  2.2144e+05  2.2150e+05
altearbo   F	  18509	     35	   53.8	    384	-1.6656	  8.1429e-01  2.2354e+01  2.8063e+01  6.7564e+00 -3.3591e+02  4.0642e+02  3.0000e+01  7.6096e-02 -5.6576e+01  1.7019e+02  3.2216e+00  1.0609e-03  1.4209e+05  1.4217e+05
altearbu   F	  17760	     16	   53.6	    672	-1.8191	  7.4626e-01  3.5210e+01  1.4860e+01  3.6402e+00 -4.9051e+01  1.3231e+02  2.3110e+00  6.2873e-04  1.4873e+05  1.4879e+05
alteatra   F	  20292	     24	   53.8	   2856	-1.7881	  7.6800e-01  2.5543e+01  2.4787e+01  6.1789e+00 -6.6732e+00  7.6744e+01  2.4756e+00  1.8107e-01 -1.1052e+02  6.4356e+02  1.4885e+00  4.6116e-04  1.6714e+05  1.6723e+05
altebras   F	  17757	     27	   58.3	    923	-2.1360	  5.0540e-01  3.3984e+01  1.6507e+01  4.1805e+00 -1.2492e+01  7.8726e+01  2.2746e+00  3.4839e-01 -3.6758e+02  5.9235e+02  4.6856e+00  4.6653e-04  1.7464e+05  1.7473e+05
alteburn   F	  22158	     20	   55.1	   1818	-1.9671	  6.8229e-01 -7.3092e+01  1.2356e+02  3.0000e+01 -2.5243e+02  3.2354e+02  1.2992e+01  1.7579e-01 -1.9676e+02  5.2436e+02  2.4725e+00  6.9459e-04  2.0084e+05  2.0093e+05
alteconj   F	  17710	     16	   53.5	    656	-1.8063	  7.5377e-01  3.5116e+01  1.4952e+01  3.6461e+00 -4.6504e+01  1.2864e+02  2.2886e+00  6.1734e-04  1.4726e+05  1.4732e+05
altedauc   F	  18899	     29	   54.7	    836	-1.7911	  8.0116e-01  3.4871e+01  1.5915e+01  3.4424e+00 -9.7628e+00  1.0659e+02  1.7723e+00  6.4306e-04  1.5584e+05  1.5590e+05
alteethz   F	  17393	     16	   53.8	    845	-1.8311	  7.6269e-01  3.5097e+01  1.4968e+01  3.5981e+00 -4.5471e+01  1.4254e+02  2.1016e+00  5.6044e-04  1.4661e+05  1.4667e+05
altehord   F	  16068	     16	   53.4	    883	-1.7884	  7.9915e-01  3.6515e+01  1.3564e+01  3.2333e+00 -3.9330e+01  1.4144e+02  1.9632e+00  7.2292e-04  1.3225e+05  1.3231e+05
alteinco   F	  16036	     16	   53.5	    904	-1.7957	  7.8784e-01  3.5850e+01  1.4180e+01  3.4526e+00 -3.3106e+01  1.3504e+02  1.9285e+00  6.6877e-04  1.3254e+05  1.3259e+05
alteinfe   F	  16231	     16	   53.6	   1021	-1.8184	  7.7724e-01  3.5633e+01  1.4397e+01  3.5059e+00 -2.8818e+01  1.3223e+02  1.8273e+00  5.9329e-04  1.3586e+05  1.3591e+05
altemeta   F	  16092	     16	   53.5	    842	-1.7879	  7.9838e-01  3.6865e+01  1.3216e+01  3.1710e+00 -4.3135e+01  1.4675e+02  2.0499e+00  6.2903e-04  1.3242e+05  1.3247e+05
altenova   F	  17373	     16	   53.7	    898	-1.8429	  7.5352e-01  3.5711e+01  1.4309e+01  3.4877e+00 -4.2171e+01  1.3743e+02  2.0223e+00  6.3456e-04  1.4738e+05  1.4743e+05
altepost   F	  18882	     16	   54.3	    715	-1.7809	  8.1507e-01  3.5718e+01  1.4971e+01  3.2147e+00 -4.2260e+01  1.4020e+02  2.1335e+00  8.0785e-04  1.5480e+05  1.5486e+05
alterosa   F	  20701	     17	   53.8	    632	-1.7700	  7.5550e-01  3.4214e+01  1.6049e+01  3.8460e+00 -8.6356e+00  8.4163e+01  1.9118e+00  5.2949e-04  1.6872e+05  1.6878e+05
altetrit   F	  17565	     16	   53.9	    942	-1.8455	  7.6089e-01  3.5929e+01  1.4145e+01  3.3794e+00 -4.1691e+01  1.4055e+02  1.9825e+00  6.1792e-04  1.4920e+05  1.4926e+05
altevent   F	  15998	     16	   53.4	    773	-1.7771	  7.9982e-01  3.5886e+01  1.4168e+01  3.3861e+00 -4.3814e+01  1.4493e+02  2.1270e+00  6.0107e-04  1.3086e+05  1.3091e+05
altevibu   F	  17774	     16	   53.7	    738	-1.8334	  7.4246e-01  3.5911e+01  1.4155e+01  3.4474e+00 -4.3125e+01  1.2710e+02  2.1649e+00  6.0606e-04  1.5002e+05  1.5007e+05
alvistru   F	   7299	     17	  905.5	  10127	-3.4820	  6.0456e-02  1.2728e+00  7.6789e+01  1.0647e+00 -3.4534e+02  1.1026e+03  2.3555e+00  2.1002e-04  1.1705e+05  1.1710e+05
amanmusc   F	  60927	     23	   53.1	    449	-1.4783	  9.0736e-01 -6.5911e+01  1.1678e+02  3.0000e+01  3.2478e+00  5.3873e+01  1.3678e+00  3.3008e-04  4.1335e+05  4.1341e+05
amanthie   F	  80305	     23	   56.5	    479	-1.7216	  8.6345e-01  2.7927e+01  2.5042e+01  4.3596e+00 -1.4357e+01  9.2952e+01  1.9695e+00  3.2883e-04  6.3671e+05  6.3678e+05
amarhypo   F	 200390	     20	  362.3	   9105	-3.1686	  3.1805e-01  3.1568e+01  5.7243e+01  3.9633e+00 -1.1541e+02  3.4143e+02  1.8893e+00  2.7073e-01 -4.4015e+02  1.2732e+03  2.2424e+00  3.7908e-05  2.9235e+06  2.9237e+06
amarpalm   F	  89355	     16	  347.5	  14579	-3.1682	  2.9534e-01 -2.5642e+01  1.1250e+02  9.2776e+00 -1.4015e+02  2.7245e+02  6.7663e+00  1.0109e-01 -2.1528e+02  7.9299e+02  1.6367e+00  4.5211e-05  1.3042e+06  1.3044e+06
amartric   F	 127560	     29	  375.7	  11822	-3.1992	  2.8678e-01  1.9347e+01  6.8952e+01  5.1062e+00 -1.8771e+01  1.9780e+02  1.5288e+00  2.4750e-01 -3.7152e+02  1.1688e+03  1.9741e+00  4.0840e-05  1.8793e+06  1.8794e+06
amartube   F	      9	     50	  147.5	   5369	-2.6546	  1.0000e+00  2.3963e+01  7.1527e+01  1.2276e+00  1.0713e-01  1.1578e+02  1.1638e+02
amaufero   F	  26134	     16	 3955.3	  95525	-4.2321	  5.7240e-02  6.1309e+01  2.7916e+01  1.4423e+00 -8.8607e+02  2.8485e+03  1.4415e+00  4.5618e-01 -2.4124e+03  6.8302e+03  2.0331e+00  5.0710e-05  5.1049e+05  5.1058e+05
amaumuta   F	  15857	     16	   65.5	    846	-2.0573	  7.2669e-01  2.7603e+01  3.1375e+01  3.4482e+00 -3.4507e+01  1.1430e+02  1.9566e+00  6.1211e-04  1.5021e+05  1.5027e+05
amaunige   F	  17729	     16	   68.0	    863	-2.0938	  7.2846e-01  3.1273e+01  2.9104e+01  2.8456e+00 -3.4050e+01  1.1474e+02  1.9437e+00  5.0595e-04  1.7095e+05  1.7100e+05
ambilept   F	  14529	     17	   81.9	    581	-1.9862	  8.1171e-01 -3.5083e+01  1.1066e+02  1.1223e+01 -1.4071e+02  2.5246e+02  3.4438e+00  4.1026e-04  1.3288e+05  1.3294e+05
amblamer   F	  14349	     17	 1389.2	  32132	-3.7862	  1.3203e-01  5.4852e+00  7.7348e+01  3.4338e+00 -3.1722e+02  9.9343e+02  1.6413e+00  4.6175e-01 -1.0915e+03  3.3563e+03  2.0731e+00  1.0429e-04  2.5039e+05  2.5048e+05
amblmacu   F	  43795	     16	 1783.1	  61772	-3.9471	  8.2530e-02  1.4141e+00  8.1268e+01  3.4642e+00 -3.5780e+02  1.0191e+03  1.8772e+00  3.7256e-01 -7.9587e+02  3.2610e+03  1.5979e+00  4.4709e-05  7.9643e+05  7.9652e+05
amblradi   F	 190846	     27	 2302.8	 162859	-4.1106	  5.2939e-02  6.5793e+01  3.5265e+01  1.2640e+00 -4.1889e+02  2.1523e+03  1.2108e+00  1.4391e-05  3.6147e+06  3.6147e+06
ambotric   F	 164686	     21	  398.6	  47089	-3.3894	  3.0523e-01  4.6275e+01  5.7446e+01  1.9777e+00 -3.6168e+01  2.5585e+02  1.2685e+00  2.3236e-01 -1.5341e+02  9.8806e+02  1.1859e+00  3.8704e-05  2.5700e+06  2.5701e+06
ambrarte   F	  98798	     16	  169.2	  28660	-2.9669	  3.8779e-01 -2.9580e+02  3.8224e+02  2.9402e+01 -2.0844e+01  2.5731e+02  9.1548e-01  3.7669e-01 -1.0127e+03  1.4547e+03  5.3221e+00  7.7582e-05  1.3515e+06  1.3516e+06
ambrkash   F	   1208	     16	  163.0	  85094	-3.2618	  3.3206e-01 -1.6779e+02  2.4155e+02  1.9453e+01 -9.5347e+00  2.0289e+02  8.3474e-01  5.1734e-01  9.8228e+02  3.8144e+03  1.4545e+00  1.1207e-03  1.8213e+04  1.8269e+04
ambrtrif   F	  99474	     16	  161.3	  16255	-2.9421	  3.8422e-01 -2.9229e+02  3.7855e+02  2.9566e+01 -4.0803e+01  2.7877e+02  1.1282e+00  4.9484e-01 -7.5406e+02  1.3730e+03  5.2800e+00  7.3595e-05  1.3491e+06  1.3492e+06
ambymexi   F	 242668	     20	27832.5	 477585	-4.9071	  3.0738e-10  3.3942e+01  6.7756e+01  1.0017e-05  1.6508e+01  1.9323e+03  4.3704e-01  1.9831e-05  5.8553e+06  5.8554e+06
amiacalv   F	 219374	     30	  525.2	 101392	-3.5381	  1.8028e-01  6.7925e+01  5.9026e+01  9.3661e-01  7.7657e+00  4.6565e+02  9.5311e-01  2.1319e-05  3.5725e+06  3.5726e+06
ammocaud   F	 175181	     30	  906.4	  81379	-3.7128	  1.0792e-01  5.3182e+01  3.8623e+01  1.7842e+00 -9.3391e+01  8.4574e+02  1.1343e+00  2.1273e-05  2.9959e+06  2.9960e+06
ammomong   F	  81477	     16	  275.8	  18680	-3.1164	  3.9476e-01  4.5600e+01  4.9593e+01  2.3310e+00 -7.3047e+01  4.8430e+02  1.2751e+00  5.3174e-01 -5.9115e+02  1.2528e+03  5.4476e+00  4.9472e-05  1.1696e+06  1.1697e+06
ammonels   F	 174422	     29	  918.2	  97115	-3.7356	  1.0373e-01  5.2878e+01  3.9118e+01  1.8044e+00 -8.2715e+01  8.3864e+02  1.0912e+00  2.0531e-05  3.0009e+06  3.0010e+06
amnilign   F	  29966	     23	   55.8	    757	-1.9032	  6.6859e-01  3.1197e+01  1.9721e+01  4.4488e+00 -1.0692e+01  9.0265e+01  1.9561e+00  3.3738e-04  2.6264e+05  2.6270e+05
amorresi   F	  20046	     23	   57.1	    679	-1.9016	  7.4013e-01  3.5382e+01  1.6251e+01  2.9435e+00 -1.7504e+01  1.0805e+02  2.1171e+00  3.9750e-04  1.7558e+05  1.7564e+05
ampequis   F	  21425	     23	   54.6	    581	-1.8318	  7.1410e-01  3.1694e+01  1.8743e+01  4.3891e+00 -2.4404e+01  1.0471e+02  2.3001e+00  4.9620e-04  1.8076e+05  1.8082e+05
amphamph   F	 196664	     29	  592.9	  85569	-3.6089	  4.3370e-01 -2.6504e+03  2.9362e+03  3.0000e+01 -2.5632e+02  1.4394e+03  1.1559e+00  2.5260e-05  3.2690e+06  3.2691e+06
amphcart   F	    838	     16	  144.4	   1207	-2.6353	  1.0000e+00 -1.0527e+02  2.1522e+02  2.9296e+00  1.8067e-03  1.0178e+04  1.0192e+04
amphfili   F	 229615	     28	 1161.2	 100923	-3.8074	  1.9468e-13 -6.6697e+02  8.5181e+02  1.0749e+02 -1.0823e+02  8.7215e+02  1.0937e+00  6.3301e-01  2.1188e+02  7.5121e+02  1.1211e+00  1.5401e-05  4.0250e+06  4.0251e+06
amphimpr   F	  23758	     16	  610.4	  99891	-3.6772	  5.9842e-01 -5.0331e+03  5.3417e+03  3.0000e+01  1.8351e+02  2.0156e+03  1.1226e+00  1.1086e-04  4.0244e+05  4.0249e+05
amphocel   F	 249240	     16	  594.6	  44765	-3.4860	  2.0145e-01  4.2368e+00  8.5495e+01  6.1250e+00 -1.2307e+01  1.8276e+02  2.3478e+00  2.0002e-01 -2.3345e+02  1.2272e+03  1.3273e+00  2.2316e-05  4.0020e+06  4.0021e+06
amphperc   F	    490	     17	  156.0	 866213	-3.3022	  9.7758e-02  1.6900e+01  4.5018e+00  3.7561e-01  1.3054e+01  6.3681e+01  6.9256e-01  6.7118e-01  8.9913e+01  5.3263e+02  5.8337e-01  3.7053e-03  7.4000e+03  7.4461e+03
amphquee   F	 155482	     16	   79.3	   6249	-2.5523	  4.5630e-01  2.6200e+01  2.2945e+01  3.4852e+00 -2.3496e+01  1.7407e+02  1.3069e+00  9.7281e-05  1.8252e+06  1.8252e+06
amphsols   F	  31557	     16	  237.5	 144787	-3.3854	  3.5786e-01 -3.0251e+01  8.5962e+01  1.6618e+01 -5.8849e+00  1.7153e+02  9.2640e-01  2.9138e-01 -3.4802e+02  5.0267e+03  1.2978e+00  6.2227e-05  4.9165e+05  4.9174e+05
ampucomp   F	  55697	     16	  164.4	 152840	-3.1074	  4.3362e-01 -5.1731e+00  8.3039e+01  5.7465e+00 -6.9266e+01  3.2290e+02  1.6777e+00  3.9855e-01 -1.9654e+02  2.5173e+03  8.5237e-01  8.6982e-05  7.9672e+05  7.9682e+05
amyetran   F	  85887	     16	  575.9	  81252	-3.5441	  1.1743e-01 -1.2064e+03  1.3083e+03  3.0000e+01  1.0766e+02  4.0212e+02  9.7425e-01  5.6839e-05  1.4022e+06  1.4023e+06
amylchai   F	  73949	     23	   57.1	    633	-1.6883	  8.5347e-01  1.4953e+01  3.8914e+01  7.6663e+00 -4.3125e+00  8.0045e+01  1.6196e+00  2.9480e-04  5.7488e+05  5.7494e+05
anabsimp   F	 119446	     30	10881.0	 352455	-4.6296	  8.8781e-02  7.5772e+01  1.9093e+02  2.7823e-01 -6.6089e+01  2.0275e+03  6.0628e-01  3.7673e-05  2.6638e+06  2.6639e+06
anabtest   F	 250621	     29	  297.7	  35917	-3.2278	  1.1900e-01  3.3132e+01  5.5972e+01  5.3973e+00  5.4934e+01  8.5553e+01  1.0581e+00  4.5567e-01 -7.5459e+01  6.9091e+02  1.1648e+00  1.9853e-05  3.7245e+06  3.7246e+06
anacocci   F	 197002	     23	  176.0	   5634	-2.9224	  3.0218e-01 -1.0731e+02  1.9634e+02  1.4825e+01 -5.7831e+01  2.3522e+02  1.5439e+00  5.3869e-01 -2.7391e+01  6.8992e+02  2.3712e+00  8.4788e-05  2.6508e+06  2.6509e+06
anaerobu   F	  50185	     23	  154.2	   1535	-2.5699	  1.8699e-02 -1.3014e+02  1.6984e+02  1.3210e+01  2.2022e+01  1.1122e+02  2.0216e+00  1.3385e-04  5.9444e+05  5.9450e+05
anancomo   F	 125754	     16	  301.3	   9630	-3.1366	  7.0845e-02  7.6397e+00  4.0293e+01  1.1732e+00  5.0520e+01  4.5014e+01  1.9796e+00  3.3783e-01 -1.4222e+02  6.0561e+02  1.7237e+00  4.4406e-05  1.8157e+06  1.8158e+06
anarocel   F	 228755	     18	  351.8	  38562	-3.2922	  6.9641e-02  4.3446e+01  4.6168e+01  5.1982e+00  5.7492e+01  6.4974e+01  1.1260e+00  4.0846e-01 -7.0439e+01  6.8578e+02  1.1677e+00  1.9701e-05  3.4679e+06  3.4680e+06
anasacut   F	 219897	     18	  975.6	 195710	-3.8175	  1.1427e-01  5.1300e+01  4.3076e+01  1.9287e+00 -6.4218e+01  8.6986e+02  9.5528e-01  1.5753e-05  3.8646e+06  3.8647e+06
anasfrat   F	  48803	     16	  122.4	 225951	-3.2715	  3.5651e-01 -1.8784e+02  2.5093e+02  3.0000e+01 -8.3600e+00  1.0629e+02  1.0681e+00  3.2138e-01 -4.1322e+02  3.2024e+03  9.8065e-01  6.9102e-05  7.3669e+05  7.3679e+05
anaslude   F	  67729	     18	  177.5	 227195	-3.3999	  4.2888e-01  2.5778e+01  3.8057e+01  3.9733e+00  1.9434e+01  2.2640e+02  7.7245e-01  2.6180e-01 -1.2284e+03  6.3324e+03  1.2293e+00  3.6318e-05  1.0570e+06  1.0571e+06
anasobli   F	  64451	     29	  157.5	 189871	-3.3607	  4.3926e-01  2.5887e+01  3.8054e+01  3.9494e+00  1.7402e+01  2.1297e+02  7.9872e-01  2.4932e-01 -1.4127e+03  6.2510e+03  1.2782e+00  3.7935e-05  9.9578e+05  9.9588e+05
anasplat   F	 211539	     16	 1006.1	 211284	-3.8433	  9.7517e-02  5.2283e+01  4.1255e+01  1.9733e+00 -9.7544e+01  8.9888e+02  9.5104e-01  1.6197e-05  3.7440e+06  3.7441e+06
ancinigr   F	  44982	     17	   95.7	  57877	-2.7241	  5.8963e-01 -4.0105e+01  1.1642e+02  9.9998e+00 -2.8586e+01  2.6234e+02  1.3461e+00  3.2894e-01 -3.7281e+02  3.4977e+03  9.9810e-01  1.6347e-04  5.6383e+05  5.6392e+05
ancycani   F	 156221	     23	   96.5	   3337	-2.6464	  6.7137e-01  4.4807e+01  1.8705e+01  1.2080e+00 -8.3717e+02  1.2768e+03  3.7829e+00  2.0923e-04  1.9108e+06  1.9109e+06
ancyceyl   F	 167909	     23	  158.7	   8419	-2.9707	  5.2026e-01  4.5019e+01  1.8318e+01  1.2144e+00 -6.6468e+02  9.9375e+02  3.9908e+00  2.8063e-01 -1.6055e+03  3.0551e+03  3.1515e+00  9.6742e-05  2.3047e+06  2.3048e+06
ancyduod   F	 105131	     23	  117.0	   4485	-2.7529	  3.2806e-02 -1.7137e+02  2.1350e+02  1.5839e+01  4.5958e+01  1.8599e+01  1.1110e+00  5.7404e-01 -2.6968e+02  6.2841e+02  2.3043e+00  1.5719e-04  1.3324e+06  1.3325e+06
andrfulv   F	  37411	     18	  104.7	  62937	-2.8608	  5.0987e-01 -2.3785e+02  3.1276e+02  3.0000e+01 -5.5961e+00  3.4809e+02  8.8121e-01  1.4887e-04  4.9235e+05  4.9241e+05
andrhaem   F	  37216	     16	  101.3	  69102	-2.8389	  5.1459e-01 -2.3791e+02  3.1235e+02  3.0000e+01 -4.1221e-01  3.1802e+02  8.4932e-01  1.5812e-04  4.8692e+05  4.8698e+05
andrpani   F	 142687	     16	  148.3	   5566	-2.8191	  4.3710e-01 -1.6141e+01  1.0145e+02  7.3524e+00 -6.8849e+01  2.5429e+02  2.3561e+00  3.2307e-01  1.0151e+02  5.3237e+02  1.6769e+00  5.3908e-05  1.8524e+06  1.8525e+06
anelstud   F	   1932	     16	 1036.0	  14975	-3.6413	  5.9768e-02 -1.8063e+02  2.6308e+02  3.0000e+01 -1.4229e+02  4.0204e+02  1.4966e+00  4.5103e-01 -2.9659e+03  4.8005e+03  3.8556e+00  5.4554e-04  3.2572e+04  3.2633e+04
anemviri   F	  11451	     16	  372.7	   4313	-3.0849	  2.3429e-01  6.0016e+01  4.4403e+01  9.4773e-01 -3.7351e+02  7.2233e+02  3.2029e+00  2.2249e-04  1.6279e+05  1.6284e+05
anetfoen   F	  87160	     17	  238.1	   5201	-3.0007	  3.9693e-01  3.9690e+01  5.2678e+01  2.8225e+00 -1.2628e+03  1.4636e+03  1.4690e+01  2.2069e-01 -2.1439e+02  8.9895e+02  2.4116e+00  6.1754e-05  1.2045e+06  1.2046e+06
angicant   F	  80860	     23	  221.5	  14229	-3.0963	  3.8962e-01  4.3350e+01  2.5411e+01  1.2376e+00 -1.1096e+02  1.8122e+02  5.0877e+00  8.9364e-02 -2.0407e+02  7.1614e+02  1.5560e+00  7.0441e-05  1.1563e+06  1.1564e+06
angicost   F	  87476	     23	  238.7	  16444	-3.1387	  1.7449e-01  2.0034e+01  4.0462e+01  5.0758e+00 -2.3065e+02  3.1181e+02  8.7073e+00  2.7939e-01 -1.7669e+02  7.4148e+02  1.5078e+00  8.1133e-05  1.2639e+06  1.2640e+06
angodean   F	      2	    841	 1664.0	     17	-3.2153	  1.0000e+00 -5.5127e+02  1.5663e+03  5.1651e+00  4.9929e-01  1.1414e+02  1.1022e+02
anguangu   F	 300887	     16	  725.9	 212615	-3.8937	  1.7910e-01 -6.9326e+02  1.0977e+03  4.6397e+00 -1.0617e+01  5.2287e+02  6.2016e-01  2.2883e-05  5.3911e+06  5.3911e+06
angujapo   F	 106233	     16	  565.8	 164261	-3.5822	  2.1927e-01  7.4517e+01  1.1096e+02  5.6424e-01 -5.9425e+01  5.1684e+02  1.0898e+00  3.4306e-05  1.7535e+06  1.7536e+06
angurost   F	 287058	     18	  638.8	  86489	-3.6095	  6.1908e-02  6.7344e+01  3.7014e+01  1.5524e+00 -3.7412e+01  5.3882e+02  1.0301e+00  1.7324e-05  4.7741e+06  4.7742e+06
angutrit   F	  34610	     16	   55.6	   3566	-2.2481	  6.6309e-01 -9.9463e+01  1.4846e+02  3.0000e+01 -3.8856e+02  4.7485e+02  1.5035e+01  8.0072e-02 -4.7910e+02  9.5931e+02  2.7306e+00  2.8721e-04  3.5821e+05  3.5830e+05
anispegr   F	  74265	     16	  258.6	  10046	-3.0154	  7.5505e-02  9.6901e+00  6.0926e+01  7.5629e-01 -1.0197e+01  1.8789e+02  1.3490e+00  7.3660e-01  5.2274e+01  2.2871e+02  2.8842e+00  8.2659e-05  1.0302e+06  1.0303e+06
anissimp   F	  81943	     23	  226.4	   2604	-2.8451	  1.8892e-01  3.3638e+01  5.7671e+01  1.1546e+00 -1.1022e+02  3.0944e+02  2.6336e+00  1.0641e-04  1.0747e+06  1.0748e+06
anncalge   F	      5	     52	 1174.5	    274	-4.7524	  1.0000e+00  5.1900e+01  1.2097e+02  1.9476e-01  1.8001e-01  8.2754e+01  8.1583e+01
annejapo   F	 156090	     21	  698.3	  37908	-3.5560	  4.6346e-02  5.3067e+01  6.2828e+01  2.1225e+00 -7.1648e+01  6.2657e+02  1.2786e+00  2.7690e-05  2.5571e+06  2.5571e+06
annumaet   F	  21447	     24	   63.8	    542	-1.9245	  8.2499e-01  3.4963e+01  2.2747e+01  2.6918e+00 -2.8981e+01  1.2282e+02  2.3312e+00  3.8760e-04  1.9006e+05  1.9012e+05
annutrun   F	  21635	     21	   63.2	    533	-1.9395	  7.6999e-01  3.3403e+01  2.3547e+01  3.0401e+00 -2.9259e+01  1.1963e+02  2.4757e+00  3.1748e-04  1.9323e+05  1.9329e+05
anolcaro   F	 304454	     16	 2243.1	 147482	-4.2585	  4.9719e-02  4.7137e+01  5.5327e+01  1.9584e+00 -2.1922e+02  1.7337e+03  8.1209e-01  1.2721e-05  5.9811e+06  5.9811e+06
anolsagr   F	 212531	     28	 1914.5	 127134	-4.0204	  1.3365e-01  7.0436e+01  6.6487e+01  7.3351e-01 -3.2263e+02  1.9491e+03  1.2589e+00  1.6604e-05  3.9374e+06  3.9375e+06
anombomb   F	  84551	     23	   57.4	    467	-1.6739	  8.5045e-01  9.7421e+00  4.4398e+01  8.6256e+00 -7.4842e+00  7.7102e+01  1.8604e+00  2.9510e-04  6.5110e+05  6.5117e+05
anomimbe   F	 203829	     19	  960.5	 155584	-3.7976	  8.7198e-02  4.9724e+01  3.9548e+01  2.1825e+00 -8.3289e+01  8.3885e+02  9.9634e-01  1.8216e-05  3.5646e+06  3.5646e+06
anopalbi   F	  57730	     29	  112.3	  99190	-3.0821	  4.7865e-01 -5.1036e+01  1.2265e+02  1.2104e+01  7.5571e+00  1.7083e+02  1.1064e+00  2.1078e-01 -2.1862e+02  1.8953e+03  1.0502e+00  5.0646e-05  8.1879e+05  8.1889e+05
anopaqua   F	  52923	     30	  104.1	  87758	-3.0270	  5.1524e-01  9.8341e+00  6.1326e+01  6.1319e+00 -8.1164e-01  2.4634e+02  1.0179e+00  2.3809e-01 -1.5287e+02  2.1175e+03  1.0783e+00  5.8090e-05  7.3669e+05  7.3679e+05
anoparab   F	  61693	     29	  139.5	 131547	-3.1932	  4.5204e-01 -2.9292e+01  1.0171e+02  9.6956e+00 -3.0764e-01  1.7336e+02  1.2648e+00  1.8890e-01 -2.2768e+02  2.0357e+03  1.0253e+00  3.9760e-05  9.0655e+05  9.0665e+05
anopbell   F	  43737	     30	   85.3	  52390	-2.7998	  5.5876e-01 -1.1515e+01  7.9384e+01  9.1734e+00  4.0090e+00  2.1832e+02  8.8988e-01  3.0101e-01 -4.8785e+02  2.6720e+03  1.3181e+00  7.1845e-05  5.6268e+05  5.6278e+05
anopcolu   F	  58267	     29	  130.2	 127408	-3.1704	  4.6131e-01 -4.9788e+01  1.2228e+02  1.1751e+01 -8.1859e-01  1.7799e+02  1.2510e+00  1.9213e-01 -2.4591e+02  2.1051e+03  1.0333e+00  4.1814e-05  8.5008e+05  8.5018e+05
anopcous   F	  46581	     30	   94.6	  78746	-2.9292	  5.0890e-01  1.7885e+01  5.2024e+01  5.8036e+00  7.0817e+00  1.6116e+02  9.8616e-01  2.4870e-01 -1.7349e+02  1.6656e+03  1.0340e+00  7.5034e-05  6.2779e+05  6.2789e+05
anopcruz   F	  42945	     30	   84.5	  44810	-2.7726	  5.6320e-01 -1.8336e+01  8.6551e+01  1.0227e+01  8.4032e+00  1.9585e+02  8.9756e-01  2.7841e-01 -5.9408e+02  2.4490e+03  1.3687e+00  7.4965e-05  5.4801e+05  5.4811e+05
anopdarl   F	  52699	     30	  107.3	  91673	-3.0432	  4.9237e-01 -3.3391e+01  1.0490e+02  1.0292e+01  5.0963e+00  1.7246e+02  1.1474e+00  2.1011e-01 -2.0662e+02  1.8480e+03  1.0520e+00  4.8104e-05  7.3811e+05  7.3820e+05
anopfimb   F	 228606	     30	  409.0	  30148	-3.3211	  5.7073e-02  5.4713e+01  3.5454e+01  4.0790e+00  5.6428e+01  5.9797e+01  1.3110e+00  3.5597e-01 -1.2530e+02  7.5784e+02  1.2968e+00  2.2762e-05  3.4968e+06  3.4969e+06
anopfune   F	  59137	     30	  145.7	 156978	-3.1880	  4.4523e-01  1.5544e+00  6.9011e+01  7.4311e+00  1.4777e+01  1.7458e+02  1.0256e+00  2.0914e-01 -1.9810e+02  1.9161e+03  9.6862e-01  5.4138e-05  8.6779e+05  8.6789e+05
anopgamb   F	  49121	     25	   99.8	  70353	-2.9632	  4.9196e-01 -4.6237e+01  1.1889e+02  1.1574e+01  3.8593e+00  1.5443e+02  1.0552e+00  2.7738e-01 -3.2638e+02  2.2044e+03  1.1282e+00  5.9242e-05  6.6982e+05  6.6991e+05
anopglab   F	  75612	     20	  336.9	 112072	-3.4006	  2.4499e-01 -7.5705e+00  6.1677e+01  1.5744e+01  3.2728e+01  9.7874e+01  8.0868e-01  3.8120e-01 -6.5198e+02  3.1284e+03  1.2847e+00  4.8693e-05  1.1845e+06  1.1846e+06
anopgrac   F	  89602	     30	  256.8	 156488	-3.2748	  2.4769e-01 -3.0651e+02  3.8762e+02  3.0000e+01  1.9942e+00  2.0223e+02  1.3751e+00  5.1020e-01 -1.0676e+02  1.5097e+03  8.3603e-01  4.3218e-05  1.3520e+06  1.3521e+06
anopmacu   F	  41697	     30	   94.3	  92218	-2.9287	  5.3205e-01  1.7651e+00  6.9333e+01  7.6273e+00  2.9857e+00  2.1261e+02  1.0426e+00  2.5116e-01 -2.3423e+02  2.1684e+03  1.0266e+00  6.9139e-05  5.6203e+05  5.6213e+05
anopmars   F	  39927	     30	   85.8	  56446	-2.7591	  5.8008e-01 -2.1359e+01  9.1341e+01  1.0470e+01  5.1442e+00  1.9386e+02  1.0151e+00  2.5195e-01 -3.5734e+02  2.2848e+03  1.1435e+00  6.3681e-05  5.0706e+05  5.0716e+05
anopmeru   F	  66854	     30	  149.4	 134879	-3.2109	  4.3571e-01 -4.1151e+01  1.1349e+02  1.0972e+01  7.0144e+00  1.5966e+02  1.2134e+00  2.0082e-01 -2.3168e+02  2.0148e+03  1.0203e+00  4.0301e-05  9.8786e+05  9.8796e+05
anopmouc   F	  46698	     30	   92.3	  77673	-2.9118	  5.3441e-01 -9.9397e-01  7.1046e+01  7.9698e+00  3.3990e+00  2.3140e+02  9.4003e-01  2.8541e-01 -4.7535e+02  2.7971e+03  1.1559e+00  6.6367e-05  6.2556e+05  6.2566e+05
anopnili   F	  40354	     30	   87.5	  50860	-2.7791	  5.8020e-01 -7.5288e+00  7.8058e+01  8.1829e+00 -2.8683e+00  2.3927e+02  9.2613e-01  2.9206e-01 -5.5365e+02  2.8096e+03  1.2904e+00  6.9373e-05  5.1587e+05  5.1596e+05
anopsine   F	  27236	     26	   93.7	  82450	-2.9333	  5.2777e-01  1.1881e+01  5.7658e+01  6.6321e+00 -7.3278e+00  2.8184e+02  9.3353e-01  3.0679e-01 -3.3110e+02  2.6149e+03  1.1151e+00  1.0390e-04  3.6736e+05  3.6745e+05
anopstep   F	  65315	     29	  154.4	 129698	-3.2008	  4.4215e-01  3.1018e+00  6.7594e+01  7.1583e+00  6.0701e+00  2.3186e+02  9.6278e-01  2.6733e-01 -1.7404e+02  2.3677e+03  1.0446e+00  4.9716e-05  9.6106e+05  9.6116e+05
anopziem   F	  41917	     30	   90.2	  68458	-2.8661	  5.1621e-01 -1.8208e+01  8.8093e+01  1.0172e+01  4.8133e+00  1.3710e+02  1.1014e+00  2.3765e-01 -1.3810e+02  1.5041e+03  1.0311e+00  7.1706e-05  5.5301e+05  5.5311e+05
ansecygn   F	 211164	     30	 1094.4	 188783	-3.8580	  1.0890e-01  5.4434e+01  4.3585e+01  1.4931e+00 -5.7806e+01  9.5585e+02  9.7999e-01  1.4841e-05  3.7497e+06  3.7498e+06
anteflav   F	 204950	     22	 1693.8	 291665	-4.0555	  7.9016e-02  6.3257e+01  3.8375e+01  1.3036e+00 -1.9659e+02  4.8330e+02  2.6733e+00  1.5178e-01 -1.9789e+02  1.9516e+03  1.0050e+00  1.3264e-05  3.8268e+06  3.8269e+06
antemedi   F	 157984	     30	  440.0	  49564	-3.3528	  8.5303e-01  1.3720e+01  2.9814e+02  1.0045e+00 -2.7079e+03  3.0977e+03  2.9997e+01  4.3786e-05  2.4384e+06  2.4384e+06
antestri   F	 240527	     21	  279.0	  37029	-3.2109	  1.0505e-01 -1.0639e+01  9.3564e+01  1.0691e+01  5.3354e+01  5.5746e+01  1.1288e+00  4.2335e-01 -7.8347e+01  7.1635e+02  1.1649e+00  2.0493e-05  3.5554e+06  3.5556e+06
anthamni   F	  79666	     16	  410.3	  95342	-3.6279	  4.3620e-01  4.8304e+01  4.7905e+01  1.8885e+00 -1.1192e+02  7.5654e+02  1.1881e+00  3.4035e-01 -1.1705e+04  2.4802e+04  2.7596e+00  3.0337e-05  1.3305e+06  1.3306e+06
anthavoc   F	  35831	     23	   66.6	    717	-2.1064	  6.2977e-01  3.3261e+01  2.3744e+01  2.9098e+00 -4.0039e+01  1.2947e+02  2.4379e+00  2.5905e-04  3.4775e+05  3.4780e+05
anthcard   F	  30294	     16	  651.8	  91501	-3.5153	  7.7568e-02  4.5280e+01  3.2268e+01  3.4984e+00 -1.2496e+02  6.4938e+02  1.3274e+00  9.3741e-05  4.9163e+05  4.9169e+05
antheleg   F	  63059	     16	  416.9	  23415	-3.2533	  7.0631e-02  3.4361e+01  4.9735e+01  3.9066e+00 -1.2542e+02  4.5414e+02  1.6203e+00  9.6721e-05  9.4669e+05  9.4675e+05
anthfloc   F	   7908	     23	  115.5	   1356	-2.2087	  7.0684e-02  1.8565e+01  3.8691e+01  7.3940e-01  2.4679e+01  8.1724e+01  3.6575e+00  6.0846e-04  8.1067e+04  8.1116e+04
anthgran   F	  96338	     20	  295.7	 192648	-3.3813	  3.6361e-01  2.8144e+01  2.6523e+01  5.7902e+00  1.4727e+01  1.1922e+02  1.1467e+00  2.0179e-01 -4.6963e+02  3.5889e+03  1.1210e+00  7.4414e-05  1.5053e+06  1.5054e+06
anthpern   F	  37254	     16	 1085.7	  30753	-3.6734	  8.5746e-02  5.9453e+01  2.0786e+01  1.5089e+00 -4.0284e+02  1.2634e+03  1.6243e+00  6.8113e-05  6.3176e+05  6.3182e+05
anthplum   F	    118	     62	  103.5	  42769	-2.6027	  5.1366e-01 -1.7212e+02  2.4856e+02  3.0000e+01  8.6475e+01  9.0126e+01  7.4222e-01  9.2961e-03  1.4258e+03  1.4452e+03
antivipi   F	  70125	     16	  782.6	  38881	-3.5884	  1.4582e-01  5.7958e+01  4.1697e+01  1.3364e+00 -1.3032e+02  8.1734e+02  1.3299e+00  4.1211e-05  1.1585e+06  1.1585e+06
antolocu   F	      1	     39	   19.5	      0	-0.3318	  1.0000e+00  3.8758e+01  1.4313e+00  3.7629e+00  1.0000e+00  6.0000e+00  0.0000e+00
antrcaro   F	 110328	     30	  952.5	  33073	-3.6507	  9.3107e-02  6.3202e+01  4.1734e+01  1.1698e+00 -2.2356e+02  1.0067e+03  1.4878e+00  2.9098e-05  1.8546e+06  1.8547e+06
antrseri   F	 122023	     23	   56.8	    788	-1.7399	  8.1396e-01  1.0974e+01  4.2635e+01  8.3861e+00  2.0505e-01  6.4498e+01  1.4400e+00  2.5783e-04  9.7725e+05  9.7731e+05
antrsinu   F	  72746	     23	   57.3	    394	-1.6226	  9.0009e-01  1.3014e+01  4.1236e+01  7.8823e+00 -2.7060e+01  1.0906e+02  2.1995e+00  3.3164e-04  5.4336e+05  5.4342e+05
aotunanc   F	 398020	     29	 1674.1	 327620	-4.0423	  2.2387e-01  6.4179e+01  7.7339e+01  7.0684e-01 -2.0517e+02  1.7590e+03  9.8940e-01  1.5181e-05  7.3983e+06  7.3984e+06
apalvitt   F	 109120	     30	  925.3	  38044	-3.6545	  8.3016e-02  6.4465e+01  3.9205e+01  1.1806e+00 -1.8131e+02  9.2946e+02  1.4028e+00  2.8119e-05  1.8361e+06  1.8362e+06
aphaasta   F	  57897	     21	   63.0	   1563	-2.2068	  6.8804e-01  8.7922e+00  4.4591e+01  4.9506e+00 -5.2094e+01  1.3372e+02  2.8869e+00  1.9093e-01  1.4512e+01  3.9132e+02  2.3232e+00  1.6123e-04  5.8838e+05  5.8848e+05
aphainva   F	  51214	     21	   53.1	    465	-1.7012	  8.7895e-01 -3.3666e+00  5.2759e+01  8.6145e+00 -5.7917e+00  8.3021e+01  1.8234e+00  3.0955e-04  4.0116e+05  4.0122e+05
aphecoer   F	 211160	     27	  931.0	 153939	-3.7764	  1.0685e-01  5.3110e+01  3.8374e+01  1.8450e+00 -4.6942e+01  8.0582e+02  9.8663e-01  1.8423e-05  3.6712e+06  3.6713e+06
aphicole   F	  29712	     19	   88.1	  17123	-2.5447	  6.3205e-01 -2.6608e+01  9.9570e+01  9.1223e+00 -6.7245e+00  2.6165e+02  1.0263e+00  1.6691e-04  3.4828e+05  3.4834e+05
aphicrac   F	  11243	     16	  111.7	  22396	-2.8926	  5.6142e-01  4.3196e+01  2.5409e+01  2.0420e+00 -1.4662e+02  6.9684e+02  1.2837e+00  4.3623e-01 -7.6567e+01  2.3704e+03  1.3461e+01  1.8953e-04  1.4986e+05  1.4994e+05
aphiervi   F	  36437	     16	  100.9	 221641	-2.9742	  5.0893e-01 -2.5631e+02  3.3063e+02  3.0000e+01 -2.7290e+01  2.5964e+02  1.1061e+00  3.8482e-01 -3.6253e+01  8.6427e+03  9.4882e-01  9.0147e-05  4.9888e+05  4.9897e+05
aphigifu   F	  62561	     29	   97.0	  49335	-2.7997	  5.3658e-01 -7.3436e+01  1.4689e+02  1.3249e+01  5.9480e+00  2.2173e+02  1.0502e+00  3.8396e-01 -5.8063e+02  3.5752e+03  1.1557e+00  7.1508e-05  8.0646e+05  8.0656e+05
aphiglyc   F	  63570	     16	  155.2	 314870	-3.1368	  5.1817e-01  4.2945e+01  2.6685e+01  1.9531e+00 -1.4589e+02  6.5536e+02  1.4672e+00  3.4141e-01 -6.4764e+01  2.4151e+03  6.8271e-01  5.7197e-05  9.1802e+05  9.1812e+05
aphigoss   F	  79750	     29	  149.6	  59099	-3.0663	  5.1248e-01  4.1247e+01  2.8345e+01  2.0874e+00 -5.7441e+01  6.1753e+02  1.0435e+00  4.5441e-01 -3.0243e+02  2.5219e+03  1.0645e+00  4.7930e-05  1.1257e+06  1.1258e+06
aphralni   F	  38105	     16	 3064.0	  56450	-4.0860	  1.9062e-02 -4.6912e+02  5.6385e+02  2.7319e+01 -1.7477e+03  3.9995e+03  1.9705e+00  4.6794e-05  7.2176e+05  7.2182e+05
apioaure   F	  25539	     16	   69.6	    881	-2.1663	  6.3521e-01  2.7147e+01  3.3623e+01  3.0608e+00 -3.0548e+01  1.0563e+02  1.9907e+00  4.6522e-04  2.5476e+05  2.5481e+05
apioback   F	  26150	     23	   66.3	   1082	-2.0797	  6.9187e-01  8.5029e+00  4.9849e+01  6.6871e+00 -2.3773e+01  1.3676e+02  1.9682e+00  2.9983e-04  2.5036e+05  2.5042e+05
apiohyde   F	  27590	     16	   68.2	    820	-2.1737	  5.7185e-01  2.8158e+01  3.2227e+01  3.1156e+00 -2.7205e+01  9.4386e+01  2.0278e+00  6.9322e-04  2.7613e+05  2.7619e+05
apiokoge   F	  26360	     16	   68.0	    789	-2.1253	  6.6468e-01  2.4200e+01  3.6274e+01  3.3389e+00 -2.8239e+01  9.9242e+01  1.9937e+00  5.7797e-04  2.5796e+05  2.5802e+05
apiomari   F	  25611	     16	   69.0	    839	-2.1067	  7.1716e-01  2.0995e+01  3.9706e+01  3.7187e+00 -3.8369e+01  1.2529e+02  2.0698e+00  3.8738e-04  2.4846e+05  2.4852e+05
apiomont   F	  31642	     23	   73.4	    943	-2.1448	  8.6173e-01  3.9151e+01  2.5826e+01  1.6117e+00 -1.1506e+01  8.7269e+01  1.7255e+00  2.2724e-04  3.1269e+05  3.1275e+05
apiophra   F	  27302	     16	   68.5	    830	-2.2041	  5.2479e-01  2.8509e+01  3.1073e+01  3.0185e+00 -3.0140e+01  9.7561e+01  2.0922e+00  6.6404e-04  2.7708e+05  2.7713e+05
apioporo   F	  30629	     18	   52.5	    648	-1.9994	  8.6866e-01  2.8478e+01  1.5979e+01  1.6709e+00 -1.3428e+02  2.5621e+02  3.3530e+00  1.2460e-03  2.8205e+05  2.8211e+05
apiscera   F	  75023	     28	  145.6	  99006	-3.0604	  4.6446e-01  6.5273e+00  7.1260e+01  4.7216e+00  7.7516e+00  3.1112e+02  9.4370e-01  4.8959e-01  1.8841e+03  6.2144e+03  9.9629e-01  6.3782e-05  1.0576e+06  1.0577e+06
apisdors   F	  64658	     30	  146.9	  79053	-3.0610	  4.5925e-01  1.2683e+01  6.5519e+01  4.3222e+00 -5.8587e+00  3.3589e+02  9.3840e-01  5.0614e-01 -4.3149e+03  1.4290e+04  1.6000e+00  6.4086e-05  9.1117e+05  9.1127e+05
apisflor   F	  69601	     27	  137.5	  71866	-3.0253	  4.7852e-01  1.2839e+01  6.4997e+01  4.3474e+00 -8.4083e+00  3.2890e+02  9.8432e-01  4.7918e-01 -3.3565e+03  1.2423e+04  1.5270e+00  6.6468e-05  9.6936e+05  9.6946e+05
apislabo   F	  76462	     28	  156.2	 103695	-3.1038	  4.2746e-01 -3.2137e+01  1.1019e+02  7.6068e+00  1.3472e+01  2.7633e+02  9.3587e-01  4.9971e-01 -8.5413e+02  5.5216e+03  1.0709e+00  5.3184e-05  1.0927e+06  1.0928e+06
apismell   F	  89420	     18	  174.7	 116051	-3.1534	  4.0793e-01  5.4959e+00  7.2526e+01  4.8889e+00 -5.9460e+00  2.6962e+02  1.0781e+00  4.4717e-01 -3.0002e+02  2.5366e+03  9.1220e-01  4.8185e-05  1.2989e+06  1.2990e+06
aploprun   F	  23436	     23	   58.9	    840	-1.9252	  6.8192e-01  1.9081e+01  3.4206e+01  6.0257e+00 -3.1691e+02  3.9189e+02  1.1519e+01  2.7887e-01  1.1361e+02  1.4016e+02  1.2113e+00  4.1131e-04  2.0774e+05  2.0783e+05
aplyaero   F	     25	     47	  744.0	 312355	-3.7323	  1.0000e+00 -4.2530e+01  4.4660e+02  8.0848e-01 -3.7626e+02  1.1756e+03  8.6167e-01  3.9549e-02  4.4161e+02  4.5014e+02
aplycali   F	 115091	     16	 1189.6	 216565	-3.8313	  1.6452e-01 -2.2624e+01  4.3487e+02  6.0264e-01  7.0372e+01  8.5930e+02  1.1975e+00  8.3537e-01  1.3909e+03  2.5556e+02  1.4636e-01  2.8263e-05  2.0225e+06  2.0226e+06
apocroyi   F	   8654	     16	  274.4	   2962	-2.9612	  2.3145e-01  6.0448e+01  2.8912e+01  1.1308e+00 -2.9756e+02  5.6634e+02  3.0411e+00  3.0049e-04  1.1813e+05  1.1818e+05
apodsylv   F	 213164	     20	 1411.9	 167715	-3.9322	  8.1762e-02  5.2683e+01  3.7079e+01  2.2747e+00 -1.2313e+02  3.5323e+02  2.4197e+00  1.6113e-01 -1.6898e+02  1.6639e+03  1.0873e+00  1.4344e-05  3.8593e+06  3.8594e+06
aporcali   F	  68498	     17	  842.1	  30384	-3.5309	  4.8405e-01 -6.5518e+02  1.2727e+03  4.8285e+00 -3.4349e+02  1.1670e+03  1.4161e+00  4.4467e-05  1.1163e+06  1.1164e+06
aporcary   F	  81026	     23	   52.4	    369	-1.5472	  9.0773e-01  1.6334e+01  3.3442e+01  7.4046e+00 -7.5102e+00  7.5141e+01  1.7926e+00  3.4346e-04  5.7728e+05  5.7734e+05
aposjapo   F	 248399	     16	  981.6	 284994	-4.0360	  3.2913e-01 -4.4866e+01  6.8403e+02  2.3029e+00 -1.7451e+02  1.1290e+03  6.9132e+01  3.2190e-11 -1.9951e+01  7.3595e+02  5.3826e-01  2.0053e-05  4.6164e+06  4.6165e+06
apteasah   F	  54686	     16	  730.8	  36014	-3.5275	  2.6408e-01  5.6774e+01  2.7667e+01  1.5947e+00 -1.6182e+02  7.8692e+02  1.2381e+00  5.5660e-01 -2.7270e+03  4.8324e+03  3.4009e+00  6.1586e-05  8.8871e+05  8.8881e+05
apteaust   F	 150656	     30	 1159.6	 111069	-3.8376	  7.8194e-02  5.9912e+01  4.4137e+01  1.2656e+00 -1.2785e+02  1.0336e+03  1.1147e+00  1.9171e-05  2.6602e+06  2.6602e+06
aptefors   F	 145564	     16	 1047.0	  90814	-3.7800	  8.6655e-02  5.7496e+01  4.2752e+01  1.4477e+00 -1.2148e+02  9.5312e+02  1.1420e+00  2.0259e-05  2.5336e+06  2.5337e+06
aptemant   F	 145727	     17	 1157.7	 112624	-3.8381	  7.5982e-02  5.8814e+01  4.3809e+01  1.3661e+00 -1.2232e+02  1.0265e+03  1.1102e+00  1.9724e-05  2.5745e+06  2.5746e+06
aptepata   F	 106600	     16	 1089.6	 101232	-3.8090	  7.3638e-02  6.0083e+01  3.9988e+01  1.4134e+00 -1.2740e+02  9.7877e+02  1.1248e+00  2.4695e-05  1.8697e+06  1.8697e+06
apterowi   F	 184859	     30	 1074.5	 106659	-3.8020	  1.0211e-01  5.9203e+01  4.2551e+01  1.3004e+00 -1.0304e+02  9.7741e+02  1.1055e+00  1.7049e-05  3.2350e+06  3.2351e+06
apusapus   F	 178638	     30	 1034.9	 147206	-3.8189	  9.6195e-02  5.3568e+01  4.2381e+01  1.6708e+00 -6.6970e+01  9.0557e+02  1.0202e+00  1.7826e-05  3.1410e+06  3.1411e+06
aquacate   F	 225578	     18	 3861.1	 758732	-4.3560	  8.1206e-02 -2.8936e+02  3.7988e+02  3.0000e+01 -5.4687e+02  3.2416e+03  9.5502e-01  2.8148e-05  4.5463e+06  4.5464e+06
aquichry   F	 214114	     28	 1063.0	 173888	-3.8400	  1.0075e-01  5.4497e+01  4.2009e+01  1.7321e+00 -8.3734e+01  9.3683e+02  9.9334e-01  1.4537e-05  3.7843e+06  3.7844e+06
aquicoer   F	 119378	     16	  180.2	   5184	-2.9329	  3.5858e-01 -2.5367e+01  1.1740e+02  8.1347e+00 -8.8830e+01  2.7688e+02  1.9391e+00  4.1529e-01 -2.2834e+02  9.8312e+02  2.4174e+00  5.6349e-05  1.6125e+06  1.6126e+06
aquimala   F	  89292	     16	  182.8	   6482	-2.9163	  4.4086e-02  1.4764e+01  3.6881e+01  5.0237e-01  5.9342e+01  4.2436e+01  1.2186e+00  6.0657e-01 -5.4697e+02  1.0167e+03  3.3930e+00  9.1473e-05  1.1999e+06  1.2000e+06
arabhall   F	 107905	     16	  102.3	   1694	-2.3926	  5.8839e-01 -1.9349e+01  1.0544e+02  9.3111e+00 -8.5758e+01  2.5988e+02  2.2892e+00  1.2510e-04  1.1887e+06  1.1888e+06
arablyra   F	 150593	     16	  103.8	   2155	-2.4641	  5.2414e-01 -3.5266e+01  1.2111e+02  1.0830e+01 -7.8223e+01  2.3703e+02  2.0286e+00  1.0072e-04  1.7098e+06  1.7098e+06
arabthal   F	 154488	     16	  106.8	   2010	-2.4618	  5.3741e-01 -3.5330e+01  1.2149e+02  1.0181e+01 -6.8729e+01  2.4091e+02  2.0981e+00  1.0595e-04  1.7516e+06  1.7516e+06
aracdura   F	 165001	     16	  197.2	   9507	-2.9505	  3.7093e-01  2.2618e+01  6.8149e+01  4.1812e+00 -7.7381e+01  3.6613e+02  1.4796e+00  4.3280e-05  2.2424e+06  2.2425e+06
arachypo   F	 362393	     16	  212.4	  22541	-2.9921	  3.6802e-01  2.9067e+01  6.2586e+01  3.6795e+00 -7.1094e+01  3.7953e+02  1.4127e+00  2.5134e-05  4.9962e+06  4.9963e+06
aracipae   F	 177981	     16	  200.4	  11140	-2.9702	  3.6567e-01  2.2025e+01  6.9051e+01  4.2155e+00 -6.7768e+01  3.5858e+02  1.4058e+00  3.8898e-05  2.4351e+06  2.4352e+06
aracsten   F	 157362	     25	  195.7	   6927	-2.9146	  4.0921e-01  2.6462e+01  6.5179e+01  3.7898e+00 -9.7180e+01  4.1172e+02  1.6807e+00  4.7959e-05  2.1118e+06  2.1119e+06
archcent   F	 256518	     29	  393.1	  45036	-3.3746	  2.4674e-01  4.1528e+01  4.9612e+01  3.2323e+00  2.7063e+01  1.7533e+02  1.2850e+00  3.2434e-01 -2.2313e+02  1.2854e+03  1.2635e+00  1.9670e-05  3.9863e+06  3.9864e+06
archlong   F	  34034	     16	   85.8	  16981	-2.6184	  5.6781e-01  2.7224e+01  3.7576e+01  3.9120e+00 -7.6067e+00  2.4546e+02  1.0511e+00  1.3642e-04  4.1047e+05  4.1053e+05
archmari   F	  92430	     16	 1991.9	  64652	-3.9692	  1.0000e+00 -5.1243e+02  2.0147e+03  1.5233e+00  2.7498e-05  1.6916e+06  1.6916e+06
arctplan   F	  64206	     16	  787.5	 358402	-3.8223	  5.0250e-02  9.2870e-01  7.7500e+01  1.1297e+01 -5.3366e+01  6.3845e+02  8.2839e-01  4.4316e-05  1.1328e+06  1.1329e+06
areccate   F	  52544	     16	  291.2	 218843	-3.4285	  4.3114e-01  4.4065e+01  4.9936e+01  2.3954e+00 -1.1147e+02  9.1057e+02  8.5405e-01  5.4263e-01 -1.9907e+04  2.7096e+04  5.8316e+00  4.4094e-05  8.3024e+05  8.3034e+05
arenmari   F	  59025	     16	  507.5	  34418	-3.4140	  3.7764e-01 -1.5768e+03  1.9026e+03  1.5806e+01 -1.8388e+02  7.5576e+02  1.2605e+00  5.3100e-05  9.2946e+05  9.2952e+05
argeanse   F	 100878	     23	  154.3	   3829	-2.7626	  5.0263e-01  3.9269e+01  5.4649e+01  2.9931e+00 -1.2667e+02  4.1906e+02  2.0470e+00  6.5733e-05  1.2833e+06  1.2833e+06
argiarge   F	  71347	     16	 1629.2	  89386	-3.9180	  1.0373e-01  6.3038e+01  3.2723e+01  1.4194e+00 -3.6400e+02  1.6936e+03  1.3063e+00  3.4706e-05  1.2896e+06  1.2897e+06
argibrue   F	 150400	     29	 1783.0	 130977	-3.9858	  1.1311e-01  6.4443e+01  3.6723e+01  1.2096e+00 -2.4801e+02  1.7391e+03  1.1973e+00  1.9797e-05  2.7640e+06  2.7640e+06
argoirra   F	 209207	     17	  672.7	  59679	-3.6034	  4.7456e-01 -8.2406e+02  1.1559e+03  6.8604e+00 -2.4692e+02  1.3903e+03  1.2355e+00  1.9681e-05  3.4718e+06  3.4719e+06
argyregi   F	   3947	     18	  256.6	  32984	-3.1921	  2.4976e-01 -1.1041e+01  9.9714e+01  8.5184e+00 -3.0257e+01  1.6628e+02  3.9553e+00  1.9949e-01 -1.2721e+02  6.8276e+02  1.2102e+00  3.6217e-04  5.8066e+04  5.8135e+04
aricages   F	  93170	     21	  598.8	 116094	-3.6049	  5.4721e-02  2.4263e+01  5.6567e+01  5.9610e+00 -1.4398e+01  4.7095e+02  9.5132e-01  3.3267e-05  1.5476e+06  1.5477e+06
ariovulg   F	 106672	     16	 1935.8	  48305	-3.9316	  1.0000e+00 -8.5313e+02  2.2799e+03  1.7245e+00  3.7550e-05  1.9435e+06  1.9436e+06
ariscali   F	 138419	     18	  196.2	  21741	-3.0496	  3.7086e-01  2.7909e+01  6.3370e+01  4.0934e+00 -6.4732e+01  2.4151e+02  2.3487e+00  3.1188e-01  7.9490e+01  7.4714e+02  1.2307e+00  3.7567e-05  1.9433e+06  1.9434e+06
armicepi   F	 104773	     23	   53.1	   1331	-1.4783	  9.0736e-01 -6.5911e+01  1.1678e+02  3.0000e+01  3.2478e+00  5.3873e+01  1.3678e+00  5.0106e-04  7.2182e+05  7.2189e+05
armigall   F	 137510	     23	   53.6	    497	-1.5584	  8.5547e-01 -6.1887e+01  1.1303e+02  3.0000e+01 -7.0763e+00  6.8598e+01  1.6667e+00  1.4105e-01 -5.5923e+01  2.7562e+02  7.5672e+00  3.6016e-04  9.7971e+05  9.7982e+05
armimell   F	  71794	     33	   53.5	    713	-1.5953	  8.2456e-01 -5.8817e+01  1.0972e+02  3.0000e+01  2.1368e+01  3.6445e+01  1.6604e+00  1.2467e-01 -1.5051e+02  3.8557e+02  3.0813e+00  4.7469e-04  5.2632e+05  5.2642e+05
armiosto   F	 100476	     23	   53.2	    854	-1.4783	  9.0736e-01 -6.5911e+01  1.1678e+02  3.0000e+01  3.2478e+00  5.3873e+01  1.3678e+00  6.7751e-04  6.7960e+05  6.7967e+05
armisoli   F	 119117	     23	   53.4	    402	-1.5140	  8.9032e-01 -6.8662e+01  1.1993e+02  3.0000e+01 -7.8074e+00  7.0702e+01  1.7440e+00  6.0751e-04  8.1187e+05  8.1193e+05
armisuba   F	  86258	     28	  174.5	 222327	-3.4074	  3.7710e-01 -1.1788e+02  1.7911e+02  3.0000e+01  2.0565e+01  1.5918e+02  8.5548e-01  3.3648e-01 -7.5227e+03  1.9520e+04  1.6983e+00  4.2857e-05  1.3621e+06  1.3622e+06
arommosc   F	  45733	     16	  576.8	 119629	-3.5364	  2.0160e-01  1.7108e+01  3.8027e+01  8.1801e+00 -4.2352e+01  1.8008e+02  1.7944e+00  2.9304e-01 -1.6008e+02  1.8376e+03  1.1039e+00  6.5604e-05  7.4493e+05  7.4503e+05
artefran   F	  97385	     18	 5794.8	 105530	-4.3773	  3.8710e-03 -1.1803e+03  1.2693e+03  2.0619e+01 -8.6895e+02  3.1311e+03  1.8474e+00  2.8115e-01 -2.9091e+03  8.4664e+03  1.9790e+00  1.9299e-05  1.9634e+06  1.9635e+06
arthbenh   F	  12499	     23	   69.5	    275	-2.0620	  4.8431e-01 -1.5458e+02  2.1472e+02  2.9999e+01 -1.1052e+03  1.1828e+03  3.0000e+01  1.2109e-03  1.1818e+05  1.1823e+05
arthferm   F	   1821	     23	  102.2	   2424	-2.5796	  1.0000e+00 -6.2086e+00  8.6683e+01  1.5887e+00  2.9819e-03  2.1631e+04  2.1648e+04
arthflag   F	  25687	     41	   68.1	    591	-1.9298	  8.2235e-01 -7.0795e-02  6.1986e+01  7.1657e+00 -2.2120e+01  1.3663e+02  2.3679e+00  3.2059e-04  2.2828e+05  2.2834e+05
artholig   F	  24788	     23	   72.2	    533	-1.9609	  9.2195e-01  2.9301e+01  3.6440e+01  2.9827e+00 -4.3779e+01  1.5119e+02  2.0863e+00  3.5383e-04  2.2389e+05  2.2394e+05
arthotae   F	  19801	     23	   66.1	    510	-2.0514	  5.8208e-01  6.1867e-02  5.9225e+01  7.8250e+00 -5.0343e+01  1.2205e+02  2.8993e+00  3.8247e-04  1.8709e+05  1.8714e+05
arthphae   F	     40	     52	  102.0	  32682	-2.4425	  8.1574e-01  5.0329e+01  1.6303e+01  6.6980e-01 -2.4614e+02  3.6560e+02  3.0000e+01  2.0133e-02  4.6214e+02  4.7397e+02
arthunci   F	  15701	     37	   64.4	    803	-1.9604	  8.2990e-01 -9.5776e+00  6.7845e+01  7.9521e+00 -7.3392e+01  2.0734e+02  2.4358e+00  4.2457e-04  1.4169e+05  1.4174e+05
artijama   F	 186299	     16	 1315.9	 171962	-3.9197	  6.1982e-02 -2.5313e+01  1.1257e+02  9.3771e+00  3.5527e+01  2.4064e+02  1.0155e+00  2.4482e-01 -2.2739e+02  1.6799e+03  1.0783e+00  1.5286e-05  3.3617e+06  3.3618e+06
artoeleg   F	  76341	     23	   58.7	    643	-1.7271	  8.8692e-01  2.6256e+01  2.8890e+01  4.8799e+00 -2.7013e+01  1.2083e+02  1.8069e+00  2.7444e-04  6.0699e+05  6.0705e+05
arviamph   F	 201214	     30	 1398.8	 136479	-3.9100	  8.6067e-02  5.1344e+01  3.7950e+01  2.3597e+00 -8.0272e+01  3.3348e+02  1.9464e+00  1.8445e-01 -1.9747e+02  1.7467e+03  1.1422e+00  1.5140e-05  3.6225e+06  3.6226e+06
arvinilo   F	 203504	     27	 1365.5	 134569	-3.8989	  8.9033e-02  5.3223e+01  3.6708e+01  2.1506e+00 -1.3010e+02  3.6646e+02  2.5915e+00  1.5792e-01 -1.7313e+02  1.6282e+03  1.1348e+00  1.5353e-05  3.6532e+06  3.6533e+06
arxihete   F	    120	     32	  291.0	    inf	-2.9764	  1.0000e+00 -2.5305e+02  4.6993e+02  2.8631e+00  8.3031e-03  1.6560e+03  1.6643e+03
ascalumb   F	 112788	     23	  729.2	   6190	-3.3516	  6.9585e-03 -1.0685e+02  1.8217e+02  4.9087e+00 -5.4859e+02  1.1212e+03  2.9490e+00  4.2827e-05  1.7459e+06  1.7459e+06
ascasuum   F	 120468	     23	  727.9	   7450	-3.4040	  1.7374e-02 -1.2169e+02  1.6665e+02  1.2054e+01 -5.2946e+02  1.1366e+03  2.7083e+00  4.1761e-05  1.8890e+06  1.8891e+06
aschaley   F	  13465	     23	   70.2	    766	-2.1187	  6.3385e-01  1.2693e+01  4.7131e+01  5.2158e+00 -2.7950e+01  1.2471e+02  2.3160e+00  5.2283e-04  1.3135e+05  1.3140e+05
asclsyri   F	  46376	     16	  150.7	   3081	-2.7586	  2.6219e-01  2.3717e+01  6.3869e+01  5.2659e+00  4.9942e+01  6.2740e+01  1.2281e+00  4.1366e-01 -6.1330e+02  1.0260e+03  4.2051e+00  9.5947e-05  5.8918e+05  5.8927e+05
ascoapis   F	  11472	     23	   74.0	    863	-2.1017	  7.3901e-01  1.6639e+01  4.8062e+01  4.5594e+00 -3.9631e+01  1.4995e+02  2.1981e+00  4.8799e-04  1.1116e+05  1.1121e+05
ascoimme   F	  35218	     24	   58.1	   1080	-2.0060	  6.7552e-01  3.1403e+01  2.0011e+01  3.1712e+00  7.2861e-01  8.1737e+01  1.6141e+00  2.9507e-04  3.2526e+05  3.2531e+05
asconigr   F	  24155	     23	   58.8	    531	-1.8867	  8.2454e-01  3.7805e+01  1.5564e+01  2.1142e+00 -2.0641e+01  1.0793e+02  2.2443e+00  3.1041e-04  2.0995e+05  2.1001e+05
ascorabi   F	  21844	     16	   54.7	    786	-1.8416	  7.3534e-01  2.7768e+01  2.2699e+01  5.3210e+00 -1.3611e+01  1.0783e+02  1.9761e+00  6.9631e-04  1.8521e+05  1.8527e+05
ascorube   F	   2636	     23	  111.2	   7674	-2.6903	  3.1068e-01  2.6400e+01  5.5387e+01  2.1340e+00  3.3688e+00  9.4387e+01  1.1197e+00  1.6922e-03  3.2681e+04  3.2722e+04
ascosarc   F	  21555	     23	   56.5	   1367	-1.9031	  7.0075e-01  3.1601e+01  1.9450e+01  4.0599e+00 -1.4634e+02  2.2904e+02  6.9898e+00  2.5019e-01 -1.1300e+02  3.7474e+02  1.6242e+00  4.2097e-04  1.8901e+05  1.8910e+05
aselaqua   F	   8623	     16	 2394.5	 293285	-4.2345	  5.5812e-01 -7.1889e+01  5.9454e+02  9.6071e-01 -1.5038e+03  6.7234e+03  1.2743e+00  1.3536e-04  1.6805e+05  1.6810e+05
ashbgoss   F	    200	     40	   61.8	    603	-2.0296	  7.0935e-01  3.2863e+01  2.0607e+01  3.6562e+00 -1.9482e+02  3.4278e+02  4.7996e+00  6.8656e-03  1.8813e+03  1.9043e+03
aspaoffi   F	 139990	     17	  310.6	  34017	-3.2367	  3.3832e-01  4.2238e+00  8.1775e+01  5.9448e+00 -2.8669e+01  1.8132e+02  1.8052e+00  1.8491e-01 -1.6297e+02  1.0354e+03  1.3027e+00  3.8469e-05  2.0857e+06  2.0859e+06
aspeacid   F	  32438	     16	   62.3	    813	-1.9748	  8.2190e-01  2.9338e+01  2.6926e+01  2.9261e+00 -2.5011e+01  1.1032e+02  1.7596e+00  2.9571e-04  2.9497e+05  2.9503e+05
aspeacu1   F	  23961	     19	   64.1	    751	-1.9629	  8.6257e-01  3.4750e+01  2.3579e+01  2.2795e+00  2.2988e+00  7.1573e+01  1.4357e+00  3.7647e-04  2.1662e+05  2.1668e+05
aspeacul   F	  25821	     16	   64.4	    887	-1.9864	  8.3854e-01  3.3743e+01  2.4660e+01  2.3937e+00  2.8877e+00  7.0925e+01  1.3851e+00  2.9579e-04  2.3622e+05  2.3628e+05
aspeaffi   F	  26880	     42	   64.4	   1197	-2.0443	  8.6728e-01  2.6321e+01  3.1255e+01  3.1404e+00 -1.0393e+02  3.1883e+02  2.3196e+00  3.2805e-04  2.5294e+05  2.5299e+05
aspealli   F	  28736	     23	   61.3	   1083	-1.9334	  7.6746e-01  3.1033e+01  2.5524e+01  3.2605e+00  1.4578e+01  4.8152e+01  1.2356e+00  3.7529e-04  2.5567e+05  2.5572e+05
aspeambi   F	  24082	     23	   57.5	    748	-1.7866	  8.3339e-01  2.4532e+01  2.9042e+01  4.6100e+00  7.7189e+00  6.0783e+01  1.3970e+00  3.9811e-04  1.9811e+05  1.9816e+05
aspebomb   F	  27637	     23	   60.6	    880	-1.8336	  8.8794e-01  2.5919e+01  3.0208e+01  3.8718e+00 -3.4339e-01  9.5218e+01  1.3880e+00  4.5555e-04  2.3319e+05  2.3324e+05
aspebras   F	  32705	     23	   62.6	    790	-1.9604	  8.3861e-01  2.7294e+01  2.9199e+01  3.1094e+00 -2.0824e+01  1.1187e+02  1.7491e+00  2.4079e-04  2.9528e+05  2.9534e+05
aspebrun   F	  29850	     23	   65.2	    932	-2.0175	  8.3285e-01  3.4263e+01  2.4551e+01  2.2800e+00 -3.4931e+00  7.8146e+01  1.4269e+00  2.5997e-04  2.7757e+05  2.7763e+05
aspecael   F	  30525	     22	   61.4	    947	-1.9122	  7.9552e-01  2.9463e+01  2.6971e+01  3.4759e+00  8.0373e+00  6.2202e+01  1.3627e+00  3.2645e-04  2.6870e+05  2.6875e+05
aspecali   F	  28222	     23	   59.2	    301	-1.7779	  9.4716e-01  3.1795e+01  2.3155e+01  2.6693e+00 -4.4573e+00  7.5973e+01  1.8931e+00  6.6025e-04  2.3117e+05  2.3123e+05
aspecamp   F	  24428	     23	   62.9	    953	-1.9845	  8.0397e-01  3.1828e+01  2.5028e+01  2.6470e+00  3.4765e+00  7.2395e+01  1.4252e+00  3.7474e-04  2.2329e+05  2.2335e+05
aspecand   F	  20875	     29	   62.4	    897	-1.9414	  8.4526e-01  3.1897e+01  2.5042e+01  2.6501e+00  8.8089e+00  6.5325e+01  1.3145e+00  4.3360e-04  1.8659e+05  1.8665e+05
aspecarb   F	  31586	     23	   61.5	   1476	-1.9992	  8.3548e-01  2.8368e+01  2.6691e+01  2.8049e+00  2.1527e+00  9.6845e+01  1.2785e+00  2.7364e-04  2.9073e+05  2.9079e+05
aspechev   F	  18642	     22	   57.4	    341	-1.6847	  9.2759e-01  2.5426e+01  2.8227e+01  4.3568e+00 -4.5299e+01  1.4506e+02  2.6963e+00  5.9711e-04  1.4464e+05  1.4469e+05
aspeclav   F	  18687	     23	   63.1	    467	-1.8912	  8.7630e-01  2.2662e+01  3.4941e+01  3.7304e+00 -5.0317e+01  1.4307e+02  2.4928e+00  5.8043e-04  1.6276e+05  1.6282e+05
aspecost   F	  29434	     23	   62.0	    831	-1.9796	  7.4733e-01  2.3134e+01  3.2500e+01  3.8909e+00 -4.2468e+00  8.2615e+01  1.6915e+00  3.6086e-04  2.6827e+05  2.6832e+05
aspecris   F	  19851	     24	   57.7	    523	-1.7480	  8.6141e-01  2.0533e+01  3.3104e+01  5.3364e+00 -8.9089e+00  9.2140e+01  1.8843e+00  5.7692e-04  1.5991e+05  1.5997e+05
aspeelli   F	  31720	     23	   61.8	    823	-1.9976	  7.7346e-01  2.4795e+01  3.0426e+01  3.4278e+00 -1.8692e+01  1.0405e+02  1.8202e+00  2.5579e-04  2.9173e+05  2.9178e+05
aspeeuca   F	  30770	     23	   62.1	    829	-1.9790	  7.6771e-01  1.8793e+01  3.7328e+01  4.3232e+00 -1.4134e+01  9.1858e+01  1.7270e+00  3.1050e-04  2.8064e+05  2.8070e+05
aspefiji   F	  30462	     23	   65.3	    772	-2.0028	  8.0827e-01  3.2243e+01  2.6220e+01  2.5691e+00 -6.4223e+00  8.8126e+01  1.6822e+00  2.6360e-04  2.8101e+05  2.8107e+05
aspefisc   F	  20430	     23	   59.4	    399	-1.8438	  8.4013e-01  2.3279e+00  5.2063e+01  6.8268e+00 -9.9418e+01  1.9230e+02  3.6244e+00  6.1955e-04  1.7351e+05  1.7356e+05
aspeflav   F	  28402	     29	   64.3	   1748	-2.1591	  5.9757e-01  9.0966e+00  4.6466e+01  6.6676e+00 -5.5961e+00  9.8357e+01  1.5209e+00  2.8524e-04  2.8221e+05  2.8226e+05
aspefove   F	  24713	     19	   58.3	    685	-1.8854	  4.3673e-02  2.6129e+01  9.8671e+00  1.1295e+00  3.0549e+01  2.3308e+01  2.7825e+00  8.8142e-01 -4.8904e+01  1.8249e+02  1.9918e+00  4.0058e-04  2.1457e+05  2.1466e+05
aspefumi   F	  18907	     23	   60.8	    534	-1.9399	  7.2658e-01  1.6978e+01  3.8007e+01  4.9842e+00 -2.5353e+01  9.8827e+01  2.3038e+00  6.0016e-04  1.6897e+05  1.6903e+05
aspeglau   F	  25855	     23	   58.7	    793	-1.8461	  8.1227e-01  2.3335e+01  3.0717e+01  4.5599e+00  2.4123e+00  7.6720e+01  1.5487e+00  3.0355e-04  2.1995e+05  2.2001e+05
aspehete   F	  26532	     23	   64.1	    988	-2.0614	  7.4435e-01  3.0094e+01  2.6188e+01  2.6323e+00 -5.8292e+00  8.7695e+01  1.6210e+00  2.7729e-04  2.5168e+05  2.5174e+05
aspehomo   F	  27544	     23	   63.6	    929	-2.0089	  7.4820e-01  3.1996e+01  2.5024e+01  2.7916e+00  2.1877e+00  7.3955e+01  1.5489e+00  2.6341e-04  2.5485e+05  2.5491e+05
aspeiber   F	  29552	     23	   58.9	    607	-1.9197	  8.2381e-01  2.2754e+01  3.0304e+01  3.6161e+00 -3.3760e+01  1.2118e+02  2.1325e+00  3.2294e-04  2.6144e+05  2.6150e+05
aspeindo   F	  29607	     23	   64.9	    877	-2.0079	  8.1551e-01  3.4493e+01  2.3859e+01  2.3088e+00  1.2217e+00  7.7312e+01  1.4993e+00  2.8154e-04  2.7382e+05  2.7388e+05
aspejapo   F	  29705	     23	   65.1	    776	-2.0066	  7.9636e-01  3.2846e+01  2.5351e+01  2.5299e+00 -6.1559e+00  8.6991e+01  1.6962e+00  2.7174e-04  2.7447e+05  2.7453e+05
aspekarn   F	  28752	     21	   56.8	    834	-1.8240	  8.6099e-01  3.0857e+01  2.1631e+01  2.9473e+00  1.3968e+01  5.0835e+01  1.1909e+00  3.6292e-04  2.4145e+05  2.4151e+05
aspekawa   F	  24074	     34	   60.5	    642	-1.8529	  8.5069e-01  1.9618e+01  3.5548e+01  4.4184e+00  8.7417e+00  7.8518e+01  1.6187e+00  4.4777e-04  2.0542e+05  2.0548e+05
aspelact   F	  36316	     23	   64.4	    935	-2.0715	  6.9237e-01  2.8324e+01  2.8190e+01  3.0532e+00 -8.9723e+00  8.7710e+01  1.7315e+00  2.6984e-04  3.4668e+05  3.4674e+05
aspelent   F	  21844	     35	   59.2	   2515	-1.8742	  8.7195e-01  1.6914e+01  3.7502e+01  4.8904e+00  2.3256e+01  8.5847e+01  9.5699e-01  4.2593e-04  1.8828e+05  1.8833e+05
aspeluch   F	  32411	     23	   62.4	    772	-1.9690	  8.1383e-01  2.7485e+01  2.8690e+01  3.1729e+00 -2.2880e+01  1.1063e+02  1.8307e+00  2.9581e-04  2.9412e+05  2.9418e+05
aspeluck   F	  23769	     21	   58.9	    819	-1.8492	  8.5340e-01  2.5382e+01  2.9020e+01  3.6764e+00  1.1033e+01  5.8355e+01  1.2791e+00  4.4417e-04  2.0238e+05  2.0244e+05
aspemell   F	  22313	     22	   62.5	    387	-1.8578	  9.1173e-01  2.5604e+01  3.1628e+01  3.3826e+00 -7.3696e+01  1.8121e+02  3.0985e+00  4.9975e-04  1.9089e+05  1.9095e+05
aspemult   F	  27031	     21	   58.0	    826	-1.8594	  2.9980e-02  2.8112e+01  5.1325e+00  8.6950e-01  2.4451e+01  2.9236e+01  3.5792e+00  8.9055e-01 -2.3292e+01  1.4635e+02  1.6004e+00  4.1348e-04  2.3146e+05  2.3155e+05
aspemulu   F	  23071	     21	   56.4	    537	-1.7857	  8.7705e-01  2.4498e+01  2.7810e+01  3.9029e+00 -9.3959e+00  8.5672e+01  1.7179e+00  5.8794e-04  1.8976e+05  1.8981e+05
aspeneon   F	  30857	     23	   62.1	    902	-1.9819	  7.4509e-01  2.5968e+01  2.9855e+01  3.5205e+00  2.8194e+00  7.1202e+01  1.5470e+00  2.7860e-04  2.8169e+05  2.8175e+05
aspenidu   F	  25018	     17	   62.8	    691	-2.1582	  1.5239e-01 -3.4546e+02  3.9073e+02  3.0000e+01  3.7499e+01  1.6925e+01  1.7905e+00  6.3179e-01 -2.3377e+02  3.8516e+02  4.5152e+00  4.0791e-04  2.4927e+05  2.4936e+05
aspenig1   F	  31967	     16	   63.6	    928	-2.0692	  7.0991e-01  2.9629e+01  2.6735e+01  2.8803e+00 -1.6554e+01  9.2557e+01  1.7472e+00  3.1666e-04  3.0458e+05  3.0464e+05
aspenige   F	  49739	     23	   60.2	    494	-1.8901	  8.0048e-01  2.2300e+01  3.2249e+01  4.0248e+00 -1.9552e+01  9.6689e+01  2.2008e+00  3.3845e-04  4.3294e+05  4.3301e+05
aspenomi   F	  28216	     23	   60.5	    837	-1.8622	  8.3838e-01  2.0585e+01  3.5139e+01  4.7670e+00 -5.3503e+00  9.4227e+01  1.5797e+00  5.2647e-04  2.4216e+05  2.4222e+05
aspenovo   F	  30806	     23	   60.0	    598	-1.9602	  6.8280e-01  1.1195e+01  4.3914e+01  5.9745e+00 -1.7014e+01  7.9005e+01  2.0188e+00  5.7960e-04  2.7811e+05  2.7817e+05
aspeochr   F	  23605	     23	   66.0	   1171	-2.0215	  8.6818e-01  3.4971e+01  2.4721e+01  2.1829e+00  7.8822e-01  8.0747e+01  1.2325e+00  3.2394e-04  2.1930e+05  2.1936e+05
aspeoryz   F	  23133	     23	   62.1	   1912	-2.0462	  7.2061e-01  2.6523e+01  2.9514e+01  3.8403e+00  2.7122e+00  7.8979e+01  1.2603e+00  3.1218e-04  2.1795e+05  2.1800e+05
aspepara   F	  19355	     34	   60.6	   1439	-1.8778	  8.8234e-01  2.5874e+01  3.0033e+01  3.8519e+00 -7.4675e+00  1.2884e+02  1.2971e+00  4.7788e-04  1.6717e+05  1.6723e+05
aspephoe   F	  31091	     23	   62.5	    931	-1.9849	  7.5686e-01  2.7123e+01  2.9046e+01  3.3614e+00  2.5471e+00  7.4067e+01  1.5329e+00  2.9929e-04  2.8417e+05  2.8423e+05
aspepipe   F	  31583	     23	   62.4	    803	-1.9642	  7.9803e-01  2.8340e+01  2.7760e+01  3.1210e+00 -5.4955e+00  8.7229e+01  1.6577e+00  2.8202e-04  2.8578e+05  2.8584e+05
aspepse1   F	  28408	     21	   61.4	    962	-1.9081	  8.0094e-01  2.8573e+01  2.7737e+01  3.6380e+00  5.4173e+00  6.9337e+01  1.3992e+00  3.3126e-04  2.4954e+05  2.4960e+05
aspepse2   F	  22518	     16	   58.8	    497	-1.8073	  8.8779e-01  1.4396e+01  4.0279e+01  5.1564e+00 -4.2281e+01  1.2789e+02  2.1464e+00  6.0418e-04  1.8737e+05  1.8743e+05
aspepse3   F	  22519	     16	   58.8	    497	-1.8074	  8.8780e-01  1.4387e+01  4.0287e+01  5.1573e+00 -4.2362e+01  1.2799e+02  2.1463e+00  6.0477e-04  1.8738e+05  1.8743e+05
aspepseu   F	  28788	     21	   60.6	   1025	-1.8979	  8.0292e-01  2.8782e+01  2.6984e+01  3.6324e+00  7.9621e+00  6.4511e+01  1.3276e+00  3.3656e-04  2.5152e+05  2.5158e+05
aspepuul   F	  27525	     17	   57.6	    287	-1.7225	  9.4631e-01  1.7883e+01  3.5678e+01  4.5817e+00 -8.4053e+01  1.8269e+02  3.3085e+00  5.2642e-04  2.1834e+05  2.1840e+05
asperamb   F	  18121	     23	   64.7	   1016	-1.9461	  8.6741e-01  2.4501e+01  3.4220e+01  3.4643e+00  1.9277e+00  9.3185e+01  1.3658e+00  5.1845e-04  1.6230e+05  1.6236e+05
asperube   F	  20399	     17	   57.5	    700	-1.8062	  8.4667e-01  2.7322e+01  2.6136e+01  3.9950e+00 -1.1680e+01  8.2188e+01  1.5780e+00  3.9865e-04  1.6964e+05  1.6970e+05
aspesacc   F	  25375	     23	   64.8	   1322	-2.0792	  7.7104e-01  3.3538e+01  2.5006e+01  2.3746e+00 -8.2901e+00  9.0785e+01  1.5618e+00  2.2708e-01  6.0992e+02  2.1394e+03  4.7319e-01  4.3295e-04  2.3683e+05  2.3692e+05
aspescle   F	  30504	     23	   59.2	    664	-1.9199	  8.2203e-01  1.8543e+01  3.5100e+01  4.1944e+00 -2.8399e+01  1.1574e+02  1.9889e+00  3.4083e-04  2.6978e+05  2.6984e+05
aspescln   F	  31511	     23	   59.3	    698	-1.9332	  7.9562e-01  1.9858e+01  3.3935e+01  4.0743e+00 -1.7400e+01  9.2807e+01  1.8108e+00  3.1675e-04  2.8059e+05  2.8065e+05
aspestel   F	  26374	     20	   58.3	    946	-1.8675	  8.6321e-01  3.2734e+01  2.0881e+01  2.6026e+00  1.3566e+01  5.2461e+01  1.1469e+00  5.3241e-04  2.2678e+05  2.2684e+05
aspestey   F	  32282	     23	   62.2	    784	-1.9435	  8.0851e-01  2.1669e+01  3.4552e+01  3.8679e+00 -3.1002e+00  8.3984e+01  1.6238e+00  2.4747e-04  2.8894e+05  2.8900e+05
aspesydo   F	  34432	     23	   59.5	    653	-1.8769	  8.4408e-01  2.2158e+01  3.2301e+01  4.0088e+00 -1.6726e+01  9.8491e+01  1.7865e+00  2.9459e-04  2.9761e+05  2.9767e+05
aspetann   F	  25249	     19	   62.3	   1325	-1.9912	  8.0879e-01  7.0595e+00  4.9256e+01  5.6531e+00 -1.9830e+01  1.2387e+02  1.5226e+00  3.2718e-04  2.3147e+05  2.3153e+05
aspeterr   F	  22395	     23	   58.7	    518	-1.9588	  6.6265e-01 -1.1009e+02  1.6265e+02  2.7128e+01 -6.1125e+01  1.4474e+02  3.0310e+00  6.9816e-04  2.0207e+05  2.0212e+05
aspether   F	  22119	     35	   59.8	   2201	-1.8959	  8.7316e-01  1.2987e+01  4.1803e+01  5.2217e+00  1.5090e+01  1.0666e+02  1.0641e+00  4.3401e-04  1.9300e+05  1.9306e+05
aspetubi   F	  32020	     23	   62.4	    756	-1.9603	  8.2846e-01  2.7563e+01  2.8718e+01  3.1185e+00 -2.2071e+01  1.1105e+02  1.8126e+00  3.0514e-04  2.8907e+05  2.8913e+05
aspeudag   F	  22733	     35	   59.6	   2907	-1.8875	  8.6630e-01  1.7110e+01  3.7603e+01  4.8930e+00  2.3221e+01  8.5986e+01  9.3009e-01  4.6627e-04  1.9737e+05  1.9743e+05
aspeundu   F	  24879	     22	   58.8	    786	-1.8988	  4.2120e-02  2.6846e+01  9.2551e+00  9.8591e-01  3.3052e+01  2.1465e+01  2.4048e+00  9.0527e-01 -1.0670e+02  2.8283e+02  2.1466e+00  3.7351e-04  2.1759e+05  2.1767e+05
aspeustu   F	   1679	     37	   61.3	    908	-1.9281	  8.6704e-01  4.5390e+00  5.0864e+01  5.4394e+00 -4.7509e+00  1.1979e+02  1.6060e+00  1.6987e-03  1.4915e+04  1.4953e+04
aspeuvar   F	  28752	     23	   64.7	    900	-2.0100	  8.0424e-01  3.3273e+01  2.4787e+01  2.4740e+00 -2.5102e+00  8.2858e+01  1.5410e+00  2.7553e-04  2.6614e+05  2.6620e+05
aspevade   F	  30274	     23	   61.6	    792	-1.9540	  8.1205e-01  2.9530e+01  2.6416e+01  2.9613e+00 -8.5389e+00  8.1923e+01  1.5882e+00  3.1119e-04  2.7270e+05  2.7276e+05
aspevers   F	  32863	     23	   57.9	    594	-1.8439	  8.7093e-01  1.9455e+01  3.3560e+01  4.2609e+00 -2.8272e+01  1.1947e+02  1.9582e+00  3.6685e-04  2.7908e+05  2.7914e+05
aspeviol   F	  29650	     23	   65.0	    808	-2.0073	  8.0878e-01  3.3860e+01  2.4447e+01  2.4035e+00 -5.5926e+00  8.6284e+01  1.6363e+00  2.6152e-04  2.7412e+05  2.7418e+05
aspeviri   F	  20747	     16	   59.1	    506	-1.8136	  8.8654e-01  1.0041e+01  4.4730e+01  5.6111e+00 -3.8766e+01  1.2618e+02  2.1182e+00  6.7290e-04  1.7325e+05  1.7330e+05
aspewelw   F	  28956	     16	   61.4	    912	-1.9479	  7.7009e-01  2.5485e+01  3.0412e+01  3.6433e+00  6.9863e+00  6.1767e+01  1.4221e+00  4.0311e-04  2.5971e+05  2.5977e+05
aspewent   F	  30890	     23	   57.3	    615	-1.8573	  8.4607e-01  1.6922e+01  3.5269e+01  4.5992e+00 -1.8683e+01  1.0790e+02  1.9268e+00  4.2373e-04  2.6435e+05  2.6440e+05
aspezona   F	  25524	     23	   64.3	    703	-1.9284	  8.1534e-01 -6.7082e+01  1.2558e+02  1.3272e+01 -9.8612e+00  9.2736e+01  1.7623e+00  2.9510e-04  2.2670e+05  2.2676e+05
aspidest   F	  86390	     16	  126.2	 165475	-3.0668	  4.7379e-01  3.5479e+01  3.8991e+01  5.2343e+00 -1.4045e+01  3.6491e+02  9.5573e-01  4.1835e-01  1.6006e+03  5.1593e+03  9.6289e-01  6.4872e-05  1.2190e+06  1.2191e+06
aspirigi   F	  72968	     17	  100.1	 445141	-3.0020	  5.3019e-01 -1.9787e+02  2.7364e+02  3.0000e+01  2.5900e+01  5.3718e+02  6.7526e-01  1.9194e-04  9.9325e+05  9.9332e+05
astacall   F	 274698	     30	  391.7	  53312	-3.3781	  2.1922e-01  2.6676e+01  6.2253e+01  4.7140e+00  3.9567e+01  1.4930e+02  1.1189e+00  3.5970e-01 -1.8317e+02  1.2157e+03  1.1980e+00  1.9302e-05  4.2727e+06  4.2728e+06
asteamur   F	 163048	     30	  801.9	  55083	-3.5638	  3.5309e-01 -1.9562e+03  2.5717e+03  9.9312e+00 -8.2995e+01  7.3395e+02  1.1248e+00  2.6463e-05  2.6743e+06  2.6744e+06
asteglac   F	    201	     51	  118.2	  20309	-2.4460	  8.4976e-01  6.5760e+01  3.8422e+01  1.7343e+00  2.4275e+01  2.0540e+02  7.3751e-01  1.4993e-01 -6.5798e+02  1.4835e+03  3.0000e+01  5.1487e-03  2.2730e+03  2.3094e+03
asterube   F	 141680	     16	  811.3	  67453	-3.5879	  4.2715e-01 -6.2154e+02  1.2367e+03  4.3838e+00 -1.3672e+02  7.8792e+02  1.0640e+00  2.7183e-05  2.3431e+06  2.3432e+06
astespec   F	  41947	     18	  272.0	   1331	-2.8350	  2.0053e-01  5.2770e+01  3.1445e+01  1.5076e+00 -6.3872e+02  9.0746e+02  6.7528e+00  1.6943e-04  5.4762e+05  5.4768e+05
astugent   F	 206811	     17	  983.6	 149966	-3.7963	  1.0443e-01  5.0745e+01  4.4523e+01  1.9935e+00 -6.8414e+01  8.6646e+02  1.0060e+00  1.7737e-05  3.6144e+06  3.6145e+06
astymexi   F	 441243	     27	  913.7	  71276	-3.6525	  7.1412e-02  6.7404e+01  3.0440e+01  1.9382e+00  5.3036e+01  6.7351e+01  1.4521e+00  1.9614e-01 -1.3541e+02  1.1034e+03  1.1955e+00  1.5181e-05  7.4310e+06  7.4311e+06
asymluca   F	   9992	     16	  444.9	   3529	-3.1263	  1.7755e-01 -2.7586e+03  2.8770e+03  3.0000e+01 -2.0780e+02  6.3752e+02  2.8839e+00  2.7778e-04  1.4505e+05  1.4510e+05
atharosa   F	  75190	     26	  117.0	  46380	-2.8959	  5.2304e-01 -3.8311e+01  1.1857e+02  7.7681e+00 -2.6447e+00  2.4708e+02  1.0933e+00  3.8734e-01 -4.9189e+02  3.0456e+03  1.1546e+00  9.1748e-05  1.0024e+06  1.0025e+06
athecuni   F	 154999	     28	 1067.2	 117606	-3.8105	  8.3722e-02  5.9646e+01  3.9935e+01  1.3903e+00 -9.4617e+01  9.3670e+02  1.0776e+00  1.9130e-05  2.7193e+06  2.7194e+06
athelepi   F	  63093	     16	  640.7	 107465	-3.6586	  9.8239e-02  6.6981e+01  1.8190e+01  8.6828e-01 -9.1153e+01  6.4121e+02  1.0157e+00  6.6473e-05  1.0677e+06  1.0678e+06
atrarhiz   F	  81847	     23	   54.4	   1790	-1.7730	  8.5110e-01  2.0520e+01  3.0401e+01  5.6700e+00  5.6976e+00  6.9283e+01  1.1484e+00  1.2762e-01  3.3723e+01  2.9844e+02  1.3131e+00  1.6384e-04  6.6838e+05  6.6848e+05
atraspec   F	  81618	     16	   54.3	   1384	-1.7655	  8.5056e-01  2.1076e+01  2.9849e+01  5.5651e+00  6.2695e-01  6.6863e+01  1.2455e+00  1.2710e-01  3.3864e+01  2.9862e+02  1.5312e+00  1.8054e-04  6.6353e+05  6.6363e+05
atripect   F	  81215	     16	 1285.4	  50724	-3.7898	  9.8940e-13 -1.0338e+03  6.7928e+02  1.7662e+02 -1.6252e+02  7.1629e+02  1.2096e+00  2.8326e-01 -2.2301e+02  1.3138e+03  1.4644e+00  3.3678e-05  1.4187e+06  1.4188e+06
attaceph   F	  58558	     30	  224.2	  56345	-3.1618	  3.1685e-01 -2.7995e+00  8.1638e+01  5.8556e+00  3.0488e+00  2.7936e+02  1.0150e+00  6.4508e-01 -4.0437e+03  1.1823e+04  1.7737e+00  7.0517e-05  8.5239e+05  8.5249e+05
attacolo   F	  69151	     30	  275.9	 105842	-3.2785	  2.7740e-01 -5.6490e+01  1.3477e+02  1.0088e+01 -3.4302e+01  2.1038e+02  2.0589e+00  2.7979e-01 -3.0970e+01  7.4450e+02  9.0336e-01  5.1541e-05  1.0439e+06  1.0440e+06
auanfrei   F	 108277	     18	   45.4	   3794	-1.5860	  7.4096e-01 -3.4838e-01  4.3620e+01  1.8763e+01  3.6142e+01  7.9505e+00  7.8933e-01  1.6998e-01 -2.6527e+01  2.5270e+02  1.1645e+00  4.5317e-04  7.8859e+05  7.8870e+05
aulohede   F	  23760	     23	   59.2	    719	-1.9770	  6.2922e-01  3.1618e+01  2.0678e+01  4.0662e+00 -2.3276e+02  3.1091e+02  9.9113e+00  3.0303e-01 -6.7116e+01  3.0020e+02  2.6681e+00  3.4150e-04  2.1629e+05  2.1638e+05
auralima   F	   2611	     18	  162.8	  15815	-2.8234	  2.2661e-01  1.6022e+01  3.7882e+01  6.3092e-01 -2.0484e+01  1.0900e+02  5.7783e+00  2.0604e-01 -6.7254e+01  2.5560e+02  2.4994e+00  7.7062e-04  3.3981e+04  3.4045e+04
aure_lia   F	    572	     18	 1196.0	  36287	-3.7118	  7.4610e-03  1.0890e+02  1.6163e+00  3.3337e-01 -2.8634e+02  1.1341e+03  1.5379e+00  1.7459e-03  9.7861e+03  9.8165e+03
aureanop   F	  23172	     18	  107.6	   9720	-2.6995	  7.6176e-02  1.7083e+01  2.2575e+01  7.7919e-01  2.2550e+01  6.2754e+01  1.0373e+00  8.0910e-01 -3.7771e+01  2.3748e+02  3.0000e+01  1.0937e-03  2.8330e+05  2.8339e+05
aureauri   F	  30517	     16	  947.7	 554729	-3.7976	  7.2366e-01 -5.7331e+02  1.1241e+03  2.5193e+00  1.6007e+02  1.9516e+03  7.0857e-01  2.7634e-01  3.9822e+03  8.7322e+03  1.1253e+02        -nan  5.3507e+05  5.3516e+05
auremela   F	  16074	     23	   55.6	    725	-1.7475	  7.4413e-01 -6.5724e+01  1.1810e+02  3.0000e+01 -5.6266e+00  7.8712e+01  1.7618e+00  6.0695e-04  1.2922e+05  1.2928e+05
aurenami   F	  16123	     23	   55.8	    771	-1.7902	  7.1406e-01 -6.5723e+01  1.1810e+02  3.0000e+01 -5.6265e+00  7.8712e+01  1.7637e+00  7.2213e-04  1.3222e+05  1.3227e+05
aurepull   F	  17313	     20	   55.4	    640	-1.7062	  7.7882e-01 -6.5687e+01  1.1798e+02  3.0000e+01 -1.2591e+01  9.3018e+01  1.9388e+00  7.6412e-04  1.3581e+05  1.3587e+05
auresubg   F	  16021	     19	   55.2	    437	-1.6666	  7.8904e-01 -6.4687e+01  1.1705e+02  3.0000e+01 -3.6548e+01  1.0899e+02  2.5402e+00  8.3668e-04  1.2300e+05  1.2306e+05
auriampl   F	  93345	     23	   53.5	    617	-1.6542	  8.1229e-01  1.6197e+01  3.4498e+01  9.2270e+00 -1.7205e+01  9.6066e+01  1.9141e+00  3.2304e-04  7.1049e+05  7.1056e+05
auriauri   F	  39125	     18	   54.3	   1735	-1.5644	  9.4864e-01  5.6478e+00  4.5893e+01  9.2103e+00  3.8455e+00  1.2931e+02  8.7832e-01  3.7099e-04  2.8193e+05  2.8199e+05
aurisubg   F	  97537	     23	   53.7	   1556	-1.6645	  8.5682e-01 -8.3502e+01  1.3439e+02  3.0000e+01  3.4252e+00  7.2848e+01  1.0908e+00  2.8972e-04  7.4579e+05  7.4585e+05
aurivulg   F	  85532	     23	   55.6	    430	-1.5713	  8.9380e-01  1.1587e+00  5.1737e+01  1.1438e+01 -1.3308e+01  8.9013e+01  1.8895e+00  3.2518e-04  6.1850e+05  6.1857e+05
austchar   F	 163644	     21	  239.5	  19084	-3.2321	  3.7531e-01  3.9642e+01  4.4568e+01  3.1632e+00  2.0950e+00  2.0170e+02  1.3878e+00  2.7624e-01 -1.3136e+03  3.1183e+03  2.3123e+00  3.7675e-05  2.4352e+06  2.4353e+06
austlimn   F	 175059	     16	  485.9	 276187	-3.5921	  4.3768e-01  6.2263e+01  3.6579e+01  9.0695e-01  1.0757e+01  1.4191e+02  5.3231e-01  1.2840e-01 -1.1590e+02  1.6464e+03  9.9771e-01  3.6066e-05  2.8864e+06  2.8865e+06
austsaop   F	     30	     43	  308.0	    inf	-2.7516	  3.5632e-01  4.1411e+01  1.0201e+01  6.5539e-01 -2.5948e+03  2.9362e+03  3.0000e+01  3.0351e-02  3.9088e+02  4.0069e+02
autogamm   F	  36298	     16	  436.2	 127089	-3.5374	  6.0881e-02 -1.0569e+02  1.8529e+02  3.0000e+01 -3.2885e+01  3.8773e+02  9.0337e-01  9.4603e-05  5.9295e+05  5.9301e+05
auxeprot   F	  42999	     23	  175.7	   1781	-2.5516	  9.4753e-01 -1.4785e+03  1.6284e+03  2.9976e+01 -5.3415e+02  1.2722e+03  3.8426e+00  1.9711e-04  5.0548e+05  5.0554e+05
avensati   F	   2168	     16	  183.5	   8106	-2.9920	  3.4654e-01  1.3259e+01  7.8248e+01  4.8411e+00 -9.7771e+01  2.9967e+02  1.6279e+00  4.6888e-01 -4.5919e+02  1.2020e+03  2.1180e+00  6.8527e-04  2.9930e+04  2.9993e+04
avicmari   F	  76507	     16	  217.5	  21608	-3.0216	  4.7067e-01  5.6226e+01  3.8814e+01  1.6262e+00 -3.6564e+01  3.2749e+02  8.7906e-01  2.0071e-01 -6.2012e+02  1.1192e+03  3.6872e+00  6.9893e-05  1.0645e+06  1.0646e+06
aythfuli   F	 171195	     30	  919.4	 119490	-3.7492	  1.2163e-01  5.0215e+01  4.4573e+01  1.9168e+00 -6.4510e+01  8.3938e+02  1.0417e+00  1.9999e-05  2.9554e+06  2.9554e+06
azolpinn   F	  74752	     16	  167.4	   2970	-2.8413	  4.5916e-01  4.8764e+01  3.9649e+01  2.3066e+00 -1.8714e+02  4.2564e+02  2.4555e+00  3.7681e-01 -1.4511e+03  2.1817e+03  6.0695e+00  1.0346e-04  9.7839e+05  9.7849e+05
babebige   F	   7942	     18	   37.8	    645	-1.6860	  6.7994e-01  2.4662e+01  1.1339e+01  6.2114e+00 -4.9548e+01  1.2184e+02  2.3852e+00  2.7869e-03  6.1728e+04  6.1777e+04
babebovi   F	   6516	     18	   36.4	    459	-1.5246	  7.2889e-01  2.1274e+01  1.3408e+01  9.2792e+00 -9.0795e+01  1.7345e+02  3.4560e+00  1.5476e-03  4.5737e+04  4.5785e+04
babecaba   F	   8216	     24	   40.0	   1193	-1.9957	  5.6431e-01  2.9676e+00  3.2829e+01  1.6314e+01 -7.9969e+01  1.8345e+02  2.3032e+00  2.4315e-03  7.5539e+04  7.5588e+04
babedunc   F	   7649	     26	   34.8	   1442	-1.6117	  7.7563e-01  1.6979e+01  1.5612e+01  7.2464e+00  1.2040e+01  7.5313e+01  1.2885e+00  1.4951e-03  5.6837e+04  5.6885e+04
babeequi   F	   8555	     20	   36.3	   3697	-1.6580	  6.9423e-01  1.9012e+01  1.5095e+01  8.7511e+00 -1.3115e+01  7.0001e+01  2.6958e+00  2.4402e-01  2.7888e+01  3.0280e+02  9.9123e-01  1.6098e-03  6.5283e+04  6.5360e+04
babemicr   F	   9975	     18	   21.3	    810	-1.2519	  7.8189e-01  1.4443e+01  5.9199e+00  7.5840e+00  5.9943e+00  7.3526e+01  1.5736e+00  2.2068e-03  5.7590e+04  5.7640e+04
babeovat   F	   7548	     24	   39.4	   1327	-1.8794	  6.3969e-01 -3.1757e+01  6.7827e+01  2.9999e+01 -4.2670e+01  1.3882e+02  1.8659e+00  2.2058e-03  6.5348e+04  6.5397e+04
babjinos   F	   1627	     23	   72.6	   7299	-2.4984	  3.5332e-01  3.5561e+01  1.1302e+01  2.9547e+00 -1.1466e+00  1.0026e+02  1.1331e+00  1.3190e-03  1.8728e+04  1.8766e+04
baccelon   F	  30718	     17	   71.0	 155720	-2.8753	  5.5766e-01 -1.7128e+01  7.5927e+01  1.3276e+01 -1.0204e+02  2.1628e+02  3.4781e+00  1.1199e-01 -3.1622e+02  2.4445e+03  1.0065e+00  1.1765e-04  4.0757e+05  4.0766e+05
bacigiga   F	  14492	     16	   57.8	   1254	-2.1485	  5.4856e-01  1.6608e+01  3.4182e+01  7.5558e+00 -3.1071e+02  3.7849e+02  1.0357e+01  2.9331e-01 -2.5033e+02  4.9754e+02  3.1074e+00  5.8810e-04  1.4343e+05  1.4351e+05
baciross   F	 116062	     19	 2515.8	 290106	-4.1987	  3.7426e-02  5.5989e+01  3.4492e+01  2.0425e+00 -3.4891e+02  2.1847e+03  1.0752e+00  2.0357e-05  2.2461e+06  2.2462e+06
backcirc   F	  56108	     23	   67.9	    882	-1.9435	  8.2515e-01  5.6360e+00  5.6646e+01  6.3519e+00 -1.9929e+01  1.1367e+02  1.7094e+00  1.5946e-04  5.0209e+05  5.0215e+05
bactcock   F	  71591	     16	 1032.9	 609141	-3.8687	  6.4728e-04 -1.0557e+01  6.1240e-07  1.3845e+02 -2.8463e+02  6.6574e+02  1.7437e+00  3.9635e-01  3.3663e+02  7.5956e+02  7.1620e-01  4.7079e-05  1.2909e+06  1.2910e+06
bactcons   F	  14130	     18	   98.9	   1387	-2.1695	  8.3051e-01  9.7917e+00  8.0654e+01  5.3310e+00 -6.1794e+01  1.9705e+02  1.7584e+00  3.8042e-04  1.4117e+05  1.4122e+05
bactcucu   F	  57227	     17	  102.9	 139961	-3.0428	  4.2745e-01 -3.5275e+01  9.7435e+01  1.4050e+01  3.3913e+01  1.0099e+02  8.7452e-01  3.0387e-01 -3.6805e+02  2.4138e+03  1.0069e+00  5.2216e-05  8.0158e+05  8.0168e+05
bactdors   F	  56572	     16	  159.2	 638519	-3.4523	  4.0293e-01  6.1402e+00  5.6306e+01  7.3751e+00 -1.1039e+02  2.2760e+02  2.9760e+00  1.7739e-01  1.5023e+02  2.1638e+03  5.6760e-01  4.9100e-05  8.9894e+05  8.9904e+05
bactlati   F	  65905	     16	  144.2	 285039	-3.2472	  4.0160e-01 -2.0770e+01  8.3103e+01  1.0492e+01 -6.9862e+01  1.9072e+02  2.5034e+00  1.9519e-01 -1.5877e+02  1.8703e+03  8.7203e-01  3.6864e-05  9.8458e+05  9.8468e+05
bactmina   F	  42000	     16	   99.3	 317339	-3.0794	  4.5296e-01 -1.8915e+01  8.1490e+01  1.0313e+01  2.8948e+01  8.9923e+01  1.1858e+00  2.0694e-01 -1.5061e+02  1.6725e+03  8.0345e-01  5.4645e-05  5.9540e+05  5.9550e+05
bactneoh   F	  70794	     21	  134.4	 397161	-3.2595	  4.2717e-01  5.8371e+00  5.6440e+01  7.1836e+00 -2.9786e+00  1.4355e+02  1.3693e+00  2.0613e-01 -1.9196e+02  2.5516e+03  8.4964e-01  4.1886e-05  1.0616e+06  1.0617e+06
bactolea   F	  93345	     16	  388.4	 377803	-3.7688	  2.6546e-01 -5.8679e+00  6.6922e+01  8.6631e+00  5.3984e+01  3.6189e+01  7.6268e-01  2.1603e-01 -6.7495e+01  2.2786e+03  5.1814e-01  2.4742e-05  1.6109e+06  1.6110e+06
bacttryo   F	  68360	     16	  130.7	 360344	-3.2408	  4.3527e-01  1.3649e+01  4.8738e+01  6.0738e+00 -5.3786e+01  1.8901e+02  2.0497e+00  1.8289e-01 -1.7605e+02  2.2387e+03  8.5189e-01  4.5900e-05  1.0193e+06  1.0194e+06
balaacut   F	 185595	     30	 1434.1	 196314	-3.9667	  7.9009e-02  5.8709e+01  3.4603e+01  1.7894e+00 -2.5873e+01  4.4552e+02  1.0995e+00  3.4119e-01 -2.1698e+02  2.1063e+03  1.0665e+00  1.5008e-05  3.3889e+06  3.3890e+06
balamand   F	  42464	     17	   91.0	  23554	-2.3638	  8.5644e-01  2.9039e+01  4.8270e+01  2.3472e+00 -1.3084e+03  1.4476e+03  1.9214e+01  9.5017e-02 -2.5955e+02  2.1293e+03  9.1915e-01  1.1195e-04  4.6271e+05  4.6281e+05
balamusc   F	 214669	     29	 1454.7	 236369	-3.9859	  7.1641e-02  4.9142e+01  4.1750e+01  2.6146e+00  1.3911e+00  3.6177e+02  1.0716e+00  2.9249e-01 -2.2549e+02  2.0012e+03  1.0266e+00  1.2772e-05  3.9391e+06  3.9392e+06
balarice   F	 219003	     30	 1496.9	 311852	-4.0166	  6.9976e-02  5.1720e+01  3.9065e+01  2.4427e+00  8.3493e+00  3.3951e+02  1.0448e+00  2.6724e-01 -1.7177e+02  1.9150e+03  9.6738e-01  1.2317e-05  4.0493e+06  4.0494e+06
baleregu   F	 115710	     29	  948.3	  38266	-3.6635	  9.0802e-02  6.3345e+01  4.1522e+01  1.1418e+00 -1.9410e+02  9.6653e+02  1.4138e+00  2.7711e-05  1.9516e+06  1.9517e+06
basimeri   F	  48279	     23	   62.1	    511	-1.6751	  8.6733e-01 -3.8534e+00  6.2818e+01  1.1778e+01 -1.7020e+01  9.0958e+01  1.8539e+00  5.2303e-04  3.7191e+05  3.7197e+05
basiundu   F	  45526	     23	   67.1	    915	-1.8012	  8.8011e-01  2.6781e+00  6.0255e+01  8.4446e+00 -9.3896e+00  1.1494e+02  1.5136e+00  3.2076e-04  3.7763e+05  3.7769e+05
bathplat   F	     67	     36	  944.0	   5016	-3.7144	  9.4804e-01 -2.2181e+01  9.4968e+02  1.7356e+00  3.5900e+01  1.7936e+02  1.5977e-01  1.4748e-02  1.1156e+03  1.1310e+03
bathpras   F	   1419	     30	  135.9	    687	-2.5389	  3.9025e-01 -2.8645e+02  3.3279e+02  3.0000e+01 -1.3051e+03  1.4902e+03  1.6544e+01  2.3143e-03  1.6438e+04  1.6474e+04
bathsept   F	  93918	     16	 1440.5	  46432	-3.8273	  1.0000e+00 -3.4479e+02  1.4518e+03  1.5251e+00  3.2661e-05  1.6567e+06  1.6567e+06
batrdend   F	  28923	     23	   90.2	    976	-2.2134	  7.5081e-01 -7.2950e+01  1.5174e+02  9.6463e+00 -7.8205e+01  2.0151e+02  2.3555e+00  2.4773e-04  2.9536e+05  2.9542e+05
batrsala   F	  32966	     23	  142.8	    779	-2.4096	  3.3373e-03 -3.7642e+02  4.1389e+02  3.0000e+01 -3.3018e+00  1.2130e+02  2.8389e+00  3.4999e-04  3.7094e+05  3.7100e+05
battphil   F	  88498	     30	  781.8	  38314	-3.5729	  1.1401e-01  5.7014e+01  2.3037e+01  1.5312e+00 -9.5133e+01  7.5233e+02  1.3158e+00  4.7733e-05  1.4590e+06  1.4591e+06
baudcomp   F	  15171	     23	   59.3	    535	-1.8592	  7.5826e-01  2.1781e+01  3.2893e+01  5.5976e+00 -3.8496e+01  1.1900e+02  2.4583e+00  5.2606e-04  1.2993e+05  1.2999e+05
baudpana   F	  11774	     17	   58.5	    553	-1.8245	  7.7308e-01  2.4508e+01  3.0028e+01  5.2474e+00 -2.2669e+01  9.1596e+01  2.0696e+00  7.2930e-04  9.8928e+04  9.8980e+04
beaubass   F	  17670	     23	   64.3	    974	-2.0662	  6.9900e-01  3.2782e+01  2.3130e+01  2.6476e+00 -4.9319e+00  9.0824e+01  1.7233e+00  4.1195e-04  1.6812e+05  1.6817e+05
becksyzi   F	  22580	     18	  150.6	  11314	-2.8658	  5.3819e-01  4.4126e+01  4.5938e+01  2.5886e+00 -6.4085e-02  2.7922e+02  6.4600e-01  4.5116e-02 -2.0044e+02  6.2946e+02  2.0567e+00  1.3514e-04  2.9793e+05  2.9802e+05
belganta   F	  81091	     16	   67.0	   9968	-2.4389	  5.2044e-01  5.4839e+00  5.0586e+01  1.1307e+01 -1.6150e+01  1.8511e+02  1.1430e+00  2.5025e-04  9.0912e+05  9.0919e+05
belokins   F	  86709	     30	 2587.9	 167661	-3.9413	  8.3417e-02  4.0449e+01  4.0672e+01  5.0947e+00  4.5059e+01  5.9135e+01  1.1285e+00  2.4241e-01 -1.3755e+03  4.3573e+03  1.3412e+00  2.7611e-05  1.6015e+06  1.6016e+06
bembichn   F	  31001	     16	  961.8	  61716	-3.6339	  8.5769e-02  5.5504e+01  2.4180e+01  2.1974e+00 -3.0874e+02  1.0653e+03  1.5217e+00  8.3093e-05  5.2014e+05  5.2020e+05
bemitaba   F	  93843	     30	 1120.5	  60199	-3.7523	  1.1596e-02 -2.2058e+01  2.1808e+02  1.3029e+00 -2.0622e+01  9.3365e+02  1.2686e+00  3.7336e-05  1.6367e+06  1.6368e+06
benihisp   F	 118334	     30	  247.1	  20268	-3.0837	  3.8999e-01  3.6207e+01  5.5629e+01  3.0971e+00 -4.0861e+01  4.1928e+02  1.2126e+00  5.5509e-01 -2.9078e+02  1.0416e+03  4.9235e+00  3.9991e-05  1.6800e+06  1.6801e+06
berbthun   F	 186333	     16	  267.8	  49377	-3.2473	  2.4080e-01  1.2767e+01  7.6592e+01  6.0422e+00  4.9438e+01  7.9480e+01  1.1212e+00  3.1503e-01 -1.9541e+02  1.0485e+03  1.1745e+00  2.6011e-05  2.7867e+06  2.7868e+06
bergstep   F	 120666	     16	 1289.1	  69983	-3.8044	  1.5309e-02  8.8092e+00  1.1879e+02  6.4982e-01 -8.1904e+01  1.0417e+03  1.2664e+00  2.4039e-05  2.1150e+06  2.1150e+06
berkroux   F	  10678	     43	   73.9	   1428	-2.1097	  5.6755e-01 -9.0344e-01  6.4663e+01  7.3510e+00  3.1770e+01  5.5683e+01  1.3823e+00  5.8464e-04  1.0376e+05  1.0381e+05
berofors   F	  31148	     16	  313.1	 375738	-3.4530	  4.4844e-01 -4.1534e+01  2.2552e+02  3.9583e+00 -5.0358e+01  6.3353e+02  7.3585e-01  7.3873e-05  4.9505e+05  4.9511e+05
besnbesn   F	  38996	     26	  381.6	   1194	-2.8608	  2.0490e-01 -8.8122e+01  2.3630e+02  2.3965e+00 -3.2080e+03  3.5690e+03  3.0000e+01  2.1451e-04  5.1291e+05  5.1297e+05
betavulg   F	 206571	     24	  331.3	  16616	-3.2153	  2.7118e-01  3.5010e+01  5.6211e+01  3.8483e+00 -6.7478e+01  1.9295e+02  2.6833e+00  2.0858e-01 -2.0606e+02  9.2760e+02  1.6013e+00  4.6774e-05  3.0532e+06  3.0533e+06
bettsple   F	 254960	     18	  188.9	  33589	-3.0507	  2.7913e-01 -1.8537e+01  1.0018e+02  9.4952e+00  4.3929e+01  1.1922e+02  1.0552e+00  4.8197e-01 -1.2853e+02  9.3255e+02  1.1559e+00  2.9330e-05  3.5802e+06  3.5803e+06
bibimarc   F	  26237	     16	  136.6	 322231	-3.1936	  4.8624e-01 -3.8586e+01  1.1505e+02  8.1488e+00 -3.2787e+01  6.6621e+02  7.4859e-01  5.1376e-01  1.1965e+03  6.5194e+03  4.7671e+00  8.7224e-05  3.8591e+05  3.8600e+05
bicyanyn   F	  90409	     16	  713.4	 221344	-3.7060	  2.6472e-01  1.5147e+01  6.1556e+01  4.5360e-01  6.5741e+01  1.5677e+02  4.4700e-01  1.7067e-01  8.2158e+01  5.9778e+02  1.1975e+00  4.4974e-05  1.5443e+06  1.5444e+06
biensinu   F	  95565	     16	  397.7	  36073	-3.3230	  2.3998e-01 -2.6114e+02  3.4849e+02  3.0000e+01  8.8167e+01  7.7172e+01  7.9295e-01  2.6249e-01 -3.3018e+02  1.1377e+03  1.4740e+00  3.4765e-05  1.4642e+06  1.4643e+06
bigenata   F	 169309	     16	  154.0	  10744	-2.6029	  2.1135e-01 -2.2967e+02  2.9363e+02  3.0000e+01 -1.1401e+02  2.6468e+02  4.3396e+00  7.3623e-01  1.4036e+01  1.2383e+02  5.1550e-01  1.2299e-04  2.0345e+06  2.0346e+06
bimunova   F	  32277	     24	   55.9	    702	-1.9595	  5.8927e-01  2.7105e+01  2.3215e+01  5.5119e+00 -1.5224e+01  8.9630e+01  2.1168e+00  3.4630e-04  2.9131e+05  2.9137e+05
biomglab   F	 170536	     17	  832.0	  38601	-3.5662	  1.4422e-01  4.8186e+01  7.6318e+01  1.9380e+00 -1.0056e+02  7.4816e+02  1.3025e+00  3.6277e-05  2.8135e+06  2.8136e+06
biompfei   F	 151605	     16	  801.6	  29206	-3.5738	  1.8435e-01  6.3651e+01  6.5390e+01  1.2831e+00 -2.1214e+02  9.5507e+02  1.4898e+00  2.5215e-05  2.4966e+06  2.4966e+06
bipomayd   F	  20935	     18	   57.3	    907	-1.9600	  7.0539e-01  3.6814e+01  1.5323e+01  2.6946e+00 -1.7830e+01  9.5898e+01  1.7957e+00  5.1904e-04  1.8892e+05  1.8898e+05
bipooryz   F	  19524	     23	   56.8	    727	-1.8979	  6.8612e-01  3.3342e+01  1.8445e+01  3.6138e+00 -1.6446e+00  7.6755e+01  1.8358e+00  4.8055e-04  1.7070e+05  1.7076e+05
biposoro   F	  19697	     17	   56.5	    732	-1.8894	  7.5610e-01  3.7333e+01  1.4670e+01  2.6460e+00 -2.4262e+01  1.0434e+02  1.9601e+00  5.2097e-04  1.7134e+05  1.7140e+05
bipovict   F	  20250	     23	   56.8	    738	-1.9011	  7.0759e-01  3.5343e+01  1.6451e+01  3.1453e+00 -8.1400e+00  8.6296e+01  1.8826e+00  4.6176e-04  1.7723e+05  1.7728e+05
bipozeic   F	  19749	     23	   56.7	    720	-1.8941	  7.0315e-01  3.4344e+01  1.7432e+01  3.3908e+00 -6.6155e+00  8.4167e+01  1.8914e+00  4.6405e-04  1.7228e+05  1.7234e+05
biscnumm   F	  33948	     23	   72.0	    753	-2.1652	  7.1489e-01  3.7996e+01  2.2515e+01  1.8650e+00 -5.8624e+01  1.5819e+02  2.6250e+00  2.0705e-04  3.3831e+05  3.3837e+05
bisobiso   F	 174267	     30	 1486.9	 200579	-3.9809	  7.2898e-02  5.3924e+01  3.8466e+01  2.1279e+00 -1.7421e+01  4.1275e+02  1.0654e+00  3.1902e-01 -2.1893e+02  2.0857e+03  1.0704e+00  1.5734e-05  3.1933e+06  3.1935e+06
bispspec   F	  48016	     23	   57.3	    621	-1.9478	  6.3989e-01  3.5077e+01  1.6081e+01  3.0460e+00 -1.2410e+01  8.7076e+01  2.1523e+00  2.7271e-04  4.3067e+05  4.3073e+05
bjeradus   F	  80946	     23	   54.3	    461	-1.4761	  9.2093e-01 -2.0242e+00  5.4024e+01  1.3771e+01 -3.0710e+00  8.2312e+01  1.5775e+00  4.4097e-04  5.5018e+05  5.5024e+05
blaktris   F	  42464	     23	   62.9	    582	-1.8294	  8.7557e-01  1.5221e+01  4.3144e+01  5.4139e+00 -2.5451e+01  1.0937e+02  1.8634e+00  1.7687e-04  3.5869e+05  3.5875e+05
blasaden   F	    854	     33	   51.9	   1015	-1.8866	  7.9713e-01 -2.8009e+01  7.5392e+01  1.2973e+01 -4.0238e+01  1.5982e+02  1.9557e+00  2.6878e-03  7.4392e+03  7.4724e+03
blasbrit   F	  22178	     23	   64.7	    432	-1.7152	  8.6676e-01 -1.1515e+01  7.2589e+01  1.2083e+01 -3.8637e+01  1.2602e+02  2.4756e+00  4.4046e-04  1.7545e+05  1.7551e+05
blasderm   F	  22469	     21	   84.3	    910	-2.2274	  1.4763e-02 -2.9345e+02  3.2656e+02  3.0000e+01  3.2842e+01  4.1650e+01  1.7331e+00  2.7745e-04  2.3048e+05  2.3053e+05
blasgilc   F	  22241	     21	   83.9	    863	-2.2225	  1.7146e-02 -2.9468e+02  3.2942e+02  3.0000e+01  3.1812e+01  4.2427e+01  1.7746e+00  2.7548e-04  2.2760e+05  2.2765e+05
blashomi   F	  18014	     18	   31.3	    271	-1.1503	  8.9132e-01 -2.0655e+01  5.0871e+01  2.9925e+01  1.1952e+01  2.2854e+01  1.2594e+00  2.0251e-03  9.5612e+04  9.5667e+04
blasperc   F	  18461	     23	   78.6	    597	-2.1541	  2.0015e-02 -1.6271e+02  1.9330e+02  2.9994e+01  2.7723e+01  4.2736e+01  2.0371e+00  3.6912e-04  1.8341e+05  1.8347e+05
blasspec   F	  21954	     23	   30.7	    128	-0.9955	  7.2596e-01  7.0054e+00  2.2834e+01  2.9728e+01 -1.9113e+01  4.8225e+01  1.2576e+01  2.1739e-01 -5.5302e+02  6.1204e+02  2.2384e+01  3.4464e-03  1.0083e+05  1.0092e+05
blastria   F	    111	     27	  173.0	  44805	-3.0814	  1.2399e-01 -2.1491e+02  2.5247e+02  3.0000e+01  8.5968e+01  5.2653e+01  8.2833e-01  6.8729e-01 -2.3104e+02  1.1053e+03  1.1723e+00  1.0460e-02  1.6036e+03  1.6334e+03
blatgerm   F	  74434	     23	 1471.4	  24992	-3.8065	  1.6439e-01 -9.0909e+00  1.1200e+02  1.7831e+00 -5.8958e+02  1.1964e+03  2.6063e+00  3.1004e-01 -1.2779e+03  3.5409e+03  2.3322e+00  5.6393e-05  1.3037e+06  1.3038e+06
blecayal   F	      1	     63	   31.5	      0	-0.9506	  1.0000e+00  1.2150e+01  5.0869e+01  2.8163e+01  7.9626e-01  9.1818e+00  3.1818e+00
blumgram   F	   9339	     23	   53.0	    489	-1.7653	  8.1593e-01  3.3018e+01  1.6197e+01  3.1755e+00 -3.1987e+01  1.1490e+02  2.3794e+00  9.6669e-04  7.5829e+04  7.5879e+04
bodosalt   F	      3	    306	 1759.5	     48	 0.0000	  1.0000e+00  3.0577e+02  4.8143e+02  2.5496e-01  3.2993e-01  4.8210e+01  4.5506e+01
boecstri   F	 117236	     16	  105.6	   1887	-2.4588	  5.4207e-01 -1.5865e+01  1.0299e+02  8.9158e+00 -1.0549e+02  2.7624e+02  2.2835e+00  1.0989e-04  1.3274e+06  1.3274e+06
boehnive   F	  47111	     16	  174.6	  52174	-2.8705	  4.4631e-01  4.9224e+01  4.7203e+01  2.3976e+00 -4.0963e+01  3.1755e+02  1.4105e+00  9.2690e-05  6.2408e+05  6.2414e+05
boerexig   F	  20859	     16	   51.9	    565	-1.7199	  7.4476e-01  1.1518e+01  3.7400e+01  1.0322e+01 -1.2533e+01  8.6673e+01  2.0684e+00  7.6662e-04  1.6514e+05  1.6520e+05
boigtrig   F	      3	    327	  582.0	     11	-2.7863	  1.0000e+00 -3.2084e+03  3.6240e+03  2.9269e+01  3.3144e-01  4.4762e+01  4.2058e+01
bolbvite   F	  81611	     23	   51.6	    522	-1.5433	  8.8632e-01  1.7573e+01  3.1769e+01  7.7749e+00  8.1488e+00  4.7971e+01  1.3077e+00  4.8979e-04  5.8025e+05  5.8031e+05
boleedul   F	  74193	     23	   54.8	    832	-1.6251	  8.5397e-01  1.5129e+01  3.6716e+01  7.9850e+00 -8.6484e+01  1.4919e+02  5.1007e+00  1.3126e-01  7.3469e+01  2.5903e+02  8.2572e-01  2.6956e-04  5.5524e+05  5.5534e+05
bolepect   F	 197351	     30	  450.1	  42059	-3.3653	  2.4123e-01  2.5516e+01  5.1641e+01  5.7007e+00 -1.8557e+01  1.7168e+02  1.7298e+00  2.2872e-01 -1.9639e+02  1.1511e+03  1.2940e+00  3.2040e-05  3.0506e+06  3.0507e+06
bolimicr   F	 103972	     16	  258.5	  35937	-3.1846	  7.2575e-01  2.8319e+01  1.4620e+02  2.0906e+00  1.0189e+02  5.9075e+02  2.3738e+00  5.6169e-02 -6.3365e+02  2.2826e+03  1.3576e+00  3.5563e-05  1.5264e+06  1.5265e+06
bombaffi   F	  90694	     30	  183.9	 187815	-3.1834	  3.6998e-01 -2.6854e+02  3.4459e+02  3.0000e+01  5.5910e+00  2.5056e+02  9.6924e-01  5.0526e-01 -3.3088e+02  3.5077e+03  8.4888e-01  6.4437e-05  1.3302e+06  1.3303e+06
bombbifa   F	  79878	     30	  164.8	  96692	-3.1083	  4.0002e-01 -2.7463e+02  3.5079e+02  3.0000e+01  8.5009e+00  2.8893e+02  9.1246e-01  5.4721e-01 -2.3106e+03  1.0099e+04  1.3654e+00  7.3568e-05  1.1427e+06  1.1428e+06
bombbomb   F	 197437	     18	 5542.1	 239229	-4.5547	  5.6579e-02 -2.6328e+02  3.5185e+02  3.0000e+01 -2.0412e+02  2.6543e+03  6.7718e-01  1.7388e-05  4.1457e+06  4.1458e+06
bombdahl   F	  70129	     47	  129.5	  31811	-2.9648	  4.5967e-01 -1.3616e+02  2.1229e+02  1.7318e+01  5.0141e+00  2.6584e+02  1.0430e+00  4.5929e-01 -1.4960e+03  4.4224e+03  1.8568e+00  9.4303e-05  9.5671e+05  9.5681e+05
bombferv   F	  81536	     30	  167.9	 146941	-3.1451	  4.0450e-01 -2.9070e+02  3.6711e+02  3.0000e+01 -7.4364e+00  2.8737e+02  1.0434e+00  4.8712e-01 -5.2372e+02  4.6879e+03  9.3170e-01  7.3530e-05  1.1793e+06  1.1794e+06
bombflav   F	  83781	     29	  172.9	 124195	-3.1549	  3.9388e-01 -2.8026e+02  3.5669e+02  3.0000e+01  4.1429e+00  2.9947e+02  9.0762e-01  5.4420e-01 -3.3781e+03  1.2755e+04  1.3483e+00  6.5458e-05  1.2174e+06  1.2175e+06
bombhunt   F	  89788	     27	  178.9	 136314	-3.1536	  3.7813e-01 -2.7298e+02  3.4899e+02  3.0000e+01  2.8603e+00  2.6613e+02  9.8768e-01  5.2501e-01 -5.7399e+02  4.8953e+03  9.5870e-01  7.3951e-05  1.3038e+06  1.3039e+06
bombigni   F	  72593	     16	  184.2	 717080	-3.2572	  4.1885e-01 -6.5522e+00  8.3602e+01  6.3964e+00 -6.5054e+01  3.5188e+02  1.4296e+00  4.0904e-01  6.6331e+01  4.3096e+03  6.8935e-01  6.8557e-05  1.0877e+06  1.0878e+06
bombimpa   F	  80334	     30	  158.9	  94592	-3.0719	  4.0940e-01  4.5362e+00  7.1565e+01  5.8997e+00 -5.9345e+00  2.6964e+02  1.0192e+00  4.9249e-01 -3.0002e+02  2.5366e+03  8.9611e-01  8.4925e-05  1.1369e+06  1.1370e+06
bombmajo   F	  26519	     17	   94.2	 141752	-2.9080	  5.8006e-01 -5.7490e+01  1.2811e+02  1.1197e+01  7.4855e+01  1.6796e+02  8.8828e-01  2.2349e-01 -3.1201e+02  2.0880e+03  8.9541e-01  8.1128e-05  3.5534e+05  3.5543e+05
bombmand   F	  88019	     29	  768.5	  44221	-3.5901	  8.9633e-02  4.9978e+01  3.0343e+01  2.4636e+00 -8.2204e+01  7.1381e+02  1.2600e+00  5.9407e-05  1.4578e+06  1.4579e+06
bombmori   F	 142675	     16	  785.5	  75804	-3.6612	  7.8807e-02  3.3727e+01  4.5790e+01  4.0267e+00 -9.8845e+01  7.1826e+02  1.1187e+00  3.1011e-05  2.4084e+06  2.4085e+06
bombpasc   F	  79255	     30	  163.7	 182378	-3.1312	  4.2094e-01 -3.7153e+01  1.1341e+02  9.2545e+00 -2.8890e+01  2.7567e+02  1.3293e+00  3.8909e-01 -1.2777e+02  2.1199e+03  8.1660e-01  7.7015e-05  1.1421e+06  1.1422e+06
bombpyro   F	  89044	     25	  185.8	 136370	-3.1803	  3.7934e-01 -2.7213e+02  3.4842e+02  3.0000e+01  9.5850e+00  3.0051e+02  8.7766e-01  5.6375e-01 -1.4322e+03  1.0835e+04  1.2399e+00  5.6995e-05  1.3038e+06  1.3039e+06
bombterr   F	  79274	     25	  162.9	 104581	-3.1084	  4.0531e-01 -1.4934e+02  2.2569e+02  1.8925e+01  3.9609e+00  3.0420e+02  9.0533e-01  5.5267e-01 -4.1040e+03  1.5730e+04  1.5093e+00  7.1695e-05  1.1342e+06  1.1343e+06
bombvanc   F	  80880	     30	  166.9	 122112	-3.1135	  3.9459e-01 -2.7151e+02  3.4760e+02  3.0000e+01  1.0028e+01  2.7387e+02  9.2253e-01  5.3784e-01  2.6748e+02  4.4307e+03  9.2601e-01  7.1430e-05  1.1595e+06  1.1596e+06
bombvari   F	   4912	     16	  447.0	   8680	-3.2837	  5.9426e-02 -3.9946e+01  6.7808e+01  5.6441e+00  6.3918e+01  4.0866e+01  9.8687e-01  3.0413e-01 -5.1829e+02  1.1048e+03  2.4597e+00  3.4273e-04  7.4238e+04  7.4310e+04
bombvosn   F	  80828	     27	  166.9	  95193	-3.1112	  4.0799e-01 -7.0130e+01  1.4639e+02  1.2121e+01  4.9030e+00  3.0835e+02  9.2045e-01  5.4592e-01 -3.9494e+03  1.3896e+04  1.5317e+00  7.7618e-05  1.1575e+06  1.1576e+06
boresaid   F	  14504	     16	  278.9	   3672	-2.9718	  3.1997e-01  5.8162e+01  4.6717e+01  1.7109e+00 -2.0276e+02  5.2037e+02  2.4638e+00  6.7935e-01  4.1090e+02  9.8990e-02  1.7313e+00  2.0893e-04  1.9853e+05  1.9861e+05
bos_ind1   F	 236674	     30	 1518.6	 305656	-4.0205	  6.3348e-02  2.9470e+01  5.9825e+01  4.2505e+00  2.0037e+01  2.9564e+02  1.0183e+00  2.5393e-01 -1.8478e+02  1.9084e+03  9.7647e-01  1.1989e-05  4.3798e+06  4.3799e+06
bos_indi   F	 183654	     26	 1376.5	 193049	-3.9443	  8.4700e-02  5.2565e+01  3.9504e+01  2.1854e+00 -3.9389e+01  3.5535e+02  1.4221e+00  2.4844e-01 -1.5778e+02  1.8517e+03  1.0534e+00  1.5657e-05  3.3345e+06  3.3346e+06
bos_java   F	 236832	     18	 1524.4	 291772	-4.0228	  7.3935e-02  4.8804e+01  4.2794e+01  2.4679e+00 -6.1249e-01  3.9302e+02  1.0302e+00  3.0014e-01 -2.2734e+02  2.1166e+03  9.9342e-01  1.2195e-05  4.3852e+06  4.3853e+06
bos_mutu   F	 173490	     29	 1342.2	 142403	-3.9139	  9.0116e-02  5.5700e+01  3.8325e+01  1.8271e+00 -4.5474e+02  7.0340e+02  4.7739e+00  1.5479e-01 -2.0014e+02  1.6726e+03  1.1279e+00  1.7150e-05  3.1258e+06  3.1259e+06
bos_taur   F	 377681	     26	 1416.7	 224648	-3.9671	  8.2728e-02  5.2563e+01  3.9502e+01  2.1698e+00 -3.9389e+01  3.5535e+02  1.4286e+00  2.3566e-01 -1.5778e+02  1.8517e+03  1.0244e+00  1.3207e-05  6.8999e+06  6.9000e+06
bothatro   F	     13	     82	  415.5	   9958	-3.0634	  7.2375e-02  8.1900e+01  9.9658e-02  1.2286e+01 -1.1455e+02  4.6423e+02  1.6965e+00  8.8820e-01  1.8934e+02  1.9330e+02
bothjara   F	  55513	     16	 1169.9	  89730	-3.7701	  1.6504e-01  7.2930e+01  8.4820e+01  5.4098e-01 -3.4789e+02  1.3118e+03  1.5420e+00  4.3842e-05  9.6447e+05  9.6453e+05
botrbotr   F	  86153	     23	   62.6	    419	-1.6640	  9.1460e-01 -3.6848e+00  6.2926e+01  9.9951e+00 -1.3546e+01  9.4050e+01  1.8404e+00  3.5724e-04  6.5984e+05  6.5990e+05
botrbyss   F	  23785	     16	   59.0	    497	-1.9470	  7.2953e-01  3.7201e+01  1.5907e+01  2.5526e+00 -9.3565e+01  1.8298e+02  3.4217e+00  4.7846e-04  2.1320e+05  2.1326e+05
botrcine   F	  26477	     28	   73.8	    882	-2.3338	  5.2467e-02 -5.7717e+01  1.0008e+02  1.0349e+01  4.0807e+01  1.3832e+01  1.6342e+00  5.6251e-01 -2.4082e+02  4.0536e+02  4.4019e+00  4.2471e-04  2.8440e+05  2.8449e+05
botrdewe   F	  24010	     16	   58.9	    503	-1.9333	  7.4515e-01  3.6727e+01  1.6392e+01  2.6300e+00 -8.4695e+01  1.7886e+02  3.3143e+00  5.1034e-04  2.1369e+05  2.1375e+05
botrdoth   F	  34985	     37	   59.2	    981	-1.9959	  6.6950e-01 -2.6639e+01  7.9691e+01  1.4343e+01 -1.2649e+01  1.1006e+02  1.9011e+00  6.0938e-04  3.2121e+05  3.2127e+05
botrfrag   F	  25352	     16	   59.3	    883	-2.0598	  6.3613e-01  3.7152e+01  1.5765e+01  2.6396e+00 -3.8498e+01  1.1881e+02  2.0909e+00  4.0743e-04  2.4040e+05  2.4046e+05
botrporr   F	  23015	     16	   58.9	    562	-1.9720	  6.8217e-01  3.5662e+01  1.7156e+01  2.9574e+00 -3.8591e+02  4.6718e+02  1.1220e+01  2.8047e-01 -1.1271e+00  2.6965e+02  2.6712e+00  4.0425e-04  2.0898e+05  2.0907e+05
botrsino   F	  24513	     16	   58.9	    523	-1.9691	  6.7920e-01  3.4890e+01  1.7979e+01  3.0774e+00 -2.8795e+02  3.6957e+02  8.4186e+00  2.9802e-01  1.2409e+02  1.8831e+02  1.9916e+00  4.2570e-04  2.2225e+05  2.2234e+05
bougglab   F	  90877	     16	  428.7	 102792	-3.4401	  2.8600e-02 -5.7431e+00  3.0104e+01  4.0877e+00  4.3702e+01  4.9917e+01  2.5508e+00  3.3426e-01 -7.9384e+01  7.7790e+02  9.9160e-01  3.4739e-05  1.4384e+06  1.4385e+06
bracangu   F	  35291	     17	   65.7	 965132	-2.0982	  7.8232e-01 -2.5779e+01  8.6887e+01  1.6377e+01  4.5539e+01  1.3283e+02  4.2672e-01  2.1371e-01 -1.1135e+03  3.5003e+03  4.9066e-01  2.5480e-04  3.4238e+05  3.4247e+05
bracarac   F	  94278	     18	 1605.2	 134274	-3.9568	  6.9039e-02  4.1869e+01  4.7149e+01  3.4543e+00  2.0832e+01  2.3528e+02  1.2598e+00  1.8897e-01 -2.7966e+02  1.9640e+03  1.1851e+00  2.4251e-05  1.7180e+06  1.7181e+06
braccaly   F	  30846	     16	   64.6	 242150	-2.2000	  7.2714e-01 -8.1225e+01  1.4096e+02  3.0000e+01 -6.3306e+01  3.0834e+02  1.3359e+00  2.1671e-01 -2.7488e+02  2.0372e+03  4.9769e-01  2.5802e-04  3.1567e+05  3.1576e+05
bracdist   F	 266587	     16	  145.6	   4256	-2.8469	  4.4366e-01  3.1519e+01  5.8000e+01  3.6218e+00 -7.1103e+01  2.2185e+02  1.8962e+00  2.5214e-01 -4.5554e+02  9.9960e+02  2.7733e+00  4.9957e-05  3.4962e+06  3.4963e+06
bracfren   F	 234313	     16	  401.4	  40906	-3.3455	  1.4074e-01 -1.0295e+02  1.9160e+02  1.6826e+01  2.6438e+01  1.0330e+02  2.1375e+00  2.4122e-01 -1.0414e+02  7.2216e+02  1.1916e+00  2.0630e-05  3.6098e+06  3.6100e+06
brachirs   F	 204704	     30	  203.1	  17467	-3.0278	  3.0741e-01 -2.8415e+02  3.6771e+02  3.0000e+01 -8.3414e+01  2.4076e+02  3.0302e+00  3.4758e-01  5.0006e+01  6.5130e+02  1.2863e+00  3.5537e-05  2.8533e+06  2.8534e+06
brackore   F	  32470	     16	   56.4	 182701	-2.3358	  6.4051e-01 -9.2774e+01  1.4496e+02  3.0000e+01 -4.4137e+00  1.7025e+02  1.1436e+00  2.6284e-01 -5.5009e+02  2.0350e+03  2.9596e+00  5.0070e-04  3.2438e+05  3.2447e+05
bracleno   F	 128835	     16	  411.7	 122558	-3.5351	  5.6207e-01  4.5481e+01  1.1299e+02  1.2062e+00 -2.9554e+02  1.5087e+03  1.0209e+00  3.3996e-05  2.1023e+06  2.1024e+06
bracmanj   F	  41255	     28	   55.4	  22067	-2.3466	  6.4051e-01 -9.2774e+01  1.4496e+02  3.0000e+01 -4.4137e+00  1.7025e+02  1.1436e+00  2.6284e-01 -5.4138e+02  2.0350e+03  2.1490e+00  6.6921e-04  4.2473e+05  4.2482e+05
bracpara   F	  44001	     16	   57.4	1665586	-2.6505	  6.1576e-01 -5.7168e+01  1.0815e+02  2.5035e+01  4.0495e+01  2.2543e+02  3.3960e-01  2.8478e-01 -2.9458e+03  4.1479e+03  4.3801e+00  5.9536e-05  5.3743e+05  5.3752e+05
bracplic   F	  38024	     17	   55.9	  44214	-2.3411	  6.4051e-01 -9.2774e+01  1.4496e+02  3.0000e+01 -4.4137e+00  1.7025e+02  1.1436e+00  2.6284e-01 -5.4546e+02  2.0350e+03  2.5289e+00  5.8326e-04  3.9439e+05  3.9449e+05
bracrotu   F	  34944	     18	   55.2	  13991	-2.0357	  7.8916e-01 -1.1597e+02  1.6751e+02  3.0000e+01  2.5453e+00  2.2197e+02  9.0014e-01  6.7218e-04  3.2012e+05  3.2018e+05
bracrube   F	  38705	     16	   60.6	1131988	-2.4164	  7.0710e-01 -7.6309e+01  1.3205e+02  3.0000e+01 -1.7839e+01  3.0607e+02  8.6218e-01  1.6473e-01 -1.7068e+01  2.1590e+03  4.5910e-01  3.3050e-04  4.2873e+05  4.2882e+05
bracstac   F	 120720	     16	  143.9	   4154	-2.8389	  4.4944e-01  3.1689e+01  5.8163e+01  3.6131e+00 -7.1107e+01  2.2186e+02  1.8677e+00  2.5335e-01 -4.5554e+02  9.9960e+02  2.8189e+00  5.5848e-05  1.5784e+06  1.5785e+06
bracsylv   F	 142548	     23	  150.8	   4615	-2.8622	  4.4764e-01  3.0706e+01  5.9153e+01  3.5884e+00 -6.5734e+01  2.2745e+02  1.8127e+00  2.4168e-01 -4.5593e+02  9.9829e+02  2.6746e+00  4.9163e-05  1.8802e+06  1.8803e+06
bradcopr   F	  98286	     16	   77.5	  78115	-2.8422	  5.2054e-01 -1.1463e+02  1.7645e+02  2.8667e+01 -1.2735e+01  1.6082e+02  1.3612e+00  2.3620e-01 -4.2356e+02  2.5868e+03  1.1382e+00  5.7014e-05  1.2858e+06  1.2859e+06
branbelc   F	 208963	     30	  462.8	  23683	-3.3027	  1.6816e-01 -2.3273e+03  2.7335e+03  3.0000e+01 -1.2705e+01  3.7169e+02  1.2301e+00  2.5697e-05  3.1807e+06  3.1808e+06
branflor   F	 167920	     16	  539.8	  29653	-3.4049	  1.7945e-01 -2.2638e+03  2.6949e+03  2.5039e+01 -6.3926e+01  4.9543e+02  1.2451e+00  2.6832e-05  2.6322e+06  2.6323e+06
branlanc   F	 226424	     28	  517.6	  30897	-3.3662	  2.2704e-01 -1.6367e+03  2.0610e+03  1.7173e+01 -2.5064e+01  4.3892e+02  1.1839e+00  2.2496e-05  3.5116e+06  3.5117e+06
brasjunc   F	 155894	     16	   93.4	   2753	-2.2539	  7.0190e-01 -2.5574e+02  3.3773e+02  3.0000e+01 -7.3229e+01  2.5119e+02  2.7038e+00  2.9179e-01  5.1967e+02  3.2502e+03  6.8527e-01  1.5049e-04  1.6178e+06  1.6180e+06
brasnapu   F	 460683	     20	   97.3	   5902	-2.4539	  5.6392e-01 -2.2778e+02  3.0996e+02  2.6660e+01 -4.9453e+01  2.1064e+02  1.6511e+00  6.6731e-05  5.2101e+06  5.2102e+06
brasoler   F	 325023	     19	   97.2	   3724	-2.3902	  6.3017e-01 -1.6769e+01  9.8959e+01  8.4013e+00 -9.2355e+01  2.7269e+02  2.3754e+00  3.5992e-01  6.6039e+02  2.0539e+03  1.3965e+00  1.1132e-04  3.5817e+06  3.5818e+06
brasrapa   F	 200105	     16	   98.0	   5690	-2.4539	  5.9014e-01 -8.0298e+01  1.6227e+02  1.4045e+01 -7.1149e+01  2.4765e+02  1.9760e+00  3.9863e-01  1.3336e+03  2.4872e+03  1.3503e+00  8.6744e-05  2.2605e+06  2.2606e+06
bremlact   F	  11697	     18	   67.3	   1572	-1.9227	  7.6190e-01 -1.5053e+02  2.1430e+02  3.0000e+01  7.0021e+00  4.4924e+01  1.0851e+00  5.9097e-04  1.0357e+05  1.0362e+05
bretbrux   F	    590	     16	   79.7	   2235	-2.5701	  3.4024e-02  2.2898e+01  1.0223e-01  3.5901e+00 -1.6715e+02  2.2105e+02  7.7418e+00  6.8266e-01  7.0704e+01  2.3604e+02  1.8178e+00  2.5452e-02  6.9553e+03  7.0034e+03
bretnanu   F	    753	     16	   85.0	   1397	-2.5739	  2.3281e-01 -6.3707e+01  1.2021e+02  1.9010e+01 -2.2576e+01  8.0908e+01  1.9952e+00  4.7968e-01 -4.3624e+02  6.9648e+02  4.5714e+00  1.9496e-03  8.9446e+03  8.9955e+03
briaasbe   F	  85336	     16	 1444.6	  67956	-3.8713	  9.1801e-02  2.7275e+01  7.1640e+01  2.9716e+00 -8.6941e+01  4.1851e+02  1.1507e+00  2.9581e-01 -5.7924e+02  2.3851e+03  1.4858e+00  3.1413e-05  1.5221e+06  1.5222e+06
briebrac   F	 289310	     19	  457.2	  57370	-3.4390	  1.8170e-01  5.3317e+01  4.1501e+01  2.1158e+00 -4.1701e+01  2.9605e+02  1.7371e+00  3.5884e-01 -1.3310e+02  9.6373e+02  1.1062e+00  1.9324e-05  4.5805e+06  4.5806e+06
bromtect   F	  69353	     16	  161.9	  66672	-2.9458	  4.0566e-01 -3.1893e+02  4.0719e+02  3.0000e+01 -3.4038e+01  3.1127e+02  1.1119e+00  5.2753e-01 -1.1919e+03  1.8122e+03  9.0373e+00  9.2363e-05  9.4250e+05  9.4260e+05
brugmala   F	  95039	     16	  228.3	   4759	-2.8426	  5.6767e-01  2.9574e+01  1.1386e+02  1.2686e+00 -3.0943e+03  3.3250e+03  2.8646e+01  7.6634e-05  1.2427e+06  1.2428e+06
brugpaha   F	  86276	     23	  221.1	   1595	-2.7916	  5.8203e-03 -2.9294e+02  3.2673e+02  2.9991e+01 -7.6752e+01  1.7165e+02  5.9425e+00  2.2737e-01 -1.5010e+02  3.7382e+02  3.2644e+00  8.8579e-05  1.1095e+06  1.1096e+06
brugtimo   F	  62483	     23	  217.0	   1383	-2.7671	  1.1194e-02 -3.7133e+02  4.0565e+02  3.0000e+01 -3.9080e+01  1.4061e+02  3.9562e+00  3.3107e-01 -1.3079e+02  3.7115e+02  3.4726e+00  1.1218e-04  7.9597e+05  7.9607e+05
bryuarge   F	  74008	     16	  171.4	   1976	-2.6760	  4.4892e-01  6.1963e+01  3.7096e+01  1.2333e+00 -1.3810e+02  3.3498e+02  3.1884e+00  1.8082e-04  9.1144e+05  9.1150e+05
buatlabo   F	  44119	     17	  169.5	  73251	-2.9984	  4.3312e-01 -6.4096e+01  1.4923e+02  1.0126e+01 -1.6512e+02  4.1417e+02  2.6393e+00  3.8038e-01 -7.7485e+01  1.1332e+03  8.6466e-01  9.5797e-05  6.0893e+05  6.0902e+05
bubabuba   F	 318035	     16	 1702.8	 781288	-4.1272	  1.2038e-01  6.5378e+01  4.9429e+01  8.6847e-01 -1.3078e+02  1.4338e+03  8.2096e-01  9.9102e-06  6.0415e+06  6.0416e+06
bucerhin   F	 106718	     29	  928.9	  37666	-3.6552	  8.7905e-02  6.4998e+01  4.0165e+01  1.0843e+00 -1.8740e+02  9.4146e+02  1.4115e+00  2.8938e-05  1.7959e+06  1.7960e+06
budotaxi   F	 188905	     29	 1317.9	 169821	-3.9163	  6.9426e-02  1.9017e+01  6.9124e+01  5.3834e+00  2.6173e+01  2.4754e+02  1.0744e+00  2.3910e-01 -2.1211e+02  1.6956e+03  1.0785e+00  1.5722e-05  3.4060e+06  3.4061e+06
bufobufo   F	 203678	     18	 2054.5	 483330	-4.1196	  1.8898e-01  6.5494e+01  3.2939e+01  8.4776e-01 -3.0960e+02  2.2044e+03  9.4548e-01  2.4578e-05  3.8628e+06  3.8629e+06
bufogarg   F	 212421	     30	 2032.3	 406515	-4.1063	  1.9295e-01  6.5591e+01  3.4853e+01  8.2196e-01 -2.7634e+02  2.1771e+03  9.7481e-01  2.5491e-05  4.0121e+06  4.0122e+06
bufoviri   F	  93914	     16	 1592.1	 164019	-3.9165	  1.1321e-01 -2.5137e+02  3.3487e+02  2.9978e+01 -4.4459e+00  1.6867e+02  2.9563e+00  7.0595e-02 -2.6230e+02  1.6618e+03  1.1085e+00  3.5607e-05  1.6952e+06  1.6953e+06
bulginqu   F	  24479	     23	   57.5	    687	-1.9442	  6.9249e-01  3.2653e+01  1.9084e+01  3.3801e+00 -2.1339e+01  1.0401e+02  2.1437e+00  3.7734e-04  2.1905e+05  2.1911e+05
bulitrun   F	  39257	     16	  572.7	  44253	-3.4198	  5.2130e-01  6.9915e+01  1.0587e+02  7.7236e-01 -5.2941e+02  1.2811e+03  2.4142e+00  7.0759e-05  6.1833e+05  6.1839e+05
bungmult   F	  80900	     16	 1383.8	  72033	-3.8575	  9.2431e-02  6.8013e+01  4.2207e+01  9.3009e-01 -2.9872e+02  1.4066e+03  1.3241e+00  3.1055e-05  1.4382e+06  1.4383e+06
buno_ema   F	  31496	     20	   47.0	   5279	-1.7854	  8.3902e-01 -5.3835e+01  9.7120e+01  2.0432e+01  2.5937e+01  7.7190e+01  7.1170e-01  1.0330e-01 -3.5123e+02  5.4898e+02  5.1478e+00  3.8351e-04  2.5863e+05  2.5872e+05
bursxylo   F	  70359	     28	   76.2	   3865	-2.5461	  3.5261e-01  1.8329e+01  1.8424e+01  4.6947e+00  5.4787e+01  1.8722e+01  9.1820e-01  3.6604e-01 -2.2961e+02  5.6374e+02  2.4375e+00  1.5014e-04  8.2429e+05  8.2439e+05
bussfusc   F	  29535	     16	  579.3	  20225	-3.4614	  6.2923e-02  5.3117e+01  2.7195e+01  3.4835e+00 -3.2111e+01  1.6588e+02  1.2165e+00  3.1145e-01 -3.3282e+02  1.0482e+03  1.6882e+00  1.0117e-04  4.7098e+05  4.7107e+05
bysscera   F	  18374	     16	   65.7	   1149	-2.0775	  7.2887e-01  2.5979e+01  3.2725e+01  3.7312e+00 -3.2903e+01  1.2114e+02  1.7489e+00  4.9647e-04  1.7576e+05  1.7581e+05
bysscirc   F	  30278	     23	   56.8	    937	-1.9555	  6.2396e-01  3.2759e+01  1.7967e+01  3.8109e+00 -3.0354e+01  1.0641e+02  2.8051e+00  3.5885e-01  9.6067e+01  3.0209e+02  1.2249e+00  3.0521e-04  2.7270e+05  2.7280e+05
byssspec   F	  21632	     34	   61.9	   4928	-1.9835	  8.6563e-01  2.7253e+01  2.9569e+01  3.5547e+00  1.1919e+01  1.5072e+02  9.3901e-01  4.2665e-04  1.9634e+05  1.9640e+05
cadogreg   F	  30627	     17	   56.0	    444	-1.8572	  7.0345e-01  3.0943e+01  1.9335e+01  3.9975e+00 -7.0515e+02  7.9075e+02  2.6763e+01  2.6929e-01  7.2469e+01  1.7571e+02  2.1342e+00  4.3842e-04  2.6186e+05  2.6196e+05
cadospec   F	  51101	     23	   57.3	    604	-1.9601	  6.1175e-01  3.4806e+01  1.5912e+01  3.1451e+00 -1.2105e+01  8.7378e+01  2.2251e+00  2.4599e-04  4.6164e+05  4.6171e+05
caenanga   F	  61853	     26	  106.3	   8814	-2.6865	  4.0825e-01 -6.4953e+01  1.1313e+02  2.5470e+01 -2.1278e+02  2.8366e+02  1.3502e+01  8.0593e-02 -7.1243e+01  3.6766e+02  1.4513e+00  1.2529e-04  7.6500e+05  7.6510e+05
caenbren   F	 255487	     16	   54.1	   5040	-2.3191	  5.3132e-01 -7.0570e+00  5.3117e+01  1.6933e+01 -7.0254e+00  1.3380e+02  1.3489e+00  3.7181e-01  2.0062e+02  3.6067e+02  1.4474e+00  2.0569e-04  2.7252e+06  2.7253e+06
caenbrig   F	 109759	     16	   58.8	   6297	-2.4861	  3.4312e-01  1.6271e+01  2.9802e+01  1.1932e+01  3.8454e+01  9.0693e+00  9.6985e-01  2.2712e-01 -1.8732e+02  4.8799e+02  1.7520e+00  1.5907e-04  1.2580e+06  1.2582e+06
caeneleg   F	 113282	     18	   67.5	   6041	-2.5040	  4.7405e-01 -6.5123e+01  1.1174e+02  3.0000e+01 -2.1207e+02  2.8432e+02  1.4502e+01  9.9604e-02 -7.1253e+01  3.6759e+02  1.5794e+00  1.1007e-04  1.3071e+06  1.3072e+06
caenjapo   F	 158178	     16	   82.1	   5445	-2.7157	  4.9236e-01  2.1755e+01  2.5890e+01  4.7643e+00 -3.6306e+01  2.3812e+02  1.4834e+00  2.8664e-01 -2.5854e+03  3.6416e+03  5.7774e+00  8.7774e-05  1.9780e+06  1.9781e+06
caenkama   F	  14829	     17	   62.1	   4593	-2.4309	  4.9712e-01 -6.5148e+01  1.1150e+02  3.0000e+01 -1.9606e+02  2.8527e+02  8.4475e+00  1.4290e-01 -3.9380e+01  3.3474e+02  1.6250e+00  2.4705e-04  1.6566e+05  1.6574e+05
caenrema   F	 124922	     16	   52.8	   3958	-2.2801	  5.5492e-01 -5.5096e+01  1.0138e+02  2.9892e+01 -3.1405e+02  3.8725e+02  1.1277e+01  1.9471e-01 -1.7145e+02  5.9594e+02  2.0165e+00  3.0457e-04  1.3079e+06  1.3080e+06
caensini   F	 146420	     26	   54.7	   3231	-2.3003	  5.2357e-01 -7.1212e+00  5.2996e+01  1.7143e+01 -7.0286e+00  1.3382e+02  1.4837e+00  3.8422e-01  2.0059e+02  3.6066e+02  1.8962e+00  2.8529e-04  1.5460e+06  1.5461e+06
caentrop   F	  89785	     23	   48.5	   3263	-2.0621	  6.3656e-01 -2.6850e+00  4.6925e+01  1.7077e+01 -3.6248e+02  4.3490e+02  1.8815e+01  1.1331e-01 -1.0352e+02  3.8640e+02  1.8028e+00  3.4447e-04  8.5154e+05  8.5164e+05
caerdarw   F	  87495	     16	 1242.0	  58693	-3.7822	  9.6567e-02  6.2551e+01  3.0075e+01  1.6255e+00 -3.3529e+02  1.3164e+03  1.3657e+00  3.4208e-05  1.5279e+06  1.5279e+06
caerextr   F	  54414	     16	 1198.0	  27779	-3.6938	  1.2469e-01  6.6053e+01  3.1198e+01  1.1264e+00 -4.6245e+02  1.4783e+03  1.7541e+00  4.8951e-05  9.2623e+05  9.2630e+05
caferoen   F	   9233	     16	  194.6	 211393	-2.9322	  8.2304e-01 -2.9736e+00  1.5902e+02  2.9479e+00  1.4943e+01  2.5034e+02  3.4466e-01  3.3563e-04  1.2775e+05  1.2780e+05
cairmosc   F	 109836	     16	  983.3	 151247	-3.8046	  8.8377e-02  5.1506e+01  4.2641e+01  1.9464e+00 -7.3587e+01  8.5492e+02  1.0052e+00  2.4254e-05  1.9254e+06  1.9255e+06
cajacaja   F	 140211	     16	  241.1	  11790	-3.0416	  4.0300e-01  3.9797e+01  5.2622e+01  2.7355e+00 -7.8268e+01  4.5294e+02  1.4390e+00  5.5155e-01 -2.0248e+02  9.8848e+02  3.7545e+00  4.0910e-05  1.9637e+06  1.9639e+06
calafinm   F	     77	     17	   63.5	   2285	-2.3888	  2.6085e-01 -4.5626e+01  9.6335e+01  3.0000e+01 -1.9795e+01  8.3610e+01  1.5054e+00  1.2501e-02  8.5863e+02  8.7504e+02
calaglac   F	     60	     20	   60.0	   4843	-2.3801	  3.0540e-01  4.4386e+01  2.9148e+00  7.5480e-01  3.2476e+00  5.3361e+01  1.1513e+00  1.7547e-02  6.6781e+02  6.8247e+02
calcther   F	  38531	     23	   69.4	    456	-1.7518	  9.3435e-01  1.6123e+01  4.9185e+01  6.0270e+00 -1.9627e+00  1.0047e+02  1.6709e+00  3.3385e-04  3.1078e+05  3.1084e+05
calidaub   F	  70181	     16	 2004.9	  49994	-3.7485	  1.9051e-01 -9.2805e+01  1.3031e+02  3.0000e+01 -3.7452e+00  2.5603e+02  7.2336e-01  1.1612e-01 -2.2107e+03  4.6430e+03  2.3290e+00  5.2869e-05  1.2157e+06  1.2158e+06
caliorie   F	  18928	     37	   61.9	    747	-1.9906	  6.2144e-01  2.2641e+01  3.1213e+01  5.0738e+00  9.8762e+00  7.3071e+01  1.8697e+00  4.9656e-04  1.7349e+05  1.7355e+05
calipugn   F	 176297	     28	 1030.8	 116948	-3.7956	  1.0156e-01  5.5965e+01  4.2881e+01  1.6514e+00 -9.3869e+01  9.3678e+02  1.0747e+00  1.8380e-05  3.0813e+06  3.0814e+06
caliroge   F	  23003	     16	  803.9	  39945	-3.4760	  2.2092e-01  2.5677e+01  3.6221e+01  5.1765e+00 -8.7911e+01  4.6912e+02  1.1836e+00  2.7151e-01 -2.3333e+01  1.1381e+03  1.3898e+00  1.0975e-04  3.6796e+05  3.6805e+05
calljacc   F	 261555	     16	 1887.4	 491983	-4.1208	  1.9443e-01  6.5433e+01  7.7474e+01  6.8592e-01 -2.0033e+02  1.8412e+03  9.2690e-01  1.3701e-05  4.9565e+06  4.9566e+06
calllyra   F	 148027	     16	  311.5	 106075	-3.2837	  3.8647e-01  3.6214e+01  3.1742e+01  2.7530e+00 -8.9428e+01  6.9971e+02  9.5691e-01  6.1353e-01 -4.9408e+02  2.6894e+03  1.6931e-01  5.6730e-05  2.2387e+06  2.2388e+06
callmacu   F	  67522	     16	 2187.6	 581068	-4.1638	  4.8065e-02  3.1518e+01  2.4345e+01  5.5944e+00 -6.1463e+00  2.4231e+02  7.3836e-01  3.1958e-01 -1.9738e+02  2.8329e+03  9.5134e-01  2.9075e-05  1.2954e+06  1.2955e+06
callmili   F	 181397	     18	  983.7	  80628	-3.7510	  4.8692e-02  6.1662e+01  4.1848e+01  1.7066e+00 -8.1506e+01  8.4493e+02  1.1506e+00  1.9718e-05  3.1336e+06  3.1337e+06
callsapi   F	  47058	     16	  540.1	 995120	-3.6753	  2.8523e-01 -1.2232e+03  1.5263e+03  7.4459e+00  6.1689e+01  3.9167e+02  6.3252e-01  5.0429e-05  7.9722e+05  7.9728e+05
callursi   F	 222052	     30	 1422.5	 185470	-3.9564	  7.3975e-02  4.8053e+01  4.2987e+01  2.6953e+00 -2.0494e+00  3.4632e+02  1.1244e+00  2.7879e-01 -2.5353e+02  1.9731e+03  1.0800e+00  1.3718e-05  4.0444e+06  4.0445e+06
callvici   F	  54708	     28	  144.7	 262645	-3.2907	  4.0747e-01 -1.3781e+02  2.0108e+02  3.0000e+01  2.7998e+01  1.2938e+02  8.7781e-01  2.6294e-01 -7.2246e+02  4.6279e+03  1.0514e+00  5.3191e-05  8.2895e+05  8.2905e+05
callvomi   F	  16953	     16	  100.7	 137841	-3.1354	  4.6970e-01 -1.6176e+01  8.0605e+01  1.1170e+01 -2.9141e+01  2.0505e+02  1.1325e+00  2.3858e-01 -7.2640e+02  4.1839e+03  1.1681e+00  1.3786e-04  2.4469e+05  2.4478e+05
callvulg   F	     12	     81	 1147.0	 344515	-3.4247	  2.1860e-01  8.0900e+01  3.1715e+00  3.2482e-01 -6.5212e+02  1.4411e+03  2.5415e+00  7.9442e-02  1.9313e+02  1.9652e+02
calocorn   F	  50363	     23	   52.8	    427	-1.5401	  8.6857e-01  2.9533e+01  2.0972e+01  5.8405e+00 -1.3203e+01  8.6329e+01  1.9960e+00  6.0593e-04  3.5702e+05  3.5708e+05
calofulg   F	  39974	     23	   76.3	    742	-2.1613	  3.8200e-02 -3.3082e+01  6.5336e+01  7.4861e+00  3.4236e+01  3.4544e+01  1.7410e+00  3.4091e-04  3.9768e+05  3.9774e+05
calonico   F	 184768	     30	  926.5	 108241	-3.7445	  1.1429e-01  5.1771e+01  4.0073e+01  1.7596e+00 -7.2356e+01  8.4318e+02  1.0656e+00  1.9474e-05  3.1857e+06  3.1857e+06
caloproc   F	  60202	     16	  194.3	  18070	-2.9365	  5.3287e-01  5.4246e+01  4.4580e+01  1.5823e+00 -1.2645e+01  3.1913e+02  8.0765e-01  1.3177e-01 -1.2893e+03  1.7342e+03  6.6326e+00  9.1941e-05  8.1428e+05  8.1438e+05
calopulc   F	  21775	     47	   76.1	   1037	-2.2208	  8.6834e-01  3.8104e+01  2.6427e+01  1.7269e+00 -1.8533e+02  4.1657e+02  3.3953e+00  3.1327e-04  2.2267e+05  2.2273e+05
calosple   F	  28449	     16	 1345.5	  92242	-3.7772	  9.7861e-02 -1.6488e+02  2.4536e+02  3.0000e+01  3.3867e+01  8.9820e+01  1.3875e+00  1.9902e-01 -4.1748e+02  1.9472e+03  1.2803e+00  6.3428e-05  4.9549e+05  4.9558e+05
calovisc   F	  49590	     23	   52.3	    442	-1.4379	  9.0024e-01  1.4473e+01  3.5742e+01  1.0801e+01 -4.1868e+01  1.0623e+02  3.3028e+00  9.0890e-02  6.1365e+01  2.7486e+02  1.1676e+00  5.0587e-04  3.2784e+05  3.2794e+05
calvcrux   F	  49234	     16	  515.1	   7396	-3.2417	  1.0633e-01 -7.6018e+01  1.6462e+02  2.3839e+01  1.7122e+01  9.0275e+01  3.8657e+00  1.1621e-01 -4.0745e+02  9.2961e+02  2.3705e+00  7.8875e-05  7.3572e+05  7.3581e+05
calyanna   F	 165944	     28	  949.9	 108761	-3.7584	  9.8724e-02  5.3717e+01  4.1380e+01  1.7761e+00 -8.0092e+01  8.5068e+02  1.0701e+00  1.9672e-05  2.8715e+06  2.8716e+06
camaparv   F	 172215	     29	  915.1	 103687	-3.7405	  9.9137e-02  5.1341e+01  3.8713e+01  1.9504e+00 -7.5454e+01  8.2362e+02  1.0734e+00  2.0252e-05  2.9670e+06  2.9671e+06
camebact   F	 165124	     16	 1416.4	 220397	-3.9667	  7.4251e-02  5.6654e+01  3.6522e+01  1.9072e+00 -9.1691e+01  3.3832e+02  2.1936e+00  1.3288e-01 -1.8079e+02  1.5693e+03  1.0238e+00  1.6507e-05  3.0157e+06  3.0158e+06
camedrom   F	 216091	     16	 1409.8	 275823	-3.9824	  5.7146e-02  3.1388e+01  5.7022e+01  4.3554e+00  3.2774e+01  2.3461e+02  1.0059e+00  1.9576e-01 -1.7078e+02  1.5713e+03  9.7436e-01  1.2862e-05  3.9621e+06  3.9622e+06
cameferu   F	 233649	     30	 1375.3	 213672	-3.9549	  6.8919e-02  4.4723e+01  4.5513e+01  2.9693e+00  1.4911e+01  3.2062e+02  1.0502e+00  2.6548e-01 -1.8962e+02  1.7560e+03  1.0301e+00  1.2894e-05  4.2539e+06  4.2540e+06
cameolei   F	  82963	     16	  483.0	 637071	-3.4790	  2.9863e-01  4.7053e+01  4.8246e+01  2.4998e+00 -3.6714e+02  9.8176e+02  1.7750e+00  3.6002e-01  4.1913e+01  4.9957e+02  5.8970e-01  3.6302e-05  1.3332e+06  1.3333e+06
camesati   F	 381251	     16	  106.7	   2871	-2.4524	  5.9009e-01 -1.3368e+01  1.0213e+02  8.2843e+00 -3.9590e+01  2.2647e+02  1.7233e+00  6.9160e-05  4.3074e+06  4.3075e+06
camesine   F	 252607	     16	  401.7	  78499	-3.4136	  3.0606e-02  2.3864e+00  3.0537e+01  1.7457e+00  4.6729e+01  5.1395e+01  2.1163e+00  3.4037e-01 -7.1033e+01  7.1888e+02  1.0291e+00  2.5213e-05  3.9697e+06  3.9698e+06
campauge   F	  32678	     16	 1815.3	  64106	-3.8907	  7.2946e-02  3.6813e+01  2.6687e+01  3.2776e+00 -1.0848e+03  2.4379e+03  2.2716e+00  8.3053e-01  1.1132e+03  4.8413e+03  1.1834e+00  6.0638e-05  5.8616e+05  5.8625e+05
campfell   F	  69286	     16	  248.3	 172877	-3.2621	  2.4328e-01 -2.8802e+02  3.6741e+02  3.0000e+01  2.3190e+01  1.6407e+02  1.1603e+00  4.5727e-01 -6.6207e+01  8.8883e+02  7.8038e-01  4.8376e-05  1.0401e+06  1.0402e+06
campflor   F	  88481	     31	  245.8	 100794	-3.2324	  2.3345e-01 -2.8914e+02  3.6868e+02  3.0000e+01  1.1228e+01  1.9399e+02  1.1814e+00  5.8467e-01 -1.3302e+02  1.6672e+03  8.9104e-01  4.4519e-05  1.3175e+06  1.3176e+06
cananota   F	  19445	     16	   66.8	    863	-1.9824	  8.2306e-01  2.8530e+01  3.1939e+01  3.1656e+00 -1.7470e+00  8.1038e+01  1.5023e+00  3.7675e-04  1.7753e+05  1.7759e+05
cancbore   F	  55545	     16	  444.8	  61900	-3.4041	  2.2277e-01 -2.5052e+03  2.8673e+03  3.0000e+01 -2.9241e+01  3.7547e+02  9.8776e-01  1.0252e-04  8.8961e+05  8.8967e+05
candafri   F	    661	     18	 1076.5	 156551	-3.8598	  1.2027e-01 -2.2821e+02  2.9950e+02  3.0000e+01 -7.9142e+00  1.6345e+02  8.6482e-01  4.3511e-01 -6.3567e+02  4.8304e+03  1.3623e+00  1.5086e-03  1.1810e+04  1.1860e+04
candalbi   F	    748	     16	  387.0	  75431	-3.5479	  1.2972e-01  1.1707e+01  6.0748e+01  6.6370e+00 -9.7302e+00  1.3894e+02  9.1384e-01  5.2589e-01 -1.1469e+03  3.5510e+03  1.5083e+00  1.4563e-03  1.2288e+04  1.2339e+04
candarab   F	   1812	     23	   95.6	   4953	-2.6195	  1.9954e-01 -2.3613e+02  3.0904e+02  3.0000e+01 -3.2051e+00  9.1532e+01  1.2708e+00  2.1956e-03  2.1830e+04  2.1869e+04
candaspe   F	 184995	     30	 1351.2	  91719	-3.8722	  8.7652e-02  6.8951e+01  4.4341e+01  8.6770e-01 -1.9585e+02  1.2717e+03  1.2212e+00  1.7587e-05  3.2994e+06  3.2994e+06
candauri   F	    496	     42	   56.1	   1315	-2.0924	  6.8796e-01  3.5330e+01  1.3854e+01  2.7411e+00 -2.6225e+01  1.6268e+02  1.7842e+00  2.1792e-01 -1.4731e+03  1.7205e+03  3.0000e+01  4.2657e-03  4.8140e+03  4.8602e+03
candcase   F	   1014	     20	   72.4	   3785	-2.4771	  2.5461e-01  1.3856e+01  3.8001e+01  6.0616e+00 -1.6193e+00  7.6101e+01  1.2800e+00  2.1335e-03  1.1569e+04  1.1603e+04
canddubl   F	    329	     35	   87.4	    998	-2.3445	  6.8495e-01 -2.8510e+02  3.5726e+02  2.6596e+01 -6.6379e+02  8.7652e+02  6.4664e+00  4.3365e-03  3.5680e+03  3.5946e+03
candduob   F	   1678	     20	   44.6	 128206	-2.5295	  1.0057e-01  3.0170e+01  1.3861e+01  1.2995e+01  1.8277e+01  1.8784e+01  5.8783e-01  4.5499e-03  1.9327e+04  1.9365e+04
candglab   F	    103	     63	  266.0	   1780	-2.9306	  6.0127e-01 -1.0806e+02  2.4088e+02  3.9902e+00 -1.6675e+01  5.9799e+02  4.0047e+00  9.2862e-03  1.4029e+03  1.4214e+03
candhaem   F	   1137	     20	   83.2	   2177	-2.6768	  5.6035e-01  7.3335e+00  2.8051e+01  1.8165e+00  6.0857e+01  1.7449e+01  1.8714e-06  1.6702e-08 -2.7108e+02  5.5549e+02  3.0430e+00  3.2910e-03  1.4204e+04  1.4260e+04
candjiuf   F	    550	     43	   87.5	   1501	-2.4591	  4.9952e-01 -2.0928e+02  2.6912e+02  2.9994e+01 -9.1701e+01  2.6639e+02  2.5727e+00  2.6498e-03  6.2352e+03  6.2653e+03
candmalt   F	    425	     49	   95.2	    725	-2.3655	  6.0592e-01  3.7076e+01  2.5878e+01  2.0407e+00 -1.3939e+02  3.1196e+02  4.4366e+00  3.3839e-03  4.6356e+03  4.6640e+03
candmarg   F	    690	     40	  150.5	   1369	-2.6635	  2.5999e-01  3.2799e+01  2.6674e+01  3.9674e+00 -1.5640e+01  1.1435e+02  2.2941e+00  3.6200e-01 -2.9304e+02  6.0958e+02  4.5764e+00  1.7562e-03  8.4835e+03  8.5334e+03
candmeta   F	    756	     40	  135.0	   1442	-2.6270	  2.3635e-01  3.2256e+01  2.4861e+01  3.5850e+00  1.2465e+01  5.6270e+01  2.2258e+00  2.8505e-01 -2.4547e+02  5.0006e+02  3.7815e+00  1.6617e-03  9.1606e+03  9.2115e+03
candorth   F	    335	     40	   62.8	   1013	-2.1177	  7.2986e-01  3.7812e+01  1.7845e+01  2.8647e+00 -3.6089e+02  5.7085e+02  4.5318e+00  5.2002e-03  3.2782e+03  3.3049e+03
candoxyc   F	    832	     42	  214.0	   1618	-2.8500	  5.0334e-01  1.5482e+01  6.8715e+01  2.0275e+00 -1.1264e+03  1.4952e+03  7.8702e+00  1.4234e-03  1.0931e+04  1.0965e+04
candpara   F	    338	     48	   68.1	    906	-2.1764	  7.5379e-01  4.0561e+01  1.7641e+01  2.1912e+00 -4.3043e+02  6.7924e+02  5.7867e+00  4.3655e-03  3.4041e+03  3.4308e+03
candpse1   F	    896	     20	  236.7	   3175	-2.8894	  3.7011e-01 -1.1251e+00  3.6739e+01  2.9807e+00  4.2289e+01  6.6432e+00  4.4190e-08  1.2317e-07 -2.2560e+02  5.5133e+02  2.6562e+00  2.4338e-03  1.2039e+04  1.2092e+04
candpseu   F	    891	     20	  237.2	   3001	-2.8477	  3.4461e-01  4.1491e+00  3.1927e+01  2.1299e+00  4.2900e+01  5.0911e-01  5.6751e-01  6.0959e-02 -2.4398e+02  5.6384e+02  2.7839e+00  3.2332e-03  1.1871e+04  1.1923e+04
candsubh   F	    934	     40	  124.0	   2325	-2.6501	  3.3493e-02  3.8755e+01  5.2844e+00  8.9332e-01 -1.3972e+02  2.0493e+02  2.0478e+01  3.9863e-01 -1.0017e+02  3.1016e+02  2.3134e+00  1.6042e-03  1.1407e+04  1.1461e+04
candtanz   F	   1346	     23	   82.5	   3561	-2.5022	  2.1892e-01  4.0248e+01  7.2618e+00  8.5435e-01  1.4402e+00  7.3361e+01  1.3651e+00  3.5755e-03  1.5503e+04  1.5540e+04
candtenu   F	   1023	     24	  129.9	 153075	-3.0654	  1.2900e-01 -2.4054e+01  7.7355e+01  1.4152e+01 -1.7950e+01  8.9188e+01  2.0163e+00  5.0341e-01 -2.8576e+01  5.5573e+02  7.6367e-01  1.5341e-03  1.4476e+04  1.4530e+04
candthea   F	    746	     40	  172.0	   1395	-2.7001	  4.1312e-01  2.0644e+01  4.4359e+01  3.3491e+00 -4.9276e+02  7.5058e+02  5.1633e+00  1.6905e-03  9.2882e+03  9.3205e+03
candtrop   F	     31	     44	  111.0	   2206	-2.5529	  2.5926e-01 -7.3635e+01  1.4452e+02  3.0000e+01 -3.7465e+01  1.6190e+02  1.9002e+00  2.8951e-02  3.7541e+02  3.8545e+02
candunif   F	 121043	     16	 2040.1	 282335	-3.9139	  1.7043e-01  1.2621e+01  2.0877e+02  4.8750e-01 -1.2799e+03  3.0405e+03  2.7568e+00  2.5684e-05  2.1803e+06  2.1803e+06
canilup1   F	 280701	     30	 1661.5	 311114	-4.0651	  6.2681e-02  9.5036e+00  8.1959e+01  5.1626e+00  7.2737e-01  4.2768e+02  1.0007e+00  3.5426e-01 -2.9148e+02  2.5419e+03  1.0101e+00  1.1009e-05  5.2512e+06  5.2514e+06
canilup2   F	 278621	     22	 1625.0	 224414	-4.0413	  1.4362e-01  6.5291e+01  5.1566e+01  8.3774e-01 -1.0854e+02  8.3552e+02  1.1723e+00  4.6630e-01 -5.3123e+02  3.8398e+03  1.1113e+00  1.1505e-05  5.1872e+06  5.1873e+06
canilup3   F	 280275	     23	 1629.2	 207627	-4.0475	  1.5370e-01  6.4428e+01  5.6152e+01  8.3516e-01 -1.5196e+02  1.0455e+03  1.1730e+00  5.9367e-01 -6.0382e+02  5.8714e+03  1.1858e+00  1.1897e-05  5.2216e+06  5.2217e+06
canilup4   F	 294410	     30	 1705.2	 498501	-4.0887	  1.8913e-01  6.4853e+01  7.6079e+01  7.1654e-01 -1.2799e+02  1.6051e+03  8.9881e-01  1.2534e-05  5.5319e+06  5.5319e+06
canilupu   F	 280332	     23	 1629.6	 254281	-4.0491	  7.6791e-02  4.8841e+01  4.5433e+01  2.3021e+00 -3.5203e+01  5.8086e+02  1.0474e+00  4.5065e-01 -4.1046e+02  3.1586e+03  1.0733e+00  1.0810e-05  5.2234e+06  5.2235e+06
cannsati   F	 117082	     16	  157.0	   8567	-2.8530	  4.4169e-01  3.1918e+01  6.0702e+01  3.8258e+00 -7.1452e+01  3.4895e+02  1.4680e+00  5.0870e-05  1.5389e+06  1.5389e+06
cantanzu   F	 110741	     23	   58.5	    490	-1.7539	  8.5274e-01  2.8176e+01  2.6740e+01  4.2903e+00 -7.3045e+00  7.4895e+01  1.7777e+00  2.5884e-04  8.9387e+05  8.9394e+05
capimite   F	  83126	     16	  684.7	 103539	-3.6510	  3.5586e-01 -7.9936e+02  1.1645e+03  9.3823e+00 -2.2216e+02  1.1401e+03  1.0762e+00  3.2533e-05  1.3999e+06  1.3999e+06
capitele   F	 137273	     16	   61.8	   9840	-2.4503	  5.1996e-01 -2.5010e+00  5.4551e+01  1.3274e+01 -2.4002e+01  9.9152e+01  2.6405e+00  1.4785e-01 -7.7546e+01  4.1746e+02  1.3223e+00  1.1784e-04  1.5487e+06  1.5488e+06
caprcaro   F	 109626	     30	  948.6	  32974	-3.6500	  8.9780e-02  6.1470e+01  4.2296e+01  1.2491e+00 -2.2876e+02  1.0054e+03  1.4886e+00  2.9230e-05  1.8424e+06  1.8424e+06
caprcoro   F	  11180	     23	   59.1	    451	-1.9036	  7.1851e-01  3.3049e+01  2.0085e+01  3.2898e+00 -3.6549e+01  1.2051e+02  2.8804e+00  5.9777e-04  9.7956e+04  9.8008e+04
caprepim   F	  13649	     23	   62.1	    489	-2.0072	  6.5055e-01  3.2975e+01  2.0598e+01  3.0839e+00 -3.1136e+02  3.9584e+02  1.0823e+01  3.1349e-01  1.1916e+02  1.2965e+02  1.8560e+00  4.7453e-04  1.2618e+05  1.2626e+05
caprhirc   F	 331718	     29	 1459.0	 208695	-3.9703	  7.5267e-02  5.2581e+01  3.9515e+01  2.2695e+00 -3.9390e+01  3.5535e+02  1.3874e+00  2.3674e-01 -1.5778e+02  1.8517e+03  1.0428e+00  1.1978e-05  6.0635e+06  6.0636e+06
caprsemi   F	  16570	     23	   58.0	    434	-1.8666	  7.4813e-01  3.4576e+01  1.7840e+01  2.9941e+00 -2.1476e+01  1.0734e+02  2.7154e+00  5.9773e-04  1.4240e+05  1.4245e+05
caprsuma   F	 188064	     30	 1340.4	 160929	-3.9210	  8.0960e-02  4.9441e+01  4.1220e+01  2.5124e+00 -3.1250e+01  3.4291e+02  1.3113e+00  2.6432e-01 -2.1261e+02  1.8718e+03  1.0970e+00  1.5815e-05  3.3948e+06  3.3949e+06
capsannu   F	 161654	     16	  359.8	  40614	-3.2928	  1.9660e-01 -9.8709e+01  1.8450e+02  1.6074e+01 -6.7010e+01  1.7947e+02  5.2429e+00  1.5801e-01 -1.1045e+02  6.5553e+02  1.1762e+00  2.5673e-05  2.4515e+06  2.4516e+06
capschin   F	 100554	     16	  396.3	  58828	-3.3549	  3.2704e-01  4.6492e+01  4.5281e+01  2.3396e+00  1.8619e+01  3.3641e+02  5.9601e-01  1.1693e-09 -1.0816e+02  6.5486e+02  1.0886e+00  3.8485e-05  1.5544e+06  1.5545e+06
capsgran   F	 108597	     16	  103.1	   1342	-2.3583	  6.2363e-01 -1.4680e+01  1.0244e+02  8.5946e+00 -1.2471e+02  3.0672e+02  2.7575e+00  1.4339e-04  1.1791e+06  1.1792e+06
capsowcz   F	  63132	     17	  105.4	   1314	-2.3390	  8.4522e-01 -7.1730e+01  1.6276e+02  7.3140e+00 -5.6381e+02  8.4861e+02  4.3010e+00  2.1839e-04  6.8056e+05  6.8062e+05
capsrube   F	 129554	     28	  105.0	   1654	-2.3900	  6.0312e-01 -6.3667e+01  1.5133e+02  1.2598e+01 -6.0788e+01  2.4716e+02  2.2548e+00  1.2007e-04  1.4255e+06  1.4256e+06
caraaura   F	 531065	     16	  393.0	  44899	-3.3458	  2.3328e-01 -2.3838e+02  3.2338e+02  2.9188e+01  8.1804e+01  8.1180e+01  1.0671e+00  2.4845e-01 -1.3887e+02  9.4164e+02  1.2145e+00  1.4791e-05  8.1819e+06  8.1820e+06
caracara   F	 430962	     22	  422.9	  73141	-3.4071	  2.2222e-01 -2.4160e+02  3.2674e+02  2.9797e+01  7.7847e+01  7.2934e+01  1.2975e+00  1.9225e-01 -1.2016e+02  8.7563e+02  1.0761e+00  1.4649e-05  6.7611e+06  6.7612e+06
caragibe   F	 468851	     17	  411.9	  61178	-3.3810	  2.2592e-01 -2.4176e+02  3.2685e+02  2.9622e+01  8.3313e+01  7.2609e+01  1.1050e+00  2.1918e-01 -1.0916e+02  8.7723e+02  1.1141e+00  1.4398e-05  7.2997e+06  7.2998e+06
carccarc   F	 214441	     30	 3122.7	 425685	-4.2938	  7.2273e-02  7.1828e+01  5.0449e+01  7.5247e-01 -3.5890e+02  2.6340e+03  1.0296e+00  1.1838e-05  4.2356e+06  4.2357e+06
carcrotu   F	  81666	     19	 1867.1	  56283	-3.9673	  4.8800e-01 -1.3697e+02  7.6596e+02  1.3747e+00 -1.0783e+03  3.6199e+03  1.7851e+00  2.8611e-05  1.4918e+06  1.4918e+06
cardcion   F	  10972	     27	  258.2	   1300	-2.8284	  3.3098e-01  3.6712e+01  6.9849e+01  1.8012e+00 -1.0777e+03  1.3645e+03  9.6104e+00  3.5671e-04  1.4281e+05  1.4286e+05
cardhirs   F	  90241	     16	   98.2	   1460	-2.3246	  6.3972e-01 -1.1874e+02  2.0345e+02  1.8448e+01 -7.7414e+01  2.6176e+02  2.4117e+00  2.0123e-04  9.6559e+05  9.6565e+05
cardobsc   F	  79919	     36	  152.3	 110623	-3.0260	  2.7000e-01 -2.7541e+02  3.5322e+02  3.0000e+01  1.4339e+01  1.2022e+02  1.5948e+00  5.0858e-01 -9.1417e+01  1.2908e+03  8.4937e-01  6.2332e-05  1.1136e+06  1.1137e+06
carecare   F	 229162	     18	 1732.0	 387055	-4.0840	  4.8018e-02  6.6760e+01  3.7154e+01  1.0806e+00 -8.9845e+01  1.3165e+03  9.2314e-01  1.5683e-05  4.3044e+06  4.3045e+06
caricris   F	 114513	     28	  966.3	  37021	-3.6673	  8.5841e-02  6.3613e+01  4.1265e+01  1.1526e+00 -2.0944e+02  9.9247e+02  1.4381e+00  2.8116e-05  1.9336e+06  1.9336e+06
carimult   F	   4439	     16	  436.9	   5868	-3.2104	  3.5790e-02  1.3372e+01  1.3768e+01  1.0028e+00 -2.5113e+02  5.9182e+02  2.2587e+00  3.8213e-04  6.5682e+04  6.5727e+04
caripapa   F	  91410	     30	  226.5	  16538	-3.0499	  4.2112e-01  3.4916e+01  5.9158e+01  2.8585e+00 -4.6827e+01  4.2791e+02  1.2796e+00  5.4118e-01 -3.9750e+02  1.1052e+03  4.9093e+00  5.1853e-05  1.2835e+06  1.2836e+06
carlsyri   F	 174821	     30	 1574.8	 135632	-3.9631	  5.5832e-02 -1.1269e+02  2.0059e+02  1.6205e+01 -1.1940e+01  2.9002e+02  1.2343e+00  2.5406e-01 -3.4549e+02  2.1640e+03  1.1955e+00  1.6692e-05  3.1896e+06  3.1897e+06
carpmemb   F	   2514	     16	   33.2	  62126	-2.3054	  2.8498e-02 -5.2077e+01  7.7512e+01  2.1180e+01  2.7900e+01  2.5160e+00  3.3292e-01  1.2960e-02  2.6484e+04  2.6524e+04
carycath   F	  96894	     16	  306.2	  52227	-3.1887	  9.8558e-03  4.0344e+01  4.2700e+01  9.5566e+00  3.3019e+01  6.4763e+01  2.8433e+00  3.6262e-01 -8.3636e+01  5.4382e+02  1.2787e+00  3.9659e-05  1.4241e+06  1.4242e+06
caryilli   F	 163203	     16	  271.0	  19393	-3.1347	  3.8247e-01  4.2117e+01  5.6305e+01  2.3648e+00 -8.1462e+01  4.6204e+02  1.2489e+00  5.3727e-01 -9.3090e+02  1.6614e+03  5.9498e+00  3.2866e-05  2.3563e+06  2.3564e+06
cassandr   F	  79937	     16	  781.5	  27380	-3.5438	  5.4353e-11 -2.5487e+03  3.0732e+03  7.3925e+00 -1.3875e+02  6.9789e+02  1.4412e+00  4.4736e-05  1.3038e+06  1.3038e+06
castcana   F	 175597	     30	 1271.0	 114200	-3.8705	  1.0947e-01  5.6797e+01  3.7585e+01  1.6264e+00 -4.4746e+02  7.0990e+02  4.7209e+00  1.6184e-01 -1.9920e+02  1.6675e+03  1.1774e+00  1.8411e-05  3.1283e+06  3.1284e+06
castcren   F	  97870	     16	  356.6	  55896	-3.3004	  2.6399e-01  3.5372e+01  5.6442e+01  3.4609e+00 -8.8533e+00  1.2754e+02  5.8249e+00  6.3540e-02 -4.5423e+01  5.2711e+02  1.0500e+00  3.5427e-05  1.4896e+06  1.4897e+06
casuequi   F	  94884	     16	  293.1	 259745	-3.1281	  3.7827e-01  4.0446e+01  5.3740e+01  2.6654e+00 -1.2447e+03  1.6977e+03  5.1743e+00  3.8065e-01  9.9233e+01  3.9497e+02  5.9573e-01  4.1352e-05  1.4049e+06  1.4050e+06
cataalbi   F	  45149	     16	  198.4	  88462	-3.1183	  2.8980e-01 -2.9298e+02  3.7441e+02  2.8127e+01 -1.2718e+02  3.1565e+02  2.4748e+00  5.0834e-01 -1.1898e+02  1.5419e+03  9.0985e-01  8.8187e-05  6.4827e+05  6.4836e+05
cataaqui   F	  50242	     29	  126.9	   7421	-2.8151	  4.0364e-01  3.4008e+01  2.6477e+01  3.5675e+00 -4.7551e+01  1.8396e+02  2.1268e+00  3.0663e-01 -1.8228e+02  8.5079e+02  1.8603e+00  1.4736e-04  6.5108e+05  6.5118e+05
catabomb   F	  48121	     17	  217.9	 142671	-3.1763	  2.9342e-01 -2.8454e+02  3.6512e+02  2.7116e+01 -1.3295e+01  2.0444e+02  1.8170e+00  4.1143e-01 -6.8625e+01  9.0039e+02  8.0342e-01  6.8184e-05  7.0355e+05  7.0365e+05
catahisp   F	  81096	     30	  233.7	 110132	-3.2168	  3.0035e-01  2.1048e+00  7.9618e+01  5.2980e+00 -1.8942e+01  2.5599e+02  1.4067e+00  5.5731e-01 -3.5487e+02  3.4389e+03  9.6653e-01  4.7432e-05  1.2011e+06  1.2012e+06
cataholg   F	  43953	     18	  215.4	 106794	-3.1760	  3.2638e-01  1.8954e+01  6.3336e+01  4.0588e+00 -2.9657e+01  2.7970e+02  1.3374e+00  5.8014e-01 -1.0272e+03  6.8106e+03  1.0658e+00  7.2827e-05  6.4265e+05  6.4275e+05
catamaur   F	  45785	     16	  220.4	 123220	-3.1791	  2.7819e-01 -2.9069e+02  3.7108e+02  2.8427e+01 -1.0917e+01  1.9637e+02  1.8111e+00  4.1996e-01 -7.8056e+01  9.0448e+02  8.3273e-01  8.5130e-05  6.7008e+05  6.7017e+05
catanige   F	  37756	     16	  172.2	  18819	-2.9520	  3.5817e-01  1.4229e+01  6.7546e+01  4.5353e+00 -2.6001e+02  4.3910e+02  3.9683e+00  4.0329e-01 -1.5543e+02  8.5058e+02  1.2414e+00  1.0221e-04  5.1339e+05  5.1348e+05
cateangu   F	  30098	     23	   78.6	   1463	-2.0902	  7.0780e-01 -3.2326e+01  1.0519e+02  1.2375e+01 -1.8761e+01  1.1796e+02  1.6042e+00  2.9220e-01 -2.0954e+03  3.6937e+03  7.0782e+00  8.9623e-04  2.8145e+05  2.8154e+05
cathrose   F	  80174	     16	  239.8	   9219	-3.0236	  3.9341e-01  4.7941e+01  4.5657e+01  2.2794e+00 -9.2342e+01  4.1598e+02  1.4758e+00  4.9108e-01 -3.5207e+02  1.0334e+03  3.7970e+00  5.5487e-05  1.1165e+06  1.1166e+06
cathustu   F	 191276	     16	  954.9	 125048	-3.7697	  1.0644e-01  5.5110e+01  3.5744e+01  1.6526e+00 -7.7933e+01  8.5735e+02  1.0401e+00  1.8513e-05  3.3200e+06  3.3201e+06
cavefasc   F	  30965	     19	   85.2	   2273	-2.3341	  5.8462e-01 -2.5882e+02  3.3372e+02  3.0000e+01 -3.8305e+01  1.4542e+02  1.5958e+00  2.0600e-04  3.3261e+05  3.3266e+05
caviporc   F	 197294	     29	 1286.2	 158121	-3.9019	  8.6938e-02  4.8097e+01  3.9703e+01  2.6105e+00 -1.4779e+01  3.4781e+02  1.1579e+00  2.9818e-01 -2.1013e+02  1.8718e+03  1.0950e+00  1.4861e-05  3.5437e+06  3.5438e+06
cebiviol   F	 231440	     20	  346.5	  33683	-3.2812	  1.1886e-01 -2.8283e+01  1.1730e+02  1.1043e+01  4.1490e+01  8.8855e+01  1.6044e+00  3.4429e-01 -8.0793e+01  7.2299e+02  1.2167e+00  2.2740e-05  3.4972e+06  3.4973e+06
cebucapu   F	 209441	     28	 1698.2	 325859	-4.0460	  2.1106e-01  6.4155e+01  7.5858e+01  7.1159e-01 -2.3483e+02  1.7596e+03  9.9088e-01  1.7854e-05  3.8925e+06  3.8926e+06
cebuimit   F	 211530	     21	 1726.3	 325726	-4.0524	  2.1703e-01  6.4656e+01  7.7042e+01  6.9897e-01 -2.3357e+02  1.8091e+03  9.9852e-01  1.7377e-05  3.9424e+06  3.9425e+06
cedrodor   F	  99823	     16	  222.2	  88060	-3.0267	  2.5799e-01 -2.0066e+00  9.3520e+01  5.7195e+00  7.2977e+01  7.1953e+01  6.0868e-01  3.8110e-01 -8.8899e+02  1.3043e+03  4.9749e+00  4.6876e-05  1.3926e+06  1.3927e+06
cencamer   F	  53773	     16	  180.0	 130361	-3.0855	  4.7883e-01  3.8893e+01  5.1101e+01  2.9418e+00 -1.7269e+02  5.5185e+02  1.8622e+00  4.5558e-01 -8.0816e+03  2.4455e+04  1.4641e+00  6.0643e-05  7.6456e+05  7.6466e+05
cenogeop   F	  35830	     24	   59.6	    948	-1.9789	  6.3358e-01  2.5474e+01  2.7513e+01  4.9061e+00 -3.1625e+02  3.9078e+02  1.1781e+01  3.1716e-01  1.2231e+02  1.2709e+02  1.1941e+00  2.1969e-04  3.2648e+05  3.2658e+05
centaffi   F	 236847	     29	  536.6	  26842	-3.4164	  3.2394e-01  6.4144e+01  6.1408e+01  1.1652e+00 -1.6148e+02  7.8009e+02  1.3992e+00  2.2593e-05  3.7266e+06  3.7267e+06
centgerr   F	 229284	     20	  532.4	  30707	-3.4246	  2.8257e-01  6.2631e+01  5.9280e+01  1.2805e+00 -1.3052e+02  7.0169e+02  1.3169e+00  2.2618e-05  3.6167e+06  3.6168e+06
centscul   F	 148059	     29	  707.7	 112637	-3.5223	  4.0397e-01  5.1793e+01  2.3397e+01  1.6586e+00 -5.6920e+02  2.2318e+03  1.2166e+00  7.9671e-05  2.4060e+06  2.4061e+06
centstri   F	 246988	     26	  721.3	  49799	-3.5126	  2.4353e-01  4.8450e+01  4.6866e+01  2.5010e+00 -2.6072e+03  2.8138e+03  3.0000e+01  1.4906e-01  9.6777e+01  9.5897e+02  1.2147e+00  2.4157e-05  3.9955e+06  3.9956e+06
centurop   F	 176849	     31	  892.9	 116255	-3.7389	  1.3071e-01  5.3385e+01  3.8959e+01  1.4294e+00 -5.8790e+01  8.2383e+02  1.0415e+00  1.9172e-05  3.0442e+06  3.0443e+06
centvitt   F	 144100	     25	  965.9	  93719	-3.5753	  3.7696e-01  5.2274e+01  2.2964e+01  1.6401e+00 -7.5135e+02  2.5581e+03  1.3359e+00  7.5926e-05  2.3797e+06  2.3798e+06
cepanemo   F	 100860	     16	 2729.8	 106159	-4.1161	  1.0379e-01  1.1494e+01  7.9758e+01  6.4185e-01 -5.0537e+02  2.7922e+03  1.4864e+00  2.3390e-05  1.9122e+06  1.9122e+06
cephalbi   F	   2676	     23	   66.7	   2130	-2.2778	  4.4917e-01  3.8624e+01  1.8729e+01  2.6301e+00 -1.3405e+00  7.2572e+01  1.3899e+00  1.6288e-03  2.8098e+04  2.8139e+04
cephcinc   F	  98799	     25	  120.5	  57723	-2.9849	  4.8393e-01 -4.4425e+01  1.1941e+02  9.0126e+00 -8.5089e+00  2.7193e+02  1.0455e+00  4.0950e-01 -5.1387e+02  3.1677e+03  1.1685e+00  7.6570e-05  1.3575e+06  1.3576e+06
cephfrag   F	   2456	     23	   66.4	   1111	-2.2185	  4.3385e-01  3.4436e+01  2.1074e+01  3.6640e+00 -1.8904e+01  9.5632e+01  1.9134e+00  1.5919e-03  2.5096e+04  2.5137e+04
cephspin   F	  42040	     25	   94.1	  31352	-2.6975	  5.9290e-01 -7.1204e+01  1.4637e+02  1.2047e+01 -2.4252e+01  2.4325e+02  1.3417e+00  3.1671e-01 -3.6735e+02  2.4123e+03  1.1516e+00  1.6378e-04  5.2200e+05  5.2210e+05
cerabiro   F	  79992	     29	  191.0	  90485	-3.1208	  2.7670e-01 -2.7305e+02  3.5381e+02  2.8429e+01 -1.0299e+01  1.7530e+02  1.6867e+00  4.8248e-01 -1.0811e+02  1.2920e+03  9.0978e-01  5.4646e-05  1.1493e+06  1.1494e+06
cerabomb   F	  23998	     26	   83.5	   1463	-2.0902	  7.0780e-01 -3.2326e+01  1.0519e+02  1.2375e+01 -1.8761e+01  1.1796e+02  1.6042e+00  2.9220e-01 -2.0954e+03  3.6937e+03  7.0782e+00  7.2269e-04  2.4009e+05  2.4017e+05
ceracalc   F	  74653	     30	  114.0	 130513	-2.9339	  4.5759e-01 -5.5450e+01  1.2605e+02  1.1956e+01  2.3755e+01  2.5646e+02  7.5127e-01  1.2465e-04  1.0080e+06  1.0081e+06
ceracapi   F	  61796	     16	  145.5	 221544	-3.2570	  4.2863e-01  1.0391e+01  5.3923e+01  5.8555e+00 -1.2264e+01  1.5873e+02  1.5538e+00  1.8530e-01 -2.9631e+02  2.2991e+03  9.4991e-01  4.3030e-05  9.2733e+05  9.2743e+05
ceraedul   F	 124944	     16	  903.3	 129265	-3.6702	  1.5883e-01  1.3387e+01  9.4775e+01  5.0822e-01 -7.9004e+02  1.6628e+03  1.2537e+02  1.9403e-07  9.8193e+01  6.8141e+02  1.2844e+00  3.3377e-05  2.1112e+06  2.1113e+06
ceraguam   F	  25611	     23	   82.4	    652	-2.0585	  7.7992e-01  2.2432e+01  5.2132e+01  4.6133e+00 -5.6442e+01  1.6464e+02  2.5862e+00  2.5327e-04  2.4271e+05  2.4277e+05
ceraluku   F	  11160	     37	   79.9	   1344	-2.2634	  3.2022e-01  2.6767e+01  3.7459e+01  4.2220e+00  1.7596e+01  6.1866e+01  1.6014e+00  5.2212e-04  1.1628e+05  1.1633e+05
ceraplat   F	  10149	     39	   85.9	   2218	-2.3609	  6.7613e-01  1.2441e+01  5.6001e+01  3.8452e+00 -1.7629e+01  1.7509e+02  1.6345e+00  3.9566e-04  1.1026e+05  1.1031e+05
cerarich   F	 145481	     16	  186.1	 660960	-3.3587	  4.1683e-01  3.7955e+01  4.8079e+01  3.1145e+00 -1.7954e+02  3.7357e+02  2.7103e+00  2.4805e-01 -2.8323e+02  2.5644e+03  7.5599e-01  2.6927e-05  2.2663e+06  2.2664e+06
cerashas   F	  12878	     18	   24.0	   2221	-1.0395	  3.0196e-08 -3.4464e+03  3.4659e+03  8.2282e+02  1.1061e+01  1.2883e+01  6.2677e+00  9.9888e-01 -2.7029e+02  1.4021e+03  1.0421e-01  6.5884e-03  8.4369e+04  8.4451e+04
cerasimu   F	 184179	     29	 1403.7	 169246	-3.9362	  7.8046e-02  5.2559e+01  3.9495e+01  2.1981e+00 -3.9391e+01  3.5535e+02  1.3617e+00  2.6070e-01 -1.5778e+02  1.8517e+03  1.0834e+00  1.5712e-05  3.3379e+06  3.3380e+06
cerasolm   F	  59837	     29	  353.4	  93295	-3.3276	  2.5613e-01 -8.5826e+01  1.6170e+02  1.3448e+01 -6.8369e+00  4.0297e+02  9.1815e-01  5.5235e-05  9.1642e+05  9.1648e+05
ceraspec   F	  95893	     23	   56.9	    509	-1.6461	  8.6084e-01  1.9229e+00  5.1856e+01  1.0791e+01 -1.2374e+01  8.6665e+01  1.8444e+00  4.7362e-04  7.2539e+05  7.2545e+05
cercatys   F	 235060	     21	 1812.9	 431540	-4.0945	  2.0668e-01  6.4663e+01  7.9271e+01  6.9913e-01 -1.9670e+02  1.8130e+03  9.4473e-01  1.5262e-05  4.4255e+06  4.4256e+06
cercbeti   F	  15680	     27	   57.0	    426	-1.7386	  8.1312e-01  2.6811e+01  2.6253e+01  5.1976e+00 -1.0079e+01  9.9868e+01  2.4467e+00  6.9253e-04  1.2553e+05  1.2558e+05
cerccaud   F	  29888	     23	   61.1	    954	-1.9776	  7.1945e-01  2.9963e+01  2.4939e+01  3.6718e+00 -5.2388e+00  9.1270e+01  1.7082e+00  2.3709e-04  2.7176e+05  2.7182e+05
cerckiku   F	  16753	     36	   56.6	    487	-1.7314	  7.4560e-01  1.0025e+01  4.2616e+01  9.1639e+00  1.8252e+01  5.4753e+01  1.8256e+00  5.5533e-04  1.3357e+05  1.3363e+05
cercnewf   F	  29417	     23	   63.1	   1013	-2.0104	  7.0731e-01  2.7278e+01  2.9247e+01  3.9474e+00 -4.7065e+00  8.9432e+01  1.6701e+00  2.3419e-04  2.7238e+05  2.7244e+05
cerczeae   F	  15905	     23	   59.7	   1083	-2.0122	  6.3473e-01  3.1623e+01  2.1991e+01  3.9671e+00 -2.0746e+00  8.2414e+01  1.6622e+00  3.9574e-04  1.4737e+05  1.4743e+05
cericera   F	  54811	     23	   53.8	    407	-1.5989	  8.7740e-01  3.5807e+01  1.5336e+01  3.6066e+00 -1.1962e+01  8.6352e+01  2.0126e+00  5.4373e-04  4.0331e+05  4.0337e+05
cerisubv   F	  63264	     23	   55.9	    548	-1.6045	  8.7456e-01 -2.0748e+01  7.3891e+01  1.6376e+01 -9.6076e+00  8.4949e+01  1.7020e+00  3.4980e-04  4.6725e+05  4.6732e+05
cerrunic   F	  68936	     23	   57.8	    478	-1.6421	  8.8216e-01  4.1330e+00  5.0498e+01  9.8434e+00 -1.7712e+01  9.6431e+01  1.9178e+00  3.0957e-04  5.2117e+05  5.2123e+05
cervcana   F	 226730	     29	 1465.0	 261016	-3.9975	  7.2555e-02  4.7063e+01  4.3950e+01  2.6576e+00 -1.2716e+00  3.4663e+02  1.0998e+00  2.6443e-01 -2.1502e+02  1.9460e+03  1.0043e+00  1.2875e-05  4.1712e+06  4.1713e+06
cervelap   F	 231744	     29	 1464.9	 263927	-3.9966	  8.0522e-02  5.3942e+01  3.8882e+01  2.0319e+00 -5.7144e+01  3.7264e+02  1.4794e+00  2.2893e-01 -1.7132e+02  1.9158e+03  1.0002e+00  1.3077e-05  4.2633e+06  4.2634e+06
cetoaura   F	  21677	     16	   76.7	  71673	-2.8979	  4.8211e-01 -8.0279e+01  1.3640e+02  2.7192e+01 -4.7418e+00  2.2910e+02  8.1185e-01  3.5000e-01  2.1522e+02  2.4131e+03  1.3509e+00  1.1108e-04  2.8912e+05  2.8921e+05
chaefime   F	  21696	     16	   65.0	    865	-2.0242	  7.2134e-01  3.3729e+01  2.4657e+01  2.8492e+00 -5.2214e+00  8.1975e+01  1.7007e+00  3.9184e-04  2.0221e+05  2.0227e+05
chaeglob   F	  22799	     19	   81.4	   1134	-2.3271	  7.1657e-01  4.2371e+01  1.9139e+01  1.4293e+00 -1.4604e+02  3.1993e+02  3.3284e+00  3.6152e-04  2.4408e+05  2.4414e+05
chaeinnu   F	  23767	     47	   67.7	    945	-2.0833	  9.0800e-01  4.0146e+01  2.0551e+01  1.7311e+00 -4.2225e+02  6.8897e+02  4.6553e+00  4.9896e-04  2.2789e+05  2.2794e+05
chaepela   F	 131552	     30	  966.0	  69839	-3.7285	  8.5096e-02  5.5753e+01  3.9978e+01  1.6627e+00 -1.2915e+02  9.0540e+02  1.1977e+00  2.3629e-05  2.2584e+06  2.2585e+06
chaestru   F	  19516	     18	   69.0	    847	-2.0652	  7.6029e-01  3.4384e+01  2.7584e+01  2.4474e+00 -1.5696e+00  7.3314e+01  1.5920e+00  3.6137e-04  1.8559e+05  1.8564e+05
chaetenu   F	  22419	     18	   66.2	   1067	-2.1016	  6.4204e-01  3.3175e+01  2.4960e+01  2.9660e+00 -6.8931e+00  8.5783e+01  1.6881e+00  3.7566e-04  2.1691e+05  2.1697e+05
chaether   F	  14034	     47	   67.8	    984	-2.1078	  8.9083e-01  3.9593e+01  2.0926e+01  1.7770e+00 -4.2223e+02  6.8899e+02  4.6166e+00  5.0757e-04  1.3615e+05  1.3620e+05
chaetrif   F	 234377	     20	  358.9	  46776	-3.3212	  4.7740e-02 -1.1423e+02  2.0169e+02  3.0000e+01  5.9638e+01  5.9978e+01  1.1311e+00  4.2175e-01 -8.1984e+01  7.2044e+02  1.1272e+00  1.9617e-05  3.5843e+06  3.5844e+06
challong   F	  43093	     23	   55.4	    661	-1.8664	  6.7924e-01  2.8847e+01  2.1511e+01  4.7057e+00 -5.1029e+01  1.2720e+02  3.4989e+00  3.0881e-01  1.4945e+02  2.7878e+02  1.3508e+00  2.6133e-04  3.7044e+05  3.7053e+05
chamcaly   F	 149654	     16	 1817.8	 146502	-4.0279	  6.9918e-02  6.3609e+01  5.1817e+01  1.1550e+00 -3.3537e+02  1.7487e+03  1.1793e+00  1.7869e-05  2.7794e+06  2.7795e+06
chamfasc   F	 194754	     31	  873.4	 113675	-3.7270	  1.1057e-01  5.2114e+01  3.8970e+01  1.9498e+00 -5.4084e+01  7.7833e+02  1.0389e+00  2.0111e-05  3.3427e+06  3.3428e+06
chanargu   F	 268306	     30	  396.9	  46094	-3.3548	  1.1004e-01 -1.0963e+02  1.9773e+02  1.8101e+01  5.3491e+01  8.9879e+01  1.1134e+00  3.8649e-01 -7.7043e+01  7.9726e+02  1.1542e+00  1.7216e-05  4.1446e+06  4.1447e+06
chanchan   F	 212745	     16	  384.3	  38253	-3.3338	  3.1226e-01  6.7547e+01  8.1808e+01  9.0454e-01 -2.4054e+01  4.0722e+02  1.1436e+00  2.9903e-05  3.2653e+06  3.2653e+06
chaneryt   F	 273757	     24	  497.2	  57132	-3.4616	  1.6934e-01 -2.2417e+02  3.0866e+02  3.0000e+01  3.8667e+01  1.0431e+02  1.4688e+00  3.0511e-01 -2.4123e+02  1.4149e+03  1.2575e+00  2.1671e-05  4.3720e+06  4.3722e+06
chanstri   F	  89464	     16	  276.7	  16031	-3.1347	  1.3187e-01 -2.1551e+01  1.0917e+02  1.1117e+01  5.6187e+01  7.9849e+01  1.1025e+00  4.4746e-01 -1.6046e+02  7.3615e+02  1.5298e+00  4.4183e-05  1.2915e+06  1.2916e+06
charbrau   F	  27449	     16	 4093.8	 954272	-4.4522	  7.7951e-02  3.2130e+00  1.3668e+02  7.6179e-01 -1.1824e+02  3.0043e+03  9.0835e-01  4.6305e-05  5.6186e+05  5.6192e+05
charvoci   F	 135062	     23	 1028.2	  77221	-3.7591	  7.8714e-02  5.6817e+01  4.1774e+01  1.5881e+00 -1.3794e+02  9.4682e+02  1.1841e+00  2.2619e-05  2.3380e+06  2.3380e+06
cheiundu   F	 247821	     30	  627.4	  70429	-3.5672	  2.9715e-01  5.6030e+01  3.7906e+01  1.8841e+00 -1.5923e+02  4.4142e+02  2.5600e+00  2.4173e-01 -5.2472e+01  1.9602e+03  1.2615e+00  2.5850e-05  4.0730e+06  4.0731e+06
chelabin   F	 205087	     28	 1671.9	 266144	-4.0423	  4.9800e-02  6.7828e+01  3.5832e+01  1.0456e+00 -1.4044e+02  1.3441e+03  9.9180e-01  1.3264e-05  3.8137e+06  3.8138e+06
chelaura   F	  51524	     16	  210.1	   9473	-3.0497	  3.6846e-01  6.0620e+01  3.4021e+01  1.7611e+00 -7.2916e+01  2.6627e+02  1.3510e+00  3.8221e-01 -4.8670e+02  1.1783e+03  2.2687e+00  1.0410e-04  7.2467e+05  7.2477e+05
chelinsu   F	  62737	     30	  120.6	  53534	-2.9117	  4.5241e-01 -1.2746e+02  2.0354e+02  1.7058e+01  1.7980e+01  2.3002e+02  8.9534e-01  5.2438e-01 -1.0742e+04  2.0707e+04  2.7315e+00  1.0539e-04  8.4055e+05  8.4065e+05
chellabr   F	  15853	     16	  230.8	  23628	-3.0780	  1.8685e-01  2.3447e+01  6.5178e+01  6.9269e+00  5.7460e+01  8.6756e+01  8.3427e-01  5.1401e-01 -5.7237e+02  1.2082e+03  2.3884e+00  1.4501e-04  2.2506e+05  2.2514e+05
chelmyda   F	 254066	     16	 1783.2	 395084	-4.1038	  3.1845e-02  5.8599e+01  3.7256e+01  1.9408e+00 -1.5931e+02  1.3868e+03  9.3116e-01  1.1114e-05  4.7989e+06  4.7990e+06
chelrost   F	 234507	     30	  396.6	  35136	-3.3276	  6.7242e-02  7.0782e+01  2.0795e+01  1.8918e+00  6.0858e+01  6.3794e+01  1.0264e+00  4.0670e-01 -1.1003e+02  7.7860e+02  1.2552e+00  1.9028e-05  3.5949e+06  3.5950e+06
chenfici   F	  95413	     16	  272.7	  12240	-3.1144	  3.7078e-01  2.9439e+01  6.3530e+01  3.7302e+00 -1.0613e+02  2.7917e+02  4.7878e+00  8.6412e-02 -2.3713e+02  7.9839e+02  1.7034e+00  4.4167e-05  1.3690e+06  1.3691e+06
chenquin   F	 233626	     21	  257.9	   9926	-3.0902	  3.4954e-01  3.8805e+01  5.3670e+01  3.2420e+00 -8.8419e+01  2.6321e+02  2.4770e+00  2.3020e-01 -2.4948e+02  9.5552e+02  1.8732e+00  3.0159e-05  3.3246e+06  3.3247e+06
cherquad   F	 118416	     21	 3030.7	 469869	-4.3327	  4.8863e-01 -4.2497e+01  6.3963e+02  8.9238e-01 -9.1753e+02  5.7885e+03  1.1229e+00  1.7553e-05  2.3607e+06  2.3608e+06
chilplag   F	 214568	     18	 3252.1	 342144	-4.2840	  8.9331e-02  7.1584e+01  5.8752e+01  6.7898e-01 -4.9213e+02  2.9173e+03  1.1022e+00  1.2376e-05  4.2303e+06  4.2304e+06
chilpunc   F	 231597	     22	 3382.0	 408864	-4.3124	  8.3613e-02  7.1647e+01  5.6329e+01  6.8278e-01 -4.3720e+02  2.9189e+03  1.0616e+00  1.2024e-05  4.5951e+06  4.5952e+06
chilsupp   F	  50388	     16	  999.1	 101083	-3.7512	  9.9529e-02  5.9366e+01  2.4003e+01  1.7407e+00 -1.2117e+02  9.0316e+02  1.1000e+00  4.6452e-05  8.7071e+05  8.7078e+05
chinlani   F	 265539	     16	 1582.4	 607439	-4.0729	  1.1924e-01  6.2337e+01  4.2004e+01  1.0349e+00 -1.5302e+02  1.3639e+03  8.4761e-01  1.2212e-05  4.9829e+06  4.9829e+06
chioapob   F	  50999	     23	   49.4	    330	-1.3062	  9.3366e-01 -3.8072e+01  8.5589e+01  3.0000e+01  5.9819e+00  4.7074e+01  1.3209e+00  1.5645e-03  3.0550e+05  3.0557e+05
chiocuni   F	  40045	     23	   49.0	    181	-1.2304	  9.6671e-01 -3.8262e+01  8.5444e+01  3.0000e+01  1.1632e+01  4.3712e+01  1.3430e+00  1.9056e-03  2.2494e+05  2.2500e+05
chiohama   F	  48311	     16	  355.3	  25018	-3.2378	  3.2760e-02  5.5456e+01  3.0672e+01  6.0844e+00  5.3181e+01  4.5743e+01  1.9004e+00  3.0781e-01 -1.1326e+02  5.8133e+02  1.2952e+00  6.8410e-05  7.2089e+05  7.2099e+05
chioniva   F	 204883	     30	 1418.3	 166975	-3.9282	  8.8581e-02  5.1498e+01  3.7787e+01  2.3047e+00 -1.4823e+02  3.7337e+02  2.9038e+00  1.4246e-01 -1.4999e+02  1.6171e+03  1.0850e+00  1.4794e-05  3.7057e+06  3.7058e+06
chioopil   F	  67321	     16	  973.3	 152040	-3.8298	  3.2221e-11  4.8775e+01  1.8494e+02  1.2670e+01 -2.9892e+01  2.9612e+02  8.8938e-01  4.0071e-01 -1.5459e+02  1.1978e+03  1.0641e+00  3.9680e-05  1.1866e+06  1.1867e+06
chirlanc   F	 192318	     28	  966.9	 134389	-3.7860	  9.5810e-02  5.3294e+01  3.9458e+01  1.8179e+00 -8.2636e+01  8.6011e+02  1.0283e+00  1.7476e-05  3.3525e+06  3.3526e+06
chirtent   F	   3369	     16	   99.7	  20628	-2.7124	  4.7013e-01  3.8271e+01  2.3768e+01  3.5216e+00 -3.7652e+00  2.3690e+02  1.0429e+00  6.1625e-04  4.2095e+04  4.2138e+04
chirtepp   F	  63205	     30	  131.3	  77030	-2.9882	  3.6368e-01 -1.0445e+02  1.6488e+02  3.0000e+01  3.0765e+01  1.3303e+02  8.6655e-01  4.7192e-01 -3.6069e+02  2.1994e+03  1.1127e+00  5.7660e-05  8.6868e+05  8.6878e+05
chiryama   F	  28617	     16	  944.7	  14458	-3.5632	  4.1285e-02  1.4379e+01  2.1064e+01  6.3679e-01 -4.9894e+02  1.2564e+03  2.1764e+00  1.0011e-04  4.6968e+05  4.6973e+05
chlamacq   F	 109383	     30	  945.2	  34405	-3.6525	  8.6323e-02  6.5476e+01  4.0700e+01  1.0699e+00 -2.1381e+02  9.8018e+02  1.4640e+00  2.9178e-05  1.8395e+06  1.8395e+06
chlarein   F	 136503	     38	  228.1	   1380	-2.6901	  8.1290e-01 -7.5216e+02  9.2909e+02  1.2246e+01  8.8710e+01  2.1379e+02  2.0099e+00  8.0772e-05  1.6911e+06  1.6912e+06
chloatmo   F	      2	    116	 1177.0	     12	-1.1266	  1.0000e+00  1.1590e+02  4.1261e-01  4.9831e-01  6.8568e-01  2.8621e+01  2.4701e+01
chlosaba   F	 228730	     25	 1786.4	 380446	-4.0770	  2.2361e-01  6.4515e+01  8.3979e+01  6.8934e-01 -2.1207e+02  1.8508e+03  9.7388e-01  1.6401e-05  4.2875e+06  4.2876e+06
chlosoro   F	  19967	     21	  183.4	  39272	-2.4470	  9.7897e-01 -4.0505e+02  5.6987e+02  1.2279e+01  5.5640e+00  7.4637e+02  4.3801e-01  3.3238e-04  2.2477e+05  2.2483e+05
chlovari   F	  70193	     21	  171.9	   1419	-2.4779	  4.6128e-01 -5.7577e+02  7.0103e+02  2.0503e+01 -1.0737e+03  1.2578e+03  3.0000e+01  4.1588e-01 -6.9619e+01  2.5488e+02  1.8021e+00  1.1256e-04  8.0093e+05  8.0103e+05
chlovulg   F	  46297	     21	  193.2	  47320	-2.5590	  4.8764e-01 -6.4600e+02  7.7279e+02  2.0075e+01 -2.7230e+02  4.8937e+02  1.0193e+01  4.8131e-01  1.4953e+01  4.0542e+02  4.8901e-01  1.6782e-04  5.4622e+05  5.4632e+05
choacucu   F	  34553	     23	   60.4	    473	-1.7361	  8.5881e-01 -9.1215e+01  1.4794e+02  2.2182e+01 -4.7644e+00  7.3695e+01  1.7766e+00  4.0312e-04  2.7645e+05  2.7651e+05
choiveno   F	  52182	     23	   66.7	   1538	-2.0474	  9.1850e-01  3.6901e+01  2.4152e+01  1.8332e+00  1.9084e+01  3.4962e+01  7.5885e-01  2.6028e-04  4.9166e+05  4.9172e+05
choldida   F	 220933	     23	 1469.5	 431709	-4.0393	  8.0858e-02  5.8507e+01  3.5301e+01  1.7218e+00 -1.3255e+01  4.9329e+02  9.3937e-01  3.8157e-01 -1.6243e+02  2.1383e+03  9.0699e-01  1.1967e-05  4.1055e+06  4.1056e+06
choncris   F	   5776	     12	  117.1	   1403	-2.4754	  7.1449e-01 -1.5292e+02  2.4324e+02  4.7482e+00  8.4518e+01  2.9005e+01  1.0631e+00  1.6538e-03  6.5865e+04  6.5912e+04
chorfumi   F	 109880	     21	  837.8	  74792	-3.6779	  7.8640e-02  4.8734e+01  3.4028e+01  2.7412e+00 -8.4003e+01  7.5011e+02  1.1326e+00  3.1128e-05  1.8635e+06  1.8635e+06
chromeso   F	     17	     50	   66.0	     10	-1.4236	  8.8214e-01  6.4136e+00  5.1897e+01  7.4856e+00  1.0400e+02  1.0240e+01  2.5160e+01  4.2544e-02  2.2005e+02  2.2588e+02
chronebu   F	    185	     31	   55.4	  14790	-1.8495	  7.3337e-01  9.4769e+00  4.2189e+01  1.3074e+01 -1.2342e+02  2.2175e+02  7.5084e+00  1.6526e-01  1.3389e+01  1.5713e+02  6.5675e-01  5.9391e-03  1.5975e+03  1.6330e+03
chroridi   F	 199503	     30	 1036.7	 154067	-3.8171	  1.1312e-01  5.3288e+01  4.5810e+01  1.7332e+00 -5.9153e+01  9.1856e+02  1.0103e+00  1.6519e-05  3.5062e+06  3.5063e+06
chroveli   F	 117820	     28	  372.6	   5867	-2.9828	  5.5886e-01 -1.5199e+03  1.8559e+03  1.7961e+01 -4.8676e+01  3.2357e+02  1.5397e+00  6.0738e-05  1.6183e+06  1.6184e+06
chrozofi   F	  60217	     42	  260.4	   1653	-2.6865	  6.5956e-01 -1.5621e+03  1.7874e+03  3.0000e+01 -1.8246e+02  4.0669e+02  2.7961e+00  4.7213e-04  7.2542e+05  7.2549e+05
chryasia   F	 169831	     30	 1560.2	 429861	-4.0336	  2.3028e-01  6.5577e+01  6.0937e+01  7.2164e-01 -1.7977e+02  1.6640e+03  9.2059e-01  2.0618e-05  3.1499e+06  3.1499e+06
chrybezz   F	  39524	     16	  135.5	 293245	-3.2075	  4.1800e-01 -4.3576e+01  1.0596e+02  1.7033e+01 -1.3268e+02  2.4380e+02  3.4805e+00  1.5680e-01 -1.3647e+02  1.7589e+03  8.6718e-01  6.5836e-05  5.8315e+05  5.8325e+05
chrycarn   F	  64325	     25	  481.4	 146846	-3.4395	  2.3389e-01  3.9333e+01  2.5108e+01  3.3277e+00 -3.5092e+01  5.2240e+02  8.9176e-01  4.8175e-05  1.0197e+06  1.0198e+06
chrycart   F	    265	     27	  373.5	   2354	-3.0122	  9.9240e-01 -3.9265e+02  6.9092e+02  3.8840e+00 -1.2536e+03  3.2402e+03  2.8424e+01  3.6304e-03  3.6909e+03  3.7160e+03
chrypall   F	  47675	     16	  520.4	 330027	-3.5362	  2.2679e-01  3.8472e+01  2.5263e+01  3.5143e+00 -1.9594e+01  5.5275e+02  7.8814e-01  5.0973e-05  7.7818e+05  7.7824e+05
chrypict   F	 227636	     30	 1772.6	 321358	-4.0750	  5.8893e-02  6.9322e+01  4.3858e+01  8.6123e-01 -1.2206e+02  1.3940e+03  9.6320e-01  1.2570e-05  4.2666e+06  4.2666e+06
chryquee   F	  19728	     16	   65.2	   1182	-2.0794	  7.1850e-01  2.3706e+01  3.4783e+01  4.0508e+00 -3.0596e+01  1.1708e+02  1.7204e+00  4.1133e-04  1.8888e+05  1.8893e+05
chryquin   F	  49442	     16	  688.3	 840817	-3.5180	  3.7150e-01  7.6334e+01  1.9595e+02  5.1426e-01 -2.8605e+03  3.4641e+03  1.0577e+01  6.9962e-05  8.0047e+05  8.0053e+05
chryx___   F	  67374	     16	  168.0	   4811	-2.8971	  3.3926e-01  2.4484e+01  6.1939e+01  5.0959e+00 -1.0740e+02  2.6825e+02  1.9849e+00  4.3262e-01 -2.4089e+02  8.6828e+02  2.3425e+00  1.0473e-04  8.9982e+05  8.9992e+05
chryzast   F	  46829	     25	  433.8	 236303	-3.4019	  2.5273e-01  4.4438e+01  2.0719e+01  2.4300e+00 -1.6420e+02  5.3829e+02  1.5862e+00  5.8554e-01 -2.9463e+02  2.7954e+03  7.8148e-01  5.5577e-05  7.3586e+05  7.3596e+05
chytlage   F	  73644	     23	   59.8	    680	-2.1541	  7.8209e-01 -5.9031e+01  1.0676e+02  7.1084e+00 -4.8376e+01  1.5821e+02  2.4637e+00  1.0357e-03  7.3026e+05  7.3032e+05
chytspec   F	  58981	     23	   59.6	    487	-1.8547	  8.4518e-01 -1.1994e+01  6.6606e+01  8.6792e+00 -9.2137e+01  1.9132e+02  3.0839e+00  2.9966e-04  5.0377e+05  5.0383e+05
cicearie   F	 230647	     24	  229.1	   5795	-2.9579	  3.6831e-01  2.0557e+01  7.0750e+01  4.4476e+00 -1.5324e+02  3.7907e+02  2.8828e+00  3.6112e-01  1.3484e+01  6.6084e+02  1.8480e+00  5.0195e-05  3.1420e+06  3.1421e+06
cichendi   F	  84797	     16	  109.7	  77360	-2.7375	  5.7675e-01 -1.2104e+01  9.4831e+01  6.9901e+00 -1.5082e+02  4.5317e+02  1.9901e+00  3.9473e-01  9.4679e+02  1.5050e+04  1.0150e+00  9.6670e-05  1.0684e+06  1.0685e+06
cichinty   F	  84136	     16	  108.9	 166799	-2.7417	  5.9019e-01  7.9646e+00  7.4977e+01  5.3683e+00 -3.3833e+02  6.3221e+02  3.0848e+00  3.5079e-01  2.8707e+02  2.4681e+03  5.7567e-01  1.0437e-04  1.0625e+06  1.0626e+06
cicoboyc   F	 204527	     30	 1028.5	 150837	-3.8109	  1.1024e-01  5.1619e+01  4.3673e+01  1.7488e+00 -6.5954e+01  9.0713e+02  1.0126e+00  1.6013e-05  3.5880e+06  3.5881e+06
cimehemi   F	     34	     55	   85.0	 146847	-2.8460	  5.6107e-01 -2.2394e+02  2.9135e+02  3.0000e+01  1.5145e+01  4.1202e+02  7.6059e-01  2.7951e-02  4.5776e+02  4.6844e+02
cimelect   F	 180478	     28	  285.4	 169805	-3.2610	  2.7453e-01  2.2834e+01  3.8120e+01  5.5508e+00  5.4816e+00  2.4605e+02  7.2487e-01  5.7373e-01 -1.6652e+03  2.8690e+03  3.6444e+00  3.3962e-05  2.7069e+06  2.7070e+06
cinccinc   F	 170105	     30	  841.7	  76911	-3.6795	  1.0816e-01  5.2483e+01  3.8167e+01  1.8960e+00 -9.1196e+01  7.8417e+02  1.1295e+00  2.2580e-05  2.8824e+06  2.8825e+06
cioninte   F	 113065	     16	  331.4	   7154	-2.9977	  2.2451e-01  4.5575e+01  3.3037e+01  7.0936e-01 -2.0219e+02  5.1281e+02  3.4293e+00  8.8274e-05  1.5614e+06  1.5615e+06
cionsavi   F	  33662	     16	  402.0	  30673	-3.2196	  5.0974e-01  1.6565e+00  1.5169e+02  8.7010e-01 -6.9494e+02  1.1090e+03  5.4807e+00  2.1941e-04  4.9924e+05  4.9930e+05
circumbe   F	  64216	     23	   97.1	    863	-2.1769	  9.2577e-01  2.1903e+01  6.6078e+01  3.1064e+00  8.6224e+00  7.0568e+01  1.0972e+00  2.1464e-04  6.4265e+05  6.4271e+05
citr_rus   F	   2734	     17	  196.0	  21148	-3.0682	  4.9142e-02 -1.1012e+02  1.4798e+02  1.0782e+01  5.2271e+01  5.0455e+01  1.6214e+00  5.3691e-01  3.5684e+01  4.9918e+02  1.1794e+00  5.6305e-04  3.8660e+04  3.8725e+04
citrclem   F	 104081	     16	  171.0	   2671	-2.8336	  3.6391e-01  2.3717e+01  6.9512e+01  4.2798e+00 -1.4711e+02  3.1696e+02  2.7200e+00  4.0792e-01 -2.0475e+02  7.7196e+02  3.0813e+00  7.6236e-05  1.3582e+06  1.3583e+06
citrlana   F	  23407	     16	  226.5	   7080	-2.9950	  3.8716e-01  2.6253e+01  6.5373e+01  3.9800e+00 -1.9603e+02  4.0821e+02  3.5385e+00  2.8370e-01  2.3389e-01  7.2758e+02  1.8378e+00  1.2714e-04  3.2283e+05  3.2292e+05
citrmaxi   F	  87497	     16	  215.8	 330480	-3.0811	  4.9648e-01  5.4891e+01  4.4880e+01  1.6968e+00 -4.1407e+02  8.2708e+02  3.7760e+00  3.1142e-01  3.4246e+00  4.1794e+02  5.4481e-01  4.5417e-05  1.2461e+06  1.2462e+06
citrsine   F	 127486	     28	  189.3	   5484	-2.8857	  4.1275e-01  2.4284e+01  7.0143e+01  3.8469e+00 -4.4354e+01  3.0166e+02  1.5481e+00  4.5236e-01 -1.1398e+03  1.7134e+03  6.8023e+00  4.9120e-05  1.6943e+06  1.6944e+06
citrtrif   F	  83549	     16	  198.0	  11013	-2.9018	  4.9300e-01  5.2286e+01  4.5476e+01  1.9146e+00  5.1680e+01  2.0128e+02  6.1981e-01  6.0678e-02 -3.7337e+02  7.6030e+02  3.1006e+00  6.2635e-05  1.1152e+06  1.1153e+06
citrx___   F	 115888	     30	  185.7	   4144	-2.8616	  4.2071e-01  2.3886e+01  7.0527e+01  3.8988e+00 -5.0848e+01  2.9946e+02  1.6989e+00  4.2748e-01 -6.5143e+02  1.2343e+03  4.8743e+00  5.2748e-05  1.5272e+06  1.5273e+06
cladbant   F	  17734	     23	   59.2	    547	-1.9086	  8.2518e-01  3.6590e+01  1.7525e+01  2.2328e+00 -3.3754e+01  1.1685e+02  2.2668e+00  6.5010e-04  1.5585e+05  1.5590e+05
cladbulb   F	  25492	     23	   73.7	   1355	-2.1918	  7.1448e-01  2.7390e+01  3.5796e+01  3.1795e+00 -3.3848e+01  1.4812e+02  1.8041e+00  2.1454e-04  2.5757e+05  2.5763e+05
cladcarr   F	  12674	     23	   57.2	    366	-1.8511	  6.8490e-01  3.3806e+01  1.8077e+01  3.4304e+00 -2.9591e+01  1.0294e+02  3.0752e+00  5.9789e-04  1.0804e+05  1.0809e+05
cladfulv   F	  16417	     23	   56.6	   1486	-1.8947	  6.9516e-01  2.1754e+01  3.0317e+01  7.1801e+00 -1.6672e+02  2.4280e+02  7.7484e+00  2.2935e-01 -7.5829e+01  3.6180e+02  1.8328e+00  4.2928e-04  1.4319e+05  1.4328e+05
cladgore   F	  79590	     16	  355.7	  21252	-3.2547	  3.4535e-02  5.9197e+00  6.1049e+01  5.2013e+00 -1.3340e+01  2.9088e+02  1.2257e+00  7.1840e-05  1.1931e+06  1.1932e+06
cladgray   F	  26313	     23	   58.1	    701	-1.9283	  7.1236e-01  3.2535e+01  2.0341e+01  3.5058e+00 -2.2396e+01  1.0117e+02  2.0558e+00  3.3258e-04  2.3355e+05  2.3361e+05
cladhalo   F	  12805	     28	   58.8	    490	-1.7260	  8.2086e-01 -3.1926e+00  5.8040e+01  1.1505e+01  3.2443e+00  9.1210e+01  2.1294e+00  6.7110e-04  1.0177e+05  1.0182e+05
cladimmu   F	  20237	     17	   59.5	    652	-1.9049	  8.6481e-01  3.7412e+01  1.7341e+01  2.0882e+00 -1.8657e+01  1.1191e+02  1.8920e+00  6.6559e-04  1.7752e+05  1.7757e+05
cladpsam   F	  18091	     23	   59.2	    332	-1.8644	  6.8603e-01  1.9603e+01  3.3755e+01  5.6090e+00 -3.1833e+02  3.9058e+02  1.2607e+01  3.0117e-01  1.1365e+02  1.4032e+02  1.8870e+00  5.1517e-04  1.5521e+05  1.5530e+05
cladspha   F	  11359	     24	   59.1	   1813	-1.8835	  7.5252e-01  1.8237e+01  3.6708e+01  7.3308e+00  7.5346e+00  8.2499e+01  1.2611e+00  7.6363e-04  9.8431e+04  9.8482e+04
cladyegr   F	  11904	     23	   56.5	    333	-1.8131	  7.0540e-01  2.9407e+01  2.2367e+01  4.4818e+00 -4.5898e+01  1.1956e+02  3.5289e+00  6.8000e-04  9.9343e+04  9.9395e+04
clargari   F	 248604	     21	  499.8	  47715	-3.4500	  1.6586e-01  6.7814e+00  8.4716e+01  6.4149e+00  3.6310e+01  1.2198e+02  1.4253e+00  3.1423e-01 -2.1263e+02  1.2763e+03  1.2831e+00  1.7024e-05  3.9499e+06  3.9500e+06
clarmagu   F	 104578	     16	  453.7	  39446	-3.4009	  2.1047e-01  1.4490e+01  7.8234e+01  5.5052e+00  2.0251e+01  1.4119e+02  2.0864e+00  2.2385e-01 -2.2028e+02  1.0969e+03  1.3168e+00  3.2697e-05  1.6388e+06  1.6389e+06
clatelyn   F	  24113	     24	   55.5	    703	-1.8876	  6.7998e-01  3.2923e+01  1.7804e+01  4.0640e+00 -1.4276e+01  9.4475e+01  2.0479e+00  3.4390e-04  2.0962e+05  2.0968e+05
clavlepa   F	 156167	     16	  182.9	  14380	-2.9243	  8.8350e-01  3.9681e+01  8.8423e+01  1.0845e+00 -1.0649e+02  4.6878e+02  1.2738e+00  8.3340e-05  2.1022e+06  2.1023e+06
clavlusi   F	     13	     44	  119.0	     21	-2.5176	  1.0000e+00  3.6330e+01  3.0168e+01  8.6465e-01  7.9596e-02  1.5450e+02  1.5619e+02
clavpurp   F	  15110	     26	   88.3	   1021	-2.2805	  4.9681e-03 -2.8803e+02  3.2800e+02  3.0000e+01  3.0130e+01  4.9590e+01  1.7665e+00  5.6924e-04  1.5674e+05  1.5679e+05
clavpyxi   F	  83699	     23	   55.9	    380	-1.5773	  8.9421e-01  9.5857e-01  5.2118e+01  1.1122e+01 -1.6468e+01  8.9621e+01  2.0349e+00  4.3690e-04  6.0742e+05  6.0749e+05
clavspec   F	  75017	     23	   65.1	    690	-1.8724	  8.7371e-01  2.9611e+01  3.0671e+01  3.6266e+00 -1.3901e+01  1.0343e+02  1.6749e+00  2.2082e-04  6.4675e+05  6.4681e+05
climbore   F	 100685	     23	   59.3	    513	-1.7439	  8.3211e-01  8.0760e+00  4.7736e+01  8.2561e+00 -1.4077e+01  8.2611e+01  1.8870e+00  2.1552e-04  8.0786e+05  8.0793e+05
clinanal   F	 239556	     18	  350.8	  33972	-3.2696	  5.0014e-02  1.6576e+01  7.1691e+01  9.2319e+00  5.1460e+01  5.6030e+01  1.5521e+00  3.5267e-01 -6.1860e+01  6.0468e+02  1.1865e+00  2.1681e-05  3.6072e+06  3.6073e+06
cliolima   F	   2404	     16	  687.0	   5022	-3.3110	  2.2658e-02 -6.4831e+02  7.1822e+02  1.7022e+01 -6.6891e+02  1.2636e+03  3.8691e+00  9.5292e-01 -9.3269e+02  3.0735e+03  3.5807e+00  5.2806e-04  3.6194e+04  3.6257e+04
clitgibb   F	 130216	     23	   53.5	   1556	-1.6645	  8.5682e-01 -8.3502e+01  1.3439e+02  3.0000e+01  3.4252e+00  7.2848e+01  1.0908e+00  4.0530e-04  9.8650e+05  9.8657e+05
clithook   F	 104179	     16	 3094.9	 241614	-3.6304	  1.4619e-01  7.6900e+01  1.0000e-01  2.0162e+01 -4.0482e-03  1.3476e+02  6.0188e-01  1.9416e-01 -6.2220e+02  3.0071e+03  1.2381e+00  6.6186e-02  1.8331e+06  1.8332e+06
clittern   F	 135162	     16	  262.4	  32852	-3.1135	  3.4842e-01  3.0822e+01  6.0476e+01  3.3850e+00  4.1159e+01  2.4524e+02  8.2758e-01  2.8230e-01 -2.8406e+02  7.2981e+02  2.0754e+00  3.5108e-05  1.9388e+06  1.9390e+06
cloedipt   F	 109969	     29	   89.8	  20930	-2.6280	  4.9557e-01 -7.8176e+01  1.3272e+02  3.0000e+01  1.9809e+00  1.8304e+02  1.0054e+00  4.3059e-01  6.2256e+02  1.5334e+03  1.5468e+00  1.4966e-04  1.3928e+06  1.3929e+06
clohaqua   F	  35829	     23	   56.9	    708	-1.9239	  6.7524e-01  3.2641e+01  1.8925e+01  3.7264e+00 -1.2353e+01  9.1467e+01  2.0189e+00  2.8948e-04  3.1746e+05  3.1751e+05
clonrose   F	  37695	     24	   64.2	    786	-1.9163	  7.9915e-01  2.0656e+01  3.8163e+01  4.7649e+00 -4.1145e+00  8.5788e+01  1.6575e+00  3.0499e-04  3.3258e+05  3.3264e+05
clonsine   F	  79455	     23	 1751.8	  22532	-3.7884	  3.3796e-02  1.9614e+01  1.6816e+01  4.0035e+00  8.7038e+00  1.5267e+02  8.7797e-01  1.7544e-01 -2.7625e+03  4.3967e+03  3.2189e+00  4.4881e-05  1.4085e+06  1.4086e+06
cluphare   F	 260928	     16	  458.9	  54850	-3.4375	  2.3002e-01  7.0048e+01  6.1785e+01  8.9910e-01 -2.1347e+01  4.6012e+02  1.0755e+00  2.2957e-05  4.1290e+06  4.1291e+06
clythemi   F	 148945	     22	  473.0	  22403	-3.3478	  9.4035e-01 -6.4489e+01  4.0655e+02  1.6849e+00 -3.1619e+03  8.3148e+03  2.3959e+00  2.9151e-05  2.2963e+06  2.2963e+06
coccbart   F	  15333	     23	   69.1	    880	-2.2392	  4.8290e-01  3.1945e+01  2.1748e+01  3.3328e+00 -2.9809e+02  3.8091e+02  9.2564e+00  3.9328e-01 -2.2612e+02  4.5414e+02  3.5868e+00  4.4670e-04  1.5819e+05  1.5828e+05
coccimmi   F	  21778	     23	   67.7	    442	-2.0369	  6.7769e-01  2.3568e+01  3.5257e+01  3.9801e+00 -8.7230e+01  1.7838e+02  3.8334e+00  3.5788e-04  2.0431e+05  2.0436e+05
coccposa   F	  16388	     16	   66.4	    421	-1.9542	  8.5436e-01  3.4266e+01  2.5717e+01  2.5119e+00 -9.5704e+01  1.8978e+02  3.5576e+00  4.4279e-04  1.4748e+05  1.4754e+05
coccsept   F	  75584	     29	  217.4	 141793	-3.2718	  2.4273e-01  2.5808e+01  2.9066e+01  7.2135e+00  3.2113e+01  1.0310e+02  8.2494e-01  4.8183e-01 -3.3914e+02  2.4064e+03  1.0511e+00  7.7211e-05  1.1366e+06  1.1367e+06
coccstro   F	  29343	     25	   62.5	    713	-2.0669	  6.2692e-01  3.4570e+01  1.8740e+01  3.0801e+00 -3.6850e+01  1.3609e+02  2.5247e+00  2.5780e-04  2.7946e+05  2.7952e+05
coccsube   F	  69324	     22	  246.1	   1107	-2.7373	  1.9732e-01 -5.1117e+02  6.2179e+02  3.0000e+01 -4.4880e+02  6.8368e+02  6.1724e+00  1.6683e-04  8.7334e+05  8.7341e+05
cochcarb   F	  19746	     23	   56.7	    727	-1.8943	  7.0261e-01  3.4152e+01  1.7623e+01  3.4311e+00 -5.9772e+00  8.3567e+01  1.8780e+00  4.6463e-04  1.7226e+05  1.7232e+05
cochhete   F	  17043	     23	   58.2	    954	-1.9890	  6.7447e-01  3.3026e+01  1.9232e+01  3.3736e+00 -1.3189e+01  9.5677e+01  1.8021e+00  4.5027e-04  1.5612e+05  1.5618e+05
cochhomi   F	  40661	     16	  112.4	 204497	-3.1548	  4.3248e-01 -1.1901e+02  1.8156e+02  2.7613e+01 -6.2726e+01  1.7255e+02  2.1190e+00  1.7808e-01 -1.2011e+02  1.9038e+03  9.2978e-01  5.8552e-05  5.9033e+05  5.9043e+05
cochluna   F	  18316	     24	   57.2	    877	-1.9091	  7.2181e-01  3.2975e+01  1.9121e+01  3.5768e+00 -5.0923e+00  8.9560e+01  1.7530e+00  4.1333e-04  1.6104e+05  1.6110e+05
cochmiya   F	  19529	     23	   56.8	    693	-1.8978	  6.9593e-01  3.3353e+01  1.8463e+01  3.5734e+00 -7.6065e+00  8.4820e+01  1.9415e+00  4.8331e-04  1.7075e+05  1.7080e+05
cochsati   F	  21647	     23	   57.0	    713	-1.9035	  7.4047e-01  3.6110e+01  1.5924e+01  2.8921e+00 -2.5166e+01  1.1038e+02  2.0746e+00  4.2746e-04  1.8982e+05  1.8988e+05
cochvict   F	  20264	     23	   56.8	    739	-1.9018	  7.0710e-01  3.5344e+01  1.6451e+01  3.1447e+00 -8.1346e+00  8.6297e+01  1.8818e+00  4.5958e-04  1.7743e+05  1.7748e+05
coconuci   F	  99810	     16	  366.3	  73802	-3.3863	  4.4780e-01  5.1114e+01  4.5523e+01  1.7750e+00 -2.2142e+02  1.1669e+03  1.1326e+00  3.9224e-05  1.5570e+06  1.5571e+06
codolanc   F	  73144	     16	  262.8	  33272	-3.2295	  3.4008e-01  1.1708e+01  7.8857e+01  5.0911e+00  6.8822e+00  1.5649e+02  2.1219e+00  1.7850e-01 -2.7661e+02  1.1026e+03  1.3359e+00  4.5110e-05  1.0889e+06  1.0890e+06
codopilo   F	  60354	     16	  235.4	  40958	-3.2135	  4.7359e-01  5.1773e+01  4.3939e+01  1.9670e+00 -2.3182e+02  9.2519e+02  1.2255e+00  5.2627e-05  8.9523e+05  8.9529e+05
coelfrig   F	  22495	     16	   69.3	 411746	-2.7019	  5.8743e-01 -7.3896e+00  6.6679e+01  1.1972e+01 -1.6317e+02  2.6311e+02  1.1682e+01  3.6482e-02 -1.1599e+01  4.9958e+02  6.4245e-01  1.2910e-04  2.7950e+05  2.7959e+05
coemreve   F	   6004	     23	  157.5	   7924	-2.8243	  1.8105e-01  1.9505e+01  4.2937e+01  7.2569e-01 -1.1026e+02  2.2683e+02  1.1690e+01  2.6850e-01 -6.4073e+01  2.5437e+02  1.8504e+00  5.3677e-04  7.8248e+04  7.8322e+04
coemspir   F	   5531	     23	  149.3	   2960	-2.8162	  2.8071e-01 -1.3067e+01  7.5216e+01  1.6253e+00 -7.4380e+01  1.8869e+02  8.6738e+00  3.0577e-01 -2.3418e+02  5.1460e+02  2.4996e+00  6.4649e-04  7.1899e+04  7.1972e+04
coffarab   F	 215053	     16	  257.5	   8615	-3.0578	  3.7371e-01  4.1220e+01  5.4283e+01  2.5698e+00 -7.3914e+01  3.7157e+02  1.4875e+00  4.5243e-01  2.1852e+01  7.3526e+02  2.1600e+00  3.9778e-05  3.0282e+06  3.0283e+06
coffeuge   F	 125989	     28	  248.0	   7065	-3.0339	  3.6843e-01  4.3900e+01  5.1206e+01  2.4715e+00 -3.9482e+01  2.8448e+02  1.4487e+00  3.8689e-01 -1.7588e+02  8.8080e+02  2.4637e+00  4.9306e-05  1.7603e+06  1.7604e+06
coilnasu   F	  71366	     16	  573.5	 725954	-3.6044	  3.7959e-01  7.6150e+01  1.6094e+02  5.1453e-01 -1.5068e+02  6.1398e+02  1.3991e+00  4.4176e-05  1.1845e+06  1.1845e+06
cokerecu   F	  42877	     23	   72.9	    624	-1.9740	  9.3024e-01  8.7815e+00  5.7688e+01  4.3394e+00 -4.4811e+01  1.4706e+02  1.7206e+00  2.2235e-04  3.9004e+05  3.9010e+05
colicroc   F	  81609	     16	  477.8	  84562	-3.5252	  5.2623e-02 -1.3130e+02  2.1057e+02  2.9999e+01 -4.3569e+01  4.2163e+02  9.8868e-01  5.6496e-05  1.3278e+06  1.3279e+06
colieury   F	  33178	     16	  408.7	  15290	-3.2885	  7.4729e-02 -1.4585e+02  2.2524e+02  2.9995e+01 -1.0921e+02  4.4532e+02  1.4726e+00  1.0615e-04  5.0315e+05  5.0320e+05
colistri   F	 107353	     30	  916.0	  33003	-3.6363	  9.4938e-02  6.1131e+01  4.0530e+01  1.2838e+00 -2.0676e+02  9.6272e+02  1.4684e+00  3.0853e-05  1.7975e+06  1.7975e+06
collabsc   F	  28165	     24	   64.2	    906	-2.0036	  7.8501e-01  3.1242e+01  2.6075e+01  3.1710e+00 -2.3856e+01  1.3547e+02  1.9477e+00  3.8990e-04  2.5986e+05  2.5992e+05
collacut   F	  38365	     23	   65.2	    895	-2.0437	  7.8159e-01  3.4733e+01  2.3145e+01  2.5442e+00 -3.9517e+01  1.4505e+02  2.0300e+00  2.6194e-04  3.6110e+05  3.6116e+05
collaeni   F	  28155	     18	   58.0	    993	-1.8309	  8.3998e-01  3.1482e+01  2.2472e+01  3.6366e+00 -6.2203e+00  1.0306e+02  1.5191e+00  4.1617e-04  2.3732e+05  2.3738e+05
collcaud   F	  30806	     24	   67.0	    812	-2.0940	  6.5899e-01  3.5586e+01  2.2246e+01  2.4268e+00 -1.2433e+01  9.5243e+01  1.9640e+00  3.0707e-04  2.9713e+05  2.9718e+05
collcere   F	  36583	     23	   65.5	   1045	-2.0671	  7.4697e-01  3.5584e+01  2.2155e+01  2.3895e+00 -1.2192e+01  1.0449e+02  1.6983e+00  2.3048e-04  3.4841e+05  3.4847e+05
collchlo   F	  19166	     23	   62.5	    757	-1.9609	  7.6790e-01  3.4429e+01  2.2345e+01  2.7970e+00 -8.8403e+00  8.7563e+01  1.7688e+00  5.4454e-04  1.7310e+05  1.7315e+05
collchry   F	  22577	     16	   58.8	    645	-1.9611	  6.9806e-01  2.7782e+01  2.5874e+01  4.5176e+00 -8.4310e+01  1.6721e+02  3.2015e+00  2.8588e-01 -2.6279e+02  5.7772e+02  3.9865e+00  4.7843e-04  2.0389e+05  2.0397e+05
collcoll   F	  41030	     16	  157.8	 160083	-3.1352	  4.1308e-01 -6.8153e+01  1.4284e+02  1.2720e+01 -5.3424e+01  2.7645e+02  1.5127e+00  3.7962e-01 -2.1162e+02  2.5059e+03  8.9401e-01  1.1119e-04  5.9195e+05  5.9204e+05
collcost   F	  27865	     24	   64.5	    890	-2.0103	  7.8456e-01  3.1966e+01  2.5454e+01  3.0713e+00 -2.8422e+01  1.4218e+02  2.0122e+00  3.9108e-04  2.5795e+05  2.5801e+05
colldest   F	  27759	     16	   67.8	    553	-2.0185	  8.8069e-01  3.6596e+01  2.4131e+01  1.9430e+00 -5.2474e+01  1.3781e+02  2.5476e+00  4.1999e-04  2.5804e+05  2.5810e+05
collerem   F	  31040	     23	   64.8	    837	-2.0429	  7.1752e-01  3.4175e+01  2.3105e+01  2.6975e+00 -1.4752e+01  1.0135e+02  1.8957e+00  2.3658e-04  2.9203e+05  2.9209e+05
collfalc   F	  30601	     23	   67.7	    889	-2.0976	  7.0578e-01  3.5153e+01  2.3724e+01  2.3290e+00 -1.1069e+01  9.5236e+01  1.8256e+00  2.8814e-04  2.9562e+05  2.9568e+05
collfior   F	  26229	     27	   63.1	    979	-1.9888	  7.1664e-01  1.7427e+01  3.9008e+01  5.4380e+00  3.4307e+00  8.9851e+01  1.6894e+00  3.8134e-04  2.4000e+05  2.4006e+05
collfruc   F	  34207	     34	   58.8	   1738	-1.8837	  7.9526e-01  2.6017e+01  2.7869e+01  4.6412e+00  2.3399e+01  7.6347e+01  1.1891e+00  2.5831e-04  2.9666e+05  2.9672e+05
collgiga   F	  76294	     20	  161.8	 122291	-3.1038	  3.8330e-01 -2.4730e+02  3.2100e+02  3.0000e+01  1.2570e+01  2.1868e+02  9.6276e-01  4.8259e-01 -2.8596e+02  2.4478e+03  8.9961e-01  7.6641e-05  1.0922e+06  1.0923e+06
collgloe   F	  59258	     23	   58.4	   1101	-1.8436	  8.3391e-01  3.2662e+01  2.1476e+01  3.3954e+00 -9.1933e-02  8.8591e+01  1.3843e+00  4.0197e-04  5.0307e+05  5.0314e+05
collgode   F	  33412	     23	   64.3	    754	-2.0354	  7.3217e-01  3.1580e+01  2.5792e+01  3.0472e+00 -3.8451e+01  1.2846e+02  2.1853e+00  2.5897e-04  3.1294e+05  3.1300e+05
collgram   F	  20790	     23	   63.8	    502	-1.9602	  7.9865e-01  3.6927e+01  2.0489e+01  2.3009e+00 -4.0560e+01  1.2683e+02  2.6220e+00  4.0655e-04  1.8767e+05  1.8773e+05
collhigg   F	  24843	     16	   67.9	    651	-2.0723	  7.7638e-01  3.5390e+01  2.4679e+01  2.1512e+00 -3.8919e+01  1.1956e+02  2.2589e+00  4.1247e-04  2.3708e+05  2.3714e+05
collinca   F	  23665	     23	   60.9	    808	-1.9594	  7.4243e-01  3.2721e+01  2.2548e+01  3.2396e+00 -1.7327e+01  1.0000e+02  1.8633e+00  4.2969e-04  2.1353e+05  2.1359e+05
collkars   F	  26780	     36	   58.8	   3182	-1.9145	  7.2936e-01  1.8317e+01  3.5472e+01  6.5822e+00  1.9113e+01  5.6102e+01  1.7262e+00  2.2848e-01 -3.2702e+02  1.3689e+03  2.2485e+00  3.0936e-04  2.3608e+05  2.3617e+05
colllupi   F	  57070	     19	   67.3	    890	-2.1107	  6.1492e-01  3.3744e+01  2.5718e+01  2.7178e+00 -4.0660e+00  7.4440e+01  1.7483e+00  3.1853e-04  5.5466e+05  5.5472e+05
collnavi   F	  33591	     23	   66.4	   1073	-2.0957	  7.3286e-01  3.7617e+01  2.0361e+01  2.1272e+00 -1.3374e+01  1.0584e+02  1.7192e+00  2.2875e-04  3.2411e+05  3.2417e+05
collnymp   F	  26071	     24	   62.6	    842	-1.9633	  7.2432e-01  1.6912e+01  3.9242e+01  5.5424e+00  1.6160e+00  8.9187e+01  1.7836e+00  4.1194e-04  2.3566e+05  2.3572e+05
collorbi   F	  25369	     24	   61.2	    944	-1.9668	  7.2524e-01  2.5083e+01  2.9381e+01  4.3240e+00  4.9621e+00  8.6861e+01  1.6793e+00  3.8229e-04  2.2980e+05  2.2985e+05
collorch   F	  24164	     26	   64.9	    854	-2.0248	  8.0246e-01  3.6618e+01  2.1084e+01  2.3514e+00 -3.4720e+01  1.4986e+02  2.0749e+00  3.9208e-04  2.2543e+05  2.2549e+05
collpara   F	  27249	     24	   62.7	    861	-1.9754	  6.9531e-01  2.2136e+01  3.4054e+01  4.8888e+00  3.8293e+00  8.0433e+01  1.7333e+00  4.3837e-04  2.4786e+05  2.4792e+05
collphor   F	  33622	     23	   64.4	    878	-2.0330	  6.9212e-01  3.3972e+01  2.3198e+01  2.9203e+00 -6.9238e+00  8.8264e+01  1.7854e+00  2.9184e-04  3.1481e+05  3.1487e+05
collsali   F	  26119	     25	   63.2	   1037	-2.0574	  7.4541e-01  9.7744e+00  4.6540e+01  5.7766e+00 -3.9076e+01  1.6154e+02  2.0673e+00  5.1647e-04  2.4638e+05  2.4644e+05
collsans   F	    134	     44	   64.2	   2022	-2.0669	  7.1760e-01 -1.6473e+02  2.2098e+02  3.0000e+01  7.6194e+01  4.0301e+01  1.0381e+00  8.3315e-03  1.2889e+03  1.3092e+03
collscov   F	  26283	     16	   62.6	   1179	-1.9711	  8.0161e-01  3.5965e+01  2.1392e+01  2.5804e+00  5.2326e-01  7.8286e+01  1.3547e+00  3.2980e-04  2.3857e+05  2.3863e+05
collsiam   F	  28258	     19	   58.0	    845	-1.8020	  8.5806e-01  3.1704e+01  2.2273e+01  3.5952e+00 -8.0987e+00  1.0620e+02  1.5974e+00  4.3841e-04  2.3443e+05  2.3449e+05
collsimm   F	  26696	     28	   62.8	   1012	-1.9850	  7.2196e-01  2.0456e+01  3.5832e+01  5.0295e+00  3.2816e+00  8.9445e+01  1.6549e+00  4.1916e-04  2.4377e+05  2.4383e+05
collsome   F	  30103	     23	   66.2	    867	-2.0533	  8.1465e-01  3.6217e+01  2.2125e+01  2.1810e+00 -3.6319e+01  1.5180e+02  2.0536e+00  3.1378e-04  2.8479e+05  2.8485e+05
collspae   F	  17582	     16	   61.2	    537	-2.0443	  5.9838e-01  3.4562e+01  2.0507e+01  3.0762e+00 -5.5207e+01  1.2103e+02  2.7616e+00  7.7513e-04  1.6551e+05  1.6556e+05
collsubl   F	  30351	     23	   65.6	    923	-2.0447	  8.1994e-01  3.6284e+01  2.1864e+01  2.2082e+00 -3.3356e+01  1.5049e+02  1.9567e+00  2.3543e-04  2.8586e+05  2.8592e+05
colltama   F	  27511	     24	   64.3	    916	-2.0095	  7.7844e-01  3.2139e+01  2.5232e+01  3.0732e+00 -2.3495e+01  1.3289e+02  1.9339e+00  4.0949e-04  2.5457e+05  2.5463e+05
colltofi   F	  22997	     23	   60.7	    667	-1.9259	  7.6029e-01  3.1808e+01  2.3554e+01  3.3368e+00 -1.7689e+01  9.8306e+01  1.9891e+00  4.8606e-04  2.0390e+05  2.0396e+05
colltrun   F	  25691	     18	   60.2	    733	-1.8901	  8.5194e-01  3.5418e+01  1.9941e+01  2.6414e+00 -3.2742e+01  1.3064e+02  1.9147e+00  4.5610e-04  2.2359e+05  2.2364e+05
collzoys   F	  31245	     23	   66.2	    815	-2.0657	  7.1243e-01  3.5453e+01  2.2451e+01  2.4379e+00 -1.4572e+01  1.0221e+02  1.9433e+00  2.6048e-04  2.9713e+05  2.9719e+05
coloango   F	 196405	     29	 1671.8	 309382	-4.0373	  2.1552e-01  6.4155e+01  7.5858e+01  7.1749e-01 -2.3483e+02  1.7596e+03  9.9993e-01  1.8437e-05  3.6475e+06  3.6475e+06
colomacr   F	 257995	     16	  905.1	  57005	-3.6538	  1.1029e-01 -5.2665e+01  1.4633e+02  1.0659e+01 -1.0114e+01  1.7235e+02  2.6793e+00  1.6751e-01 -2.5225e+02  1.2736e+03  1.3058e+00  1.7195e-05  4.3436e+06  4.3437e+06
coloquit   F	 185934	     16	  282.6	   6152	-3.0072	  3.3979e-01  2.6157e+01  6.3412e+01  4.9578e+00 -1.8738e+02  4.8617e+02  2.2188e+00  4.7098e-01  3.9444e+01  6.9287e+02  1.8387e+00  4.9707e-05  2.5752e+06  2.5753e+06
colosair   F	 246342	     17	  739.9	  53841	-3.5339	  1.8995e-01 -9.9372e+01  1.8666e+02  1.5942e+01 -1.9137e+01  1.6424e+02  2.7424e+00  1.9216e-01 -2.7894e+02  1.4408e+03  1.3273e+00  2.1090e-05  4.0101e+06  4.0102e+06
colucolu   F	  54501	     16	  130.5	 230587	-3.0126	  4.6046e-01 -2.1114e+02  2.9135e+02  3.0000e+01  8.4175e+01  2.7232e+02  7.0146e-01  5.3908e-01 -4.4001e+02  2.5587e+03  4.0699e-02  2.0388e-04  7.3434e+05  7.3443e+05
colulivi   F	 189795	     24	 1086.8	 151674	-3.8413	  8.6774e-02  5.0433e+01  4.4986e+01  1.8127e+00 -1.0334e+02  9.5823e+02  1.0276e+00  1.6092e-05  3.3561e+06  3.3562e+06
colyelon   F	  18710	     20	   59.9	  75903	-2.6215	  6.0912e-01 -3.0533e+01  8.3694e+01  1.9556e+01 -2.8445e+03  3.0051e+03  2.6417e+01  1.6367e-01 -1.7374e+03  5.4896e+03  1.4364e+00  1.9119e-04  2.2703e+05  2.2712e+05
condcris   F	 169876	     30	 1232.1	 135641	-3.8707	  7.1851e-02  2.9374e+01  5.7584e+01  4.0036e+00 -1.9257e+01  2.7171e+02  1.4021e+00  2.2389e-01 -1.6378e+02  1.5463e+03  1.1064e+00  1.6995e-05  3.0276e+06  3.0277e+06
condlong   F	  62960	     30	  113.8	 313912	-3.1801	  3.4384e-01  2.3520e+01  3.7531e+01  4.4989e+00  3.5743e+01  6.9571e+01  7.0586e-01  4.0509e-01 -3.0106e+02  2.9710e+03  8.8991e-01  4.1012e-05  9.2021e+05  9.2031e+05
congcong   F	 274106	     29	  693.1	  63464	-3.6007	  9.3696e-02  6.4524e+01  4.1461e+01  1.3879e+00 -4.8778e+01  6.1803e+02  1.1221e+00  1.6474e-05  4.5449e+06  4.5449e+06
coniapol   F	  16930	     23	   58.8	    532	-1.8805	  7.5834e-01  3.6133e+01  1.7484e+01  2.8709e+00 -2.3818e+01  1.0770e+02  2.3633e+00  6.3619e-04  1.4664e+05  1.4670e+05
conicoro   F	  18249	     23	   52.4	   1021	-1.5580	  8.5931e-01 -5.8433e+01  1.0854e+02  3.0000e+01  7.5922e+00  5.3912e+01  1.1313e+00  3.8306e-04  1.3125e+05  1.3130e+05
conilign   F	  21956	     23	   62.8	   1344	-1.9412	  7.9818e-01  3.1616e+01  2.6453e+01  3.3589e+00  7.5124e+00  6.0046e+01  1.1880e+00  2.7529e-04  1.9628e+05  1.9634e+05
conilust   F	  25020	     24	   84.8	   1015	-2.2557	  7.1237e-01  1.8278e+01  5.1323e+01  3.2189e+00 -3.5582e+01  1.5896e+02  2.1471e+00  2.7717e-04  2.5990e+05  2.5996e+05
conioliv   F	  85554	     23	   57.7	    421	-1.7236	  8.4740e-01  2.2146e+01  3.1793e+01  5.5114e+00 -1.7650e+01  9.1976e+01  2.1763e+00  2.4040e-04  6.7872e+05  6.7879e+05
conipute   F	  78929	     23	   57.5	    634	-1.7435	  8.5524e-01  2.1939e+01  3.1870e+01  5.5355e+00 -1.3089e+01  9.4824e+01  1.7433e+00  1.9197e-04  6.3387e+05  6.3394e+05
conispec   F	  23546	     23	   65.6	   1042	-1.9972	  7.7814e-01  2.7996e+01  3.1153e+01  3.6820e+00 -1.1005e+01  1.0490e+02  1.6394e+00  2.7494e-04  2.1655e+05  2.1661e+05
conithro   F	  27253	     23	   53.0	    429	-1.6464	  8.7826e-01  2.6105e+01  2.3594e+01  4.2655e+00 -5.4776e+01  1.1563e+02  4.3681e+00  1.1476e-01  5.8869e+01  4.0783e+02  1.4425e+00  3.0213e-04  2.0674e+05  2.0683e+05
conopunc   F	    352	     69	  576.5	  26772	-3.3376	  6.9670e-02 -1.3252e+02  2.1277e+02  3.0000e+01 -1.1695e+02  5.9305e+02  1.7399e+00  2.7765e-03  5.4246e+03  5.4517e+03
contnast   F	  86937	     31	   93.1	 102389	-2.7435	  6.4441e-01  4.0926e+01  3.0111e+01  2.2508e+00  1.3620e+01  3.5418e+02  7.5129e-01  6.0387e-05  1.0966e+06  1.0966e+06
contweis   F	     10	     74	   92.0	   1893	-2.0129	  8.9840e-01  4.1072e+01  4.2100e+01  3.7793e+00 -2.6393e+02  1.9528e+03  3.0000e+01  8.3463e-02  1.9021e+02  1.9232e+02
conutrib   F	      4	    549	 3020.0	  12107	-3.8127	  1.0000e+00 -4.9185e+04  5.1373e+04  3.0000e+01  2.4986e-01  7.8171e+01  7.6330e+01
cooponco   F	     49	     52	  182.5	   5388	-2.9186	  5.1452e-01  2.2184e+01  4.2766e+01  3.0746e+00 -6.1850e+02  1.3077e+03  2.9979e+00  1.8646e-02  6.7314e+02  6.8639e+02
copiflor   F	  69088	     16	  104.9	 189052	-2.8595	  5.2110e-01 -2.3256e+02  3.0758e+02  3.0000e+01  2.3720e+01  2.8241e+02  7.0037e-01  9.1688e-05  9.4824e+05  9.4830e+05
coprcine   F	  70626	     23	   57.0	    511	-1.7114	  8.3399e-01  7.8421e+00  4.5836e+01  9.2644e+00 -3.8015e+01  1.2327e+02  2.3338e+00  3.4340e-04  5.5688e+05  5.5695e+05
coprmarc   F	  75094	     23	   56.3	    423	-1.6197	  8.7589e-01  9.3934e+00  4.4026e+01  9.2455e+00 -2.2973e+01  9.8087e+01  2.1081e+00  3.1714e-04  5.6010e+05  5.6017e+05
coprmica   F	 111838	     23	   57.6	    636	-1.7998	  7.5736e-01 -6.0066e+00  5.9905e+01  1.1512e+01 -9.0504e+00  7.5162e+01  1.8014e+00  2.8202e-04  9.2686e+05  9.2693e+05
coprpell   F	  70201	     23	   58.7	    479	-1.7461	  8.5018e-01  2.4163e+01  3.0751e+01  5.0372e+00 -1.0932e+01  8.2323e+01  1.8964e+00  3.2023e-04  5.6492e+05  5.6499e+05
coprscle   F	  61680	     23	   57.7	    397	-1.7020	  8.7767e-01  2.5215e+01  2.8872e+01  4.8784e+00 -2.1226e+01  9.9237e+01  2.2093e+00  4.0372e-04  4.8338e+05  4.8344e+05
coraalte   F	 187939	     29	  955.8	 135566	-3.7816	  9.6574e-02  5.3011e+01  3.9312e+01  1.8601e+00 -7.6951e+01  8.4639e+02  1.0231e+00  1.8386e-05  3.2722e+06  3.2723e+06
corbflum   F	      3	     17	   50.0	      1	-1.3178	  6.6712e-01 -6.8161e+00  2.4306e+01  2.9990e+01 -4.2820e+02  5.0806e+02  3.0000e+01  2.3448e-01  1.2123e+02  1.1492e+02
corccaps   F	 104417	     27	  171.8	   4875	-2.8254	  4.4411e-01  3.4254e+01  5.9844e+01  3.5086e+00 -1.1349e+02  4.0132e+02  1.8677e+00  5.6413e-05  1.3660e+06  1.3661e+06
corcolit   F	  54517	     16	  174.1	   4113	-2.8139	  4.8517e-01  4.4613e+01  5.0984e+01  2.7105e+00 -1.3163e+02  4.5254e+02  2.0683e+00  9.7313e-05  7.0649e+05  7.0655e+05
cordbron   F	  14313	     23	   61.8	    481	-1.9200	  8.2233e-01  3.3324e+01  2.2472e+01  2.5817e+00 -2.5464e+01  1.1125e+02  2.3969e+00  5.4790e-04  1.2659e+05  1.2664e+05
cordconf   F	  14288	     23	   61.4	    804	-2.1071	  6.2025e-01  2.4568e+01  2.9547e+01  4.5287e+00 -1.7498e+02  2.3930e+02  7.7670e+00  2.4442e-01 -9.5609e+01  3.7139e+02  3.7101e+00  6.4765e-04  1.3859e+05  1.3868e+05
cordfumo   F	  15524	     21	   63.5	   1026	-1.9934	  7.9349e-01  2.7379e+01  2.9661e+01  3.3359e+00 -8.5030e+00  9.8726e+01  1.5789e+00  4.5762e-04  1.4251e+05  1.4256e+05
cordmili   F	  22993	     16	   64.3	   1024	-2.1576	  6.4406e-01  2.7659e+01  2.8448e+01  3.3201e+00 -1.6882e+01  9.1261e+01  1.7538e+00  3.1509e-01 -1.8835e+02  5.9014e+02  5.8152e+00  3.1289e-04  2.2854e+05  2.2863e+05
corearte   F	 258738	     16	  403.4	  94657	-3.5262	  6.8070e-01  4.9675e+01  1.3008e+02  1.0321e+00 -5.7115e+02  2.3948e+03  1.1714e+00  2.4324e-05  4.2095e+06  4.2096e+06
coreclup   F	 382717	     16	  439.9	 100705	-3.5639	  6.6388e-01  4.8649e+01  1.3357e+02  1.0204e+00 -6.0344e+02  2.4805e+03  1.1777e+00  2.0412e-05  6.2933e+06  6.2934e+06
cornaspe   F	   2404	     16	 2525.0	  68552	-4.0454	  7.9043e-02  7.9672e+00  1.4663e+02  5.8519e-01 -9.7164e+02  3.0018e+03  1.8367e+00  4.0171e-04  4.4797e+04  4.4837e+04
cornflor   F	 163554	     16	  336.6	  26182	-3.2816	  3.2801e-01  2.4323e+01  7.1762e+01  3.6487e+00 -1.7079e+02  3.5186e+02  3.4406e+00  1.9272e-01 -2.1886e+02  1.1276e+03  1.4454e+00  3.1351e-05  2.4714e+06  2.4715e+06
coromari   F	  26938	     24	   77.0	    849	-2.1699	  8.0281e-01  3.1733e+01  3.4943e+01  2.1505e+00 -2.0199e+01  1.1029e+02  1.8726e+00  2.3466e-04  2.6923e+05  2.6929e+05
cortcand   F	 150997	     29	   75.1	   8476	-2.6341	  5.3918e-01  5.4146e-01  5.9353e+01  9.7415e+00 -1.8538e+01  2.2902e+02  1.2661e+00  3.0679e-01 -1.3750e+03  2.4579e+03  3.1793e+00  6.9096e-05  1.8304e+06  1.8305e+06
cortglau   F	  95418	     23	   57.1	    843	-1.6788	  8.6831e-01 -3.0220e+01  8.4194e+01  1.5920e+01  3.5356e+00  6.8198e+01  1.2955e+00  2.3492e-04  7.3704e+05  7.3710e+05
corvbrac   F	 155582	     24	  992.8	 124985	-3.7904	  8.3139e-02  5.6172e+01  3.7499e+01  1.6873e+00 -8.4294e+01  8.6689e+02  1.0477e+00  1.9317e-05  2.7153e+06  2.7154e+06
corvcorn   F	 313735	     28	  994.3	 121050	-3.7788	  8.0108e-02  5.5443e+01  3.9831e+01  1.7313e+00 -6.5554e+01  8.3108e+02  1.0462e+00  1.8347e-05  5.4735e+06  5.4736e+06
corvhawa   F	 201139	     19	  947.4	 153941	-3.7876	  9.8956e-02  5.3465e+01  3.7600e+01  1.8416e+00 -6.7179e+01  8.2854e+02  9.9354e-01  1.7680e-05  3.5070e+06  3.5071e+06
corvkuba   F	 189108	     24	  965.8	 150331	-3.7938	  9.9305e-02  5.4080e+01  3.8399e+01  1.7014e+00 -5.9407e+01  8.4197e+02  1.0011e+00  1.7301e-05  3.3027e+06  3.3028e+06
corvmone   F	 200041	     19	  940.9	 155993	-3.7861	  9.8718e-02  5.3666e+01  3.7080e+01  1.8471e+00 -6.1771e+01  8.1891e+02  9.8888e-01  1.6760e-05  3.4866e+06  3.4867e+06
coryavel   F	 129925	     19	  263.7	   9837	-3.0820	  3.5818e-01  2.7682e+01  6.6262e+01  3.7048e+00 -1.3676e+02  3.3796e+02  3.0068e+00  2.6084e-01 -5.6275e+01  8.0537e+02  1.7257e+00  4.2385e-05  1.8441e+06  1.8442e+06
corycass   F	  31801	     23	   55.7	    637	-1.8752	  7.2233e-01  3.2777e+01  1.8247e+01  3.6674e+00 -2.7849e+01  1.0715e+02  2.1965e+00  3.9411e-04  2.7465e+05  2.7470e+05
corycili   F	  54885	     29	   72.9	 184040	-2.5447	  7.1445e-01  1.5333e+01  4.8830e+01  6.4174e+00 -3.1097e+02  4.6686e+02  6.5413e+00  5.7480e-02 -1.3400e+02  1.5256e+03  7.9465e-01  5.4810e-05  6.4560e+05  6.4569e+05
coryinte   F	 244990	     28	  598.9	  76716	-3.5413	  4.8580e-01  5.0953e+01  3.0795e+01  1.1082e+00 -8.8285e+02  3.1337e+03  1.4474e+00  6.9971e-05  4.0006e+06  4.0007e+06
corymacu   F	  61954	     16	  418.3	 199430	-3.3514	  2.2129e-01 -4.7386e+01  1.3088e+02  1.3124e+01 -2.0032e+02  3.2460e+02  9.7859e+00  1.1817e-01 -4.8350e+01  6.3164e+02  1.0492e+00  5.0097e-05  9.5766e+05  9.5776e+05
costcost   F	  12761	     18	  626.8	   5850	-3.3134	  4.7945e-02  1.4358e+01  2.2860e+01  9.0241e-01 -4.3007e+02  9.5158e+02  2.8156e+00  1.7297e-04  1.9472e+05  1.9478e+05
coteglom   F	  74617	     17	  261.6	 141574	-3.2927	  3.9524e-01  1.2559e+01  6.2622e+01  4.1446e+00 -4.6898e+01  6.0525e+02  8.7828e-01  6.6539e-05  1.1299e+06  1.1300e+06
cotevest   F	  45601	     16	  180.7	  49347	-3.0730	  4.1433e-01 -4.0240e+00  7.8593e+01  5.9253e+00 -3.6202e+01  4.1587e+02  9.9624e-01  9.7782e-05  6.4519e+05  6.4526e+05
cottgobi   F	 228196	     18	  420.0	  40730	-3.3525	  4.8110e-02  5.4596e+01  3.3000e+01  4.3197e+00  5.4096e+01  5.8787e+01  1.3626e+00  3.3823e-01 -7.6441e+01  6.8412e+02  1.1777e+00  1.9487e-05  3.5229e+06  3.5230e+06
cotujapo   F	 196178	     28	  832.2	 135056	-3.7276	  1.3331e-01  5.3239e+01  3.8945e+01  1.5039e+00 -4.2827e+01  7.6071e+02  9.9478e-01  1.7142e-05  3.3665e+06  3.3666e+06
crasangu   F	 107746	     16	  381.0	  37025	-3.3316	  4.0767e-01  6.8462e+01  9.3671e+01  8.4103e-01 -7.7365e+01  4.8743e+02  1.2773e+00  5.3410e-05  1.6520e+06  1.6521e+06
crasaust   F	   6424	     18	  292.0	   2000	-2.7497	  9.5337e-01 -1.6827e+02  4.2665e+02  4.6766e+00 -2.2393e+01  2.2221e+02  1.0333e+00  4.1644e-04  8.1364e+04  8.1412e+04
crasgasa   F	  16853	     16	  416.2	  24984	-3.3255	  3.1746e-01  6.6652e+01  6.3974e+01  1.0028e+00 -5.7658e+01  5.1445e+02  1.3095e+00  1.3400e-04  2.5794e+05  2.5799e+05
crasgiga   F	 256538	     16	  428.6	  46573	-3.3952	  2.3148e-01  6.8770e+01  5.9055e+01  9.9382e-01 -2.4084e+01  4.3742e+02  1.0914e+00  2.8915e-05  4.0111e+06  4.0112e+06
crashong   F	   9582	     19	  407.3	  79660	-3.4263	  4.9925e-01  6.7111e+01  1.1533e+02  8.0163e-01 -5.4117e+01  5.3127e+02  1.0686e+00  1.9180e-04  1.5110e+05  1.5115e+05
crasnipp   F	 138601	     16	  360.8	  25127	-3.2690	  3.2475e-01  7.0682e+01  6.9349e+01  8.7851e-01 -5.0512e+01  4.2097e+02  1.3101e+00  4.6504e-05  2.0868e+06  2.0868e+06
crasvirg   F	 297198	     30	  420.5	  40503	-3.3753	  2.6792e-01  6.7801e+01  5.5475e+01  9.8583e-01 -2.1902e+01  4.5929e+02  1.1311e+00  2.7205e-05  4.6153e+06  4.6154e+06
cratpinn   F	  66602	     16	  172.2	   4466	-2.8300	  4.9093e-01  4.6494e+01  5.0726e+01  2.3487e+00 -1.4602e+02  4.5513e+02  1.9954e+00  7.4802e-05  8.6817e+05  8.6824e+05
cremosak   F	  61107	     16	  192.0	  97173	-3.1033	  3.1404e-01 -1.7140e+02  2.4955e+02  2.0004e+01  1.3910e+01  1.9564e+02  1.2268e+00  5.6483e-01 -4.0953e+02  2.9073e+03  9.1786e-01  7.2439e-05  8.7358e+05  8.7368e+05
crepvari   F	  80271	     23	   55.1	    375	-1.5545	  8.9346e-01 -5.7735e+00  5.8188e+01  1.2987e+01 -6.1804e+00  7.8355e+01  1.9195e+00  2.4705e-04  5.7472e+05  5.7479e+05
cricanso   F	 224589	     17	 1487.9	 178084	-3.9552	  7.6262e-02  4.7083e+01  4.2039e+01  2.5942e+00 -4.1156e+01  2.6173e+02  2.1245e+00  1.2021e-01 -2.2744e+02  1.6398e+03  1.0826e+00  1.3460e-05  4.0912e+06  4.0913e+06
cricgri1   F	 212791	     29	 1445.3	 151972	-3.9335	  8.0749e-02  5.1696e+01  3.7796e+01  2.3830e+00 -6.6937e+01  3.1983e+02  1.8240e+00  1.8337e-01 -1.9678e+02  1.7772e+03  1.1211e+00  1.4277e-05  3.8532e+06  3.8533e+06
cricgris   F	 350507	     27	 1383.0	 118145	-3.8929	  1.0871e-01  5.5540e+01  3.9307e+01  1.6668e+00 -4.5234e+02  7.0611e+02  4.8116e+00  1.3536e-01 -1.9893e+02  1.6714e+03  1.1773e+00  1.4316e-05  6.2831e+06  6.2833e+06
crismuce   F	 115095	     16	 1229.8	  32697	-3.7223	  2.2620e-01  5.8636e+01  7.2137e+01  1.2022e+00 -8.2932e+01  4.1721e+02  1.4070e+00  2.6739e-01 -4.3657e+02  2.5178e+03  1.8506e+00  2.9912e-05  1.9709e+06  1.9710e+06
critfasc   F	      2	   4542	10870.0	 597203	-4.1279	  1.0000e+00 -4.1510e+02  1.6998e+03  9.0335e-01  4.9997e-01  4.8562e+01  4.4642e+01
crocporo   F	 165647	     30	 1630.8	 270817	-4.0318	  7.6643e-02  6.8822e+01  4.0573e+01  8.7831e-01 -1.2745e+02  1.3466e+03  9.8459e-01  1.6010e-05  3.0648e+06  3.0649e+06
cronquer   F	  54995	     23	   86.9	    998	-2.0850	  8.9915e-01  6.4573e+00  7.2260e+01  4.5127e+00 -1.5504e+01  1.2877e+02  1.4447e+00  1.4657e-04  5.2785e+05  5.2791e+05
cronribi   F	  25616	     17	   84.7	    926	-1.9886	  9.6273e-01  6.8265e+00  7.0920e+01  4.8052e+00 -4.0158e+01  2.2038e+02  1.3115e+00  2.7854e-04  2.3457e+05  2.3463e+05
crotadam   F	  42464	     23	 1184.9	  44951	-3.7466	  1.3340e-01  6.8379e+01  5.5170e+01  7.9363e-01 -2.7089e+02  1.2646e+03  1.4796e+00  5.4101e-05  7.3249e+05  7.3255e+05
crotaqui   F	   2902	     21	  642.0	  13012	-3.4079	  2.2088e-01  6.2111e+01  4.5054e+01  1.0807e+00 -2.8137e+02  9.0906e+02  1.9191e+00  4.1896e-04  4.5534e+04  4.5576e+04
crotenyo   F	   5122	     27	  700.3	  13040	-3.4336	  2.4262e-01  6.4449e+01  5.5631e+01  8.7522e-01 -4.1270e+02  1.1015e+03  2.2155e+00  2.8578e-04  8.0939e+04  8.0985e+04
crothell   F	  17137	     65	 1105.3	  39594	-3.7087	  1.6044e-01  6.7213e+01  5.8980e+01  7.8975e-01 -2.6437e+02  1.2316e+03  1.5326e+00  1.0445e-04  2.9258e+05  2.9264e+05
crothorr   F	  12729	     17	 1015.2	  22137	-3.6223	  1.4146e-01  6.6744e+01  5.4809e+01  8.5600e-01 -3.9123e+02  1.2642e+03  1.8488e+00  1.3409e-04  2.1227e+05  2.1232e+05
crotmitc   F	   3423	     31	  529.8	   9002	-3.2896	  1.8614e-01  6.6804e+01  3.1776e+01  1.1272e+00 -2.3971e+02  7.1880e+02  2.0189e+00  4.2042e-04  5.1820e+04  5.1863e+04
crotoreg   F	  34435	     21	 1149.8	  44561	-3.7324	  1.4156e-01  6.9882e+01  5.2355e+01  7.5677e-01 -2.6090e+02  1.2335e+03  1.4838e+00  6.3841e-05  5.9169e+05  5.9175e+05
crotrube   F	  15423	     69	 1077.1	  35741	-3.6886	  1.6726e-01  6.4872e+01  6.2489e+01  8.2576e-01 -2.5883e+02  1.2089e+03  1.5638e+00  1.1469e-04  2.6190e+05  2.6196e+05
crotsimu   F	     47	     33	 1174.0	  82496	-3.6966	  5.0832e-02  1.0190e+02  1.1344e+00  2.7958e-01 -3.5040e+02  1.0853e+03  1.3416e+00  2.0926e-02  8.1962e+02  8.3257e+02
crottigr   F	 223468	     27	 1465.8	 138895	-3.9377	  1.0927e-01  6.7697e+01  5.7482e+01  8.1905e-01 -1.4861e+02  1.3381e+03  1.1236e+00  1.4864e-05  4.0518e+06  4.0519e+06
crotviri   F	  74104	     16	 1264.2	  57157	-3.8031	  8.1667e-02  7.0107e+01  3.8829e+01  8.9451e-01 -3.1066e+02  1.3000e+03  1.3816e+00  3.5121e-05  1.2994e+06  1.2994e+06
cruclaev   F	  80321	     23	   55.6	    497	-1.5736	  8.8711e-01  8.6459e-01  5.2001e+01  1.1989e+01 -1.2773e+01  8.9871e+01  1.7819e+00  3.7843e-04  5.8083e+05  5.8089e+05
crypamyl   F	  38819	     21	   50.1	    319	-1.5048	  8.6673e-01  2.5954e+01  2.2120e+01  6.2808e+00 -3.2931e+00  6.7600e+01  2.0903e+00  6.4991e-04  2.6884e+05  2.6890e+05
crypande   F	   1672	     24	   72.4	    475	-2.0816	  6.2175e-01  1.0392e+01  5.2796e+01  5.7241e+00 -8.7871e+01  1.7322e+02  3.6636e+00  1.7895e-03  1.6056e+04  1.6094e+04
crypbaci   F	  35717	     41	   55.9	    374	-1.6623	  6.8286e-01  2.1165e+01  3.1374e+01  6.2919e+00  3.4911e+01  2.1454e+01  1.5002e+00  3.5352e-04  2.7344e+05  2.7350e+05
crypbovi   F	   1047	     21	   67.0	    770	-2.1816	  6.4609e-01  3.5195e+01  2.1492e+01  1.5377e+00 -3.1204e+01  9.5483e+01  2.3931e+00  2.0937e-03  1.0520e+04  1.0555e+04
crypcurv   F	  24801	     23	   40.6	    733	-1.9252	  7.1572e-01  2.6050e+01  8.5051e+00  1.9067e+00 -3.1707e+01  1.2022e+02  2.1959e+00  9.7125e-04  2.1979e+05  2.1985e+05
crypdeca   F	  35569	     41	   56.0	    356	-1.6669	  6.5162e-01 -3.5197e+01  8.7588e+01  1.7965e+01  3.3576e+01  2.3884e+01  1.6272e+00  3.3857e-04  2.7320e+05  2.7326e+05
crypden1   F	  34657	     21	   55.7	    265	-1.6702	  7.8218e-01  1.2880e+01  3.9586e+01  7.5710e+00  3.8629e+00  5.4764e+01  2.4101e+00  4.1706e-04  2.6663e+05  2.6669e+05
crypdene   F	  37731	     27	   55.9	    310	-1.6618	  8.0545e-01  2.3809e+01  2.8864e+01  5.3300e+00  2.0542e+01  3.6374e+01  1.7598e+00  3.7292e-04  2.8877e+05  2.8883e+05
crypdepa   F	  31291	     37	   51.7	    374	-1.5534	  8.8685e-01 -3.4084e+01  8.2917e+01  1.8645e+01  2.3503e+01  5.3816e+01  1.6517e+00  6.5089e-04  2.2376e+05  2.2382e+05
crypdeut   F	  34150	     25	   55.8	    272	-1.6520	  8.0826e-01  2.3853e+01  2.8789e+01  5.3592e+00  1.6805e+01  4.0934e+01  1.9854e+00  4.2012e-04  2.5987e+05  2.5993e+05
crypgatt   F	  32685	     18	   55.9	    348	-1.7202	  7.7638e-01  1.2836e+01  3.9589e+01  7.5134e+00 -3.7632e+00  6.7063e+01  2.2881e+00  4.3684e-04  2.5899e+05  2.5905e+05
cryphomi   F	    632	     37	   65.7	    718	-2.1339	  7.9593e-01  6.9507e+00  4.7154e+01  3.8562e+00 -4.9531e+01  1.9090e+02  2.6609e+00  3.3120e-03  6.2275e+03  6.2587e+03
crypjapo   F	 156778	     16	  256.9	 106911	-3.4393	  5.0487e-01  6.2444e+01  4.8240e+01  1.2694e+00 -2.3043e+01  3.5234e+02  9.4877e-01  2.5063e-01 -1.9523e+04  2.7634e+04  2.7216e+00  1.8744e-05  2.5734e+06  2.5735e+06
crypmuri   F	   1401	     24	   73.1	    499	-2.0550	  7.2929e-01  2.9199e+01  3.5027e+01  3.1827e+00 -5.2742e+01  1.4142e+02  2.9525e+00  1.9553e-03  1.3264e+04  1.3301e+04
crypneof   F	  33856	     23	   56.1	    416	-1.7423	  7.6489e-01  1.3138e+01  3.9275e+01  7.5240e+00  8.4051e-01  6.4343e+01  2.0602e+00  3.9624e-04  2.7172e+05  2.7178e+05
cryppar1   F	      2	     62	  100.0	    inf	-3.3619	  1.0000e+00  6.1899e+01  9.3897e+00  2.3165e-01  3.6282e-01  2.0257e+01  1.6337e+01
cryppara   F	  22403	     24	   85.5	    928	-2.2731	  7.8900e-02 -2.9100e+02  3.3150e+02  3.0000e+01  3.2696e+01  4.4748e+01  1.7403e+00  4.5640e-04  2.3473e+05  2.3478e+05
crypparf   F	  22429	     16	   85.3	    928	-2.2731	  7.8900e-02 -2.9100e+02  3.3150e+02  3.0000e+01  3.2696e+01  4.4748e+01  1.7403e+00  4.5471e-04  2.3480e+05  2.3486e+05
crypparv   F	    225	     33	   64.8	   1641	-2.3881	  6.4108e-01  2.7808e+01  1.4770e+01  1.2872e+00  2.2848e+01  6.2126e+01  2.1294e+00  1.8313e-01 -2.4152e+02  5.5493e+02  3.2462e+00  8.5331e-03  2.4899e+03  2.5274e+03
cryppopu   F	  30129	     23	   71.2	   1135	-2.1201	  7.1769e-01  3.2540e+01  2.8499e+01  2.7934e+00 -2.2382e+00  1.0622e+02  1.7001e+00  2.4847e-04  2.9418e+05  2.9424e+05
crypryan   F	   1065	     21	   67.0	   1941	-2.2297	  7.0591e-02  1.7855e+01  1.1571e+01  1.1043e+00  3.5578e+01  2.3793e+01  1.2032e+00  1.8392e-03  1.0933e+04  1.0968e+04
crypsecu   F	  51715	     16	 1705.7	 257692	-4.0248	  1.3217e-01  1.4286e+01  5.0464e+01  4.7049e-01 -3.2139e+02  1.6714e+03  1.1496e+00  5.7841e-05  9.5608e+05  9.5614e+05
crypterr   F	  51629	     23	   70.1	    677	-1.8923	  9.1722e-01  3.0732e+01  3.4389e+01  3.5553e+00 -7.4203e+01  2.0141e+02  2.1129e+00  2.6150e-04  4.4990e+05  4.4996e+05
cryptetr   F	  35834	     41	   55.9	    368	-1.6611	  6.7917e-01  1.6384e+01  3.6203e+01  7.2172e+00  3.4898e+01  2.1508e+01  1.5164e+00  3.5923e-04  2.7413e+05  2.7419e+05
crypubiq   F	   1240	     31	   68.0	    684	-2.1546	  2.0201e-01  8.3649e+00  3.7322e+01  1.1891e+01  1.6879e-01  6.2178e+01  4.5970e+00  5.7937e-01 -1.1996e+02  2.6893e+02  3.4422e+00  1.7030e-03  1.2317e+04  1.2374e+04
crypvish   F	  37789	     23	   62.1	    500	-1.6750	  9.1074e-01 -1.1070e+02  1.6936e+02  2.6504e+01 -1.9333e+01  1.0668e+02  1.8036e+00  4.2464e-04  2.9130e+05  2.9136e+05
crypwier   F	  45739	     23	   64.9	    370	-1.6765	  8.9763e-01 -2.4031e+01  8.5485e+01  1.3669e+01 -2.7567e+01  1.1652e+02  2.4380e+00  3.7811e-04  3.5230e+05  3.5236e+05
crypwing   F	  35491	     17	   49.9	    316	-1.5263	  8.3916e-01  2.4555e+01  2.3355e+01  6.8319e+00 -6.8354e+00  6.7047e+01  2.2002e+00  7.2445e-04  2.4931e+05  2.4937e+05
ctenfeli   F	 110229	     25	  236.6	 325259	-3.3176	  4.0443e-01  4.6536e+01  2.4398e+01  1.6934e+00 -8.1200e+00  5.2567e+02  7.3834e-01  5.7804e-01 -5.2606e+02  2.4444e+03  1.5234e+01  7.3332e-05  1.6755e+06  1.6756e+06
ctenidel   F	 287114	     17	  517.0	  69028	-3.4854	  1.7241e-01 -2.4450e+02  3.3025e+02  3.0000e+01  5.1051e+01  1.0313e+02  1.2467e+00  3.0589e-01 -2.0537e+02  1.3477e+03  1.1834e+00  2.1022e-05  4.6092e+06  4.6094e+06
cucuberb   F	  23974	     23	   55.6	    660	-1.8525	  7.3364e-01  3.3346e+01  1.7755e+01  3.7320e+00 -1.8019e+01  1.0200e+02  2.0931e+00  4.1386e-04  2.0456e+05  2.0461e+05
cucucano   F	 136934	     30	  961.7	  74433	-3.7282	  9.6690e-02  5.8646e+01  3.6775e+01  1.3862e+00  5.8202e+00  1.7283e+02  1.0034e+00  3.0064e-02 -9.8898e+01  9.0960e+02  1.1744e+00  2.3364e-05  2.3518e+06  2.3519e+06
cucumaxi   F	 153915	     17	  175.1	   4670	-2.8822	  3.9709e-01  1.4420e+01  7.1563e+01  5.1403e+00 -3.1355e+02  4.8914e+02  5.2291e+00  2.9705e-01 -8.8529e+01  7.3998e+02  2.2061e+00  5.3678e-05  2.0429e+06  2.0430e+06
cucumelo   F	 113205	     26	  223.5	  12721	-3.0087	  4.1402e-01  3.8563e+01  5.3595e+01  2.9144e+00 -4.5478e+01  3.9744e+02  1.3361e+00  5.1793e-01 -3.3381e+02  1.0097e+03  4.6765e+00  4.4760e-05  1.5682e+06  1.5683e+06
cucumosc   F	 156458	     23	  174.2	   4985	-2.8870	  4.0972e-01  2.9266e+01  5.7033e+01  3.9645e+00 -6.7624e+01  2.9862e+02  1.7225e+00  4.2237e-01 -1.1141e+02  8.5902e+02  2.5516e+00  5.8580e-05  2.0800e+06  2.0801e+06
cucupepo   F	 152339	     16	  178.4	   7215	-2.9196	  4.1456e-01  3.8607e+01  4.8604e+01  3.1167e+00 -8.7675e+01  3.5754e+02  1.5183e+00  4.8641e-01 -4.2286e+02  1.1741e+03  4.1777e+00  6.1078e-05  2.0484e+06  2.0485e+06
cucusati   F	 122953	     16	  221.6	   8549	-2.9882	  4.0958e-01  3.3486e+01  5.8587e+01  3.2458e+00 -3.5982e+02  5.9068e+02  4.8255e+00  2.9289e-01  1.1928e+02  6.1624e+02  1.5588e+00  4.7641e-05  1.6919e+06  1.6920e+06
culepipi   F	  41501	     16	  122.2	 244587	-3.2475	  4.2441e-01  2.9516e+01  2.9829e+01  5.4744e+00  5.4330e+00  2.3521e+02  6.1403e-01  3.4975e-01 -8.6537e+03  1.5389e+04  2.6847e+00  8.1594e-05  6.2280e+05  6.2290e+05
culequin   F	  61927	     28	  142.3	 187182	-3.2940	  4.1244e-01 -9.7858e+01  1.5732e+02  3.0000e+01  3.0021e+01  1.8928e+02  6.2411e-01  3.1912e-01 -7.8985e+03  1.5670e+04  2.3492e+00  5.5458e-05  9.3792e+05  9.3802e+05
culibrev   F	  43618	     19	  107.2	  65115	-2.8970	  4.4712e-01 -8.5197e+01  1.4352e+02  3.0000e+01  5.3912e+00  1.3579e+02  1.2999e+00  2.1886e-01  1.3788e+02  8.4245e+02  9.6854e-01  1.1687e-04  5.8120e+05  5.8130e+05
culisono   F	  33252	     18	   65.8	  39829	-2.4396	  6.3988e-01 -9.2111e+01  1.5104e+02  3.0000e+01 -2.2564e+00  1.8592e+02  1.1417e+00  2.4736e-01  1.4574e+02  2.0214e+03  1.0782e+00  1.7533e-04  3.7238e+05  3.7247e+05
cunnechi   F	  41901	     23	  111.8	   1610	-2.3496	  7.3891e-01 -1.0456e+02  2.0429e+02  9.3575e+00 -5.6500e+01  1.8659e+02  1.8076e+00  2.6055e-01 -3.2627e+02  9.6307e+02  2.8889e+00  9.3614e-04  4.1557e+05  4.1567e+05
cuprsemp   F	  17015	     16	  309.9	 112129	-3.7161	  5.4618e-01  5.2947e+01  6.7877e+01  1.4036e+00 -1.8916e+02  2.5498e+03  6.3391e-01  9.5043e-05  2.9227e+05  2.9233e+05
curv_ria   F	  14925	     17	   55.8	    455	-1.7900	  8.2425e-01  3.6628e+01  1.5103e+01  2.8434e+00 -1.7754e+02  2.7529e+02  5.5632e+00  1.6888e-01 -9.5662e+01  3.9457e+02  1.2937e+00  8.9000e-04  1.2298e+05  1.2306e+05
cutacave   F	  23703	     24	   39.9	    710	-1.9123	  7.4545e-01  2.5993e+01  8.6756e+00  1.9468e+00 -4.9959e+01  1.5381e+02  2.4728e+00  1.1282e-03  2.0868e+05  2.0873e+05
cutaolea   F	  22173	     18	   39.7	    638	-1.8811	  7.3836e-01  2.6386e+01  8.1249e+00  1.8582e+00 -4.1147e+01  1.2667e+02  2.3807e+00  1.0925e-03  1.9204e+05  1.9209e+05
cyamtetr   F	 109461	     16	  258.0	   7123	-3.0083	  4.1073e-01  4.1278e+01  5.4175e+01  2.5945e+00 -1.9647e+02  5.8393e+02  2.1251e+00  5.3708e-01  5.1684e+02  2.8217e+02  9.5409e-01  5.3428e-05  1.5160e+06  1.5161e+06
cyancaer   F	 181139	     16	  908.5	 100924	-3.7361	  1.0817e-01  5.7044e+01  3.7741e+01  1.4874e+00 -8.2065e+01  8.3065e+02  1.0793e+00  1.8856e-05  3.1153e+06  3.1154e+06
cyanmero   F	     55	     70	  234.8	   1244	-2.6507	  3.2429e-01  9.3222e+00  7.9008e+01  4.2716e+00  3.8768e+01  1.8449e+02  2.6124e+00  3.6966e-02  6.8549e+02  6.9954e+02
cyatstri   F	 132730	     23	   55.6	    701	-1.7026	  8.0181e-01 -2.4962e+01  7.7610e+01  1.7024e+01  5.8797e-01  6.1527e+01  1.5074e+00  2.3655e-04  1.0400e+06  1.0400e+06
cybefabi   F	   1535	     23	  124.5	   2893	-2.6743	  1.8761e-01  2.4781e+01  3.4383e+01  5.9884e+00 -3.8091e+00  8.6622e+01  1.3443e+00  5.6121e-01 -1.9274e+02  4.7948e+02  5.3751e+00  1.2926e-03  1.8933e+04  1.8992e+04
cybejadi   F	   1971	     23	   69.9	   4010	-2.3448	  4.5348e-01  3.0376e+01  2.9382e+01  3.8498e+00  4.5362e+00  7.2205e+01  1.1677e+00  1.2161e-03  2.1276e+04  2.1316e+04
cyclatom   F	  16883	     18	   81.9	   6383	-2.1319	  7.5330e-01 -2.8404e+01  1.0388e+02  1.0879e+01 -1.4840e+01  1.2363e+02  1.1979e+00  2.4670e-01 -2.0805e+03  3.6919e+03  8.0220e+00  3.7096e-04  1.6574e+05  1.6583e+05
cyclcaye   F	  36239	     23	  232.5	   1643	-2.7840	  2.4018e-01  2.0044e+01  1.2663e+02  2.6651e+00 -1.9870e+02  4.1672e+02  3.4153e+00  1.8250e-04  4.6426e+05  4.6432e+05
cycllump   F	 230989	     28	  358.0	  33938	-3.2848	  8.3068e-02  4.8250e+01  4.2196e+01  3.8033e+00  5.5052e+01  5.8624e+01  1.2445e+00  3.4654e-01 -8.8080e+01  6.6512e+02  1.2092e+00  2.0221e-05  3.4936e+06  3.4937e+06
cyclpali   F	 142942	     16	  278.6	  49594	-3.1471	  3.4048e-02  1.5391e+01  6.7846e+01  8.6246e+00  2.5856e+01  7.3090e+01  3.2253e+00  3.4472e-01 -8.5643e+01  5.1497e+02  1.3022e+00  3.8450e-05  2.0737e+06  2.0738e+06
cydiampl   F	  94219	     19	  806.7	  72602	-3.6762	  4.1816e-02  3.9144e+01  4.2978e+01  4.4886e+00 -1.0040e+02  7.0676e+02  1.1337e+00  3.4729e-05  1.5970e+06  1.5971e+06
cydifagi   F	 100156	     19	  741.1	  84961	-3.6721	  4.0427e-02  1.5660e+01  6.5907e+01  7.3971e+00 -7.1662e+01  6.4687e+02  1.0770e+00  3.9161e-05  1.6965e+06  1.6966e+06
cydipomo   F	 111924	     19	  899.9	 127294	-3.7604	  4.9326e-02  5.0431e+01  3.2403e+01  2.8311e+00 -7.2164e+01  7.3987e+02  1.0188e+00  2.6357e-05  1.9393e+06  1.9393e+06
cydisple   F	 101399	     17	  749.2	 111530	-3.7034	  3.7192e-02  1.8247e+01  6.3153e+01  7.2882e+00 -5.8655e+01  6.3521e+02  1.0173e+00  3.6544e-05  1.7318e+06  1.7318e+06
cydistro   F	  96841	     16	  836.5	 104211	-3.7257	  4.1215e-02  4.1314e+01  4.0759e+01  4.0353e+00 -7.8919e+01  7.0756e+02  1.0522e+00  3.3435e-05  1.6632e+06  1.6633e+06
cygnatra   F	 183561	     30	  965.0	 130782	-3.7770	  1.1984e-01  5.1278e+01  4.3913e+01  1.7334e+00 -6.6435e+01  8.7745e+02  1.0326e+00  1.7847e-05  3.1919e+06  3.1920e+06
cygnolor   F	 209014	     28	 1017.7	 172337	-3.8242	  1.1034e-01  5.0718e+01  4.4255e+01  1.8028e+00 -7.0827e+01  9.0984e+02  9.8746e-01  1.5096e-05  3.6795e+06  3.6796e+06
cylaform   F	  78877	     28	  299.0	 244493	-3.2481	  3.3618e-01 -1.3865e+01  6.7160e+01  1.6193e+01  3.4584e+01  1.6376e+02  5.8266e-01  3.4543e-01 -8.2778e+02  2.5277e+03  1.6774e+00  5.2668e-05  1.1797e+06  1.1798e+06
cyliclos   F	      4	     78	  274.0	      6	-3.5617	  1.0000e+00  7.7900e+01  1.9019e+01  2.4873e-01  2.1178e-01  4.8806e+01  4.6965e+01
cyligold   F	  41081	     23	   59.2	   1424	-2.1838	  5.4743e-01  1.7229e+01  3.3783e+01  7.0692e+00 -2.6851e+02  3.3753e+02  1.1511e+01  2.4399e-01 -1.0838e+02  3.4789e+02  2.5080e+00  4.1749e-04  4.1295e+05  4.1304e+05
cylitorr   F	  63467	     23	   51.4	    271	-1.4038	  9.1610e-01 -4.8037e+01  9.7336e+01  2.8753e+01 -2.8258e+01  9.9372e+01  2.5280e+00  7.1777e-04  4.1035e+05  4.1041e+05
cymatrip   F	      2	    546	  829.0	      8	 0.0000	  1.0000e+00  5.4590e+02  7.1741e+01  1.6231e-01  3.9362e-01  2.5708e+01  2.1787e+01
cymonodo   F	  99158	     16	  267.3	  34310	-3.2289	  2.0045e-01 -8.9606e+01  1.7441e+02  1.4245e+01  3.8173e+01  7.6310e+01  1.5356e+00  3.1459e-01 -2.1998e+02  1.0020e+03  1.2924e+00  3.5021e-05  1.4748e+06  1.4749e+06
cynacard   F	 136557	     28	  285.5	  10049	-3.1023	  2.7472e-01 -2.6771e+02  3.5301e+02  3.0000e+01 -1.1611e+02  2.5253e+02  4.0949e+00  2.1684e-01 -2.2621e+02  8.4834e+02  1.8511e+00  4.7702e-05  1.9509e+06  1.9510e+06
cynosemi   F	 224271	     29	  288.5	  40202	-3.2016	  3.0068e-01  3.7076e+00  8.4095e+01  6.6834e+00  8.4623e+01  7.4455e+01  1.3430e+00  9.6055e-02 -5.4303e+01  5.1628e+02  1.1002e+00  2.1108e-05  3.3061e+06  3.3062e+06
cynosphi   F	 127647	     16	 1192.3	 129919	-3.8545	  5.5002e-02 -4.5211e+01  1.3068e+02  1.3010e+01  4.9042e+01  1.4181e+02  1.0951e+00  1.4365e-01 -2.2371e+02  1.3241e+03  1.1095e+00  2.1238e-05  2.2669e+06  2.2670e+06
cynovola   F	 201999	     30	 1399.4	 189559	-3.9534	  7.7213e-02  5.2305e+01  3.9220e+01  2.2575e+00 -1.7106e+01  3.9528e+02  1.1146e+00  3.1566e-01 -2.1514e+02  2.0038e+03  1.0685e+00  1.4466e-05  3.6762e+06  3.6763e+06
cyphatti   F	  15013	     16	   53.9	   1279	-1.9518	  6.7617e-01  3.5578e+01  1.4019e+01  2.8001e+00  4.0608e-01  6.7589e+01  1.4161e+00  1.0838e-03  1.3490e+05  1.3495e+05
cyphcost   F	  69707	     30	  244.9	  52835	-3.1800	  2.9179e-01 -5.5294e+01  1.3489e+02  1.0003e+01  1.5803e+00  2.9180e+02  9.9907e-01  6.8190e-01 -2.4924e+03  8.7056e+03  1.6453e+00  6.5392e-05  1.0203e+06  1.0204e+06
cypheuro   F	  11621	     23	   52.2	    383	-1.7327	  7.1325e-01  2.1508e+01  2.6946e+01  7.2476e+00 -2.2866e+01  9.4336e+01  2.7711e+00  7.4171e-04  9.2696e+04  9.2747e+04
cyprcarp   F	 344932	     16	  364.6	  47562	-3.3558	  2.0253e-01  4.7696e+01  4.0816e+01  2.8346e+00 -1.1464e+01  1.9399e+02  1.1875e+00  4.6707e-01  1.0974e+02  1.0575e+03  1.1384e+00  2.1376e-05  5.3297e+06  5.3298e+06
cyprtula   F	 243666	     29	  511.8	  52662	-3.4549	  2.6070e-01  7.3939e+00  7.5218e+01  6.9383e+00  3.5313e+01  1.3305e+02  1.1975e+00  2.5965e-01 -5.2753e+02  2.1399e+03  1.4315e+00  1.9868e-05  3.8789e+06  3.8791e+06
cyprvari   F	 223455	     28	  485.6	  46038	-3.4254	  2.2909e-01 -1.1752e+02  1.9941e+02  2.0381e+01  5.0288e+01  9.9965e+01  1.0156e+00  3.0410e-01 -5.2803e+02  2.0595e+03  1.4942e+00  2.0084e-05  3.5262e+06  3.5263e+06
cyrtmont   F	 167055	     30	  823.7	  98626	-3.6913	  1.3058e-01  5.0834e+01  3.8409e+01  1.7247e+00 -6.2707e+01  7.6695e+02  1.0614e+00  2.0096e-05  2.8396e+06  2.8397e+06
cystminu   F	  35588	     19	   69.7	    375	-1.8668	  8.9697e-01  3.0595e+01  3.3962e+01  3.6113e+00 -1.0439e+02  2.0356e+02  3.5588e+00  3.0771e-04  3.0591e+05  3.0596e+05
cystmurr   F	  78151	     23	   55.3	    428	-1.6261	  8.6030e-01  1.1399e+01  4.0978e+01  8.8336e+00 -1.2886e+01  8.4550e+01  2.0053e+00  3.0703e-04  5.8520e+05  5.8526e+05
cystsuis   F	  34961	     18	  618.5	   2846	-3.1214	  3.3616e-04  3.5490e+02  1.0000e-01  1.3275e+01 -2.6102e+03  2.9339e+03  1.3926e+01  4.5445e-01  8.6805e+01  5.3352e+02  2.8623e+00  4.2211e-04  5.0305e+05  5.0314e+05
cytafeli   F	  16776	     19	   44.2	    732	-2.0969	  5.7092e-01 -4.4224e+00  4.2222e+01  1.1676e+01 -2.7780e+01  9.7044e+01  2.1868e+00  2.8353e-01 -2.1143e+03  2.4620e+03  3.0000e+01  6.8702e-04  1.6219e+05  1.6228e+05
cytimelz   F	  79612	     23	   58.0	    461	-1.7129	  8.4719e-01  1.4697e+01  3.9764e+01  7.2238e+00 -2.2421e+01  9.7732e+01  2.1296e+00  2.7186e-04  6.2796e+05  6.2803e+05
dacrprim   F	  45929	     23	   52.0	    560	-1.5206	  8.7979e-01  1.2224e+01  3.7490e+01  1.0244e+01  4.9891e+00  6.5983e+01  1.4832e+00  5.1063e-04  3.2151e+05  3.2157e+05
dacrspec   F	  45270	     16	   52.0	    504	-1.5176	  8.8345e-01  1.2665e+01  3.7050e+01  1.0098e+01 -5.2936e+00  7.5372e+01  1.6359e+00  5.3913e-04  3.1613e+05  3.1619e+05
dacthapt   F	  25268	     23	   69.5	   1695	-1.9602	  9.0570e-01  2.5529e+01  3.8117e+01  3.6605e+00 -3.1504e+00  1.4945e+02  1.1974e+00  2.6546e-04  2.2802e+05  2.2808e+05
dactinca   F	  21885	     16	  479.6	  86196	-3.6892	  1.8172e-01 -2.2094e+02  3.0371e+02  3.0000e+01  8.2005e+00  8.5834e+01  3.5521e+00  2.0577e-01 -6.8920e+01  1.3027e+03  6.3839e-01  6.9147e-05  3.7156e+05  3.7165e+05
daedquer   F	  73026	     23	   56.7	    506	-1.6229	  8.9390e-01  1.1857e+01  4.1813e+01  8.3321e+00 -9.7796e+00  9.2746e+01  1.7668e+00  3.1991e-04  5.4567e+05  5.4574e+05
daktviti   F	 106040	     30	  262.2	  57907	-3.2248	  3.9855e-01  4.0279e+01  2.5159e+01  2.3562e+00 -4.3232e+01  4.4925e+02  1.0793e+00  4.6046e-01 -3.8770e+02  2.6991e+03  1.2993e+00  4.0841e-05  1.5732e+06  1.5733e+06
dalbcoch   F	  86701	     16	  240.9	   8753	-3.0003	  4.2143e-01  4.2741e+01  5.5055e+01  2.4613e+00 -7.1094e+01  4.2914e+02  1.5236e+00  5.0287e-01 -4.1044e+02  1.0265e+03  4.9405e+00  5.4111e-05  1.1983e+06  1.1984e+06
dalboliv   F	  82476	     16	  241.0	   8165	-2.9933	  4.1603e-01  3.7621e+01  5.9665e+01  2.7618e+00 -6.8716e+01  4.2426e+02  1.5604e+00  5.1367e-01 -3.8390e+02  1.0266e+03  5.1726e+00  5.7029e-05  1.1373e+06  1.1374e+06
daldcald   F	  20319	     21	   68.5	    588	-2.0323	  8.3414e-01  3.8417e+01  2.2283e+01  1.8847e+00 -3.1672e+01  1.1813e+02  2.4127e+00  3.3837e-04  1.9017e+05  1.9023e+05
daldchil   F	  18598	     35	   63.6	   2331	-1.9990	  8.2063e-01  3.7066e+01  2.0112e+01  2.3146e+00  2.3531e+01  7.4783e+01  1.0407e+00  3.8361e-04  1.7121e+05  1.7126e+05
dalddeci   F	  21241	     20	   63.3	    530	-1.9426	  7.8316e-01  3.6057e+01  2.1041e+01  2.5338e+00 -2.3234e+01  1.0502e+02  2.2948e+00  3.7918e-04  1.9001e+05  1.9007e+05
daldesch   F	  49119	     23	   72.6	   1895	-2.2727	  6.4740e-01  3.3544e+01  2.5527e+01  2.4687e+00 -2.0060e+01  1.4115e+02  1.6306e+00  1.4115e-04  5.1391e+05  5.1397e+05
daldlocu   F	  21102	     17	   63.1	    581	-1.9402	  7.9209e-01  3.6038e+01  2.0845e+01  2.5673e+00 -2.1735e+01  1.0793e+02  2.1818e+00  3.7905e-04  1.8854e+05  1.8860e+05
daldvern   F	  20552	     23	   63.9	    539	-1.9421	  8.3397e-01  3.7444e+01  2.0362e+01  2.2292e+00 -2.5598e+01  1.1269e+02  2.2532e+00  2.9466e-04  1.8381e+05  1.8386e+05
dalocori   F	  63599	     30	   73.9	  51537	-2.6758	  4.9116e-01 -2.5881e+01  8.3726e+01  1.5137e+01  2.9666e+01  1.1448e+02  8.4843e-01  4.1678e-01 -1.1426e+03  4.0749e+03  1.3778e+00  1.4705e-04  7.8334e+05  7.8344e+05
damadama   F	 219691	     30	 1429.0	 237864	-3.9787	  7.2335e-02  4.5064e+01  4.5490e+01  2.8868e+00  4.4084e+00  3.3946e+02  1.0544e+00  2.7906e-01 -1.9691e+02  1.9053e+03  1.0189e+00  1.2917e-05  4.0234e+06  4.0235e+06
danaplex   F	  91437	     30	  296.5	  37488	-3.1983	  1.5732e-01  2.8784e+01  4.5519e+01  5.9823e+00  6.9607e+00  2.6167e+02  1.0322e+00  4.8848e-05  1.3492e+06  1.3492e+06
daniaesc   F	 245983	     30	 1199.5	  81573	-3.6688	  2.0370e-01 -1.0095e+02  1.8749e+02  1.5195e+01  1.4010e+01  3.6515e+02  8.7358e-01  3.9158e-01  2.4138e+02  1.9638e+03  1.4954e+00  3.3732e-05  4.1558e+06  4.1559e+06
danireri   F	 250729	     16	 1058.7	  68998	-3.6626	  1.6130e-01 -9.3918e+01  1.7836e+02  1.7860e+01  2.2869e+01  1.1868e+02  1.6564e+00  1.9315e-01 -5.8555e+02  2.0904e+03  1.3859e+00  2.1362e-05  4.2406e+06  4.2407e+06
danitran   F	 168354	     16	  515.6	 129232	-3.4146	  2.4771e-01  6.9555e+00  6.9351e+01  8.0880e+00 -1.3203e+02  2.6141e+02  5.3539e+00  1.2221e-01 -1.9223e+02  1.0339e+03  1.1635e+00  2.9600e-05  2.6508e+06  2.6509e+06
daphcari   F	 100417	     30	   72.5	  14179	-2.2433	  7.6482e-01  3.3848e+01  3.0659e+01  3.4895e+00  1.3315e+01  2.0151e+02  9.0300e-01  1.3010e-04  1.0364e+06  1.0365e+06
daphgale   F	  92020	     16	   79.2	 104632	-2.5714	  6.9796e-01  3.7935e+01  2.9244e+01  2.8686e+00 -6.6124e+00  3.7744e+02  7.2762e-01  9.1394e-05  1.0882e+06  1.0883e+06
daphmagn   F	 125224	     16	   77.2	  38714	-2.4753	  6.7368e-01  3.8145e+01  2.7719e+01  2.7637e+00 -3.1212e+00  1.9548e+02  7.8863e-01  7.7100e-05  1.4264e+06  1.4265e+06
daphpule   F	 126219	     24	   75.5	  17955	-2.3320	  7.1712e-01  3.4602e+01  3.1582e+01  3.5838e+00  1.4034e+01  1.9742e+02  8.9293e-01  9.2443e-05  1.3544e+06  1.3545e+06
daphpuli   F	 129162	     24	   75.3	  21172	-2.3336	  7.2129e-01  3.4719e+01  3.1492e+01  3.5600e+00  1.3660e+01  1.9945e+02  8.6010e-01  1.0106e-04  1.3868e+06  1.3868e+06
dareunis   F	  25023	     16	 1237.5	  92142	-3.7796	  1.4106e-01  7.5606e+01  9.8406e+01  5.0783e-01 -4.7565e+02  1.4850e+03  1.7222e+00  7.9222e-05  4.3613e+05  4.3618e+05
darevale   F	  61009	     16	 1342.6	  84101	-3.8715	  4.7791e-02  6.0475e+01  4.1269e+01  1.8036e+00 -2.6364e+02  1.2908e+03  1.2552e+00  4.0508e-05  1.0901e+06  1.0901e+06
dascarua   F	 127984	     16	  454.2	 112236	-3.4858	  2.6273e-02  1.4469e+01  3.1302e+01  5.6364e-01  6.6346e+01  7.3484e+01  7.5190e-01  6.1907e-01  1.0362e+02  1.0981e+03  1.0936e+00  2.6375e-04  2.0496e+06  2.0497e+06
dasthelo   F	  45320	     16	  287.1	 147255	-3.2571	  3.5269e-01  3.1695e+01  1.9694e+01  5.6913e+00 -4.3680e+00  2.3998e+02  9.2662e-01  3.5061e-01 -6.9205e+02  3.3537e+03  1.1298e+00  1.0071e-04  6.8099e+05  6.8109e+05
dasydiad   F	  27190	     17	   62.6	  42012	-2.5948	  6.1158e-01 -9.3425e+01  1.4839e+02  3.0000e+01 -1.6462e+01  2.0474e+02  1.0701e+00  1.9316e-01  1.5975e+02  1.9806e+03  1.2430e+00  1.0974e-04  3.2470e+05  3.2479e+05
dasynove   F	 178439	     20	 1475.4	 286840	-4.0008	  7.5241e-02  5.2559e+01  3.9500e+01  2.1434e+00 -3.9391e+01  3.5535e+02  1.3179e+00  2.3530e-01 -1.5778e+02  1.8517e+03  9.7749e-01  1.4718e-05  3.2871e+06  3.2872e+06
datiglom   F	 104548	     16	  237.2	  19932	-3.0107	  4.5004e-01  5.0478e+01  4.5031e+01  1.8920e+00 -7.5112e+02  1.1866e+03  4.5421e+00  3.7565e-01 -2.7347e+01  3.9968e+02  9.0466e-01  5.7944e-05  1.4496e+06  1.4497e+06
dauccaro   F	 166036	     30	  208.0	   6617	-2.9709	  3.8042e-01  2.9718e+01  5.9856e+01  3.8427e+00 -3.9526e+01  2.7352e+02  1.6359e+00  4.0763e-01 -9.1343e+01  8.8502e+02  2.1319e+00  4.7955e-05  2.2715e+06  2.2716e+06
debafabr   F	    193	     49	   90.7	   1480	-2.3851	  8.0173e-01  4.2797e+01  2.2454e+01  1.2207e+00 -7.3588e+01  3.8998e+02  6.9538e+00  5.7309e-03  2.1257e+03  2.1486e+03
debahans   F	    409	     40	   73.2	   1296	-2.2655	  6.8751e-01  4.2197e+01  1.6153e+01  1.5658e+00 -6.0622e+01  2.0490e+02  2.2702e+00  3.6647e-03  4.2742e+03  4.3023e+03
decogaud   F	  23190	     24	   57.3	    653	-1.9205	  7.0039e-01  3.5618e+01  1.6006e+01  3.0004e+00 -1.8391e+01  1.0207e+02  2.1694e+00  3.0076e-04  2.0505e+05  2.0511e+05
dekkbrux   F	   1942	     23	  107.5	  11368	-2.7433	  1.0128e-01 -1.5795e+01  8.7092e+01  9.5207e+00  7.9844e+00  7.9441e+01  1.0455e+00  2.1576e-03  2.4496e+04  2.4535e+04
deliconf   F	  24282	     25	   58.2	    647	-1.9436	  6.7994e-01  3.2370e+01  1.9811e+01  3.7523e+00 -2.5108e+01  1.1316e+02  2.3308e+00  3.3529e-04  2.1732e+05  2.1738e+05
delpdelp   F	 202274	     30	 1440.3	 243873	-3.9814	  6.9234e-02  4.3748e+01  4.6002e+01  3.1401e+00  1.3331e+01  3.2095e+02  1.0299e+00  2.7256e-01 -1.9667e+02  1.8771e+03  1.0142e+00  1.3887e-05  3.7069e+06  3.7071e+06
delpleuc   F	 217079	     17	 1490.6	 268108	-4.0049	  6.7556e-02  4.2619e+01  4.7396e+01  3.1657e+00  1.3587e+01  3.3343e+02  1.0298e+00  2.7528e-01 -2.1786e+02  1.9709e+03  1.0038e+00  1.2871e-05  4.0017e+06  4.0018e+06
delpstro   F	  24470	     24	   58.2	    561	-1.8688	  7.1592e-01  1.4278e+01  3.9079e+01  7.6290e+00 -2.8511e+01  1.1387e+02  2.4512e+00  3.7602e-04  2.1055e+05  2.1061e+05
dendbisp   F	 139892	     23	   60.0	   1056	-1.9068	  7.9334e-01  3.4008e+01  2.1396e+01  3.0939e+00  1.7379e-01  7.3502e+01  1.3923e+00  1.3932e-04  1.2285e+06  1.2286e+06
dendcate   F	 102847	     16	  323.0	 126700	-3.4332	  3.3094e-01 -3.4686e+02  4.3332e+02  3.0000e+01 -6.6491e+02  8.4214e+02  8.1315e+00  2.0178e-01 -2.7973e+02  1.7911e+03  1.0636e+00  4.2677e-05  1.6251e+06  1.6252e+06
dendebra   F	 229900	     22	 1466.4	 193702	-3.9436	  9.7343e-02  4.9706e+01  3.5952e+01  3.0368e+00 -8.3494e+01  2.8701e+02  2.3886e+00  1.2903e-01 -1.5903e+02  1.6908e+03  1.0625e+00  1.6622e-05  4.1725e+06  4.1726e+06
dendfron   F	  42072	     16	   63.9	  28742	-2.5668	  5.4864e-01 -7.5701e+01  1.3065e+02  2.8622e+01  3.2191e+01  1.1206e+02  8.1918e-01  3.0786e-01 -1.0641e+03  2.6476e+03  1.8196e+00  1.7889e-04  4.9675e+05  4.9684e+05
dendgiga   F	 171594	     30	  229.8	  11821	-2.9947	  4.7440e-01  5.8255e+01  4.7893e+01  9.4389e-01 -3.5316e+01  3.0530e+02  1.4747e+00  3.6874e-05  2.3672e+06  2.3672e+06
dendhybr   F	  90138	     17	  113.0	   1688	-2.5437	  5.4108e-01 -3.5091e+02  4.3505e+02  3.0000e+01 -2.0865e+02  3.7196e+02  5.1457e+00  3.0136e-01 -4.2353e+02  8.9984e+02  4.0425e+00  1.9525e-04  1.0547e+06  1.0548e+06
dendlati   F	  46065	     16	  189.0	 109258	-3.0891	  4.2490e-01  3.2728e+01  5.6760e+01  3.6283e+00 -1.0900e+02  4.5954e+02  1.4141e+00  3.4991e-01  4.0631e+01  4.1655e+02  6.8730e-01  6.9646e-05  6.5556e+05  6.5566e+05
dendpini   F	  18933	     16	 1047.0	  25192	-3.6560	  5.0770e-02  5.7425e+01  2.2976e+01  2.0644e+00 -4.3394e+02  1.2516e+03  1.7368e+00  1.0188e-04  3.1968e+05  3.1973e+05
dendpond   F	 150731	     16	   78.1	  24202	-2.6342	  4.9557e-01 -7.8331e+01  1.3272e+02  3.0000e+01 -6.3045e+00  1.8304e+02  9.6051e-01  4.3059e-01  6.2256e+02  1.5334e+03  1.5468e+00  1.2359e-04  1.9214e+06  1.9215e+06
dendtinc   F	 241884	     17	 2295.3	 207793	-4.2147	  3.0457e-01  6.5432e+01  5.4344e+01  6.3792e-01 -3.6035e+02  3.1981e+03  8.6978e-01  5.0878e-05  4.6848e+06  4.6849e+06
dendvale   F	  48304	     16	   73.4	 104260	-2.8256	  4.9351e-01 -9.5032e+01  1.5016e+02  3.0000e+01 -6.6186e+00  1.6457e+02  1.1517e+00  3.0586e-01  1.5100e+02  2.0095e+03  9.4155e-01  1.9951e-04  6.2453e+05  6.2463e+05
dentclup   F	 263331	     24	  303.2	  36806	-3.2220	  3.0298e-01 -5.6138e+00  8.9792e+01  7.2096e+00  8.1006e+01  1.0962e+02  1.0714e+00  2.1306e-01 -7.8977e+01  6.9668e+02  1.1729e+00  2.1805e-05  3.9061e+06  3.9062e+06
dentspec   F	  76787	     23	   57.4	    387	-1.6312	  8.9207e-01  1.1384e+01  4.2935e+01  8.1223e+00 -2.0093e+01  9.7711e+01  2.1353e+00  3.7436e-04  5.7711e+05  5.7718e+05
dermalbi   F	 198933	     17	 2498.9	 434174	-4.2128	  8.0977e-02  2.8652e+01  5.6649e+01  1.9259e+00 -2.2950e+02  2.0985e+03  9.7720e-01  1.5914e-05  3.8565e+06  3.8566e+06
dermande   F	 163557	     21	 2382.3	 268756	-4.1539	  8.1353e-02  3.4554e+01  5.1935e+01  1.6309e+00 -3.0379e+02  2.0987e+03  1.0736e+00  1.7264e-05  3.1266e+06  3.1267e+06
dermcori   F	 231089	     24	 1722.5	 359186	-4.0800	  5.2997e-02  6.7824e+01  4.0762e+01  9.5307e-01 -1.2661e+02  1.3567e+03  9.3976e-01  1.2006e-05  4.3368e+06  4.3369e+06
dermfari   F	  31623	     30	   72.3	  14817	-2.3298	  7.1164e-01 -2.3233e+01  8.6634e+01  9.7903e+00  1.4244e+01  1.3505e+02  1.0153e+00  2.3170e-01 -1.2036e+03  3.4388e+03  1.8830e+00  1.1216e-04  3.3901e+05  3.3910e+05
dermgall   F	  54082	     16	  813.4	  88075	-3.7124	  1.8644e-10  8.5259e+01  3.6095e+00  2.3643e+00 -7.2559e+01  6.8357e+02  1.0898e+00  4.9925e-05  9.2611e+05  9.2618e+05
dermpter   F	  29500	     29	   72.1	  13403	-2.3494	  7.1079e-01 -5.2139e+00  6.8268e+01  7.6731e+00  4.6165e+00  1.5151e+02  1.0487e+00  2.2604e-01 -1.2483e+03  3.1664e+03  1.9836e+00  1.2346e-04  3.1907e+05  3.1917e+05
dermsilv   F	 135869	     28	 2074.7	 155335	-4.0472	  7.7607e-02 -7.7329e+02  8.5799e+02  3.0000e+01 -3.2189e+02  1.8523e+03  1.1768e+00  2.2396e-05  2.5305e+06  2.5305e+06
dermvari   F	  97517	     17	 2091.2	 160534	-4.0644	  8.4045e-02 -9.6366e+02  1.0445e+03  3.0000e+01 -3.8275e+02  1.9751e+03  1.1835e+00  2.9638e-05  1.8253e+06  1.8254e+06
desatabe   F	  97226	     16	   53.2	    440	-1.5509	  8.4372e-01 -5.7322e+01  1.0841e+02  3.0000e+01 -6.4135e+00  5.9858e+01  1.6966e+00  1.5330e-01 -8.2590e+01  2.8714e+02  1.0009e+01  5.6726e-04  6.9242e+05  6.9253e+05
desmfusc   F	  77537	     16	 7774.7	 227424	-4.5574	  1.5777e-02  8.1895e+01  8.9597e+00  7.6218e-01 -1.2223e+02  1.9788e+03  6.2236e-01  2.9081e-05  1.6870e+06  1.6871e+06
desmpert   F	  99582	     16	  656.8	 153455	-3.5356	  5.2959e-01 -2.2524e+01  3.6114e+02  7.6965e-01 -2.2040e+02  8.1059e+02  3.1096e+00  4.8527e-05  1.6213e+06  1.6214e+06
desmrotu   F	 186956	     16	 1413.7	 192652	-3.9668	  9.3914e-02  6.3679e+01  3.4075e+01  1.2179e+00 -9.9363e+01  6.5285e+02  1.1055e+00  4.5117e-01 -2.8007e+02  2.4631e+03  1.0755e+00  1.5173e-05  3.4149e+06  3.4150e+06
devamoll   F	   1971	     18	  103.0	   1111	-2.2332	  1.1752e-01  1.4658e+01  2.5056e+01  8.3108e-01 -6.8252e+00  1.0168e+02  4.4238e+00  1.5207e-03  2.0250e+04  2.0290e+04
diabbalt   F	    101	     22	  331.5	 169584	-3.4282	  6.6909e-02  5.1900e+01  4.9895e+00  3.5404e-01 -5.5464e+01  1.2562e+02  2.8034e+00  3.8627e-01 -7.8625e+01  7.7743e+02  9.4516e-01  1.0189e-02  1.6063e+03  1.6351e+03
diabunde   F	  93449	     21	 3074.4	 457823	-4.2067	  1.4530e-01  4.7327e+01  1.4322e+01  9.2374e-01 -3.6477e+02  5.8163e+02  4.1689e+00  1.1567e-01 -5.0491e+02  3.8612e+03  1.0456e+00  4.1235e-05  1.8111e+06  1.8112e+06
diabvirg   F	  78010	     16	 5216.0	 916608	-4.4711	  4.9295e-02 -1.1029e+02  1.6699e+02  3.0000e+01  1.7935e+00  2.4180e+02  6.2970e-01  2.1919e-01 -6.9767e+02  5.8564e+03  1.0413e+00  2.8596e-05  1.6071e+06  1.6072e+06
diacallo   F	  66969	     16	  599.1	 112691	-3.5336	  2.3885e-01 -2.7528e+01  1.0459e+02  6.4293e+00 -8.5853e+01  6.9730e+02  9.8744e-01  5.1286e-05  1.0902e+06  1.0903e+06
diaclong   F	  69119	     30	  257.7	 117561	-3.2558	  1.9771e-01 -7.1788e+01  1.4739e+02  1.1032e+01  2.0043e+01  2.3398e+02  8.1599e-01  5.0552e-05  1.0359e+06  1.0360e+06
diacluth   F	  10240	     16	  162.5	  54353	-2.7250	  9.0556e-01  2.3936e+01  1.1140e+02  2.2874e+00 -1.5238e+02  1.1489e+03  7.5440e-01  2.8703e-04  1.2849e+05  1.2854e+05
diadanti   F	 267560	     29	 1017.8	  77648	-3.6754	  2.4679e-01 -7.3407e+03  7.8628e+03  3.0000e+01  2.0150e+02  7.8718e+02  1.0921e+00  1.5250e-05  4.5272e+06  4.5272e+06
diadcoll   F	   3235	     17	   97.2	   1277	-2.4000	  6.0050e-01 -5.7066e+01  1.3736e+02  1.0712e+01 -1.9411e+02  3.6811e+02  3.1579e+00  7.5680e-04  3.5771e+04  3.5813e+04
diadseto   F	 148178	     30	 1003.7	  79449	-3.6735	  3.0239e-01 -7.6011e+03  8.1465e+03  3.0000e+01  1.7959e+02  8.4910e+02  1.0878e+00  2.1285e-05  2.5060e+06  2.5061e+06
diapabbr   F	  47712	     16	 1458.3	 148727	-3.8658	  5.4912e-02 -5.9365e+01  1.1685e+02  3.0000e+01  2.6230e+01  9.6280e+01  1.1796e+00  3.4382e-01 -8.1090e+02  3.2742e+03  1.2554e+00  4.3841e-05  8.5215e+05  8.5225e+05
diapampe   F	  18829	     39	   76.4	    806	-2.2129	  7.5920e-01  2.9636e+01  3.4152e+01  2.6550e+00 -1.7114e+02  3.2718e+02  3.5682e+00  4.2695e-04  1.9177e+05  1.9183e+05
diapamyg   F	  31620	     41	   73.6	    786	-2.1803	  7.5447e-01  3.1056e+01  3.0842e+01  2.6830e+00 -1.1196e+02  2.6416e+02  3.1985e+00  2.8446e-04  3.1747e+05  3.1753e+05
diapbata   F	  25787	     16	   72.4	   1071	-2.1358	  7.7957e-01  3.5630e+01  2.7979e+01  2.2017e+00 -1.7704e+01  1.0827e+02  1.6599e+00  3.1047e-04  2.5363e+05  2.5369e+05
diapbole   F	  40338	     20	   57.8	 113674	-2.7881	  5.2777e-01  8.6851e+00  4.0178e+01  1.1958e+01  1.5786e+01  3.5343e+02  5.3778e-01  4.7223e-01 -2.9141e+03  4.2076e+03  1.0916e+00  1.0267e-04  5.1594e+05  5.1604e+05
diapcit1   F	  29476	     20	   71.7	   1890	-2.1976	  7.1143e-01  2.8438e+01  3.3154e+01  3.0927e+00 -1.6913e+01  1.2931e+02  1.5039e+00  2.7776e-04  2.9823e+05  2.9829e+05
diapcitr   F	  71451	     16	  557.0	  80545	-3.5201	  2.5726e-01 -7.3753e+02  1.1372e+03  8.2350e+00 -6.8997e+01  5.3126e+02  9.9509e-01  4.7025e-05  1.1563e+06  1.1563e+06
diapheli   F	  20898	     23	   78.3	    993	-2.1689	  1.5982e-02  2.5152e+00  4.6816e+01  2.4196e+00  3.8343e+01  3.2060e+01  1.5563e+00  3.8250e-04  2.0874e+05  2.0879e+05
diatsacc   F	    650	     45	  457.0	  26488	-3.3414	  1.9152e-01  5.5692e+01  2.8125e+01  2.0709e+00 -7.5599e+01  5.1887e+02  1.2914e+00  1.5027e-03  1.0009e+04  1.0040e+04
dicebico   F	 219938	     30	 1471.0	 226574	-3.9872	  6.9195e-02  5.0449e+01  4.0205e+01  2.4377e+00 -2.7003e+00  3.7360e+02  1.0701e+00  3.0009e-01 -2.1440e+02  2.0124e+03  1.0369e+00  1.3736e-05  4.0368e+06  4.0369e+06
dicelabr   F	 272547	     17	  435.3	  52336	-3.3958	  2.8255e-01  5.5119e+01  4.3546e+01  1.9612e+00  7.2717e+01  1.3067e+02  1.1905e+00  1.2375e-01 -1.0976e+02  7.8071e+02  1.1392e+00  1.9102e-05  4.2618e+06  4.2619e+06
dicheleg   F	  67874	     23	   71.3	    473	-1.9431	  9.4239e-01  1.4952e+01  5.0455e+01  3.9119e+00 -4.4440e+01  1.4871e+02  1.9543e+00  2.3095e-04  6.0786e+05  6.0792e+05
dichfuni   F	  19140	     16	   73.8	   1437	-2.1555	  7.3724e-01  2.7493e+01  3.7661e+01  2.8827e+00  2.1470e+00  7.5924e+01  1.3460e+00  4.4892e-04  1.8997e+05  1.9003e+05
dichsqua   F	  78006	     23	   60.2	   1280	-1.8386	  8.3214e-01  2.1872e+01  3.4059e+01  5.4224e+00 -1.8138e+01  1.1123e+02  1.7331e+00  1.6460e-01  3.1407e+02  2.2886e+03  6.4705e-01  1.7271e-04  6.6030e+05  6.6040e+05
dictbref   F	  14532	     16	   84.1	  29294	-2.3724	  7.0050e-01 -1.4916e+02  2.2474e+02  2.3047e+01 -1.4313e+00  1.8907e+02  8.0988e-01  2.7058e-04  1.5861e+05  1.5866e+05
dictcapi   F	  15067	     16	   87.5	  18534	-2.3734	  6.9969e-01 -2.3673e+00  8.0545e+01  7.5388e+00 -4.9438e+00  1.7160e+02  8.7284e-01  2.6538e-04  1.6455e+05  1.6460e+05
dictdisc   F	  15705	     23	  103.9	   1960	-2.3700	  6.9289e-01  2.5538e+01  6.7537e+01  3.3089e+00 -1.8862e+01  1.2457e+02  1.4868e+00  3.0711e-01  6.1158e+02  1.9930e+03  1.9888e+01  4.0821e-04  1.6647e+05  1.6656e+05
dictfasc   F	  31178	     23	   85.8	   2027	-2.3242	  5.7988e-01 -2.5871e+02  3.3361e+02  2.9996e+01 -3.7223e+01  1.4417e+02  1.6625e+00  1.9503e-04  3.3487e+05  3.3493e+05
dictgarg   F	  11569	     17	  101.3	   4924	-2.4000	  7.6216e-01  1.3416e+01  7.4140e+01  3.7303e+00 -5.9242e+01  1.8605e+02  1.9396e+00  1.9384e-01 -8.2689e+02  2.1410e+03  2.2137e+00  2.8651e-04  1.2786e+05  1.2794e+05
dictlact   F	  10161	     36	   72.2	    415	-1.9086	  7.8584e-01 -1.0241e+02  1.6850e+02  2.0239e+01 -8.0404e+01  1.8137e+02  3.7242e+00  5.9085e-04  8.9362e+04  8.9412e+04
dictpurp   F	  18006	     19	   78.0	   2664	-2.1785	  6.6258e-01 -1.6997e+02  2.4093e+02  3.0000e+01 -1.2490e+01  1.2417e+02  1.3693e+00  2.8664e-04  1.8050e+05  1.8055e+05
dictrosa   F	  10561	     16	   81.3	   7992	-2.2754	  7.1614e-01 -4.9815e+01  1.2251e+02  1.2628e+01 -1.2191e+01  1.7621e+02  1.0561e+00  3.3421e-04  1.1062e+05  1.1067e+05
dictvivi   F	 117545	     23	  187.3	   6825	-2.9497	  4.8890e-01  4.0282e+01  3.1275e+01  1.2057e+00 -1.9998e+02  5.4260e+02  1.8682e+00  8.5139e-05  1.6011e+06  1.6012e+06
dicyjapo   F	  44131	     16	   24.3	 103939	-1.0395	  3.0196e-08 -3.4464e+03  3.4659e+03  8.2282e+02  1.1061e+01  1.2883e+01  6.2677e+00  9.9888e-01 -2.7029e+02  1.4021e+03  1.0421e-01  2.9614e-03  2.7589e+05  2.7599e+05
didyexig   F	  20746	     24	   53.4	    949	-1.8436	  6.8463e-01  3.0549e+01  1.9012e+01  5.4239e+00 -3.2695e+00  8.4858e+01  1.7109e+00  5.4661e-04  1.7618e+05  1.7624e+05
didysada   F	  34907	     23	   56.1	    755	-2.0003	  5.1712e-01  2.2033e+01  2.8424e+01  6.8443e+00 -6.1986e+00  7.2494e+01  1.9417e+00  5.2917e-04  3.2147e+05  3.2153e+05
didyvari   F	  18331	     16	   54.3	    839	-1.8800	  7.0627e-01  2.8594e+01  2.1355e+01  5.3311e+00 -3.5977e+01  1.2881e+02  2.1222e+00  6.2880e-04  1.5864e+05  1.5869e+05
didyzeae   F	  22550	     37	   54.0	   1042	-1.9066	  6.5907e-01  3.0198e+01  1.9238e+01  5.2262e+00  4.2030e-01  8.8235e+01  1.7073e+00  7.2946e-04  1.9755e+05  1.9760e+05
digisang   F	 117136	     16	  159.8	   7729	-2.8646	  4.8722e-01  4.2066e+01  4.7538e+01  2.8223e+00 -8.8427e+01  4.0014e+02  1.4503e+00  3.7492e-01 -1.5746e+03  2.0781e+03  7.7382e+00  5.7870e-05  1.5454e+06  1.5455e+06
dino_yon   F	   5449	     16	   63.1	    959	-1.8835	  7.9832e-01 -1.2492e+02  1.8321e+02  3.0000e+01 -5.3525e+01  1.7034e+02  2.0668e+00  6.0107e-04  4.7293e+04  4.7339e+04
dinoquad   F	  77526	     20	  273.7	 107230	-3.2637	  2.7181e-01 -3.6507e+01  1.1769e+02  7.3892e+00  1.5125e+01  3.0863e+02  8.5082e-01  4.7754e-05  1.1657e+06  1.1658e+06
dionmusc   F	  28173	     16	  206.4	   5734	-2.9954	  4.2801e-01  4.0858e+01  5.6552e+01  2.5273e+00 -1.7077e+02  4.3908e+02  1.9491e+00  3.8306e-01 -2.3627e+02  1.0606e+03  2.4794e+00  1.1152e-04  3.8903e+05  3.8912e+05
diorcari   F	  77984	     28	  807.5	 131927	-3.5840	  2.0376e-01 -5.0452e+00  6.0371e+01  1.2448e+01  5.0978e+01  6.7616e+01  1.0519e+00  1.7203e-01 -1.9442e+02  1.4345e+03  1.0690e+00  4.0443e-05  1.2868e+06  1.2869e+06
diorsubl   F	  74314	     32	  791.5	 111642	-3.5748	  1.8835e-01  3.7414e+01  1.7730e+01  3.7770e+00  3.3422e+01  9.9131e+01  8.1840e-01  2.6843e-01 -2.9463e+02  1.7747e+03  1.1754e+00  5.7668e-05  1.2246e+06  1.2247e+06
diosalat   F	  65948	     16	  167.5	   7607	-2.9091	  4.3936e-01  2.4032e+01  6.2737e+01  4.2110e+00 -6.2843e+01  3.3331e+02  1.4189e+00  4.1104e-01 -3.1726e+02  1.0447e+03  3.2038e+00  8.8023e-05  8.8346e+05  8.8356e+05
dioscaye   F	 128023	     29	  165.8	   7282	-2.9130	  4.0906e-01 -2.0135e+00  8.8207e+01  6.2250e+00 -8.6493e+00  2.1957e+02  1.2785e+00  3.7405e-01 -4.3610e+02  1.1442e+03  2.9490e+00  4.8935e-05  1.7173e+06  1.7174e+06
dioscryo   F	  67903	     23	   47.8	   1570	-1.8102	  4.9807e-01 -2.2098e+00  4.2567e+01  2.5737e+00  1.5085e+01  3.0842e+01  9.4236e+00  4.8953e-01  1.7254e+02  2.5976e+02  4.0024e-01  1.7176e-03  5.5714e+05  5.5724e+05
dioshung   F	  41522	     24	   50.5	    653	-1.8188	  6.4401e-01  3.4584e+01  1.3268e+01  2.6375e+00  2.0003e+01  2.2090e+01  1.2706e+00  3.5592e-01  1.7532e+02  2.6259e+02  6.6459e+00  1.2080e-03  3.4753e+05  3.4763e+05
dioskaki   F	 204378	     16	  310.4	  31918	-3.3006	  4.2262e-01  4.9111e+01  4.7441e+01  2.0189e+00 -1.8426e+02  7.5924e+02  1.3486e+00  5.2193e-01 -2.0148e+04  2.7424e+04  5.4455e+00  2.7865e-05  3.1116e+06  3.1117e+06
dioslotu   F	 136361	     30	  299.8	  33846	-3.3018	  4.4424e-01  4.6837e+01  5.1029e+01  2.0068e+00 -1.3627e+02  7.1803e+02  1.3409e+00  4.8751e-01 -2.0037e+04  2.7474e+04  5.0473e+00  3.1599e-05  2.0759e+06  2.0760e+06
dioszing   F	  67918	     16	  202.0	  37649	-3.0246	  3.7103e-01 -2.9491e+02  3.8023e+02  3.0000e+01  3.2447e-01  1.3845e+02  4.6390e+00  8.5030e-02 -1.2098e+02  5.6867e+02  1.4150e+00  5.8698e-05  9.4650e+05  9.4660e+05
diphlatu   F	  35221	     23	  590.8	   8751	-3.3449	  1.5443e-01 -5.0428e+01  8.5592e+01  2.0119e+01 -2.4629e+01  1.4890e+02  1.8916e+00  3.1092e-01 -2.4154e+03  3.6630e+03  4.2129e+00  1.4707e-04  5.4438e+05  5.4447e+05
diplcort   F	  21422	     27	   58.7	    469	-1.8488	  7.3960e-01  2.7348e+01  2.6119e+01  4.8625e+00 -2.2157e+01  1.1134e+02  2.6554e+00  7.1080e-04  1.8235e+05  1.8241e+05
dipljapo   F	     77	     19	   46.8	 220040	-2.1359	  7.2096e-01 -9.9924e+01  1.4020e+02  2.1916e+01  1.6785e+01  4.7052e+01  4.7488e-01  1.6571e-02  7.6736e+02  7.8377e+02
diplmagn   F	 158867	     17	   70.3	   5018	-2.3459	  4.2509e-01 -2.6195e+01  6.8547e+01  3.0000e+01  1.1164e+01  1.0395e+02  1.1897e+00  5.0475e-01 -1.4064e+02  3.8991e+02  4.8946e+00  2.6927e-04  1.7182e+06  1.7183e+06
diplpapi   F	   1941	     18	  324.2	   2099	-2.9265	  1.3370e-02 -2.3203e+02  2.6201e+02  2.7114e+01 -1.2208e+03  1.4451e+03  1.2445e+01  7.5387e-01  1.8038e+02  3.0799e+02  2.0961e+00  7.9310e-04  2.6193e+04  2.6255e+04
diplpunc   F	  22643	     16	 3789.5	 185008	-4.2108	  3.8960e-02  6.4420e+01  2.8147e+01  1.2721e+00 -1.6368e+02  1.5345e+03  7.6846e-01  1.9287e-01 -2.1154e+03  5.4195e+03  2.3148e+00  5.8162e-05  4.3881e+05  4.3889e+05
diplseri   F	  19320	     33	   61.0	   1010	-2.1049	  6.0662e-01 -6.2915e+00  5.9328e+01  1.1867e+01 -2.2040e+02  3.0581e+02  1.0121e+01  2.4520e-01 -1.9284e+02  4.8049e+02  3.6758e+00  6.2885e-04  1.8710e+05  1.8719e+05
dipomerr   F	 258053	     30	 1426.8	 158600	-3.9283	  8.0042e-02  3.8606e+01  5.0717e+01  3.3156e+00 -4.1814e+01  2.7177e+02  1.8561e+00  1.5797e-01 -1.7674e+02  1.6560e+03  1.1009e+00  1.3287e-05  4.6673e+06  4.6674e+06
dipoordi   F	 176866	     20	 1358.4	 117662	-3.8860	  7.7733e-02  3.6833e+01  5.2219e+01  3.6514e+00 -1.3909e+02  3.4575e+02  2.8515e+00  1.5077e-01 -2.1082e+02  1.6113e+03  1.1731e+00  1.6901e-05  3.1644e+06  3.1645e+06
dipospec   F	 194050	     28	 1398.8	 118073	-3.8965	  8.6445e-02  5.2752e+01  3.8309e+01  2.1778e+00 -1.4522e+02  3.8046e+02  2.5280e+00  1.6394e-01 -1.8849e+02  1.6856e+03  1.1778e+00  1.5617e-05  3.4818e+06  3.4819e+06
dipototh   F	   7825	     17	   33.2	   1317	-1.5595	  5.8830e-01  2.6443e+01  5.1580e+00  1.6957e+00  3.0900e+01  9.9968e-02  2.2037e+01  2.1298e-01 -1.4669e+02  2.7381e+02  2.1954e+00  7.6212e-01  4.4076e+04  4.4153e+04
diprsimi   F	  74824	     27	  195.3	  94064	-3.1649	  3.0016e-01 -8.4245e+01  1.6825e+02  1.0617e+01 -5.6436e+01  2.1363e+02  2.2731e+00  3.9731e-01  1.4241e+02  8.8852e+02  8.7853e-01  5.4497e-05  1.0897e+06  1.0898e+06
diroimmi   F	  84853	     23	  235.1	   4968	-2.8431	  5.6146e-01  3.1324e+01  1.1227e+02  1.2466e+00 -3.0909e+03  3.3284e+03  3.0000e+01  7.7521e-05  1.1104e+06  1.1105e+06
discpseu   F	   7805	     18	   92.2	   3375	-2.0726	  9.4343e-01  3.9280e+01  4.6379e+01  3.0434e+00  1.0259e+01  9.1824e+01  6.6103e-01  7.3142e-04  7.4442e+04  7.4491e+04
dissacic   F	  14453	     23	   65.7	    931	-2.0706	  7.0591e-01  3.7718e+01  2.0558e+01  2.3780e+00 -1.6414e+01  1.0142e+02  1.8275e+00  4.8037e-04  1.3788e+05  1.3793e+05
disseleg   F	  66615	     16	  507.5	  57820	-3.4383	  4.0120e-02  3.1410e+01  5.3769e+01  1.0477e+01  4.0092e+01  6.2032e+01  2.5463e+00  2.2374e-01 -1.0334e+02  6.6318e+02  1.1161e+00  4.4224e-05  1.0555e+06  1.0556e+06
ditydest   F	 109090	     23	  163.1	   3857	-2.7065	  3.3547e-01 -6.5081e+01  1.1265e+02  2.6768e+01 -2.0627e+02  2.9041e+02  8.0654e+00  1.2885e-01 -7.5764e+01  3.6273e+02  1.9591e+00  1.2168e-04  1.3599e+06  1.3600e+06
diurnoxi   F	 108773	     28	  256.5	 166032	-3.3167	  4.2490e-01  3.9033e+01  3.0505e+01  2.2618e+00 -3.7066e+01  5.2009e+02  9.1396e-01  4.2019e-01  5.5542e+01  2.2005e+03  9.2253e-01  2.9620e-05  1.6595e+06  1.6596e+06
diutrugo   F	    146	     59	  193.0	    inf	-2.7988	  5.4484e-01  5.0753e+01  2.9890e+01  1.1313e+00 -7.7029e+01  3.9692e+02  2.5557e+00  6.3886e-03  1.8890e+03  1.9099e+03
dorchope   F	  44376	     16	   82.5	 389811	-2.9876	  4.6989e-01 -8.0675e+01  1.3486e+02  3.0000e+01 -1.2001e+03  1.3474e+03  1.2727e+01  2.2617e-01 -4.7864e+02  2.9613e+03  8.3976e-01  1.1010e-04  6.1759e+05  6.1769e+05
dorcpara   F	  34358	     16	   64.4	  96099	-2.6963	  5.3294e-01 -7.7794e+01  1.3173e+02  2.9999e+01 -1.8550e+03  1.9987e+03  2.2057e+01  2.2360e-01 -2.5853e+02  1.7948e+03  9.7288e-01  1.5575e-04  4.2694e+05  4.2703e+05
doryexci   F	 248256	     28	  263.2	  44886	-3.2036	  4.5391e-01  4.2993e+01  3.3580e+01  2.1861e+00 -1.4075e+02  8.6694e+02  1.1870e+00  7.2129e-05  3.6589e+06  3.6590e+06
dothsept   F	  19012	     23	   58.3	   1444	-1.9772	  6.2723e-01  2.2326e+01  3.0260e+01  6.5855e+00 -9.1683e+01  1.7224e+02  4.0146e+00  3.4445e-01 -2.6299e+02  6.2680e+02  1.6474e+00  3.2817e-04  1.7364e+05  1.7372e+05
dothsymp   F	  23511	     23	   55.4	    616	-1.8365	  7.2651e-01  3.1970e+01  1.9028e+01  4.2739e+00 -2.0146e+01  1.0463e+02  2.2129e+00  5.0400e-04  1.9885e+05  1.9891e+05
dracmedi   F	  70819	     23	  205.3	   3254	-2.8818	  3.7258e-01  3.1744e+01  7.1436e+01  1.5627e+00 -1.5065e+02  3.7429e+02  2.2845e+00  9.0054e-05  9.4004e+05  9.4011e+05
drecconi   F	  13772	     23	   67.9	    877	-2.0637	  7.4288e-01  8.6319e+00  5.0824e+01  5.0506e+00 -1.9375e+01  1.1763e+02  1.9355e+00  6.1435e-04  1.3092e+05  1.3097e+05
drecsten   F	  14278	     23	   70.5	    534	-1.9398	  9.1903e-01  3.1196e+01  3.3259e+01  2.9204e+00 -4.2484e+01  1.5243e+02  2.1235e+00  5.6239e-04  1.2756e+05  1.2761e+05
dreipoly   F	 328806	     16	 1011.9	 133253	-3.7874	  2.1784e-09  5.1780e+01  3.3531e+01  3.8693e-01 -6.1978e+01  7.2964e+02  1.0169e+00  1.8937e-05  5.7261e+06  5.7262e+06
dreirost   F	 178502	     16	  792.4	  28470	-3.5778	  1.8256e-03  5.7862e+01  6.3543e+01  6.8097e+00 -2.0537e+02  7.8332e+02  1.4705e+00  2.6077e-05  2.9433e+06  2.9434e+06
dreparcu   F	  51427	     16	  537.8	  38089	-3.4795	  5.9914e-02  3.4312e+01  4.2778e+01  5.6328e+00 -1.1497e+02  5.3245e+02  1.2248e+00  9.4009e-01 -3.0708e+03  4.5711e+03  1.8134e+00  8.6300e-05  8.2643e+05  8.2652e+05
drepbrun   F	  24414	     17	   65.9	    988	-2.2151	  4.4813e-01  3.6585e+01  1.4673e+01  2.8175e+00 -6.1641e+01  1.4066e+02  3.5297e+00  4.8273e-01 -1.0825e+02  4.5632e+02  3.0535e+00  3.8704e-04  2.4910e+05  2.4919e+05
dromglir   F	 206601	     18	 1866.2	 396149	-4.1008	  1.9196e-01  6.7155e+01  9.9153e+01  6.9470e-01 -1.9906e+02  1.7876e+03  9.6476e-01  1.5185e-05  3.8956e+06  3.8956e+06
dromnova   F	 175044	     30	 1096.4	 129335	-3.8275	  9.3869e-02  5.4747e+01  4.5243e+01  1.4524e+00 -7.9820e+01  9.6188e+02  1.0602e+00  1.7204e-05  3.0845e+06  3.0845e+06
drosalbo   F	  55377	     16	   85.0	  81371	-2.8960	  4.7774e-01 -1.0057e+01  6.9789e+01  1.2197e+01 -5.5424e+00  1.1262e+02  1.7575e+00  1.5263e-01 -9.5163e+01  1.0607e+03  9.8971e-01  8.4257e-05  7.3777e+05  7.3786e+05
drosanan   F	  59548	     30	   77.5	  77797	-2.8344	  4.8900e-01 -9.5754e+01  1.5376e+02  3.0000e+01  2.1901e+01  1.4404e+02  8.8573e-01  2.9679e-01 -2.7887e+02  1.9272e+03  1.0816e+00  9.0258e-05  7.7581e+05  7.7591e+05
drosariz   F	  46616	     28	   80.3	  65841	-2.8326	  5.0713e-01  1.3974e+01  4.7024e+01  7.2375e+00 -1.7830e+00  1.2208e+02  1.3188e+00  1.9868e-01 -1.2643e+02  1.2430e+03  1.0263e+00  8.6873e-05  6.0787e+05  6.0797e+05
drosbiar   F	  57957	     16	  120.6	 121217	-2.9810	  3.5379e-01 -7.8010e+01  1.3640e+02  2.9365e+01  4.3255e+01  3.3939e+01  8.0160e-01  2.2197e-01 -5.8459e+01  7.1190e+02  8.7591e-01  6.9465e-05  7.9456e+05  7.9466e+05
drosbipe   F	  54165	     30	   71.9	  56360	-2.7446	  5.2219e-01 -9.3450e+01  1.5138e+02  3.0000e+01  4.1964e+00  1.9752e+02  1.0084e+00  3.2486e-01  1.4996e+02  1.9949e+03  1.0939e+00  1.1097e-04  6.8269e+05  6.8279e+05
drosbusc   F	  51696	     29	   69.1	  61870	-2.6797	  5.5332e-01 -9.3611e+01  1.5116e+02  2.8886e+01  1.4882e+01  2.0341e+02  8.7570e-01  3.2853e-01  1.4866e+02  1.9942e+03  1.0859e+00  1.1095e-04  6.3517e+05  6.3527e+05
droseleg   F	  55845	     30	  182.9	 102777	-3.0449	  3.9160e-01 -2.8393e+01  8.7669e+01  1.5383e+01  5.8972e+00  1.1313e+02  1.4871e+00  1.8148e-01  1.0498e+02  6.5700e+02  8.7947e-01  6.6894e-05  7.8214e+05  7.8223e+05
droserce   F	   9975	     17	   65.2	 465031	-2.5205	  6.3977e-01 -9.4774e+01  1.5310e+02  3.0000e+01 -1.9683e+01  1.8356e+02  1.3488e+00  2.1481e-01  1.7221e+02  2.0374e+03  6.1765e-01  2.7250e-04  1.1535e+05  1.1543e+05
droserec   F	  54711	     30	   93.6	  49228	-2.8727	  4.5797e-01 -1.1293e+02  1.7172e+02  3.0000e+01  1.6708e+01  1.7163e+02  9.3988e-01  3.7006e-01 -4.0985e+02  2.2243e+03  1.2809e+00  8.9978e-05  7.2230e+05  7.2240e+05
droseugr   F	  54916	     30	   86.6	  66675	-2.9192	  4.4416e-01 -1.1263e+02  1.7174e+02  3.0000e+01  2.5872e+01  1.5861e+02  8.6411e-01  3.7281e-01 -4.0484e+02  2.2307e+03  1.2065e+00  1.6812e-04  7.1767e+05  7.1777e+05
drosficu   F	  55289	     30	  113.1	  66675	-2.9192	  4.4416e-01 -1.1263e+02  1.7174e+02  3.0000e+01  2.5872e+01  1.5861e+02  8.6411e-01  3.7281e-01 -4.0484e+02  2.2307e+03  1.2065e+00  1.1247e-04  7.4133e+05  7.4143e+05
drosgrim   F	  51000	     28	   98.6	  57357	-2.9108	  4.6967e-01  1.8834e-01  6.1990e+01  8.4967e+00  6.8433e+00  1.6986e+02  1.0713e+00  2.8392e-01 -1.3615e+02  1.2641e+03  1.0494e+00  7.0697e-05  6.8310e+05  6.8319e+05
drosguan   F	  51878	     28	   72.0	  52446	-2.7162	  5.5406e-01 -1.2341e+02  1.8350e+02  3.0000e+01  7.6432e+00  1.4188e+02  1.0361e+00  2.1990e-01 -2.2762e+02  1.5803e+03  1.1128e+00  9.2326e-05  6.4820e+05  6.4830e+05
drosgunu   F	  58743	     29	  205.7	 110658	-3.0800	  3.7716e-01 -1.1817e+01  7.0827e+01  1.2819e+01 -5.8411e+01  1.5416e+02  3.3238e+00  1.3429e-01  8.0950e+01  6.1182e+02  8.8067e-01  7.0242e-05  8.3276e+05  8.3286e+05
droshyde   F	  53662	     28	   81.0	  67489	-2.8431	  4.8496e-01 -8.9043e+00  6.8631e+01  1.1658e+01  2.6016e+01  8.9804e+01  1.0691e+00  1.9850e-01 -1.5858e+02  1.1514e+03  1.0248e+00  7.1681e-05  7.0248e+05  7.0258e+05
drosinnu   F	  51081	     28	  111.0	  65679	-2.9490	  4.3548e-01 -7.6838e+01  1.3692e+02  2.3573e+01 -3.5679e+01  1.3864e+02  2.4290e+00  1.5289e-01  3.0320e+01  7.7686e+02  9.9274e-01  6.5554e-05  6.9332e+05  6.9342e+05
droskikk   F	  54861	     30	   83.0	  66934	-2.8487	  4.6354e-01 -1.0130e+02  1.6068e+02  2.8816e+01  3.0070e+01  1.0041e+02  9.2763e-01  2.8466e-01 -2.5306e+02  1.5609e+03  1.0785e+00  7.9311e-05  7.1912e+05  7.1922e+05
drosmale   F	  14978	     16	   65.9	 340785	-2.7680	  5.9166e-01 -8.0304e+01  1.3833e+02  3.0000e+01 -7.7698e+01  2.0850e+02  2.4213e+00  1.6475e-01  2.0094e+02  2.0257e+03  5.0116e-01  1.9772e-04  1.9055e+05  1.9064e+05
drosmaur   F	  54679	     26	   83.8	  51854	-2.0299	  4.7998e-01 -1.1267e+02  1.7152e+02  3.0000e+01  1.6474e+01  1.6654e+02  9.5454e-01  3.5185e-01 -3.8406e+02  2.2100e+03  1.2177e+00  9.5913e-05  7.0986e+05  7.0995e+05
drosmela   F	  59649	     16	  103.4	  68617	-2.9390	  4.3263e-01 -1.1280e+02  1.7191e+02  3.0000e+01  2.5082e+01  1.5021e+02  8.7421e-01  3.6393e-01 -5.2955e+02  2.2075e+03  1.1958e+00  7.5437e-05  8.0615e+05  8.0625e+05
drosmeri   F	  12811	     21	   64.2	  55601	-2.3396	  6.7732e-01 -9.2019e+01  1.5014e+02  3.0000e+01  9.3559e+00  1.7359e+02  1.0027e+00  2.3770e-01  2.0993e+02  1.9551e+03  8.8666e-01  2.5015e-04  1.3765e+05  1.3773e+05
drosmira   F	  78046	     17	   72.6	  72120	-2.6703	  6.1298e-01  1.6455e+00  5.9562e+01  8.5000e+00 -2.5588e+00  3.2577e+02  8.5143e-01  3.1329e-01  8.5146e+02  2.0603e+03  1.0349e+00  9.6233e-05  9.5811e+05  9.5822e+05
drosmoja   F	  57228	     28	   89.7	  83617	-2.9335	  4.8811e-01  8.9020e+00  5.2236e+01  7.6482e+00  1.0815e+01  1.3879e+02  1.1133e+00  2.1609e-01 -1.6264e+02  1.5080e+03  1.0224e+00  7.2567e-05  7.7240e+05  7.7250e+05
drosmont   F	  56038	     28	   83.9	 107032	-2.9067	  4.6692e-01 -1.2326e+01  7.2488e+01  1.2101e+01  3.0183e+01  6.5215e+01  1.1016e+00  1.6878e-01 -9.9516e+01  1.0466e+03  9.2718e-01  7.0586e-05  7.4945e+05  7.4955e+05
drosnasu   F	  57585	     30	   84.0	  87843	-2.8949	  4.8297e-01 -1.3762e+01  7.3444e+01  1.2692e+01  2.6506e+00  1.0685e+02  1.6144e+00  1.5142e-01 -8.9032e+01  1.0724e+03  9.7257e-01  7.5246e-05  7.6694e+05  7.6704e+05
drosnavo   F	  47350	     28	   78.8	  52405	-2.8006	  5.0999e-01 -9.6689e+00  7.0725e+01  1.0944e+01 -5.4759e+00  1.2866e+02  1.3594e+00  2.1149e-01 -1.5419e+02  1.2781e+03  1.0825e+00  7.6373e-05  6.1027e+05  6.1037e+05
drosnova   F	  52761	     30	   78.7	  74311	-2.8214	  5.0373e-01 -3.1474e+01  9.1453e+01  1.5040e+01 -4.7491e+00  1.1012e+02  1.8306e+00  1.4862e-01 -6.9647e+01  9.3212e+02  9.6694e-01  7.3203e-05  6.8485e+05  6.8495e+05
drosobsc   F	  59751	     30	   77.8	  70979	-2.7774	  5.7019e-01 -1.6803e+02  2.3044e+02  2.9995e+01 -3.8107e+02  4.9687e+02  1.1919e+01  8.7162e-02 -1.6845e+02  1.0552e+03  1.0021e+00  5.8905e-05  7.6601e+05  7.6611e+05
drospers   F	  52764	     16	   72.7	  51811	-2.6708	  5.8660e-01 -5.5485e+01  1.1659e+02  1.7407e+01  1.0488e+01  1.5097e+02  1.0089e+00  2.1848e-01 -2.6495e+02  1.8001e+03  1.1235e+00  7.8649e-05  6.4845e+05  6.4854e+05
drospseu   F	  61438	     28	   76.6	  67147	-2.8014	  5.5109e-01 -1.2443e+01  7.3529e+01  1.0478e+01  1.0089e+01  1.7667e+02  9.6126e-01  2.3832e-01 -2.6688e+02  1.9674e+03  1.1041e+00  7.6380e-05  7.9158e+05  7.9168e+05
drosrhop   F	  55422	     30	  144.1	  72598	-2.9891	  4.1970e-01 -1.0333e+02  1.6188e+02  2.9925e+01  1.4129e-01  2.8228e+02  9.1576e-01  4.5642e-01 -4.3871e+02  2.3537e+03  1.1740e+00  9.3709e-05  7.6194e+05  7.6204e+05
drossant   F	  56485	     30	   86.8	  61682	-2.8563	  4.6654e-01 -1.1242e+02  1.7137e+02  3.0000e+01  2.0995e+01  1.5691e+02  8.9623e-01  3.6137e-01 -3.7180e+02  2.1815e+03  1.1786e+00  7.8898e-05  7.4193e+05  7.4203e+05
drossech   F	  56662	     31	   84.7	  50288	-2.8321	  4.7492e-01 -1.1228e+02  1.7107e+02  3.0000e+01  1.9030e+01  1.6241e+02  9.3006e-01  3.5715e-01 -4.1708e+02  2.2245e+03  1.2556e+00  8.8574e-05  7.3726e+05  7.3736e+05
drosserr   F	  52482	     16	   76.9	  71456	-2.7977	  5.0111e-01 -8.7538e+00  6.8309e+01  1.1985e+01  8.2086e+00  1.1921e+02  1.2425e+00  2.3231e-01 -1.6868e+02  1.3645e+03  1.0058e+00  1.0083e-04  6.7544e+05  6.7554e+05
drossimu   F	  95621	     16	   77.2	  44051	-2.7556	  4.9790e-01 -1.5450e+01  7.4271e+01  1.3259e+01  7.1897e+00  2.0568e+02  8.7745e-01  4.1946e-01 -1.3049e+03  4.0002e+03  1.7277e+00  9.5643e-05  1.2093e+06  1.2094e+06
drossubo   F	  51556	     28	   71.5	  51232	-2.7097	  5.5916e-01 -5.0919e+00  6.5035e+01  1.0886e+01  6.9300e+00  1.5229e+02  9.4931e-01  2.3487e-01 -3.6929e+02  1.8762e+03  1.1814e+00  1.0856e-04  6.4300e+05  6.4310e+05
drossubp   F	  58223	     16	  126.3	 117547	-2.9928	  4.1616e-01 -1.2874e+01  7.1319e+01  1.3515e+01 -4.2199e+01  1.2804e+02  3.9965e+00  8.3513e-02 -4.2710e+01  6.0479e+02  8.7301e-01  9.5395e-05  8.0154e+05  8.0164e+05
drossulf   F	  56857	     28	   82.2	  90661	-2.8866	  4.8272e-01 -1.3699e+01  7.3466e+01  1.2691e+01 -1.6617e+01  1.1833e+02  1.9784e+00  1.5100e-01 -7.2490e+01  1.0341e+03  9.5815e-01  7.6381e-05  7.5500e+05  7.5510e+05
drossuzu   F	  59920	     16	  126.9	  89749	-3.0031	  4.2080e-01 -1.0745e+02  1.6600e+02  2.9919e+01 -9.9515e+00  2.5083e+02  9.4457e-01  4.1515e-01 -2.7571e+02  2.1614e+03  1.0370e+00  8.4561e-05  8.2761e+05  8.2771e+05
drostaka   F	  55991	     30	  135.9	  66675	-2.9192	  4.4416e-01 -1.1263e+02  1.7174e+02  3.0000e+01  2.5872e+01  1.5861e+02  8.6411e-01  3.7281e-01 -4.0484e+02  2.2307e+03  1.2065e+00  1.5751e-04  7.6245e+05  7.6254e+05
drosteis   F	  54827	     28	   82.6	  48473	-2.8112	  4.7789e-01 -1.1383e+02  1.7268e+02  3.0000e+01  2.1102e+01  1.5224e+02  9.1604e-01  3.5425e-01 -4.3781e+02  2.1028e+03  1.2555e+00  9.6604e-05  7.0841e+05  7.0851e+05
drostrop   F	  54131	     30	   78.3	  74206	-2.8288	  5.2322e-01 -4.4364e+01  1.0588e+02  1.6156e+01  1.1316e+01  1.5548e+02  1.0134e+00  2.5757e-01 -3.0447e+02  2.0887e+03  1.0840e+00  8.5934e-05  7.0475e+05  7.0485e+05
drosviri   F	  58227	     30	   86.7	 131867	-2.9161	  4.0934e-01 -2.1945e+01  8.2048e+01  1.4565e+01  4.1378e+01  3.2758e+01  1.0157e+00  1.9614e-01 -5.2779e+01  8.1631e+02  8.5946e-01  5.8807e-05  7.8174e+05  7.8184e+05
droswill   F	  57903	     18	   76.9	  83397	-2.7982	  5.3180e-01 -6.2869e+01  1.2443e+02  1.8986e+01  9.2468e-01  1.2603e+02  1.4604e+00  1.9308e-01 -2.2517e+02  1.5634e+03  1.0056e+00  7.8438e-05  7.4576e+05  7.4586e+05
drosyaku   F	  58829	     19	   91.1	  72188	-2.8764	  4.5264e-01 -1.1272e+02  1.7165e+02  3.0000e+01  2.5862e+01  1.5861e+02  8.2409e-01  3.9589e-01 -4.0484e+02  2.2307e+03  1.1814e+00  7.8021e-05  7.7521e+05  7.7531e+05
dryopube   F	 122107	     17	 1078.9	  70228	-3.7674	  9.1510e-02  5.6338e+01  4.2201e+01  1.5056e+00 -1.6890e+02  1.0423e+03  1.2343e+00  2.4301e-05  2.1190e+06  2.1191e+06
dufonova   F	  61372	     29	  140.8	 102471	-3.0172	  4.3100e-01 -2.4460e+02  3.1987e+02  2.9707e+01  7.9925e+00  3.2978e+02  8.2421e-01  8.8113e-05  8.5204e+05  8.5210e+05
dugejapo   F	  11347	     16	   50.2	   7497	-2.2008	  6.1915e-01 -8.0466e+01  1.2536e+02  3.0000e+01 -5.7043e+00  8.2131e+01  1.1458e+00  2.7932e-01 -5.3891e+01  6.7524e+02  1.3971e+00  2.5154e-04  1.1478e+05  1.1486e+05
dunasali   F	 107016	     16	  932.1	  10345	-3.5753	  4.4770e-01 -9.4116e+01  3.6088e+02  1.6927e+00 -2.1055e+03  3.4200e+03  3.9151e+00  4.9321e-05  1.7626e+06  1.7627e+06
dunatert   F	  91872	     16	  583.0	   5590	-3.2876	  9.4644e-02 -7.0232e+01  2.0520e+02  4.1959e+00 -4.2696e+02  9.3241e+02  2.7868e+00  5.3560e-05  1.3910e+06  1.3911e+06
duncdact   F	 246185	     30	  362.2	  46941	-3.3256	  3.4871e-01  7.6741e+00  6.8210e+01  5.7618e+00 -9.0002e+01  2.6025e+02  2.8882e+00  1.6470e-01 -2.5033e+02  1.5082e+03  1.3281e+00  3.1880e-05  3.7704e+06  3.7705e+06
durizibe   F	 201115	     28	  204.9	   6269	-2.9334	  3.8714e-01  3.0930e+01  6.2470e+01  3.5124e+00 -3.7902e+01  2.9268e+02  1.4763e+00  4.5812e-01 -6.7494e+02  1.2915e+03  4.3665e+00  3.3927e-05  2.7167e+06  2.7168e+06
duroroge   F	  19587	     21	   73.4	    829	-2.1337	  8.1819e-01  4.1356e+01  2.2875e+01  1.4477e+00 -7.9475e+01  1.5708e+02  4.0773e+00  3.3466e-04  1.9251e+05  1.9257e+05
durutren   F	  33574	     19	  289.4	  25027	-3.1270	  5.2206e-02 -1.6930e+02  2.2673e+02  3.0000e+01 -1.7712e+00  8.3952e+01  3.8248e+00  1.0413e-01 -8.8396e+00  2.7431e+02  1.3246e+00  9.8068e-05  4.8390e+05  4.8399e+05
dysiavar   F	 228929	     26	  140.5	  57053	-2.9923	  4.0633e-01 -9.1600e+01  1.4184e+02  3.0000e+01  1.0350e+01  2.4357e+02  8.2853e-01  4.5164e-01 -3.1477e+03  5.3596e+03  2.9551e+00  4.2484e-05  3.1535e+06  3.1536e+06
echenauc   F	 236099	     30	  295.4	  36177	-3.2238	  8.1043e-02  4.6832e+01  4.0881e+01  4.3840e+00  5.5884e+01  5.7121e+01  1.1352e+00  3.9651e-01 -6.5198e+01  5.8334e+02  1.1378e+00  1.9544e-05  3.5042e+06  3.5044e+06
echicana   F	  54885	     23	  268.0	  18193	-3.1212	  1.3976e-01  8.0494e+00  2.6815e+01  5.4022e+00 -1.2362e+02  1.9665e+02  2.8779e+01  1.6207e-01 -1.0154e+02  4.4693e+02  1.3296e+00  8.5878e-05  7.8957e+05  7.8967e+05
echicapr   F	  45407	     23	 1525.1	  27924	-3.7674	  9.7165e-02 -9.1681e+01  1.3151e+02  1.9945e+01 -3.3123e+00  1.9334e+02  9.2572e-01  2.7082e-01 -2.4952e+03  4.6219e+03  2.9793e+00  6.9318e-05  7.8505e+05  7.8514e+05
echigran   F	  63183	     16	  318.6	  11862	-3.1701	  1.4015e-01  1.2668e+01  2.2620e+01  3.9217e+00  5.9054e+01  1.7278e+01  1.3880e+00  1.9862e-01 -2.7049e+02  7.3572e+02  1.7431e+00  1.1669e-04  9.2281e+05  9.2291e+05
echimult   F	 110671	     16	  257.9	  80645	-3.2139	  1.9015e-01 -5.3904e+00  4.0820e+01  7.8633e+00 -1.5593e+02  2.2967e+02  3.0000e+01  1.3564e-01 -1.5191e+01  3.7789e+02  9.1367e-01  3.4946e-05  1.6368e+06  1.6369e+06
echiparm   F	  70266	     16	  858.1	  41941	-3.6027	  2.9768e-02  1.2071e+01  2.4951e+01  7.8355e-01  3.9804e+01  6.4827e+02  1.2674e+00  4.3550e-05  1.1676e+06  1.1676e+06
echitelf   F	 171836	     30	 1465.9	 196612	-3.9652	  8.5626e-02  4.9463e+01  4.1001e+01  2.6122e+00  1.0956e+00  3.2133e+02  1.1022e+00  2.7510e-01 -2.8143e+02  2.1378e+03  1.0823e+00  1.5480e-05  3.1370e+06  3.1371e+06
edhaaedi   F	     17	     25	   83.0	    786	-2.2853	  1.0000e+00 -1.1036e+01  6.3104e+01  2.0881e+00  5.1710e-02  1.8443e+02  1.8693e+02
edwaeleg   F	  43325	     16	  570.4	  11771	-3.3758	  4.5411e-02 -4.6356e+02  5.6093e+02  3.0000e+01 -2.0825e+02  6.6834e+02  1.8188e+00  7.9483e-05  6.7422e+05  6.7428e+05
egregarz   F	 142443	     30	 1067.7	  88358	-3.7851	  8.2364e-02  5.8957e+01  4.2489e+01  1.4070e+00 -1.2432e+02  9.6978e+02  1.1543e+00  2.0908e-05  2.4823e+06  2.4823e+06
egremenz   F	     22	     24	  240.0	 415105	-3.0888	  1.0000e+00  1.7689e+01  5.7309e+01  5.9585e-01  4.5719e-02  3.1279e+02  3.1606e+02
eimeacer   F	  27914	     19	  260.9	   1835	-2.8438	  1.0000e+00 -1.7165e+02  3.8939e+02  3.2297e+00  2.1953e-04  3.6557e+05  3.6559e+05
eimebrun   F	  24364	     28	  245.5	   3237	-2.9037	  1.4165e-01  6.0760e+01  8.0144e+01  1.5451e+00 -8.1981e+01  2.9985e+02  2.1813e+00  2.1398e-04  3.2580e+05  3.2585e+05
eimefalc   F	  40930	     35	  184.4	   1519	-2.6465	  3.8564e-02  3.1562e+01  2.4878e+01  5.3672e+00  1.4732e+01  1.4449e+02  2.1721e+00  7.8154e-01 -1.6184e+02  3.3174e+02  4.2075e+00  1.4982e-04  4.9882e+05  4.9892e+05
eimemaxi   F	  25064	     41	  219.2	   1321	-2.7104	  2.9571e-01  2.9372e+01  1.2261e+02  2.2944e+00 -2.1114e+02  4.1298e+02  4.0065e+00  2.7068e-04  3.1281e+05  3.1287e+05
eimemiti   F	  22993	     27	  236.8	   2783	-2.8689	  1.3773e-02 -3.2773e+01  8.5718e+01  1.4173e+01 -1.0709e+02  2.1633e+02  1.3266e+01  6.0466e-02 -6.5030e+01  2.7051e+02  2.2167e+00  2.0651e-04  3.0389e+05  3.0398e+05
eimeneca   F	  27028	     18	  229.2	   2306	-2.8005	  3.8359e-01  3.9719e+01  1.3130e+02  1.6046e+00 -1.8840e+02  3.8858e+02  3.4280e+00  2.5157e-04  3.4851e+05  3.4857e+05
eimeprae   F	  18800	     31	  233.5	   2661	-2.8552	  8.8869e-03 -9.6274e+00  6.3530e+01  1.5004e+01 -1.0419e+02  2.2367e+02  9.6467e+00  1.1460e-01 -7.6294e+01  2.8870e+02  2.2956e+00  2.0503e-04  2.4735e+05  2.4743e+05
eimetene   F	  27993	     18	  221.9	   1602	-2.7648	  5.3800e-01 -3.2506e+01  2.0346e+02  2.8096e+00 -2.5709e+02  4.7149e+02  3.5652e+00  2.6376e-04  3.5648e+05  3.5654e+05
eisefeti   F	    208	     18	  274.0	  37103	-3.1929	  3.8119e-01  1.5634e+01  1.9433e+01  7.3909e-01 -2.3160e+02  3.3210e+02  1.1885e+01  8.9079e-02  1.3143e+01  4.2560e+02  1.1184e+00  4.4559e-03  3.0911e+03  3.1278e+03
elaeelap   F	  75964	     23	  235.4	   1714	-2.8112	  2.3677e-02  2.5627e+00  5.8548e+01  1.3504e+00 -1.8874e+02  2.8593e+02  1.0601e+01  2.1902e-01 -1.0078e+02  3.3928e+02  3.0224e+00  9.6462e-05  9.8382e+05  9.8392e+05
elaeguin   F	 152092	     16	  379.8	  43392	-3.3612	  4.6021e-01  5.2336e+01  4.5809e+01  1.6336e+00 -3.4475e+02  1.3413e+03  1.3426e+00  3.6145e-05  2.3560e+06  2.3561e+06
elecelec   F	 248925	     29	  357.3	  34801	-3.3272	  2.3555e-01  5.3663e+01  5.0885e+01  1.7879e+00 -3.0568e+01  2.8299e+02  1.8310e+00  4.4639e-01 -2.2665e+02  1.3059e+03  1.2644e+00  1.7534e-05  3.8139e+06  3.8140e+06
elegmacl   F	 242456	     28	  404.8	  41178	-3.3298	  5.0386e-02  5.1663e+01  3.4136e+01  5.0805e+00  5.3584e+01  5.2526e+01  1.4547e+00  3.2284e-01 -6.3179e+01  6.3693e+02  1.1584e+00  2.3247e-05  3.7185e+06  3.7186e+06
elepedwa   F	 165761	     29	 1577.4	 365311	-4.0265	  2.2325e-01  6.4707e+01  6.2981e+01  7.2998e-01 -2.0367e+02  1.6835e+03  9.5270e-01  2.0171e-05  3.0700e+06  3.0701e+06
elepmaxi   F	 222126	     30	 1627.2	 352729	-4.0686	  9.5511e-02  6.0952e+01  3.7282e+01  1.3154e+00 -3.5947e+01  6.8009e+02  9.4248e-01  4.7503e-01 -3.3033e+02  2.9996e+03  9.9679e-01  1.2818e-05  4.1610e+06  4.1611e+06
eleucoqu   F	 213000	     29	 2012.3	 208272	-4.0476	  1.8114e-01  6.5255e+01  3.3716e+01  8.4437e-01 -3.8494e+02  2.2285e+03  1.1276e+00  2.9888e-05  3.9701e+06  3.9701e+06
eleucora   F	 179235	     16	  168.4	   7043	-2.9255	  4.5059e-01  3.6837e+01  5.3093e+01  3.1140e+00 -7.6308e+01  2.8474e+02  1.4998e+00  2.4455e-01 -2.8021e+02  8.1906e+02  2.0996e+00  4.4877e-05  2.4151e+06  2.4152e+06
eleuindi   F	  79889	     17	  156.4	  37799	-2.8880	  4.8297e-01  2.8666e+01  5.9906e+01  3.7825e+00 -5.1263e+01  4.0085e+02  1.3586e+00  6.3102e-05  1.0635e+06  1.0636e+06
elgamult   F	 195835	     30	 1659.7	  94679	-3.9462	  8.9065e-02  6.9980e+01  6.0916e+01  7.8796e-01 -2.7523e+02  1.6010e+03  1.2879e+00  1.6620e-05  3.5611e+06  3.5611e+06
elsiampe   F	  16693	     23	   51.8	    644	-1.7044	  7.2484e-01  1.2094e+01  3.6699e+01  1.2314e+01 -5.8249e+00  8.4007e+01  1.9543e+00  5.7511e-04  1.3097e+05  1.3102e+05
elystimi   F	 145890	     16	  851.5	  76996	-3.6376	  5.4861e-01 -2.6474e+02  7.9915e+02  3.0823e+00 -2.7676e+02  1.4621e+03  1.1336e+00  2.1379e-05  2.4457e+06  2.4458e+06
embijack   F	 243226	     24	  397.5	  41602	-3.3398	  6.6147e-02  5.4804e+01  3.5178e+01  3.5755e+00  5.6365e+01  6.0405e+01  1.1946e+00  3.7688e-01 -9.1373e+01  7.6145e+02  1.1841e+00  1.9397e-05  3.7406e+06  3.7407e+06
emeratla   F	  15603	     16	   55.2	    647	-1.7600	  8.0705e-01  2.6264e+01  2.5794e+01  4.9310e+00 -6.9191e+00  6.6689e+01  1.5942e+00  8.2805e-04  1.2638e+05  1.2643e+05
emerclad   F	  14025	     16	   58.7	   1127	-1.9860	  8.0744e-01  3.2793e+01  2.0458e+01  3.1037e+00 -8.0465e+01  2.5152e+02  2.3189e+00  6.6659e-04  1.2821e+05  1.2826e+05
emerpast   F	  17827	     23	   80.3	    635	-2.1447	  3.5701e-02  1.0326e+01  4.5430e+01  1.2614e+00  2.8239e+01  4.3210e+01  2.1032e+00  3.5906e-04  1.7607e+05  1.7612e+05
emilhuxl   F	 123206	     16	  131.9	  77170	-2.9527	  2.9166e-01 -7.0058e+01  1.4033e+02  3.0000e+01 -2.0624e+02  3.2159e+02  4.2137e+00  4.8388e-01 -3.1355e+02  1.9993e+03  1.0371e+00  6.7976e-05  1.6769e+06  1.6770e+06
emmocres   F	  17624	     23	   77.7	    526	-2.1132	  4.1466e-02  4.9148e+00  4.2599e+01  1.7568e+00  2.8626e+01  4.1601e+01  2.1600e+00  3.2865e-04  1.7158e+05  1.7164e+05
emmoparv   F	  15690	     23	   81.1	    658	-2.1544	  4.3115e-02  1.0210e+01  4.4913e+01  1.2065e+00  2.8380e+01  4.4164e+01  2.1316e+00  3.9698e-04  1.5556e+05  1.5561e+05
emmospec   F	  16456	     23	   81.8	    584	-2.1663	  3.3527e-02 -2.9368e+02  3.2882e+02  2.9950e+01  2.8216e+01  4.4865e+01  2.0907e+00  5.1285e-04  1.6409e+05  1.6414e+05
empitrai   F	 173056	     29	  911.8	 117442	-3.7514	  1.0409e-01  5.5541e+01  3.8399e+01  1.6499e+00 -7.4219e+01  8.1992e+02  1.0444e+00  1.8653e-05  2.9889e+06  2.9889e+06
emydmacq   F	 217823	     30	 1464.6	 248546	-3.9874	  6.3048e-02  6.7446e+01  4.2424e+01  9.7214e-01 -8.6800e+01  1.1682e+03  9.7626e-01  1.3318e-05  3.9964e+06  3.9964e+06
emysorbi   F	 185668	     30	 1529.5	 185213	-3.9762	  5.4163e-02  6.9151e+01  3.5515e+01  9.8346e-01 -1.3989e+02  1.2593e+03  1.0502e+00  1.5181e-05  3.3972e+06  3.3973e+06
encaform   F	  43695	     17	  155.8	 134098	-3.0604	  3.9677e-01 -2.3921e+02  3.1347e+02  3.0000e+01  1.1923e+01  2.9992e+02  7.8468e-01  1.3726e-04  6.1488e+05  6.1494e+05
encecuni   F	     22	     23	   25.5	    457	-1.4265	  6.2661e-03 -4.5645e+01  6.6747e+01  2.0285e+01  2.1524e+01  3.5364e+00  1.0991e+00  4.4932e-02  1.5587e+02  1.6351e+02
encehell   F	     16	     23	   25.2	      4	-1.0395	  3.0196e-08 -3.4464e+03  3.4659e+03  8.2282e+02  1.1061e+01  1.2883e+01  6.2677e+00  9.9888e-01 -2.7029e+02  1.4021e+03  1.0421e-01  7.4664e-02  2.4655e+02  2.5504e+02
enceinte   F	     11	     23	   25.8	      5	-1.0395	  3.0196e-08 -3.4464e+03  3.4659e+03  8.2282e+02  1.1061e+01  1.2883e+01  6.2677e+00  9.9888e-01 -2.7029e+02  1.4021e+03  1.0421e-01  6.5331e-02  1.5717e+02  1.6155e+02
enceroma   F	     15	     23	   25.5	      7	-1.0395	  3.0196e-08 -3.4464e+03  3.4659e+03  8.2282e+02  1.1061e+01  1.2883e+01  6.2677e+00  9.9888e-01 -2.7029e+02  1.4021e+03  1.0421e-01  6.4615e-02  1.7947e+02  1.8726e+02
enchcryp   F	  61848	     17	  876.4	  18929	-3.4384	  8.0202e-01 -3.5120e+03  4.1799e+03  1.3083e+01 -7.1183e+02  2.3176e+03  1.7154e+00  4.9898e-05  9.7955e+05  9.7961e+05
endomont   F	     27	     26	 1458.0	   6719	-3.5569	  7.1984e-02 -1.9157e+02  2.1842e+02  2.9915e+01 -5.9071e+03  7.3106e+03  9.5538e+00  3.6545e-02  4.5743e+02  4.6650e+02
endopusi   F	  14202	     23	   56.6	   2049	-1.9322	  6.9685e-01  2.2414e+01  2.9014e+01  5.8057e+00 -1.5174e+02  2.2419e+02  8.0725e+00  2.1837e-01 -1.0882e+02  3.7884e+02  1.6098e+00  5.7827e-04  1.2642e+05  1.2650e+05
engrencr   F	 274629	     19	  862.7	  90000	-3.7073	  8.1449e-02  6.3367e+01  4.6948e+01  1.5804e+00 -6.8244e+01  7.4575e+02  1.0869e+00  1.5979e-05  4.6858e+06  4.6859e+06
engypust   F	 230857	     21	 1305.0	 209931	-3.9074	  1.1191e-01  5.3144e+01  3.0463e+01  2.6559e+00  2.5119e+01  2.4514e+02  9.7895e-01  2.2156e-01 -2.1950e+02  1.8032e+03  1.0404e+00  1.7279e-05  4.1522e+06  4.1523e+06
enhylutr   F	 192891	     23	 1372.8	 162030	-3.9332	  8.6539e-02  5.5869e+01  3.7027e+01  1.9705e+00 -2.9286e+01  4.1782e+02  1.1649e+00  3.2627e-01 -2.3952e+02  2.0816e+03  1.1081e+00  1.4811e-05  3.4926e+06  3.4927e+06
enoparma   F	 223633	     30	  366.6	  28094	-3.2789	  4.2631e-02  6.5848e+01  2.5246e+01  2.9062e+00  5.9091e+01  5.5503e+01  1.3003e+00  3.5733e-01 -9.8309e+01  6.3199e+02  1.2653e+00  2.1434e-05  3.3768e+06  3.3769e+06
entadisp   F	   3331	     23	   59.2	    533	-2.0624	  5.1018e-01 -1.2844e+02  1.7966e+02  3.0000e+01 -4.6963e+01  1.1583e+02  2.8423e+00  1.0239e-03  3.1751e+04  3.1794e+04
entahist   F	   3383	     23	   57.3	    466	-1.8621	  7.6656e-01 -2.5390e+00  5.4288e+01  7.9450e+00 -2.3304e+01  1.0283e+02  2.4566e+00  1.4202e-03  2.9013e+04  2.9056e+04
entainva   F	   5283	     23	   73.7	    524	-2.2852	  2.1127e-01 -1.5121e+02  1.9580e+02  3.0000e+01 -7.6598e+01  1.5122e+02  3.6658e+00  1.0312e-03  5.4977e+04  5.5023e+04
entamosh   F	   4183	     36	   50.3	    660	-1.9179	  7.0569e-01 -4.2462e+01  8.7613e+01  1.7660e+01  5.8963e+00  8.4053e+01  1.8955e+00  2.4690e-01  1.0895e+01  3.1111e+02  3.0000e+01  2.0679e-03  3.6968e+04  3.7038e+04
entanutt   F	   1656	     27	   57.3	    420	-1.8286	  8.4499e-01  2.2577e+01  2.9477e+01  4.0772e+00 -3.6003e+01  1.2848e+02  2.7028e+00  1.8563e-03  1.3964e+04  1.4002e+04
entaquad   F	  10574	     16	  410.4	   7366	-3.2395	  1.2777e-01  1.3249e+01  1.5654e+01  8.9261e-01  3.2589e+01  9.1061e+01  1.3662e+00  3.1599e-01 -2.9965e+02  8.8930e+02  2.3270e+00  2.7545e-04  1.5760e+05  1.5768e+05
enteaequ   F	 274666	     20	 1086.7	 111414	-3.6131	  3.4741e-01  2.0982e+01  5.2105e+01  4.1623e+00 -5.0699e+02  7.0945e+02  6.0892e+00  1.1589e-01 -4.4424e+02  3.2400e+03  1.3190e+00  2.9835e-05  4.5686e+06  4.5687e+06
entebien   F	      1	     51	   25.5	      0	-0.8821	  1.0000e+00  3.6486e+00  4.6330e+01  3.0000e+01  8.0415e-01  9.2608e+00  3.2608e+00
entehepa   F	      3	     90	  213.0	      4	-2.4733	  1.0000e+00 -2.2778e+02  3.6389e+02  6.4762e+00  3.2973e-01  3.9850e+01  3.7146e+01
enteverm   F	  83303	     23	  155.2	   2970	-2.7457	  1.3326e-01 -1.1738e+02  1.8871e+02  1.8320e+01 -5.6868e+01  1.7273e+02  5.4320e+00  2.4884e-01 -8.1886e+01  2.5641e+02  1.9433e+00  9.1933e-05  1.0557e+06  1.0558e+06
entocaud   F	   1911	     18	   51.7	  53253	-2.7587	  5.5191e-01 -1.8067e+02  2.1852e+02  3.0000e+01  6.5429e+00  1.4498e+02  6.8016e-01  2.1414e-01 -2.8121e+03  4.4736e+03  2.0915e+00  9.6744e-04  2.5139e+04  2.5200e+04
entoheli   F	  40337	     23	   85.7	    744	-2.1892	  6.9340e-01 -7.3403e+01  1.4933e+02  1.0647e+01 -9.0542e+01  1.8617e+02  2.7388e+00  4.1736e-04  4.0823e+05  4.0829e+05
entomamm   F	  32545	     23	   74.5	    802	-2.2108	  6.7193e-01  4.0584e+01  2.0463e+01  1.5172e+00 -6.3049e+01  1.5450e+02  2.8975e+00  2.6198e-04  3.3146e+05  3.3152e+05
entomusc   F	  37777	     19	   40.9	  30470	-2.1868	  5.7739e-01  1.6832e+01  1.8936e+01  5.8422e+00  1.4545e+01  7.0161e+01  7.2961e-01  4.4331e-04  3.8094e+05  3.8100e+05
eospfont   F	  98706	     16	 1399.9	 132049	-3.9124	  7.8301e-02  6.0606e+01  2.8980e+01  1.7965e+00 -3.4775e+02  5.4900e+02  3.6299e+00  1.6421e-01 -2.4549e+02  1.7339e+03  1.1575e+00  2.6801e-05  1.7802e+06  1.7803e+06
eparclar   F	  97474	     21	  589.1	  62442	-3.5610	  5.2730e-02  1.1837e+01  6.9432e+01  7.4733e+00 -1.8008e+01  5.1188e+02  1.0910e+00  5.3622e-05  1.6043e+06  1.6044e+06
eperfalc   F	  42543	     19	  185.5	   1490	-2.6472	  3.8361e-02  3.1550e+01  2.4837e+01  5.4287e+00  1.4812e+01  1.4457e+02  2.1857e+00  7.5816e-01 -1.6183e+02  3.3175e+02  4.0937e+00  1.4288e-04  5.1862e+05  5.1871e+05
ephedani   F	  95801	     23	  550.8	  12475	-3.4471	  1.2661e-01 -9.4243e+01  1.5088e+02  3.0000e+01 -5.9050e+01  2.7356e+02  1.3380e+00  4.5274e-01 -2.7339e+03  4.2180e+03  4.0608e+00  1.6202e-04  1.5003e+06  1.5004e+06
ephevulg   F	  68792	     16	  560.4	  56444	-3.4424	  1.6347e-01  3.7644e+01  2.0969e+01  4.3871e+00 -8.9904e+01  5.9280e+02  1.1227e+00  8.3653e-01 -3.6602e+02  1.5085e+03  1.4771e+00  7.2636e-05  1.0909e+06  1.0910e+06
epicfest   F	   3655	     18	   79.0	   1662	-2.1975	  8.6484e-01  2.7560e+01  4.1226e+01  2.5019e+00 -3.4426e+01  1.8216e+02  1.4773e+00  8.3987e-04  3.7002e+04  3.7046e+04
epictyph   F	  17187	     25	   77.1	   1000	-2.1717	  7.2418e-01  6.2781e+00  5.9094e+01  4.2285e+00 -1.3373e+01  1.1581e+02  1.8450e+00  3.1403e-04  1.7190e+05  1.7195e+05
epincoio   F	 176983	     16	  519.6	  93986	-3.5265	  1.9086e-01  1.8524e+01  7.3937e+01  5.6453e+00  1.8887e+01  1.4465e+02  2.0054e+00  2.3268e-01 -2.0531e+02  1.2573e+03  1.0989e+00  2.4123e-05  2.8764e+06  2.8765e+06
epinfusc   F	 259918	     20	  558.5	  71225	-3.5355	  2.9649e-01  5.7396e+01  4.2718e+01  1.7900e+00 -5.8242e+02  8.0117e+02  7.5629e+00  1.6326e-01 -1.7749e+02  1.4710e+03  1.2049e+00  1.9978e-05  4.2323e+06  4.2324e+06
epinlanc   F	 252669	     30	  548.6	  68470	-3.5212	  2.1805e-01 -1.1187e+01  1.0543e+02  7.0141e+00 -8.3774e+01  2.7146e+02  3.2400e+00  2.3213e-01 -1.8732e+02  1.4053e+03  1.2074e+00  2.6201e-05  4.0986e+06  4.0987e+06
epinmoar   F	 251711	     22	  545.6	  67809	-3.5195	  2.9429e-01  5.7038e+01  4.2938e+01  1.8329e+00 -2.7964e+03  3.0067e+03  3.0000e+01  1.6008e-01 -1.2740e+02  1.3503e+03  1.1964e+00  2.1873e-05  4.0805e+06  4.0806e+06
epippost   F	    906	     68	  582.0	  23158	-3.4129	  1.4491e-01  5.9550e+01  3.1780e+01  1.3478e+00  6.0092e+00  5.1917e+02  1.3542e+00  1.1499e-03  1.4253e+04  1.4287e+04
episbalt   F	  67722	     28	  105.5	 210794	-3.2012	  4.3657e-01 -1.1978e+02  1.8037e+02  2.9305e+01  2.2713e+01  1.0075e+02  1.0632e+00  2.1782e-01 -3.4540e+02  4.2839e+03  1.0882e+00  4.2213e-05  9.9778e+05  9.9788e+05
epittyph   F	  70077	     16	   57.4	    911	-1.8615	  7.1904e-01  9.9410e+00  4.3769e+01  8.9662e+00 -1.0173e+01  7.4672e+01  1.5998e+00  4.0655e-04  6.0055e+05  6.0061e+05
eptefusc   F	 190663	     16	 1404.2	 152604	-3.9385	  8.5537e-02  5.8481e+01  3.5171e+01  1.6071e+00 -1.3891e+02  4.5359e+02  1.8262e+00  2.3681e-01 -2.4899e+02  1.9730e+03  1.1280e+00  1.5665e-05  3.4574e+06  3.4575e+06
equuasin   F	 262152	     30	 1490.4	 163284	-4.0021	  1.7311e-01  6.4237e+01  6.4774e+01  7.7822e-01 -1.5692e+02  1.2028e+03  1.1093e+00  7.0264e-01 -3.3008e+03  1.1022e+04  1.6017e+00  1.4236e-05  4.8289e+06  4.8290e+06
equucaba   F	 254328	     17	 1502.7	 167232	-4.0050	  1.7380e-01  6.4618e+01  6.3882e+01  7.7401e-01 -1.7650e+02  1.2394e+03  1.1177e+00  7.0513e-01 -3.0590e+03  1.0898e+04  1.5528e+00  1.4622e-05  4.6885e+06  4.6886e+06
equuprze   F	 187453	     29	 1391.3	 133573	-3.9304	  7.7572e-02  5.9304e+01  3.5169e+01  1.6565e+00 -5.5354e+01  4.9072e+02  1.1488e+00  3.7577e-01 -3.1143e+02  2.2363e+03  1.1773e+00  1.5632e-05  3.3916e+06  3.3917e+06
equuquag   F	 221707	     29	 1428.4	 209672	-3.9682	  6.5487e-02  3.8839e+01  5.0966e+01  3.4287e+00  1.0451e+01  3.2141e+02  1.0767e+00  2.7531e-01 -2.0268e+02  1.8769e+03  1.0453e+00  1.3188e-05  4.0497e+06  4.0498e+06
eragcurv   F	 134072	     16	  162.7	 104468	-2.9526	  3.1008e-01 -2.8596e+02  3.7377e+02  2.6668e+01  6.9113e+01  7.0331e+01  5.9050e-01  3.7557e-01 -9.0900e+02  1.2978e+03  4.5301e+00  4.4785e-05  1.8306e+06  1.8307e+06
eratatri   F	  19266	     16	 5599.0	 157279	-4.3753	  3.5571e-02 -1.8451e+02  2.6891e+02  3.0000e+01 -6.2149e+01  4.8983e+02  8.2719e-01  1.6655e-01 -2.5466e+03  7.5498e+03  1.7686e+00  5.8953e-05  3.8849e+05  3.8858e+05
erembila   F	  22197	     23	   56.3	    703	-1.8627	  7.4002e-01  3.1684e+01  1.9878e+01  3.8497e+00 -1.1228e+01  9.3509e+01  1.9389e+00  5.2315e-04  1.9038e+05  1.9044e+05
eremcymb   F	    191	     53	   98.5	    815	-2.4231	  6.7991e-01 -2.8247e+02  3.5877e+02  2.1998e+01 -6.2427e+02  9.1198e+02  9.1043e+00  5.3000e-03  2.1489e+03  2.1717e+03
eremgoss   F	    233	     40	   61.4	    611	-2.0256	  6.9832e-01 -2.5792e+00  5.6271e+01  1.0001e+01 -1.6541e+02  3.1104e+02  4.4739e+00  6.2366e-03  2.1836e+03  2.2078e+03
eremophi   F	 118898	     16	  172.4	  28083	-2.9814	  4.9877e-01  4.3625e+01  4.8705e+01  2.3960e+00 -3.1556e+01  3.6482e+02  8.5019e-01  2.0114e-01 -2.8383e+02  7.5054e+02  2.3551e+00  4.4282e-05  1.6323e+06  1.6324e+06
eremsine   F	    241	     52	   74.2	    631	-2.1760	  7.5097e-01  4.1528e+01  2.2749e+01  2.4222e+00 -1.3471e+02  3.6254e+02  5.2942e+00  5.8816e-03  2.4346e+03  2.4590e+03
eretimbr   F	  24639	     16	 1584.1	 230840	-4.0189	  3.5356e-02  6.8905e+01  2.9292e+01  1.3059e+00 -1.8006e+02  1.3110e+03  1.0170e+00  6.3038e-05  4.5606e+05  4.5611e+05
erigbrev   F	 102243	     16	  219.5	  19911	-3.0222	  3.3291e-01 -1.1589e+02  2.0401e+02  1.5071e+01 -1.4195e+02  3.3928e+02  2.3794e+00  3.9057e-01  2.4411e+02  4.2464e+02  1.0451e+00  6.5722e-05  1.4240e+06  1.4241e+06
erigcana   F	 139307	     30	  192.0	   6018	-2.9158	  4.5692e-01  3.4604e+01  5.5747e+01  3.1981e+00 -1.8249e+02  5.6783e+02  1.9590e+00  6.2521e-05  1.8705e+06  1.8705e+06
erineuro   F	 173332	     30	 1618.1	 150373	-3.9630	  7.5788e-02 -2.3734e+02  3.2464e+02  2.5212e+01 -3.6875e+01  2.5716e+02  1.6396e+00  2.0095e-01 -3.0445e+02  2.1404e+03  1.1688e+00  1.7091e-05  3.1624e+06  3.1626e+06
eriojapo   F	  65022	     16	  181.7	  11143	-2.8668	  4.6688e-01  4.4275e+01  5.3035e+01  2.4534e+00 -1.1860e+02  4.3022e+02  1.8311e+00  7.9921e-05  8.5875e+05  8.5882e+05
eriolani   F	  53450	     28	  151.0	  44770	-3.0518	  5.2010e-01  4.3177e+01  2.5247e+01  1.8705e+00 -7.4783e+01  6.7423e+02  1.1160e+00  4.5372e-01 -7.6977e+01  2.3570e+03  1.1673e+00  6.0787e-05  7.5084e+05  7.5094e+05
eriosemi   F	     38	    103	 1237.0	  42653	-4.3403	  5.4554e-02  1.0290e+02  6.3365e+01  1.5912e-01 -1.1887e+01  1.2496e+03  7.1671e-01  2.6894e-02  7.4177e+02  7.5323e+02
eriosine   F	 186280	     16	  840.8	 277182	-3.8119	  3.1473e-02  5.0763e+01  7.4082e+01  2.6510e+00 -1.9842e+01  3.8185e+02  8.9671e-01  3.6168e-01 -3.6139e+01  8.1402e+02  8.6000e-01  2.0480e-05  3.2673e+06  3.2674e+06
erispert   F	  35896	     16	   69.8	 397564	-2.8478	  5.6801e-01 -1.1173e+02  1.7076e+02  3.0000e+01 -4.4930e+01  1.6172e+02  2.1296e+00  1.3999e-01  1.0420e+02  2.1144e+03  7.7511e-01  8.3931e-05  4.7323e+05  4.7332e+05
erpecala   F	 202600	     16	 2680.5	 298470	-4.1647	  2.7713e-01  6.5900e+01  8.7534e+01  6.1708e-01 -7.9160e+02  3.5375e+03  1.2226e+00  2.2857e-05  3.8834e+06  3.8835e+06
erysneca   F	  10821	     35	   55.7	    615	-1.8842	  7.4018e-01  2.7676e+01  2.2605e+01  4.2212e+00 -4.2723e+01  1.3464e+02  3.1900e+00  2.4649e-01  1.4901e+02  2.7824e+02  2.3422e+00  4.9877e-04  9.3854e+04  9.3934e+04
eryspisi   F	  14492	     19	   60.2	    450	-1.9344	  6.3697e-01  1.1281e+01  4.1760e+01  7.4329e+00 -1.6300e+01  1.0105e+02  2.7971e+00  1.4020e-03  1.2906e+05  1.2912e+05
erytgutt   F	 119247	     18	  132.3	   3411	-2.7085	  5.4718e-01  1.5965e+01  7.6563e+01  4.5771e+00 -1.9910e+02  5.1031e+02  2.3005e+00  7.3299e-05  1.4872e+06  1.4873e+06
erythase   F	  93098	     23	   59.7	    246	-1.6092	  9.3097e-01  3.1395e+00  5.3302e+01  8.9161e+00 -7.7924e+01  1.6026e+02  3.6821e+00  3.2237e-04  6.8960e+05  6.8966e+05
erytregi   F	 208215	     16	 1907.8	 125511	-4.0203	  1.0976e-01  6.8830e+01  5.8335e+01  7.6895e-01 -3.2490e+02  1.8891e+03  1.2483e+00  1.5472e-05  3.8563e+06  3.8563e+06
eschrobu   F	 204239	     30	 1439.0	 245690	-3.9845	  7.2585e-02  4.9754e+01  4.1005e+01  2.5963e+00 -6.9047e+00  3.6454e+02  1.0979e+00  2.8820e-01 -2.0211e+02  1.9580e+03  1.0125e+00  1.3680e-05  3.7460e+06  3.7461e+06
escowebe   F	  11815	     23	   94.3	    679	-2.2858	  7.1451e-01 -1.7914e+02  2.5620e+02  1.2976e+01 -2.0437e+02  3.3960e+02  4.2207e+00  5.0400e-04  1.2450e+05  1.2456e+05
esoxluci   F	 493136	     27	  421.8	  69891	-3.4507	  3.0439e-01  5.1530e+01  5.9672e+01  1.6824e+00  2.5624e+01  2.0290e+02  2.1814e+00  1.6378e-01 -1.1265e+02  9.6550e+02  1.0885e+00  1.6076e-05  7.8375e+06  7.8377e+06
ethecrag   F	 219787	     21	  507.5	  41497	-3.4247	  3.3317e-01  6.2045e+01  4.5978e+01  1.3054e+00 -1.3266e+02  7.7630e+02  1.2302e+00  6.6683e-01  2.7113e+02  2.7492e+02  4.7163e-01  2.3018e-05  3.4665e+06  3.4666e+06
ethespec   F	 223648	     16	  552.0	  86393	-3.5209	  1.5992e-01  1.1384e+01  8.1916e+01  5.8369e+00  7.0770e+01  8.2434e+01  1.5967e+00  1.2663e-01 -1.0710e+02  7.5266e+02  1.0449e+00  1.8225e-05  3.6275e+06  3.6276e+06
ettloleo   F	  65559	     21	  210.9	   5977	-2.6102	  9.1480e-01 -7.7777e+02  9.6138e+02  1.4588e+01  6.8141e+01  8.1574e+01  6.5508e-01  1.1161e-04  7.8668e+05  7.8674e+05
eubaglac   F	 204045	     18	 1419.3	 249331	-3.9794	  7.3584e-02  4.9139e+01  4.1687e+01  2.6367e+00 -1.3346e+01  3.5532e+02  1.1477e+00  2.8180e-01 -1.8446e+02  1.9257e+03  1.0046e+00  1.3438e-05  3.7377e+06  3.7378e+06
eublmacu   F	 200730	     30	 1679.1	 137650	-3.9849	  9.8868e-02  6.9547e+01  5.9408e+01  7.7288e-01 -2.1482e+02  1.5560e+03  1.1691e+00  1.5354e-05  3.6832e+06  3.6832e+06
eucagran   F	 162902	     29	  231.9	   8065	-2.9987	  3.7924e-01  3.6706e+01  5.6921e+01  2.9341e+00 -4.2344e+01  3.1945e+02  1.3792e+00  4.3379e-01 -1.4363e+03  2.0560e+03  6.2064e+00  4.2738e-05  2.2497e+06  2.2498e+06
eucitrib   F	   6975	     16	  974.4	  53502	-3.4954	  9.7907e-02  1.5394e+01  3.2780e+01  3.9859e-01 -4.8438e+03  5.7141e+03  1.0049e+01  2.1518e-04  1.1331e+05  1.1336e+05
eucynewb   F	 225465	     25	  458.4	  71170	-3.3605	  2.7907e-01  1.2177e+01  6.3596e+01  6.6367e+00 -3.2929e+01  2.2872e+02  1.5848e+00  2.5669e-01  8.3450e+01  9.6424e+02  1.0537e+00  3.2613e-05  3.4866e+06  3.4867e+06
eudinipp   F	  17735	     16	 2897.2	  46997	-3.8184	  1.6310e-01 -2.0129e+01  4.6633e+01  2.2189e+01  7.8339e-01  1.3475e+02  9.3732e-01  6.4013e-02 -2.4292e+03  5.3195e+03  2.2843e+00  9.6674e-05  3.1241e+05  3.1249e+05
eufrmexi   F	  67923	     30	  126.4	 103919	-3.0047	  4.7392e-01  5.6076e+00  6.9999e+01  5.6547e+00  2.4049e+00  3.1136e+02  8.8889e-01  4.9040e-01  1.8841e+03  6.2142e+03  9.8336e-01  9.5318e-05  9.4107e+05  9.4117e+05
eugldile   F	  44386	     28	  102.3	  45319	-2.8261	  5.4743e-01 -1.0550e+01  8.6038e+01  6.9360e+00 -4.5220e+00  2.9919e+02  9.1401e-01  4.2254e-01 -5.2052e+02  4.0163e+03  1.5235e+00  1.5196e-04  5.7558e+05  5.7568e+05
euglgrac   F	     47	     19	   56.0	   3548	-2.3319	  4.2604e-01  8.3020e+00  3.8651e+01  1.4686e+01 -3.8605e+01  1.3783e+02  1.4541e+00  1.9330e-02  5.1868e+02  5.3163e+02
euleeuro   F	 174214	     30	 1581.4	  89165	-3.9246	  8.4040e-02  7.0673e+01  4.9634e+01  8.3091e-01 -2.4304e+02  1.5148e+03  1.2854e+00  1.8442e-05  3.1502e+06  3.1503e+06
eulerufi   F	 197576	     30	 1395.6	 159517	-3.9346	  7.6580e-02  5.0152e+01  4.0690e+01  2.4119e+00 -3.3812e+01  3.4386e+02  1.3487e+00  2.5712e-01 -2.1668e+02  1.9080e+03  1.1071e+00  1.4752e-05  3.5788e+06  3.5790e+06
eumejapo   F	  50089	     16	 1009.1	 134964	-3.7693	  1.2961e-01  6.1370e+01  2.1930e+01  1.1309e+00 -1.1329e+02  9.1428e+02  1.0325e+00  4.9989e-05  8.6931e+05  8.6938e+05
eumejuba   F	 231853	     16	 1468.1	 187157	-3.9963	  1.4957e-01  6.5289e+01  4.9759e+01  8.7199e-01 -1.5619e+02  1.0839e+03  1.0877e+00  6.7556e-01 -1.2322e+03  6.4188e+03  1.2667e+00  1.4224e-05  4.2658e+06  4.2659e+06
euonfulv   F	    554	     18	   59.8	    683	-1.8924	  7.8501e-01  4.1676e+01  1.3925e+01  2.3301e+00 -4.0884e+01  1.2572e+02  2.1548e+00  3.7423e-03  4.8419e+03  4.8721e+03
eupecoro   F	  65541	     30	   93.2	 178644	-3.1642	  4.5547e-01 -1.4047e+02  2.0224e+02  3.0000e+01  2.7983e+01  1.1256e+02  8.6439e-01  2.6207e-01 -1.5861e+03  7.7148e+03  1.3075e+00  5.5410e-05  9.5486e+05  9.5496e+05
euperowe   F	   4541	     16	  312.9	  10484	-3.2591	  1.3436e-01 -6.6364e+00  3.1305e+01  4.2958e+00 -6.1637e+00  1.1931e+02  1.3587e+00  4.6845e-01 -1.0360e+03  2.0436e+03  2.6660e+00  3.4681e-04  6.8244e+04  6.8315e+04
eupeuroz   F	  29340	     16	  140.4	  21366	-2.8635	  4.1695e-01  8.8957e+00  6.8385e+01  7.2226e+00 -1.6278e+01  2.8293e+02  1.0993e+00  1.4803e-04  3.8686e+05  3.8692e+05
euphlath   F	 137785	     30	  222.5	   9424	-3.0325	  3.1327e-01 -2.7000e+02  3.5498e+02  3.0000e+01 -7.5300e+01  2.1260e+02  3.7940e+00  2.2043e-01 -2.4605e+02  8.5864e+02  1.8708e+00  4.4299e-05  1.9242e+06  1.9243e+06
euphpepl   F	    258	     22	  223.5	 100626	-3.0745	  3.4938e-01  3.0862e+01  5.3391e+01  4.6380e+00  2.1642e+01  8.1842e+01  2.9120e-01  1.4000e-01 -1.9211e+02  5.1790e+02  2.3295e+00  4.0108e-03  3.6589e+03  3.6980e+03
euphtiru   F	  53541	     17	  210.4	   3649	-2.9139	  4.1374e-01  3.3733e+01  5.7203e+01  3.5108e+00 -3.7769e+02  5.9026e+02  5.4566e+00  2.5690e-01 -2.6234e+02  9.2000e+02  2.8892e+00  9.0919e-05  7.1829e+05  7.1839e+05
euplfoca   F	  23303	     18	   28.4	   1593	-1.7261	  1.0000e+00  2.1676e+01  5.5831e+00  9.3900e-01  3.7027e-03  1.8834e+05  1.8836e+05
euprscol   F	  33626	     16	 3968.2	 388484	-4.3833	  3.3540e-02 -1.1909e+03  1.3100e+03  1.7438e+01 -5.2640e+02  3.3767e+03  1.1085e+00  4.1345e-05  6.7906e+05  6.7912e+05
eurorubr   F	  24178	     23	   58.6	    602	-1.8494	  8.1034e-01  2.0952e+01  3.2933e+01  4.8659e+00 -2.2709e+01  1.0375e+02  2.0181e+00  3.3972e-04  2.0608e+05  2.0614e+05
eurosoli   F	  90287	     18	  880.8	 312139	-3.7941	  3.3430e-01 -9.7543e+00  7.2248e+01  8.9695e+00  1.8108e+01  1.8322e+02  8.0632e-01  2.0211e-01 -4.9773e+02  6.0005e+03  8.3869e-01  4.0579e-05  1.5761e+06  1.5762e+06
euryaffi   F	 185104	     16	  578.0	  16979	-3.3972	  1.2209e-01  4.7918e+01  4.1502e+01  6.2664e-01 -2.2268e+02  6.7574e+02  1.8345e+00  8.3880e-01 -3.1832e+03  4.4207e+03  1.0445e+01  2.7504e-05  2.8972e+06  2.8973e+06
eurybrun   F	  41086	     17	   94.1	  14093	-2.6248	  5.4027e-01 -1.7504e+02  2.5040e+02  2.7702e+01 -7.4608e+00  2.5465e+02  1.1250e+00  1.4989e-04  4.9627e+05  4.9633e+05
eurycaro   F	 178629	     16	  553.7	   7498	-3.3152	  1.1073e-01  4.3802e+01  3.5054e+01  9.7830e-01 -3.4278e+02  8.1768e+02  2.3457e+00  4.9642e-05  2.7256e+06  2.7257e+06
euryheli   F	 106456	     30	  946.8	  34005	-3.6522	  8.9016e-02  6.2448e+01  4.3444e+01  1.1356e+00 -2.1332e+02  9.8612e+02  1.4694e+00  2.9829e-05  1.7901e+06  1.7902e+06
euschero   F	  17159	     18	 1359.6	 267621	-3.8856	  2.2669e-01  6.0006e+01  2.5854e+01  1.2576e+00 -1.9740e+02  1.5767e+03  9.8119e-01  9.9119e-05  3.0723e+05  3.0728e+05
euthaffi   F	  97092	     16	  341.6	  39428	-3.2889	  1.4963e-01  6.8832e+01  3.3000e+01  1.5352e+00  6.3918e+01  6.3846e+01  9.7717e-01  3.4448e-01 -1.0120e+02  7.2470e+02  1.1882e+00  3.7340e-05  1.4717e+06  1.4718e+06
eutorufi   F	  45317	     16	   76.7	  55081	-2.8692	  4.9036e-01 -1.0059e+02  1.5710e+02  2.9994e+01 -6.1744e+00  1.6850e+02  1.1551e+00  2.5622e-01 -2.4634e+02  2.1079e+03  1.2187e+00  1.0822e-04  5.9654e+05  5.9663e+05
eutrsals   F	 125274	     29	  106.4	   1889	-2.4242	  5.6948e-01 -1.6397e+02  2.5193e+02  2.0972e+01 -5.8223e+01  2.3700e+02  2.1128e+00  9.4829e-05  1.3983e+06  1.3984e+06
eutylata   F	  21964	     41	   82.0	    930	-2.2799	  4.7571e-01  1.9255e+01  4.0696e+01  4.2936e+00 -1.3647e+01  1.2120e+02  2.2647e+00  3.3348e-04  2.3059e+05  2.3065e+05
euwaforn   F	  85146	     30	   96.7	  54006	-2.6384	  4.9557e-01 -7.8331e+01  1.3272e+02  3.0000e+01  2.6548e+00  1.8304e+02  9.6051e-01  4.3059e-01  6.2256e+02  1.5334e+03  1.5468e+00  2.5643e-04  1.1280e+06  1.1281e+06
euwasimi   F	  79766	     30	   86.6	  24208	-2.6384	  4.9557e-01 -7.8331e+01  1.3272e+02  3.0000e+01  2.6276e+00  1.8304e+02  9.6051e-01  4.3059e-01  6.2256e+02  1.5334e+03  1.5468e+00  2.9124e-04  1.0308e+06  1.0309e+06
exaidiap   F	 124876	     28	  296.4	  14023	-3.1187	  2.4842e-01  5.6471e+01  2.9686e+01  1.0054e+00 -1.9428e+01  3.0507e+02  1.3364e+00  4.7667e-05  1.7943e+06  1.7944e+06
exaipall   F	 126474	     29	  286.6	  12284	-3.0929	  2.1861e-01  5.5397e+01  2.5977e+01  1.2029e+00 -2.1938e+01  2.9347e+02  1.3585e+00  4.8344e-05  1.8021e+06  1.8022e+06
excachin   F	 182255	     30	  820.7	 133912	-3.7184	  1.3771e-01  5.3955e+01  3.8196e+01  1.4622e+00 -3.6951e+01  7.4596e+02  9.9169e-01  1.9728e-05  3.1203e+06  3.1204e+06
exidglan   F	 112037	     23	   53.9	    947	-1.6057	  8.9894e-01 -4.2344e+01  9.3431e+01  1.9678e+01  9.3492e-01  8.5323e+01  1.2389e+00  2.2808e-04  8.2823e+05  8.2829e+05
exobvacc   F	  15395	     23	   76.6	    646	-1.9084	  8.6812e-01 -1.1980e+02  1.9114e+02  1.8567e+01 -2.1054e+01  1.0766e+02  1.7830e+00  4.3084e-04  1.3530e+05  1.3535e+05
exocadsp   F	  26852	     16	   80.3	  24208	-2.6387	  4.9557e-01 -7.8331e+01  1.3313e+02  3.0000e+01  2.6288e+00  1.8304e+02  9.6051e-01  4.3059e-01  6.2256e+02  1.5334e+03  1.5468e+00  2.1730e-04  3.3561e+05  3.3570e+05
exopalca   F	  22260	     23	   61.5	    601	-1.9415	  8.2482e-01  3.6211e+01  1.9563e+01  2.2632e+00 -2.6319e+01  1.1019e+02  2.0864e+00  4.1787e-04  1.9892e+05  1.9898e+05
exopaqua   F	  16073	     23	   58.1	    870	-1.8749	  7.7351e-01  2.9519e+01  2.3462e+01  3.6732e+00 -2.2345e+01  1.0198e+02  2.2989e+00  2.2301e-01  3.9555e+02  2.1873e+03  2.0914e+00  6.6063e-04  1.3866e+05  1.3874e+05
exopbona   F	  17545	     16	   57.7	    648	-1.8255	  8.5603e-01  3.3732e+01  1.9731e+01  2.9236e+00 -1.8677e+01  1.0654e+02  1.8271e+00  7.6949e-04  1.4744e+05  1.4749e+05
exopderm   F	  12630	     23	   60.2	    519	-1.9471	  7.0602e-01  3.1599e+01  2.1870e+01  3.3709e+00 -2.4259e+01  1.1414e+02  2.6088e+00  6.2388e-04  1.1319e+05  1.1324e+05
exopmeso   F	  13647	     23	   58.1	    502	-1.8130	  8.4775e-01  3.3985e+01  1.9729e+01  2.9103e+00 -8.9056e+00  9.4986e+01  2.0312e+00  8.7150e-04  1.1389e+05  1.1395e+05
exopolig   F	  18439	     23	   59.9	    603	-1.9150	  9.1130e-01  3.8524e+01  1.6401e+01  1.7095e+00 -2.0663e+01  1.0789e+02  1.9499e+00  6.2697e-04  1.6269e+05  1.6275e+05
exopside   F	  14601	     23	   54.7	    656	-1.7117	  7.9477e-01  1.9431e+01  3.1554e+01  7.0636e+00 -3.2133e+02  3.9913e+02  1.3678e+01  1.8207e-01 -2.2435e+02  5.6130e+02  3.1459e+00  7.4333e-04  1.1507e+05  1.1515e+05
exopspin   F	  16686	     23	   59.0	    457	-1.9076	  7.4755e-01  3.6125e+01  1.6974e+01  2.4587e+00 -2.5217e+01  1.0484e+02  2.6003e+00  5.3578e-04  1.4653e+05  1.4658e+05
exopvisc   F	  16445	     16	   54.7	    440	-1.7463	  7.4451e-01  2.1761e+01  2.9500e+01  6.5181e+00 -1.8289e+02  2.4516e+02  7.7266e+00  2.4305e-01  1.7257e+02  1.7187e+02  1.6133e+00  5.9050e-04  1.3225e+05  1.3233e+05
exopxeno   F	  18817	     23	   56.1	    658	-1.8323	  7.2918e-01  2.6925e+01  2.4240e+01  4.9272e+00 -1.4791e+02  2.2729e+02  7.6480e+00  2.3628e-01 -1.1324e+02  3.7443e+02  2.5746e+00  5.2686e-04  1.5869e+05  1.5877e+05
exseturc   F	  19059	     16	   55.9	   1013	-1.9096	  7.6248e-01  3.7080e+01  1.4312e+01  2.4546e+00 -1.0214e+01  8.4462e+01  1.5456e+00  5.8233e-04  1.6757e+05  1.6762e+05
fagotata   F	  55774	     17	  153.4	  25611	-2.8143	  4.5821e-01 -4.5769e+01  1.3244e+02  1.0012e+01 -9.9078e+01  3.5227e+02  2.2768e+00  4.0573e-01  3.9746e+02  3.0804e+02  9.8608e-01  1.3622e-04  7.2289e+05  7.2299e+05
fagucren   F	 105511	     16	  310.5	  59453	-3.2024	  3.4530e-01  4.1425e+01  5.3699e+01  2.7040e+00  8.3462e+01  3.3818e+01  7.2669e+00  3.4938e-05 -1.1349e+02  5.5291e+02  1.2862e+00  4.2538e-05  1.5576e+06  1.5577e+06
fagusylv   F	    103	     31	  179.5	   7721	-3.0556	  9.3861e-02 -2.6285e+02  3.0858e+02  3.0000e+01  4.2207e+01  6.5433e+01  2.0647e+00  4.8811e-01 -3.4654e+02  9.9157e+02  2.1110e+00  1.0275e-02  1.4739e+03  1.5029e+03
falcbiar   F	 196359	     30	 1067.4	 164182	-3.8369	  1.0032e-01  5.4666e+01  4.1489e+01  1.5836e+00 -7.4398e+01  9.3425e+02  1.0040e+00  1.5834e-05  3.4681e+06  3.4681e+06
falccher   F	 162842	     30	 1069.2	 113919	-3.8074	  9.7624e-02  5.8419e+01  4.1433e+01  1.3445e+00 -1.0656e+02  9.6772e+02  1.0889e+00  1.8500e-05  2.8543e+06  2.8543e+06
falcnaum   F	 195665	     30	 1042.5	 136859	-3.8123	  2.9391e-02  3.3236e+01  5.3804e+01  4.6711e+00  5.6582e+01  6.2017e+01  1.0105e+00  1.0450e-01 -8.5318e+01  9.6711e+02  1.0419e+00  1.6067e-05  3.4339e+06  3.4340e+06
falcpere   F	 167274	     30	 1055.3	 115382	-3.8034	  9.8650e-02  5.6578e+01  4.2076e+01  1.4523e+00 -1.0575e+02  9.5688e+02  1.0832e+00  1.7825e-05  2.9289e+06  2.9290e+06
falcrust   F	 195902	     30	 1040.1	 138413	-3.8127	  2.8733e-02  3.4846e+01  5.2013e+01  4.5028e+00  5.6346e+01  5.9815e+01  1.0315e+00  1.0238e-01 -8.3914e+01  9.6121e+02  1.0385e+00  1.5780e-05  3.4384e+06  3.4385e+06
falcspar   F	  40662	     16	  818.1	 112161	-3.7111	  1.4423e-01  5.8051e+01  4.6791e+01  1.2699e+00 -1.4435e+02  8.3574e+02  1.0491e+00  6.4131e-05  6.9615e+05  6.9621e+05
fallconv   F	 142627	     16	  171.2	   4879	-2.8410	  4.3922e-01  3.1123e+01  6.0544e+01  3.8812e+00 -9.4760e+01  3.6876e+02  1.7442e+00  4.6952e-01 -1.1042e+03  1.7149e+03  7.7861e+00  5.3797e-05  1.8664e+06  1.8665e+06
fascgiga   F	  19516	     19	 1853.0	  85755	-3.7462	  1.8947e-01 -1.0098e+02  1.3727e+02  3.0000e+01  2.6697e+01  6.0428e+01  6.3259e-01  1.2173e-01 -1.9104e+03  4.3548e+03  1.7336e+00  9.3307e-05  3.4247e+05  3.4256e+05
faschepa   F	  83954	     23	 1647.0	  50005	-3.7494	  1.4741e-01 -9.2708e+01  1.2948e+02  2.4475e+01 -7.1972e-01  1.9383e+02  8.3899e-01  1.9524e-01 -2.4946e+03  4.6224e+03  2.1959e+00  5.6380e-05  1.4851e+06  1.4852e+06
felicatu   F	 275878	     30	 1665.0	 319026	-4.0630	  6.3106e-02  1.2048e+01  7.9331e+01  5.2176e+00  1.6844e+01  3.9106e+02  9.7893e-01  3.3481e-01 -2.6395e+02  2.4274e+03  1.0015e+00  1.0774e-05  5.1593e+06  5.1594e+06
fellpeni   F	  46006	     24	   55.1	    328	-1.7897	  4.9496e-01 -2.4737e+00  5.3912e+01  1.4398e+01  1.1599e+01  4.3133e+01  2.3153e+00  5.5876e-04  3.7911e+05  3.7917e+05
fennspec   F	  64471	     23	   59.4	    542	-1.6709	  9.2688e-01  3.5585e+00  5.2561e+01  8.3412e+00 -2.5256e+01  1.2844e+02  1.7816e+00  2.9338e-04  4.9480e+05  4.9487e+05
ferdcupr   F	  27243	     17	   67.9	 207509	-2.7330	  6.1601e-01 -1.1945e+02  1.7839e+02  3.0000e+01 -1.2558e+02  2.5914e+02  3.2866e+00  1.1346e-01  6.0311e+01  2.1415e+03  8.7061e-01  1.0825e-04  3.4414e+05  3.4423e+05
fibrradi   F	  50639	     23	   55.6	    789	-1.5445	  9.1685e-01 -2.9993e+01  8.3099e+01  1.8122e+01  1.4712e+01  5.6936e+01  1.0652e+00  4.5762e-04  3.6003e+05  3.6009e+05
fibuinco   F	  45142	     25	   65.7	    445	-1.9862	  5.9365e-02 -2.6304e+01  6.1664e+01  2.0726e+01  3.6271e+01  2.4579e+01  1.8618e+00  5.4031e-04  4.1374e+05  4.1380e+05
fibuspec   F	 124548	     23	   56.7	   1280	-1.7513	  8.1405e-01  1.1006e+01  4.2515e+01  8.8221e+00  4.9139e+00  6.7359e+01  1.2249e+00  2.4237e-04  1.0035e+06  1.0035e+06
ficealbi   F	 153798	     17	  950.8	 105126	-3.7526	  6.5912e-02  4.7638e+01  3.9973e+01  2.7157e+00 -8.1336e+01  3.1246e+02  1.8905e+00  2.0864e-01  4.0885e+01  9.8726e+02  1.0658e+00  1.9996e-05  2.6574e+06  2.6575e+06
ficucari   F	  98391	     16	  205.7	  72907	-3.0112	  5.7907e-01  6.0347e+01  4.6885e+01  1.3171e+00  1.0370e+01  4.1883e+02  2.2050e+00  2.2604e-01  2.5893e+00  3.5248e+02  6.8604e-01  5.1499e-05  1.3683e+06  1.3684e+06
ficureli   F	  55775	     17	  174.9	   2713	-2.7907	  5.8444e-01  5.2450e+01  5.0333e+01  1.7877e+00 -2.8418e+02  6.4765e+02  2.9486e+00  1.0023e-04  7.1675e+05  7.1682e+05
filoflor   F	  45152	     16	   72.4	    543	-1.9015	  8.5650e-01  2.3104e+01  4.3982e+01  4.9277e+00 -6.5758e+01  1.6519e+02  2.5621e+00  2.3771e-04  3.9530e+05  3.9536e+05
fimijone   F	  34815	     18	   73.7	    520	-1.9038	  8.3253e-01 -1.8171e+01  8.6627e+01  1.0040e+01 -9.4333e+01  1.9146e+02  2.9986e+00  2.5638e-04  3.0521e+05  3.0527e+05
fisthepa   F	  52109	     23	   56.7	    564	-1.7821	  7.4912e-01 -4.8460e+00  5.7870e+01  1.2141e+01 -1.4731e+01  8.5024e+01  2.0360e+00  3.4566e-04  4.2775e+05  4.2782e+05
folscand   F	 161811	     16	   89.3	  16505	-2.5498	  6.6183e-01 -2.2997e+01  9.6669e+01  7.8958e+00 -9.8914e+00  3.0164e+02  1.0509e+00  5.5964e-05  1.9002e+06  1.9002e+06
fomefome   F	  98525	     23	   60.4	    721	-1.8145	  8.3554e-01  2.2794e+01  3.3347e+01  5.1541e+00 -2.3721e+01  1.0709e+02  2.0011e+00  1.6268e-01  3.1407e+02  2.2886e+03  6.2122e-01  1.7409e-04  8.2385e+05  8.2396e+05
fomimedi   F	  64098	     23	   59.6	    812	-1.7913	  8.6374e-01  2.8015e+01  2.7637e+01  4.2813e+00 -6.3546e+00  9.3359e+01  1.5143e+00  2.2321e-04  5.2884e+05  5.2891e+05
fomipini   F	  73273	     23	   56.4	   1003	-1.6703	  8.6434e-01 -9.3103e+00  6.2641e+01  1.3127e+01 -3.6451e-02  8.5591e+01  1.3337e+00  2.6570e-04  5.6345e+05  5.6352e+05
fomiseri   F	  83906	     17	   55.8	    752	-1.7585	  7.6233e-01 -2.6986e+01  8.0227e+01  1.7245e+01 -1.1688e+00  5.3934e+01  1.4605e+00  4.0270e-04  6.7900e+05  6.7907e+05
fonserec   F	  17473	     23	   60.2	    991	-1.9277	  8.5838e-01  3.7298e+01  1.7887e+01  2.1206e+00 -1.8554e-01  8.7882e+01  1.3884e+00  6.1686e-04  1.5519e+05  1.5524e+05
fonsmono   F	  18638	     23	   61.5	   1469	-1.9664	  9.0391e-01  3.9594e+01  1.6665e+01  1.6884e+00  1.3986e+01  8.2329e+01  1.0568e+00  6.1855e-04  1.6884e+05  1.6890e+05
fonsmult   F	  17301	     23	   59.9	    438	-1.8849	  8.7437e-01  3.8510e+01  1.6594e+01  1.8793e+00 -2.7943e+01  1.0162e+02  2.4937e+00  7.5390e-04  1.5024e+05  1.5029e+05
fonsnubi   F	  17806	     23	   61.0	   1307	-1.9533	  8.7357e-01  3.8855e+01  1.6807e+01  1.8546e+00  1.3289e+01  8.0503e+01  1.1778e+00  6.0448e-04  1.6027e+05  1.6033e+05
fonspedr   F	  18157	     23	   60.9	    466	-1.9165	  8.6224e-01  3.8733e+01  1.6978e+01  1.8308e+00 -3.1919e+01  1.0828e+02  2.5834e+00  6.9917e-04  1.6030e+05  1.6035e+05
fontalba   F	  44271	     21	  152.6	   3631	-2.5139	  8.4957e-01 -4.3633e+02  5.6712e+02  1.3769e+01 -3.9887e+01  2.4604e+02  1.2533e+00  1.9129e-04  5.1258e+05  5.1264e+05
fopiaris   F	  56154	     19	  215.3	 108126	-3.1574	  3.6727e-01 -2.8181e+02  3.5617e+02  2.1998e+01  7.4976e+01  2.4688e+02  7.9531e-01  7.1255e-05  8.1539e+05  8.1545e+05
forctaiw   F	  41230	     16	  112.1	  25013	-2.6450	  4.9557e-01 -7.8331e+01  1.3272e+02  3.0000e+01 -6.3045e+00  1.9189e+02  9.6051e-01  4.3059e-01  6.2256e+02  1.5334e+03  1.5468e+00  5.1194e-04  5.5014e+05  5.5024e+05
forfauri   F	  45588	     16	 1627.8	 119080	-3.7010	  2.4540e-01  4.0078e+01  3.1734e+01  2.6562e+00 -2.4486e+02  1.4198e+03  9.7309e-01  3.7505e-01 -1.2094e+03  3.3006e+03  3.0767e+00  6.7491e-05  7.7744e+05  7.7753e+05
formexse   F	  84969	     16	  242.6	 144399	-3.2544	  2.7366e-01 -3.2897e+02  4.1036e+02  2.9992e+01 -7.6815e+01  2.7813e+02  2.0997e+00  4.6354e-01 -1.3301e+02  1.5908e+03  8.7654e-01  4.9059e-05  1.2735e+06  1.2736e+06
fragradi   F	   7669	     33	   91.3	 185513	-2.7375	  7.6081e-01  4.4221e+01  2.9884e+01  1.7400e+00  2.7964e+01  4.9432e+02  4.5408e-01  2.9899e-04  9.6819e+04  9.6867e+04
fragvesc   F	 171095	     16	  169.9	   5871	-2.8667	  4.4336e-01  3.7477e+01  5.6365e+01  3.1344e+00 -1.4054e+02  4.3884e+02  1.7988e+00  4.9215e-05  2.2591e+06  2.2592e+06
franfusc   F	 119357	     25	  104.0	  17564	-2.7157	  5.4103e-01  2.7363e+01  5.3907e+01  5.3222e+00 -5.5946e+01  3.4626e+02  1.1487e+00  7.3331e-05  1.4914e+06  1.4915e+06
franocci   F	 107835	     16	   96.0	  37050	-2.5810	  5.9263e-01  1.5820e+01  6.6202e+01  7.1089e+00  2.2726e+00  2.1487e+02  8.5324e-01  8.2744e-05  1.2944e+06  1.2945e+06
frievari   F	  78572	     28	  160.5	  83099	-3.0965	  4.0948e-01 -2.8584e+02  3.6156e+02  3.0000e+01 -7.7259e+00  3.1981e+02  9.4839e-01  5.3870e-01 -1.5843e+03  7.1289e+03  1.2595e+00  6.9339e-05  1.1199e+06  1.1200e+06
fucuvesi   F	   5349	     16	  474.1	  38935	-3.3813	  8.4054e-01 -1.3750e+02  4.8003e+02  2.5538e+00 -2.3256e+03  5.5960e+03  1.7262e+00  2.9111e-04  8.3525e+04  8.3571e+04
fukodama   F	 211845	     30	 1439.0	 188908	-3.9592	  8.1229e-02  4.9718e+01  3.8649e+01  2.3183e+00 -1.2381e+01  3.7377e+02  1.0984e+00  2.9962e-01 -2.3066e+02  2.0502e+03  1.0789e+00  1.3687e-05  3.8612e+06  3.8614e+06
fulmglac   F	 112617	     29	  977.3	  34883	-3.6650	  7.9908e-02  6.5754e+01  3.8175e+01  1.0959e+00 -2.2521e+02  1.0113e+03  1.4720e+00  2.8867e-05  1.9004e+06  1.9005e+06
fulvfulv   F	  16457	     16	   55.8	    716	-1.8482	  6.6969e-01  1.0167e+01  4.1891e+01  1.0263e+01 -9.4784e+01  1.6146e+02  4.4237e+00  3.0737e-01 -9.2091e+02  1.3090e+03  6.5223e+00  5.0230e-04  1.4005e+05  1.4014e+05
fundhete   F	 208246	     16	  552.6	  47230	-3.4496	  2.5111e-01 -1.1457e+02  2.0047e+02  1.7115e+01 -2.3490e+01  1.7583e+02  2.4540e+00  1.9942e-01 -3.9357e+02  1.6816e+03  1.4042e+00  2.3048e-05  3.3097e+06  3.3098e+06
funnmoss   F	  26874	     17	   82.3	    811	-1.9955	  8.3891e-01  1.6255e+01  5.9960e+01  5.8162e+00 -6.7213e+01  1.7560e+02  2.1478e+00  3.0301e-04  2.4690e+05  2.4696e+05
fusaacum   F	  14008	     16	   55.6	   7266	-1.8404	  8.1604e-01  2.1795e+01  2.9899e+01  5.8589e+00 -2.9133e+02  3.8502e+02  9.2921e+00  1.4330e-01  9.7975e+01  5.4856e+02  7.9012e-01  5.5472e-04  1.1848e+05  1.1857e+05
fusacoff   F	  21304	     37	   53.6	    896	-1.7410	  7.3264e-01 -1.2149e+01  6.2225e+01  1.5720e+01  2.2399e+01  3.9909e+01  1.8596e+00  1.9835e-01 -8.2699e+01  2.8566e+02  2.2163e+00  4.3147e-04  1.7068e+05  1.7077e+05
fusaculm   F	  25176	     23	   56.0	   1773	-2.0132	  6.3578e-01 -7.4391e+01  1.2522e+02  2.9802e+01 -2.6884e+02  3.3310e+02  1.2146e+01  2.1391e-01 -1.0541e+02  3.6736e+02  2.0749e+00  3.2201e-04  2.3338e+05  2.3347e+05
fusafalc   F	  27977	     21	   54.4	    709	-1.6986	  7.8957e-01 -5.2605e+01  1.0354e+02  2.2820e+01 -1.1341e+02  1.8053e+02  7.5799e+00  1.6977e-01 -3.4140e+01  2.7756e+02  2.0637e+00  4.5171e-04  2.1876e+05  2.1885e+05
fusaflag   F	  24402	     17	   53.8	    688	-1.7438	  7.6997e-01  5.7034e+00  4.4690e+01  1.0283e+01 -2.1857e+01  9.3601e+01  2.4531e+00  2.1501e-01 -2.2306e+02  6.3315e+02  3.6326e+00  4.6183e-04  1.9587e+05  1.9596e+05
fusafuji   F	  26334	     16	   53.5	    486	-1.6791	  7.9739e-01  1.6363e+00  4.8743e+01  1.1020e+01 -3.2962e+02  3.9519e+02  1.4292e+01  1.7377e-01  3.0951e+01  1.8491e+02  1.8431e+00  6.1681e-04  2.0349e+05  2.0358e+05
fusagram   F	  23661	     23	   56.3	    535	-1.9455	  6.0079e-01 -6.6009e+00  5.7630e+01  1.3543e+01 -5.1506e+01  1.2545e+02  3.2580e+00  3.7094e-01  1.3562e+01  2.6893e+02  3.5430e+00  4.8640e-04  2.1205e+05  2.1213e+05
fusakera   F	  27751	     21	   54.3	    633	-1.6752	  7.5861e-01  1.5174e+01  3.5773e+01  7.9977e+00  3.1814e+01  2.6342e+01  1.5292e+00  1.9354e-01 -5.8570e+01  1.8400e+02  1.9739e+00  5.2371e-04  2.1448e+05  2.1457e+05
fusalang   F	  22277	     37	   55.5	   1082	-1.8211	  7.6786e-01 -3.3278e+00  5.4732e+01  1.1393e+01  1.0087e+01  8.3125e+01  1.4970e+00  4.7680e-04  1.8608e+05  1.8613e+05
fusamang   F	  27911	     23	   53.5	    398	-1.6193	  8.3089e-01 -4.2174e+00  5.4588e+01  1.2457e+01 -1.3822e+02  2.0610e+02  8.3225e+00  1.4555e-01 -7.5902e+00  2.2304e+02  2.4143e+00  6.0909e-04  2.0809e+05  2.0818e+05
fusamusa   F	  21066	     16	   53.8	    543	-1.8069	  7.1867e-01 -4.0901e+00  5.4374e+01  1.2740e+01 -1.9202e+02  2.5403e+02  7.7346e+00  2.1537e-01 -1.6987e+02  3.4160e+02  3.4715e+00  6.3534e-04  1.7526e+05  1.7535e+05
fusaodor   F	  31157	     20	   54.3	    873	-1.7683	  7.8401e-01  8.5158e+00  4.2111e+01  9.1656e+00 -3.2061e+02  3.9168e+02  1.3232e+01  1.5624e-01 -1.9702e+02  4.4210e+02  2.7560e+00  3.6184e-04  2.5363e+05  2.5372e+05
fusaoxy1   F	  32987	     16	   54.6	    969	-1.8869	  6.5484e-01 -2.2224e+00  5.2788e+01  1.2178e+01  2.2419e+00  6.6122e+01  1.5758e+00  3.7172e-04  2.8655e+05  2.8661e+05
fusaoxys   F	  36569	     23	   55.0	    792	-1.8194	  7.6895e-01  2.3041e+01  2.7908e+01  5.6868e+00 -1.0353e+01  9.5703e+01  1.7976e+00  4.5341e-04  3.0638e+05  3.0644e+05
fusapoae   F	  25638	     40	   54.8	   1521	-1.7519	  8.4705e-01  2.0870e+01  3.0262e+01  6.0719e+00 -3.1585e+02  4.0477e+02  1.1786e+01  1.0598e-01 -2.2303e+02  5.6249e+02  1.9303e+00  4.9641e-04  2.0688e+05  2.0697e+05
fusaprol   F	  28264	     16	   53.5	    431	-1.6506	  8.2293e-01  4.3666e+00  4.6106e+01  1.0222e+01 -2.1614e+02  2.8251e+02  1.0595e+01  1.4454e-01 -1.7426e+02  3.5288e+02  3.3228e+00  6.5123e-04  2.1472e+05  2.1481e+05
fusapseu   F	  22607	     27	   54.8	    734	-1.8038	  7.5067e-01 -9.1463e+00  6.0101e+01  1.3425e+01 -1.4388e+01  1.0010e+02  1.9385e+00  5.5252e-04  1.8744e+05  1.8749e+05
fusaredo   F	  41021	     23	   55.6	    975	-1.8947	  7.0724e-01  2.8831e+01  2.2220e+01  4.4768e+00 -1.5223e+00  7.8101e+01  1.6078e+00  3.2917e-04  3.5727e+05  3.5733e+05
fusasola   F	  34134	     17	   55.0	    690	-1.8106	  7.2661e-01  2.0171e+01  3.1123e+01  6.5512e+00 -4.1902e-01  6.7226e+01  1.7138e+00  4.0005e-04  2.8455e+05  2.8460e+05
fusasubg   F	  26630	     37	   54.3	    838	-1.7971	  6.7414e-01 -1.0208e+01  6.0559e+01  1.4775e+01  2.4174e+01  3.3279e+01  1.9377e+00  2.3164e-01 -7.7750e+01  2.6370e+02  2.4187e+00  3.7949e-04  2.2026e+05  2.2035e+05
fusatjae   F	  27010	     37	   54.1	    918	-1.7881	  6.6698e-01 -2.3256e+01  7.3514e+01  1.8220e+01  2.5305e+01  3.1808e+01  1.9019e+00  2.4944e-01 -1.7193e+01  2.1922e+02  1.9860e+00  4.5534e-04  2.2205e+05  2.2214e+05
fusavane   F	  32141	     16	   55.3	    713	-1.9150	  6.0240e-01 -2.0682e+00  5.2978e+01  1.1970e+01 -3.2692e+00  6.8450e+01  1.8611e+00  3.6747e-04  2.8342e+05  2.8348e+05
fusavene   F	  24023	     16	   54.4	    430	-1.7959	  7.1120e-01 -2.8265e-01  5.1082e+01  1.1835e+01 -6.8764e+01  1.3342e+02  3.6828e+00  2.6827e-01 -1.0071e+02  3.4068e+02  4.2166e+00  6.3266e-04  1.9863e+05  1.9872e+05
fusavert   F	  30297	     23	   54.4	    644	-1.7539	  7.6837e-01 -4.0934e+00  5.4680e+01  1.1978e+01 -1.3738e+02  2.0703e+02  7.6785e+00  1.7951e-01 -7.6007e+00  2.2313e+02  2.1416e+00  4.1490e-04  2.4470e+05  2.4479e+05
fusavirg   F	  23002	     17	   53.9	    944	-1.8134	  7.3228e-01 -3.2859e+01  8.2941e+01  1.8782e+01  3.7154e+00  7.5449e+01  1.5740e+00  6.2058e-04  1.9209e+05  1.9215e+05
gaduchal   F	 239752	     24	  454.8	  28893	-3.3654	  1.2966e-01  2.2193e+01  7.6804e+01  4.0385e+00 -3.6055e+01  4.3645e+02  1.2295e+00  2.3588e-05  3.7150e+06  3.7151e+06
gadumacr   F	 229500	     18	  450.5	  29966	-3.3735	  1.1372e-01  2.4980e+01  7.3256e+01  4.1792e+00 -5.7637e+01  4.4128e+02  1.2262e+00  2.5397e-05  3.5667e+06  3.5667e+06
gadumorh   F	 213110	     16	  466.3	  35432	-3.4045	  1.2749e-01  4.9735e+01  5.0866e+01  2.4340e+00 -5.2398e+01  4.6218e+02  1.1885e+00  2.4685e-05  3.3434e+06  3.3435e+06
gaersemi   F	  28034	     23	   64.7	    505	-1.7385	  8.5545e-01 -2.7570e+00  6.3773e+01  1.0319e+01 -1.4459e+01  9.4331e+01  1.9625e+00  4.2793e-04  2.2421e+05  2.2427e+05
gaeugram   F	  24104	     23	   88.5	    944	-2.2990	  7.0450e-01 -1.8054e+02  2.5494e+02  1.5980e+01 -1.9419e+02  3.4880e+02  3.4417e+00  2.6509e-04  2.5528e+05  2.5534e+05
gaeutrit   F	  24101	     23	   88.5	    947	-2.2994	  7.0567e-01 -1.8053e+02  2.5495e+02  1.5935e+01 -1.9394e+02  3.4902e+02  3.4324e+00  2.6630e-04  2.5524e+05  2.5530e+05
galafasc   F	  76567	     16	  635.1	  69539	-3.4713	  3.7487e-02 -3.9338e+02  4.8988e+02  3.0000e+01 -2.0047e+02  6.8385e+02  1.5498e+00  5.9850e-05  1.2273e+06  1.2274e+06
galdsulp   F	  27360	     25	   51.9	    211	-1.4267	  9.3148e-01 -7.4563e+01  1.2423e+02  3.0000e+01  1.4904e+01  3.8453e+01  1.5845e+00  1.0682e-03  1.7947e+05  1.7952e+05
galecalm   F	   7480	     16	  233.0	 116821	-3.3010	  2.7760e-01 -1.0974e+02  1.6597e+02  3.0000e+01 -3.3311e+01  1.8745e+02  1.4372e+00  3.9034e-01 -3.4052e+02  2.2503e+03  1.0616e+00  3.3213e-04  1.1340e+05  1.1348e+05
galemarg   F	 113385	     23	   56.7	    568	-1.6308	  8.8398e-01 -2.4553e+01  7.8199e+01  1.5459e+01 -1.9398e+01  9.7133e+01  2.0580e+00  1.1379e-01  3.6080e+02  2.1891e+03  1.0703e+00  1.6945e-04  8.5166e+05  8.5176e+05
galeocci   F	  57392	     30	  137.0	  16451	-2.7706	  6.6519e-01  7.6428e+00  9.8005e+01  3.8428e+00 -4.6770e+01  3.5868e+02  1.2215e+00  2.9043e-01 -5.4735e+02  2.3667e+03  1.4860e+00  1.0449e-04  7.3228e+05  7.3238e+05
galepusi   F	  26589	     16	  190.0	  43877	-3.1861	  2.9170e-01 -1.0265e+02  1.5862e+02  3.0000e+01 -2.2666e+01  1.7159e+02  1.3394e+00  4.1526e-01 -4.8280e+02  2.3818e+03  1.4066e+00  1.8899e-04  3.8758e+05  3.8767e+05
galevari   F	 179129	     29	 1328.5	 106379	-3.8923	  8.8982e-02  5.6063e+01  3.7234e+01  1.8640e+00 -5.0047e+01  4.5962e+02  1.1945e+00  3.6971e-01 -3.6810e+02  2.2992e+03  1.2501e+00  1.7132e-05  3.2096e+06  3.2098e+06
gallgal1   F	 236561	     16	  938.3	 198594	-3.8040	  1.3191e-01  5.2469e+01  4.1509e+01  1.5152e+00 -4.5334e+01  8.4660e+02  9.4431e-01  1.5932e-05  4.1417e+06  4.1418e+06
gallgall   F	 237903	     16	  969.2	 226977	-3.8318	  1.1804e-01  5.1370e+01  4.1330e+01  1.6550e+00 -6.3044e+01  8.6858e+02  9.2883e-01  1.5121e-05  4.1959e+06  4.1960e+06
gallmell   F	  71751	     16	  748.4	  49924	-3.6093	  6.1386e-02  4.3958e+01  3.8285e+01  3.6034e+00 -8.1224e+01  6.8454e+02  1.2193e+00  4.9455e-05  1.1956e+06  1.1957e+06
gambaffi   F	 259982	     16	  478.7	  46864	-3.3722	  9.8771e-02 -3.4379e+01  1.1729e+02  1.3936e+01  5.0939e+01  4.6788e+01  1.3654e+00  3.0617e-01 -1.2900e+02  9.1748e+02  1.2144e+00  1.8832e-05  4.0385e+06  4.0386e+06
gamsmult   F	  32109	     16	  105.7	    923	-2.1816	  7.9336e-01 -2.4915e+01  1.2145e+02  8.5788e+00 -2.1038e+02  3.5713e+02  3.6775e+00  1.8536e-01 -1.0047e+03  1.5207e+03  9.0255e+00  2.4715e-04  3.2264e+05  3.2273e+05
gana_pis   F	  19940	     16	  308.5	  16600	-3.1996	  5.6991e-02  4.2119e+01  3.5373e+01  4.2050e+00 -5.3376e+01  2.9556e+02  1.2990e+00  1.4284e-04  2.9404e+05  2.9409e+05
ganospec   F	  87496	     23	   61.4	   1123	-1.8644	  8.5775e-01  2.9444e+01  2.7328e+01  3.8617e+00 -1.2861e+01  1.2012e+02  1.4826e+00  2.1018e-04  7.5088e+05  7.5095e+05
gardjasm   F	  69930	     16	  290.1	  61095	-3.1171	  4.6115e-01  5.3516e+01  4.5917e+01  1.6085e+00 -8.8169e+02  1.4123e+03  4.0085e+00  4.4156e-01  1.2373e+02  4.5887e+02  6.0190e-01  6.0182e-05  1.0044e+06  1.0045e+06
garrrufa   F	 255661	     28	  543.8	  42602	-3.4569	  1.6540e-01 -8.2324e+01  1.6684e+02  1.8801e+01  5.0923e+01  8.6206e+01  1.0407e+00  3.4595e-01 -5.1459e+02  1.9762e+03  1.5223e+00  2.4163e-05  4.0723e+06  4.0725e+06
gastacul   F	 260188	     16	  278.7	  33321	-3.2015	  3.4961e-01  5.3864e+01  4.1105e+01  1.8262e+00  1.8401e+02  1.2432e+02  1.0582e+00  8.7268e-09 -6.5874e+01  4.5782e+02  1.1341e+00  2.9272e-05  3.8355e+06  3.8356e+06
gastbilo   F	 143678	     30	  226.4	  11537	-3.0389	  3.6763e-01  3.2426e+01  6.1622e+01  3.3365e+00 -4.0738e+01  3.0456e+02  1.3335e+00  4.6191e-01 -2.8914e+01  7.4056e+02  1.7450e+00  4.1065e-05  2.0105e+06  2.0106e+06
gautmorc   F	 123219	     23	   56.2	    481	-1.7222	  8.0643e-01  9.9675e-01  5.1879e+01  1.0143e+01 -1.2189e+01  7.8008e+01  1.9766e+00  1.9401e-04  9.7778e+05  9.7785e+05
gavigang   F	 159021	     30	 1777.4	 413682	-4.0880	  6.0330e-02  6.8823e+01  4.0572e+01  9.1658e-01 -1.2745e+02  1.3466e+03  9.1413e-01  1.5713e-05  3.0076e+06  3.0077e+06
gavistel   F	 107508	     30	  996.2	  34015	-3.6694	  7.0076e-02  6.5918e+01  3.6716e+01  1.1595e+00 -2.3404e+02  1.0294e+03  1.4917e+00  2.8709e-05  1.8165e+06  1.8166e+06
gekkjapo   F	 165803	     30	 1976.2	 107651	-4.0152	  9.7303e-02  7.1089e+01  6.2196e+01  7.3636e-01 -4.1428e+02  1.9817e+03  1.3196e+00  1.7508e-05  3.0660e+06  3.0661e+06
gelasubv   F	  60145	     23	   55.6	    558	-1.5789	  8.8115e-01  6.7908e+00  4.6139e+01  1.0647e+01  1.1614e+00  6.8353e+01  1.5000e+00  4.9819e-04  4.3634e+05  4.3640e+05
gentmacr   F	  65063	     16	  211.9	  16224	-3.0129	  3.9051e-01  2.0504e+01  7.3161e+01  4.0647e+00 -2.6264e+01  3.3169e+02  1.1917e+00  5.1909e-01 -3.9990e+02  1.0782e+03  5.0701e+00  7.4361e-05  9.0182e+05  9.0192e+05
geosfort   F	 140003	     29	  925.7	  82061	-3.7251	  9.1807e-02  5.4462e+01  3.9270e+01  1.7083e+00 -8.8187e+01  8.3917e+02  1.1343e+00  2.3663e-05  2.4022e+06  2.4023e+06
geosmorb   F	  13184	     16	   88.0	   1433	-2.3300	  7.6225e-01  3.3520e+01  4.0128e+01  1.8973e+00 -2.8920e+01  1.3247e+02  1.6875e+00  3.6098e-04  1.4147e+05  1.4152e+05
geospyri   F	  14345	     18	   84.6	 870604	-2.5166	  7.9198e-01  1.4085e+00  7.3940e+01  6.6883e+00  8.8429e+01  7.9608e+01  2.6171e+00  3.2065e-02 -1.3851e+02  2.1203e+03  5.8932e-01  7.7429e-04  1.6996e+05  1.7004e+05
geotcand   F	   3147	     41	   70.0	    489	-1.9918	  9.1802e-01  3.1669e+01  3.0978e+01  2.4045e+00 -3.2272e+01  1.4823e+02  2.4693e+00  1.1776e-03  2.8878e+04  2.8920e+04
geotsera   F	 218815	     30	 5393.2	 341218	-4.4686	  7.7985e-02  7.0041e+01  5.9989e+01  7.4154e-01 -8.8279e+02  1.5953e+03  3.2193e+00  1.4089e-01 -1.4597e+03  6.7816e+03  1.2936e+00  1.0642e-05  4.5069e+06  4.5070e+06
geotspin   F	  42196	     16	  102.3	 509521	-2.9334	  4.1397e-01  1.4962e+01  3.6178e+01  1.0094e+01 -5.6051e+02  6.4705e+02  1.7310e+01  1.6449e-01  1.1890e+02  4.5336e+02  6.3046e-01  7.6244e-05  5.6877e+05  5.6886e+05
gerrbuen   F	  76165	     23	 1099.1	  44799	-3.7325	  1.2462e-01  6.8512e+01  5.0218e+01  1.0396e+00 -4.5394e+02  7.0388e+02  3.2525e+00  2.4925e-01 -2.0148e+02  1.6732e+03  1.4726e+00  4.4392e-05  1.3145e+06  1.3146e+06
geukdemi   F	   7475	     16	  790.8	  16986	-3.5398	  5.7404e-02  1.1202e+01  2.0826e+01  1.2075e+00 -3.1355e+02  9.7411e+02  1.8214e+00  2.0709e-04  1.2171e+05  1.2176e+05
giarinte   F	      1	    794	  397.0	      4	-2.8374	  1.0000e+00 -3.4778e+03  4.1797e+03  3.0000e+01  9.9783e-01  9.8103e+01  9.2103e+01
giarlamb   F	      4	     85	  164.5	      4	-2.1710	  1.0000e+00  7.5365e+01  2.2162e+01  1.1803e+00  3.4269e-01  4.5656e+01  4.3815e+01
gigaaegi   F	 179612	     20	 1423.6	  64544	-3.8628	  1.0000e+00 -3.2653e+02  1.3699e+03  1.3728e+00  2.4449e-05  3.1990e+06  3.1990e+06
gigamarg   F	  42753	     17	   91.0	 318515	-2.5501	  7.7363e-01  3.0477e+01  4.8550e+01  3.5599e+00 -4.0022e+02  5.6599e+02  5.4945e+00  1.0495e-01 -1.7908e+02  3.9558e+03  7.2200e-01  2.3968e-04  5.0705e+05  5.0714e+05
gilbpers   F	  41103	     23	   49.5	    286	-1.6111	  8.4685e-01 -8.9244e+01  1.3585e+02  2.7003e+01 -4.3839e+00  6.3777e+01  2.2478e+00  8.0149e-04  3.0569e+05  3.0575e+05
gingcirr   F	  84217	     16	 2540.0	 152439	-4.1303	  8.2594e-02  7.1380e+01  5.5072e+01  7.3471e-01 -5.3129e+02  2.4709e+03  1.2748e+00  2.5459e-05  1.6019e+06  1.6020e+06
ginkbilo   F	   7116	     16	  190.0	  71429	-3.2217	  2.5923e-02  1.4067e+01  1.8231e+01  7.4146e-01  6.9038e+01  6.4087e+01  8.7362e-01  8.2692e-01 -1.9439e+04  2.7495e+04  3.2085e+00  2.5350e-04  1.0726e+05  1.0733e+05
giramult   F	 269054	     20	  534.5	  69544	-3.4922	  1.9063e-01 -1.2520e+02  2.0960e+02  2.0518e+01  4.7310e+01  1.0313e+02  1.0804e+00  3.2484e-01 -3.1269e+02  1.7780e+03  1.2606e+00  1.8276e-05  4.3268e+06  4.3269e+06
glarlozo   F	  25689	     23	   54.0	    633	-1.7799	  7.4435e-01  2.7131e+01  2.2745e+01  5.4716e+00 -4.2989e+01  1.2237e+02  3.7747e+00  2.2678e-01  6.9242e+01  2.2649e+02  1.9086e+00  4.3427e-04  2.1054e+05  2.1063e+05
gledsine   F	  67723	     16	  258.7	  29238	-3.0916	  4.0950e-01  5.4918e+01  4.0260e+01  1.7585e+00 -3.6538e+01  3.4385e+02  8.9696e-01  2.7157e-01 -8.2183e+02  1.3278e+03  4.3584e+00  6.5652e-05  9.6425e+05  9.6435e+05
globelli   F	  55530	     16	   71.2	  12050	-2.3904	  4.2611e-01 -1.2316e+02  1.7067e+02  2.9222e+01  9.3628e+00  9.8866e+01  1.3554e+00  1.7358e-04  6.1292e+05  6.1298e+05
globmela   F	 219856	     30	 1484.1	 205332	-3.9937	  9.9087e-02  6.1220e+01  3.6438e+01  1.3587e+00 -5.3777e+01  6.4513e+02  1.0690e+00  4.6904e-01 -3.5454e+02  2.9099e+03  1.0978e+00  1.3818e-05  4.0413e+06  4.0414e+06
globpall   F	 113224	     25	   90.8	   2586	-2.4970	  3.7265e-01 -1.6531e+02  2.1558e+02  3.0000e+01 -9.8687e+00  1.3301e+02  1.6249e+00  2.3297e-04  1.3017e+06  1.3017e+06
globpoll   F	  45681	     23	   29.6	  39091	-1.5598	  5.5828e-02 -5.4143e+01  7.5474e+01  2.0445e+01  2.5900e+01  1.0837e+00  4.9923e-01  2.2524e-02  3.2250e+05  3.2256e+05
globrost   F	 109754	     24	   78.8	   2546	-2.4437	  4.3165e-01 -1.6625e+02  2.1464e+02  2.9996e+01 -9.8202e+00  1.3304e+02  1.6000e+00  1.9830e-04  1.2365e+06  1.2365e+06
gloeconv   F	  75887	     23	   56.0	    488	-1.6078	  8.9366e-01  7.2297e-01  5.2351e+01  1.0366e+01 -1.4760e+01  8.3263e+01  2.0759e+00  1.0380e-01  3.3380e+02  2.2232e+03  1.0327e+00  4.0109e-04  5.6083e+05  5.6094e+05
gloetrab   F	  57626	     17	   55.8	    580	-1.6202	  8.6605e-01 -2.5903e+01  7.9119e+01  1.7464e+01 -1.1089e+01  8.3192e+01  1.6669e+00  3.4967e-04  4.2991e+05  4.2997e+05
glomacut   F	  30964	     23	   63.5	    873	-1.9912	  7.4795e-01  3.3799e+01  2.3368e+01  2.9006e+00 -5.5629e+00  8.9000e+01  1.7100e+00  2.4574e-04  2.8392e+05  2.8398e+05
glomcing   F	  36692	     23	   59.2	   1008	-1.9282	  7.3866e-01  2.9539e+01  2.4507e+01  4.0201e+00 -2.5424e+00  8.6692e+01  1.6070e+00  2.6528e-04  3.2573e+05  3.2579e+05
glonstel   F	  33052	     23	   59.6	    639	-1.9612	  6.7468e-01  3.1986e+01  2.1420e+01  3.5319e+00 -1.8927e+01  9.9487e+01  2.2074e+00  2.7701e-04  2.9853e+05  2.9859e+05
glosfusc   F	  60403	     30	  105.8	 143656	-3.1295	  5.1552e-01  2.9322e+01  3.3778e+01  3.6089e+00 -1.7999e+01  4.2094e+02  8.8954e-01  2.9770e-01 -1.0221e+03  5.1429e+03  1.2029e+00  5.8709e-05  8.6968e+05  8.6978e+05
glosmors   F	   1610	     22	   76.5	  41437	-2.7124	  5.8136e-01 -1.6836e+02  2.3013e+02  2.9899e+01 -3.8106e+02  4.9687e+02  1.2238e+01  1.0233e-01 -1.6846e+02  1.0552e+03  1.1265e+00  1.0375e-03  2.0126e+04  2.0185e+04
glospall   F	      8	     56	   70.0	    268	-2.3967	  7.4999e-01  3.8212e+01  2.3676e+01  3.8528e+00  4.5897e+02  1.8353e+03  1.3717e+00  1.0494e-01  1.0210e+02  1.0266e+02
glospalp   F	  18247	     21	   73.3	  24260	-2.5783	  6.2357e-01 -1.7025e+02  2.3217e+02  3.0000e+01 -4.0607e+02  5.1972e+02  9.8010e+00  1.0932e-01 -1.9766e+02  1.0470e+03  1.2595e+00  1.7299e-04  2.1618e+05  2.1627e+05
gluvdors   F	     96	     84	  749.0	 150459	-3.6511	  3.6226e-01 -2.1591e+01  1.4921e+02  4.2910e+00 -1.2510e+02  1.3621e+03  1.0296e+00  1.0313e-02  1.6250e+03  1.6430e+03
glycfall   F	     21	     21	 1865.0	  46918	-3.7934	  1.0000e+00 -9.8352e+02  2.0529e+03  1.6813e+00  4.7433e-02  3.8465e+02  3.8778e+02
glycmax_   F	 245283	     20	  246.9	   8120	-3.0145	  3.9253e-01  3.4812e+01  5.8416e+01  3.0475e+00 -1.2712e+02  4.0549e+02  2.2588e+00  3.8704e-01  1.2368e+02  6.4292e+02  1.5335e+00  3.1013e-05  3.4051e+06  3.4052e+06
glycsoja   F	 252827	     18	  241.7	   7651	-3.0053	  3.9792e-01  3.4048e+01  5.9081e+01  3.0964e+00 -1.5390e+02  4.2462e+02  2.5143e+00  3.6676e-01  9.8571e+01  6.6417e+02  1.6005e+00  3.1369e-05  3.4990e+06  3.4991e+06
glycsynd   F	  71159	     16	  272.8	 124576	-3.1389	  3.6329e-01  4.4871e+01  4.9209e+01  2.4859e+00 -5.5993e+02  9.7000e+02  3.2441e+00  4.2455e-01  5.0388e+01  3.1943e+02  6.2624e-01  5.3805e-05  1.0301e+06  1.0302e+06
glyctome   F	  80118	     16	  277.8	 168428	-3.1448	  2.4578e-01  2.5176e+01  6.5344e+01  3.8695e+00  7.4273e+01  8.4517e+01  5.5021e-01  3.2928e-01 -4.2544e+02  8.5212e+02  2.7413e+00  4.4425e-05  1.1612e+06  1.1613e+06
glycural   F	 168786	     16	  269.5	  10585	-3.0817	  3.7617e-01  4.4947e+01  5.5255e+01  2.1650e+00  1.3095e+01  5.4829e+01  6.2091e-01  8.8654e-02 -1.6081e+02  5.9328e+02  1.9893e+00  3.6271e-05  2.3948e+06  2.3949e+06
glyppylo   F	  55108	     16	  729.5	  64858	-3.6358	  6.3342e-02  4.1351e+01  4.0270e+01  4.4037e+00 -8.1096e+01  6.7873e+02  1.1467e+00  5.9577e-05  9.2506e+05  9.2512e+05
gnatspin   F	  41980	     16	  331.7	   7014	-3.1439	  8.6116e-01 -2.2845e+02  4.6089e+02  3.1177e+00 -1.0410e+03  2.3620e+03  2.7216e+00  8.5046e-05  6.0794e+05  6.0800e+05
gonaprol   F	  80608	     23	   69.1	    603	-1.9561	  8.0927e-01  2.2422e+01  4.0803e+01  4.8663e+00 -9.6536e+01  2.0899e+02  3.0033e+00  2.3233e-04  7.2614e+05  7.2620e+05
gongbutl   F	  41870	     23	   81.1	    486	-2.0529	  9.6916e-01  1.9802e+01  5.3720e+01  3.0426e+00 -8.1025e-02  9.2066e+01  1.2451e+00  2.9922e-04  3.9598e+05  3.9604e+05
gongpulc   F	  62105	     23	  522.0	   4016	-3.2279	  2.2074e-01  2.5639e+01  7.4449e+01  1.7475e+00 -9.1292e+02  1.4334e+03  4.1204e+00  8.4599e-05  9.2528e+05  9.2534e+05
goniavon   F	  28423	     17	   52.0	   1108	-2.0687	  6.1121e-01 -4.2282e+01  8.8044e+01  2.4012e+01 -8.1713e+02  8.9471e+02  2.9995e+01  1.8916e-01 -7.0719e+01  3.2473e+02  2.8501e+00  4.1706e-04  2.7087e+05  2.7096e+05
gophevgo   F	 223265	     30	 1694.8	 307238	-4.0582	  4.6990e-02  6.3707e+01  3.8067e+01  1.2497e+00 -1.1647e+02  1.3273e+03  9.6379e-01  1.2428e-05  4.1676e+06  4.1677e+06
gophflav   F	 230059	     20	 1693.5	 358872	-4.0744	  4.0208e-02  6.1270e+01  3.6131e+01  1.5346e+00 -1.2210e+02  1.3125e+03  9.3643e-01  1.2020e-05  4.3128e+06  4.3128e+06
gorigori   F	 398972	     22	 1631.9	 267165	-4.0166	  2.1831e-01  6.4938e+01  7.5604e+01  7.0790e-01 -2.4490e+02  1.7419e+03  1.0317e+00  1.4925e-05  7.3763e+06  7.3764e+06
gossarbo   F	 170158	     20	  160.1	   5966	-2.8231	  4.1284e-01  1.5250e+01  7.3764e+01  5.1199e+00 -2.2152e+01  2.4819e+02  1.4302e+00  4.7626e-01 -7.4015e+02  1.3232e+03  5.8617e+00  5.1534e-05  2.2122e+06  2.2123e+06
gosshirs   F	 372743	     16	  172.1	   6599	-2.8705	  4.5026e-01  3.0564e+01  5.9819e+01  3.5739e+00 -1.0446e+02  4.2341e+02  1.7000e+00  4.6579e-05  4.9268e+06  4.9269e+06
gossraim   F	 189545	     20	  168.6	   6452	-2.8642	  4.4622e-01  3.2270e+01  5.7942e+01  3.5176e+00 -1.1123e+02  4.2007e+02  1.7109e+00  5.3173e-05  2.4999e+06  2.5000e+06
gouawill   F	 246246	     25	  721.7	  43166	-3.4781	  1.3882e-01 -3.8297e+01  1.1902e+02  1.3121e+01  4.7850e+01  5.7010e+01  1.0633e+00  2.9236e-01 -3.2986e+02  1.5800e+03  1.4425e+00  2.0451e-05  3.9411e+06  3.9412e+06
gracagil   F	 174172	     30	 1684.7	 208259	-4.0293	  6.9104e-02  6.4770e+01  3.2897e+01  1.4549e+00 -2.8930e+01  5.0252e+02  9.9432e-01  3.7408e-01 -3.4302e+02  2.5494e+03  1.1160e+00  1.4717e-05  3.2326e+06  3.2327e+06
gracverm   F	   1471	     16	   95.4	 101634	-2.4271	  7.9290e-01 -1.7188e+01  1.0315e+02  4.8433e+00  1.4882e+01  4.9701e+01  4.8689e-01  1.6641e-03  1.6437e+04  1.6474e+04
gramsurd   F	 198016	     22	 1359.9	 129896	-3.8962	  7.5339e-02  4.8431e+01  3.9308e+01  2.8146e+00  1.3528e+01  2.5440e+02  1.1339e+00  2.2694e-01 -2.4174e+02  1.7426e+03  1.1533e+00  1.4904e-05  3.5529e+06  3.5530e+06
gregniph   F	   3253	     23	   97.0	   1050	-2.3918	  1.5899e-01 -2.5605e+01  6.3391e+01  2.0693e+01 -8.7983e+01  1.5896e+02  5.3276e+00  4.8503e-01  4.1724e+01  9.1113e+01  1.7728e+00  9.8461e-04  3.5873e+04  3.5940e+04
gremabie   F	  31578	     23	   60.7	    834	-2.0580	  6.0133e-01  3.5771e+01  1.6112e+01  2.8693e+00 -1.4490e+01  1.0292e+02  2.0738e+00  2.3396e-04  2.9922e+05  2.9928e+05
griffron   F	  76424	     23	   56.6	    784	-1.7116	  8.2586e-01 -9.4456e+00  6.2813e+01  1.3177e+01 -4.2349e+00  8.3445e+01  1.5746e+00  4.8777e-04  6.0127e+05  6.0133e+05
grosclav   F	  15266	     23	   69.6	   1309	-2.1477	  7.2830e-01 -2.4042e+01  8.4833e+01  9.1341e+00 -5.5509e+01  1.9817e+02  2.0656e+00  4.7276e-04  1.5095e+05  1.5100e+05
grusamer   F	 213329	     30	  998.7	 173523	-3.8120	  1.1682e-01  5.2656e+01  4.4211e+01  1.7335e+00 -5.1897e+01  8.7801e+02  9.7817e-01  1.5943e-05  3.7433e+06  3.7434e+06
grusjapo   F	  53431	     17	  769.0	  39832	-3.5827	  1.5414e-01  5.8896e+01  4.2616e+01  1.2594e+00 -1.0614e+02  7.8980e+02  1.3085e+00  4.8685e-05  8.8129e+05  8.8136e+05
grusmona   F	  75688	     17	  790.3	  40942	-3.5958	  1.4836e-01  5.7726e+01  4.2229e+01  1.3328e+00 -1.1967e+02  8.1688e+02  1.3116e+00  3.9166e-05  1.2530e+06  1.2530e+06
grylbima   F	  72663	     16	 1125.1	 257686	-3.9078	  2.1669e-01  5.7678e+01  2.6215e+01  1.7214e+00 -9.6794e+01  1.1692e+03  7.4480e-01  3.7519e-05  1.3076e+06  1.3076e+06
grylsigi   F	  96305	     16	 1166.0	 829655	-3.9050	  2.2605e-01  5.9931e+01  2.5406e+01  1.4456e+00 -1.3558e+02  1.2795e+03  7.7823e-01  3.4212e-05  1.7332e+06  1.7332e+06
guilthe1   F	 132401	     18	   53.9	    787	-2.0787	  6.0328e-01 -8.7523e+01  1.3487e+02  2.9976e+01 -1.2592e+02  2.3826e+02  3.2509e+00  2.0470e-04  1.2671e+06  1.2672e+06
guilthet   F	 132401	     18	   53.9	    787	-2.0787	  6.0328e-01 -8.7523e+01  1.3487e+02  2.9976e+01 -1.2592e+02  2.3826e+02  3.2509e+00  2.0470e-04  1.2671e+06  1.2672e+06
guyanecr   F	  89099	     23	   53.6	    402	-1.5140	  8.9032e-01 -6.8662e+01  1.1993e+02  3.0000e+01 -7.8074e+00  7.0702e+01  1.7440e+00  3.2681e-04  6.1939e+05  6.1946e+05
gymnacut   F	 227793	     16	  510.5	  68354	-3.4611	  2.3572e-01  4.6247e+01  4.5679e+01  2.8382e+00  8.1008e+01  1.1826e+02  1.0339e+00  1.2160e-01 -1.0408e+02  7.8510e+02  1.0937e+00  2.4834e-05  3.6303e+06  3.6304e+06
gymnandr   F	 141021	     23	   55.5	    721	-1.7134	  7.8662e-01 -2.4923e+01  7.7498e+01  1.7495e+01  9.1481e-01  6.0994e+01  1.5160e+00  1.7819e-04  1.1123e+06  1.1124e+06
gymnaura   F	  22109	     23	   63.5	    728	-1.9625	  7.6904e-01  2.7317e+01  3.0153e+01  3.5413e+00 -7.3556e+00  8.6021e+01  1.7827e+00  3.0852e-04  1.9980e+05  1.9986e+05
gymncali   F	 165867	     30	 1045.8	 117203	-3.8007	  8.9723e-02  5.5626e+01  4.2426e+01  1.6423e+00 -9.4365e+01  9.2597e+02  1.0744e+00  1.8925e-05  2.9028e+06  2.9028e+06
gymnchry   F	  97527	     23	   56.5	    438	-1.6489	  8.6528e-01 -1.1068e+00  5.4545e+01  1.0840e+01 -1.8966e+01  9.1704e+01  2.0380e+00  2.0061e-04  7.4057e+05  7.4064e+05
gymncitr   F	  22137	     23	   62.0	    684	-1.9280	  8.0664e-01  2.6942e+01  2.9608e+01  3.6738e+00 -2.7622e+01  1.1151e+02  1.9655e+00  2.9601e-04  1.9657e+05  1.9663e+05
gymnearl   F	 129176	     23	   55.3	    873	-1.6925	  8.0810e-01 -4.7136e+01  9.9388e+01  2.2317e+01 -2.2710e+01  9.1158e+01  2.3150e+00  1.8078e-01  2.4925e+01  2.4531e+02  6.2742e-01  1.5107e-04  1.0067e+06  1.0068e+06
gymneckl   F	 141794	     16	  432.3	  50787	-3.3956	  2.3307e-01 -2.4482e+02  3.2984e+02  3.0000e+01  8.2731e+01  8.0504e+01  1.0512e+00  2.1569e-01 -2.4817e+02  1.0969e+03  1.2367e+00  2.9408e-05  2.2223e+06  2.2224e+06
gymnjuno   F	 108050	     23	   56.9	    491	-1.7025	  8.2684e-01  7.4799e+00  4.6353e+01  8.9372e+00 -6.1779e+00  6.8012e+01  1.7742e+00  2.3833e-04  8.4683e+05  8.4690e+05
gymnluxu   F	 108260	     23	   56.2	    660	-1.6254	  8.7544e-01  8.8350e-01  5.2438e+01  1.0706e+01 -1.4654e+01  8.3345e+01  2.1346e+00  1.2093e-01  3.3380e+02  2.2232e+03  8.8481e-01  1.4118e-04  8.1078e+05  8.1089e+05
gynagyna   F	  74707	     16	  122.2	 126302	-2.6963	  5.8212e-01  5.9278e+00  8.2628e+01  4.8095e+00 -4.8681e+01  3.2571e+02  2.2797e+00  3.7133e-01  1.5290e+01  1.9893e+02  3.3703e-01  1.8006e-04  9.1120e+05  9.1130e+05
gynopent   F	  47357	     16	  202.1	  43019	-3.0824	  3.3006e-01 -3.3177e+02  4.2134e+02  2.9999e+01 -1.8764e+01  2.9362e+02  9.6410e-01  6.1526e-01 -9.2649e+02  1.4855e+03  9.1548e+00  1.0079e-04  6.7427e+05  6.7437e+05
gypspani   F	  42902	     16	  199.2	   3534	-2.9292	  4.1715e-02  3.7664e+00  2.2692e+01  2.2229e+00  6.3571e+01  4.0088e+01  1.1438e+00  5.6254e-01 -1.0625e+03  1.5287e+03  5.0102e+00  1.4600e-04  5.7949e+05  5.7959e+05
gyroescu   F	  42476	     23	   67.9	    580	-1.9926	  8.2439e-01  3.0508e+01  3.0289e+01  2.8240e+00 -2.3407e+01  1.1240e+02  2.1364e+00  2.7201e-04  3.8974e+05  3.8980e+05
gyrolivi   F	      1	     75	   37.5	      0	-1.5227	  1.0000e+00 -1.2702e+01  8.9447e+01  1.3562e+01  9.4529e-01  9.8103e+01  9.2103e+01
gyrosala   F	  44359	     23	  259.2	   8589	-3.1053	  8.8828e-02  6.8598e+00  2.2083e+01  6.0323e+00 -1.9305e+02  2.5699e+02  1.0436e+01  2.7712e-01 -2.0238e+02  6.1158e+02  1.8154e+00  3.5438e-04  6.3377e+05  6.3387e+05
habrlabo   F	  59798	     30	  116.2	 116492	-2.9431	  4.5586e-01 -2.4268e+02  3.1713e+02  2.9993e+01  9.9349e+00  2.8206e+02  7.7783e-01  1.0068e-04  8.1582e+05  8.1588e+05
haemcont   F	 122127	     23	  170.6	   7692	-2.9498	  5.1035e-01  4.3309e+01  2.1314e+01  1.2976e+00 -6.6428e+02  9.9419e+02  4.5258e+00  3.3579e-01 -1.6055e+03  3.0551e+03  3.1145e+00  1.1182e-04  1.6613e+06  1.6614e+06
haemflav   F	  25901	     16	  247.1	  21129	-3.1346	  1.6106e-01 -1.5824e+01  1.0684e+02  9.5761e+00  6.3849e+01  6.0823e+01  1.4272e+00  3.0298e-01 -1.5245e+02  6.1627e+02  1.3226e+00  1.1546e-04  3.7445e+05  3.7454e+05
haemirri   F	  12993	     17	  124.7	  40257	-3.1866	  4.0704e-01 -1.4184e+02  2.0363e+02  3.0000e+01 -5.0261e+00  1.8170e+02  8.2728e-01  3.4694e-01 -8.2699e+03  1.5079e+04  4.6723e+00  1.3621e-04  1.9063e+05  1.9071e+05
haemlacu   F	  73925	     21	  259.1	   4531	-2.9726	  1.4845e-01  2.9049e+01  4.8261e+01  4.0555e+00 -9.9719e+01  3.3037e+02  1.9448e+00  1.0359e-04  1.0126e+06  1.0127e+06
haemlong   F	  94440	     16	 1989.4	 110096	-4.0102	  7.8935e-02 -1.8130e+01  9.7946e+01  4.7561e+00 -4.3876e+02  1.2458e+03  1.5904e+00  4.6349e-01 -1.4299e+02  3.0340e+03  1.2771e+00  2.7517e-05  1.7493e+06  1.7494e+06
haemmexi   F	 191276	     22	  937.8	 115391	-3.7584	  9.9712e-02  5.3789e+01  3.6670e+01  1.8203e+00 -8.6576e+01  8.4550e+02  1.0556e+00  1.8405e-05  3.3103e+06  3.3103e+06
haemplac   F	 111380	     23	  147.2	   7114	-2.9044	  4.0437e-01  4.4159e+01  1.7302e+01  1.4655e+00 -4.9570e+01  1.8229e+02  1.8426e+00  2.9295e-01 -1.8178e+02  8.5068e+02  1.9444e+00  7.7002e-05  1.4878e+06  1.4879e+06
hakepros   F	  80014	     16	  258.7	  32796	-3.2680	  4.6057e-01  4.9324e+01  4.8268e+01  2.0897e+00 -1.6106e+02  7.6611e+02  1.2261e+00  4.7777e-01 -1.9597e+04  2.4984e+04  7.2902e+00  4.1867e-05  1.2049e+06  1.2050e+06
halialbi   F	 121152	     28	 1024.6	  42857	-3.7010	  7.8304e-02  6.4668e+01  4.1419e+01  1.1147e+00 -1.9573e+02  1.0156e+03  1.3934e+00  2.6448e-05  2.0642e+06  2.0643e+06
haliasin   F	 217099	     18	  793.3	  74298	-3.6595	  1.5397e-04  1.0790e+02  1.0009e-01  9.8083e+00 -4.5441e+01  6.1958e+02  1.1062e+00  4.5272e-05  3.6506e+06  3.6506e+06
halicaer   F	  70964	     18	  391.5	 156322	-3.4606	  3.2483e-02 -3.6564e+01  6.0432e+01  1.0890e+01 -1.7558e+02  2.4244e+02  2.9873e+01  9.5173e-02 -6.6442e+00  3.1991e+02  8.3320e-01  5.8002e-05  1.1330e+06  1.1331e+06
halicrac   F	 222397	     18	 1022.9	  62367	-3.7346	  3.0516e-02 -5.6867e+01  1.8869e+02  5.1933e+00 -1.2152e+02  8.8846e+02  1.2378e+00  1.8159e-05  3.8274e+06  3.8275e+06
halidisc   F	 145562	     16	 1017.3	 265674	-3.8626	  1.4393e-12 -1.4133e+02  2.9097e+02  1.2173e+02 -8.3392e+01  6.0061e+02  9.5418e-01  6.5296e-01  3.0780e+02  7.7140e+02  8.0970e-01  2.3540e-05  2.5886e+06  2.5887e+06
haligryp   F	 235209	     17	 1476.8	 260408	-3.9928	  7.0404e-02  5.2805e+01  3.9643e+01  2.2337e+00 -3.9494e+01  3.5529e+02  1.2881e+00  2.4598e-01 -1.5783e+02  1.8517e+03  9.9549e-01  1.2709e-05  4.3238e+06  4.3240e+06
halilaev   F	  69882	     16	  904.1	 136981	-3.7724	  1.1105e-12 -2.3992e+02  4.5212e+02  1.1658e+02 -1.0848e+02  7.1488e+02  1.0013e+00  8.4748e-01  2.6654e+02  4.3799e+02  9.5772e-01  3.9127e-05  1.2150e+06  1.2151e+06
halileuc   F	 163267	     30	  971.1	  89868	-3.7461	  1.1094e-01  5.6735e+01  4.0545e+01  1.5028e+00 -1.0719e+02  9.0598e+02  1.1261e+00  1.9907e-05  2.8157e+06  2.8157e+06
halipani   F	 152259	     30	  162.1	  12716	-2.8379	  2.7355e-01 -1.5198e+02  2.0568e+02  3.0000e+01  3.7330e+01  1.3480e+02  1.0677e+00  6.3089e-01 -6.7866e+01  2.8689e+02  1.8399e+00  5.6229e-05  1.9888e+06  1.9889e+06
haliquad   F	  32854	     26	  111.9	  24376	-2.7848	  4.7042e-01 -2.4121e+02  3.1598e+02  3.0000e+01  3.3812e+00  2.4558e+02  1.0131e+00  1.5678e-04  4.2139e+05  4.2145e+05
halirubr   F	 224411	     17	  896.3	  85869	-3.7295	  7.9272e-03 -1.0047e+01  1.2742e+02  9.1193e+00 -1.0058e+02  7.3927e+02  1.1118e+00  1.7336e-05  3.8553e+06  3.8553e+06
halirufe   F	 273276	     18	 1032.5	  67679	-3.7477	  2.8514e-02 -1.0641e+01  1.4520e+02  3.6748e+00 -1.3569e+02  8.9690e+02  1.2176e+00  1.5945e-05  4.7187e+06  4.7188e+06
halorore   F	 103979	     16	  178.2	   4870	-2.8261	  4.0453e-01  3.4299e+01  4.0462e+01  3.1245e+00 -7.8741e+01  3.5306e+02  1.8089e+00  8.1788e-05  1.3538e+06  1.3538e+06
halorubr   F	  51484	     16	  955.9	  62169	-3.7247	  2.3051e-01  3.9864e+01  2.6413e+02  1.1741e+00 -2.2515e+02  1.0887e+03  1.2627e+00  4.5282e-05  8.8325e+05  8.8331e+05
haloseos   F	  24644	     17	   70.0	    686	-1.6478	  9.2718e-01 -4.3526e+01  1.1011e+02  1.8381e+01 -1.2971e+01  1.3362e+02  1.5977e+00  5.1624e-04  1.8699e+05  1.8704e+05
haltradi   F	  40932	     19	   77.5	    464	-1.9716	  9.2668e-01 -2.8404e+01  9.8931e+01  7.1233e+00 -1.1347e+02  2.3367e+02  2.9314e+00  2.3433e-04  3.7178e+05  3.7184e+05
halyhaly   F	 114019	     16	 1285.9	 155469	-3.8099	  1.9888e-01  5.6956e+01  2.5295e+01  1.5940e+00 -3.1544e+02  1.4932e+03  1.0917e+00  3.9382e-05  2.0080e+06  2.0080e+06
hammhamm   F	  38753	     24	  469.6	   1942	-3.0378	  6.7949e-01 -2.6468e+03  2.9615e+03  1.4092e+01  3.7368e+02  2.2786e+01  1.1285e+01  3.3532e-05  1.8244e+01  5.1923e+02  3.4278e+00  3.0605e-04  5.3771e+05  5.3781e+05
hansguil   F	     65	     25	  454.5	   1563	-2.9778	  4.8791e-01 -4.1965e+02  5.1138e+02  8.8124e+00 -9.7994e+02  1.6016e+03  9.9991e+00  1.5736e-02  9.0807e+02  9.2329e+02
hansopun   F	    177	     59	  175.5	   2939	-2.7910	  6.3989e-01  4.5419e+01  4.4761e+01  1.2192e+00 -9.3693e+01  4.5171e+02  3.0691e+00  5.9732e-03  2.2865e+03  2.3087e+03
hansosmo   F	    156	     59	  238.0	   3175	-2.8410	  3.2820e-01  2.1335e+01  5.1894e+01  3.0156e+00 -1.4957e+02  3.7785e+02  2.2518e+00  6.3121e-03  2.0637e+03  2.0851e+03
hanspoly   F	   1001	     16	   49.0	  84761	-2.3646	  4.1415e-01  2.8430e+01  8.4536e+00  1.3651e+00  1.3099e+01  4.0435e+01  8.0563e-01  1.6994e-03  1.0940e+04  1.0975e+04
hansuvar   F	    144	     59	  303.0	   1938	-2.8796	  4.2801e-01  2.6868e+01  6.2224e+01  2.4717e+00 -2.6158e+02  6.6100e+02  3.9544e+00  6.8102e-03  1.9203e+03  1.9411e+03
hansvalb   F	    810	     23	   99.0	  12914	-2.8062	  4.5537e-04 -2.5179e+01  7.6020e+01  1.4403e+01  3.5806e+00  5.3028e+01  1.6326e+00  7.1728e-01 -8.2163e+01  5.4029e+02  1.5892e+00  2.2180e-03  1.0534e+04  1.0586e+04
hapamacu   F	  45915	     16	 3729.7	 699249	-4.3608	  1.8347e-02 -4.8470e+02  5.9256e+02  3.0000e+01 -3.2523e+02  2.4893e+03  9.3594e-01  3.5544e-05  9.3055e+05  9.3061e+05
haplburt   F	 261169	     16	  419.4	  71443	-3.4187	  1.4730e-01 -2.3254e+02  3.1886e+02  3.0000e+01  5.6894e+01  8.0615e+01  1.1431e+00  3.0854e-01 -1.5707e+02  9.6683e+02  1.0946e+00  1.8551e-05  4.1127e+06  4.1128e+06
harmaxyr   F	  67990	     16	  408.6	 253364	-3.4981	  2.5573e-01  4.4227e+01  1.2035e+01  1.8591e+00 -1.0546e+01  2.6898e+02  8.3041e-01  5.0198e-01  1.3159e+02  2.4891e+03  9.2791e-01  9.9762e-05  1.0911e+06  1.0912e+06
harpharp   F	 206086	     30	 1043.6	 167595	-3.8277	  1.0178e-01  5.4519e+01  4.1111e+01  1.7238e+00 -7.3355e+01  9.1125e+02  9.9488e-01  1.6068e-05  3.6311e+06  3.6311e+06
harpsalt   F	  88365	     29	  234.4	 140875	-3.2427	  2.9712e-01 -1.6470e+01  9.9553e+01  6.2719e+00 -5.4844e+01  2.4206e+02  2.1318e+00  3.8030e-01 -4.0989e+01  1.0590e+03  8.5042e-01  4.4819e-05  1.3191e+06  1.3192e+06
hebecyli   F	 104834	     23	   57.4	    717	-1.7376	  8.3565e-01  2.3366e+00  5.1479e+01  9.5974e+00 -1.3541e+01  9.5711e+01  1.8321e+00  1.6325e-01  1.8753e+02  2.3613e+03  5.2364e+00  1.6765e-04  8.4016e+05  8.4026e+05
heliannu   F	 293612	     23	  167.3	  12754	-2.9388	  4.0414e-01 -5.4206e+01  1.3901e+02  1.0016e+01 -1.0332e+01  2.4421e+02  1.1503e+00  4.1997e-01  1.6591e+02  5.1848e+02  1.7863e+00  3.7382e-05  3.9724e+06  3.9725e+06
heliarmi   F	  89207	     31	  427.5	  35162	-3.4083	  9.7808e-02  4.6374e+01  3.3851e+01  3.8567e+00 -5.1387e+01  4.5523e+02  1.1941e+00  7.1602e-05  1.4061e+06  1.4061e+06
heliassu   F	  43398	     16	  460.5	  67664	-3.4627	  9.7212e-02 -4.9131e+01  1.2900e+02  1.7061e+01 -1.7952e+01  4.1811e+02  1.0209e+00  7.6593e-05  6.9329e+05  6.9335e+05
helicoer   F	 110022	     16	  711.4	  21968	-3.5112	  1.7770e-01  5.2168e+01  5.9069e+01  1.3030e+00 -2.1610e+02  8.7778e+02  1.5839e+00  3.3414e-05  1.7797e+06  1.7798e+06
helicydn   F	  11787	     16	  311.8	  19144	-3.0794	  6.5275e-02  1.3327e+01  1.9188e+01  8.0909e-01  6.3761e+01  4.0501e+01  6.9992e-01  3.5556e-01 -4.1726e+02  7.6878e+02  3.8385e+00  2.2240e-04  1.6684e+05  1.6692e+05
heliexor   F	 192620	     30	 1000.4	 142452	-3.8032	  1.0307e-02  5.7257e+01  2.8566e+01  3.7114e+00  5.3708e+01  4.4187e+01  1.6203e+00  8.7863e-02 -8.2102e+01  8.8837e+02  1.0225e+00  1.6579e-05  3.3729e+06  3.3730e+06
helimelp   F	  77100	     16	  428.8	  15822	-3.3060	  6.5832e-02  1.4271e+01  6.5579e+01  7.4638e+00 -9.5602e+01  4.4546e+02  1.4618e+00  6.5832e-05  1.1776e+06  1.1777e+06
helinuma   F	  52098	     16	  420.7	  61900	-3.4041	  2.2277e-01 -2.5052e+03  2.8673e+03  3.0000e+01 -2.9241e+01  3.7547e+02  9.8776e-01  1.2537e-04  8.0974e+05  8.0980e+05
helipoly   F	 103454	     23	  144.9	  11637	-3.0251	  3.8256e-01  3.5646e+01  2.3352e+01  3.1801e+00 -1.9631e+01  1.4156e+02  1.3428e+00  2.5800e-01 -1.8932e+03  3.1780e+03  3.0494e+00  7.2143e-05  1.4511e+06  1.4512e+06
helisubf   F	  24190	     16	  588.6	 344715	-3.6954	  8.1328e-02  1.2923e+01  6.6828e+01  9.5492e+00 -1.7683e+01  4.8086e+02  7.9252e-01  8.6873e-05  4.1260e+05  4.1265e+05
helisulc   F	  86175	     23	   56.2	    311	-1.5867	  8.8614e-01  4.5292e+00  4.8720e+01  1.0244e+01 -3.2316e+01  1.0625e+02  2.6446e+00  3.0947e-04  6.2933e+05  6.2939e+05
helitube   F	  81294	     16	  144.1	   8189	-2.8658	  3.3614e-01 -1.9003e+02  2.7483e+02  2.4900e+01  5.3949e+01  5.8060e+01  8.5606e-01  3.1152e-01 -6.9234e+02  1.2473e+03  3.3360e+00  6.3949e-05  1.0739e+06  1.0740e+06
helivire   F	  81515	     23	  425.3	  30642	-3.3871	  1.0547e-01  4.6432e+01  3.4008e+01  3.5012e+00 -5.2073e+01  4.5484e+02  1.2308e+00  7.2991e-05  1.2647e+06  1.2648e+06
helizea_   F	  99523	     17	  447.6	  73445	-3.4610	  8.9238e-02 -1.4691e+02  2.2615e+02  3.0000e+01  3.8266e+00  3.8616e+02  9.9126e-01  6.2069e-05  1.5889e+06  1.5889e+06
helorobu   F	 113718	     17	  257.9	   6879	-3.0157	  2.8135e-03 -1.2024e+01  7.4912e+01  2.9930e+01 -2.6341e+01  1.2734e+02  3.2251e+00  1.9714e-01 -4.7731e+01  2.8747e+02  1.5940e+00  7.2417e-05  1.5848e+06  1.5849e+06
hemiakaj   F	 236596	     26	 3223.1	 391061	-4.2893	  9.8824e-02  7.0446e+01  5.9821e+01  6.8393e-01 -4.4205e+02  2.8594e+03  1.0655e+00  2.4641e-05  4.6701e+06  4.6701e+06
hemicape   F	 271848	     18	 2042.9	 292806	-4.1240	  9.2381e-02  6.9857e+01  6.5929e+01  7.6150e-01 -1.8315e+02  1.7721e+03  1.0239e+00  1.1350e-05  5.1587e+06  5.1588e+06
hemiocel   F	 203317	     28	 3154.4	 304304	-4.2638	  8.0290e-02  7.2053e+01  5.3192e+01  6.9471e-01 -4.7314e+02  2.8060e+03  1.1204e+00  1.3107e-05  3.9891e+06  3.9892e+06
hemipulc   F	  51214	     16	  761.2	 120546	-3.5918	  5.4955e-01 -9.7454e+01  6.4775e+02  2.9376e+00 -2.0442e+02  1.0836e+03  9.5371e-01  5.5045e-05  8.5001e+05  8.5007e+05
hemiwyck   F	 255063	     30	  468.4	  55758	-3.4281	  2.1627e-01  4.1651e+01  5.0561e+01  3.2046e+00 -2.4358e+01  1.8748e+02  2.6952e+00  1.8810e-01 -1.0156e+02  8.9745e+02  1.1561e+00  1.8662e-05  4.0262e+06  4.0263e+06
hencpumi   F	 142666	     27	  192.0	   8233	-2.9290	  3.4415e-01 -4.2646e+00  9.2642e+01  6.2626e+00 -2.0447e+01  2.4537e+02  1.3473e+00  5.3417e-01  1.3445e+02  4.9839e+02  2.1121e+00  4.8030e-05  1.9242e+06  1.9243e+06
hennblat   F	    132	     51	  132.0	    inf	-2.5673	  1.7339e-01 -2.5653e+02  3.5947e+02  2.9990e+01 -6.6040e+01  1.9570e+02  2.6590e+00  7.1194e-03  1.5722e+03  1.5923e+03
hennsalm   F	  26631	     17	   26.8	   4930	-1.0395	  3.0196e-08 -3.4464e+03  3.4659e+03  8.2282e+02  1.1061e+01  1.2883e+01  6.2677e+00  9.9888e-01 -2.7029e+02  1.4021e+03  1.0421e-01  4.8108e-03  1.8607e+05  1.8616e+05
henr_cia   F	   3714	     16	  847.0	  29981	-3.6026	  3.0354e-02  1.3143e+01  8.8948e+00  1.2111e+00  1.5293e+02  1.5642e+02  1.7998e+02  1.9039e-10 -1.7751e+02  8.2772e+02  1.4644e+00        -nan  6.1734e+04  6.1802e+04
heptperl   F	 220607	     21	 2666.2	 280269	-4.2092	  6.9089e-02  5.9993e+01  4.9713e+01  1.1408e+00 -3.4395e+02  2.3674e+03  1.0941e+00  1.3292e-05  4.2736e+06  4.2737e+06
herierin   F	  29302	     18	   55.5	    301	-1.4425	  9.6231e-01  1.1753e+00  5.1951e+01  1.1842e+01 -1.7378e+01  1.0760e+02  1.7982e+00  8.0314e-04  1.9451e+05  1.9457e+05
hermgibb   F	   2288	     16	   68.9	   2213	-2.2376	  6.7887e-01  2.4506e+01  3.5794e+01  4.6416e+00 -8.8301e+01  2.4911e+02  1.8688e+00  1.1057e-03  2.3592e+04  2.3632e+04
hermillu   F	  75873	     29	  146.4	 217957	-3.4269	  3.6011e-01  1.2263e+01  4.7053e+01  8.2565e+00  3.4507e+01  8.2089e+01  8.5233e-01  2.9191e-01 -3.4576e+03  1.3693e+04  1.5482e+00  4.2152e-05  1.1923e+06  1.1924e+06
hermling   F	  55276	     28	 1664.2	 100055	-3.8875	  1.4279e-01  5.7581e+01  1.9003e+01  1.3423e+00 -3.4307e+02  1.7459e+03  1.2689e+00  5.3886e-05  9.9039e+05  9.9045e+05
herrumbr   F	 105230	     29	  192.5	   4087	-2.8797	  4.2320e-01  3.0299e+01  6.3564e+01  3.5254e+00 -6.0608e+01  3.0953e+02  1.8970e+00  3.9989e-01 -1.3184e+02  7.6608e+02  2.5952e+00  5.7365e-05  1.3955e+06  1.3956e+06
hessvesi   F	  43744	     23	   65.9	    427	-1.8483	  9.1898e-01 -1.2245e+01  7.2805e+01  7.1167e+00 -2.6764e+01  1.1809e+02  2.0455e+00  3.1383e-04  3.7234e+05  3.7240e+05
hetaamer   F	  97083	     30	 1548.7	 169524	-3.9203	  8.6054e-02 -2.2993e+02  3.1362e+02  2.8416e+01  3.0642e+00  1.6392e+02  1.4573e+00  1.9183e-01 -1.3232e+02  1.8419e+03  1.0990e+00  2.9131e-05  1.7542e+06  1.7543e+06
hetealbu   F	  31941	     19	   87.9	   3104	-2.4499	  5.2830e-01 -2.8564e+02  3.5924e+02  3.0000e+01 -4.3287e+01  1.6383e+02  1.5367e+00  2.0048e-04  3.6011e+05  3.6016e+05
heteamic   F	  35439	     17	  208.8	  45225	-3.0569	  3.2823e-01 -1.0028e+02  1.8693e+02  1.2623e+01 -3.6171e+01  2.5236e+02  2.0023e+00  4.4735e-01 -1.3953e+02  9.3673e+02  9.7823e-01  8.8354e-05  4.9892e+05  4.9901e+05
heteanno   F	  56578	     23	   58.9	    547	-1.7880	  7.9944e-01  2.3129e+01  3.1932e+01  5.6278e+00 -1.4678e+01  8.8774e+01  1.9935e+00  3.9881e-04  4.6599e+05  4.6605e+05
heteauro   F	  41106	     16	  351.8	   8384	-3.1697	  2.0227e-01  5.7461e+01  3.1670e+01  1.1687e+00 -1.8143e+02  5.1141e+02  1.8207e+00  9.0636e-05  6.0078e+05  6.0084e+05
hetebact   F	  85076	     23	  138.6	   5487	-2.8236	  1.8118e-02  1.2852e+01  1.5208e+01  3.2983e+00 -1.7102e+02  2.3667e+02  1.2680e+01  3.6177e-01 -5.0330e+01  2.5148e+02  1.5577e+00  1.4485e-04  1.1068e+06  1.1069e+06
hetebino   F	 196334	     30	 2046.9	 175720	-4.0783	  9.1894e-02  6.9858e+01  5.6124e+01  7.6481e-01 -2.9072e+02  1.9126e+03  1.1585e+00  1.5092e-05  3.6880e+06  3.6881e+06
hetecris   F	  10731	     16	  305.0	 439419	-3.2192	  1.8504e-01  6.7802e+01  2.0757e+01  3.6226e-01 -3.9419e+01  2.5478e+02  1.2944e+00  3.5351e-04  1.6204e+05  1.6210e+05
hetefran   F	 232750	     22	 3364.8	 618689	-4.3461	  8.6715e-02  6.9183e+01  6.2053e+01  7.3255e-01 -3.4883e+02  2.7800e+03  9.6667e-01  1.1873e-05  4.6514e+06  4.6515e+06
heteglab   F	 231362	     16	 1460.3	 269707	-3.9934	  7.6934e-02  4.2073e+01  4.5341e+01  2.9674e+00  1.3376e+01  3.1223e+02  1.0425e+00  2.6436e-01 -1.9985e+02  1.9442e+03  9.9817e-01  1.2548e-05  4.2526e+06  4.2527e+06
heteglyc   F	  97215	     16	   81.7	  18828	-2.6534	  4.7116e-01  2.3013e+01  2.5521e+01  3.4278e+00  2.5666e+00  1.7213e+02  9.9186e-01  7.9807e-05  1.1905e+06  1.1906e+06
heteirre   F	  57034	     17	   58.8	    564	-1.7908	  8.0976e-01  2.7187e+01  2.7866e+01  4.8548e+00 -2.0153e+01  9.3050e+01  1.9745e+00  4.1569e-04  4.7019e+05  4.7025e+05
heteitam   F	  41084	     16	  109.4	  23531	-2.8037	  5.2825e-01 -1.3923e+01  8.9784e+01  7.0389e+00 -3.0562e+01  3.1180e+02  1.1924e+00  4.3954e-01 -1.0260e+03  4.1601e+03  1.4226e+00  1.3000e-04  5.3028e+05  5.3038e+05
hetemagn   F	  13118	     16	  361.9	 214261	-3.2381	  3.5350e-01  6.6541e+01  6.9525e+01  5.2924e-01 -4.6341e+02  7.7378e+02  3.3075e+00  1.9055e-04  1.9665e+05  1.9671e+05
heteocci   F	  52255	     17	   58.4	    440	-1.6191	  9.6707e-01  3.3114e+01  2.2220e+01  3.6217e+00 -7.5093e+00  1.0637e+02  1.2597e+00  5.9625e-04  3.8944e+05  3.8951e+05
hetepycn   F	  40610	     23	   44.0	    177	-1.3940	  9.0195e-01 -8.7986e+00  5.0657e+01  1.5274e+01 -4.6857e+01  1.0351e+02  4.2201e+00  9.6550e-02  1.9976e+01  3.3395e+02  1.1552e+00  7.4545e-04  2.6055e+05  2.6065e+05
hetescha   F	   8156	     16	   94.4	 476752	-2.9436	  4.4761e-01  2.2440e+01  2.5263e+01  3.8381e+00  5.7163e+00  1.2662e+02  1.6320e+00  1.8465e-01 -8.3281e+00  4.6506e+02  6.1898e-01  2.4966e-04  1.1025e+05  1.1033e+05
hevebras   F	 192741	     16	  229.5	  47167	-3.1242	  4.1684e-01  4.2578e+01  5.3038e+01  2.4835e+00  1.4740e+01  7.4193e+01  4.5704e-01  7.1264e-02 -3.3741e+01  4.7391e+02  1.2877e+00  2.9248e-05  2.7733e+06  2.7734e+06
hexaniti   F	  97685	     23	   60.2	    819	-1.8136	  8.4738e-01  2.1843e+01  3.4059e+01  5.2541e+00 -1.8151e+01  1.1122e+02  1.8185e+00  1.5133e-01  3.1407e+02  2.2886e+03  6.2093e-01  2.3745e-04  8.1461e+05  8.1472e+05
hibicann   F	  86075	     17	  154.7	   3889	-2.7690	  4.8679e-01  3.3990e+01  5.6864e+01  3.3492e+00 -1.2750e+02  4.1893e+02  2.0466e+00  7.7425e-05  1.0975e+06  1.0976e+06
hibisyri   F	 280896	     26	  143.2	   7073	-2.7913	  4.3660e-01  1.3222e+01  7.4906e+01  5.2414e+00 -5.5434e+01  3.0036e+02  1.4904e+00  4.1297e-05  3.6107e+06  3.6107e+06
hippamph   F	 222993	     30	 1435.3	 220104	-3.9796	  8.0803e-02  5.5646e+01  3.7217e+01  1.9560e+00 -2.5291e+01  4.8311e+02  1.0558e+00  3.7609e-01 -2.2345e+02  2.2215e+03  1.0460e+00  1.3290e-05  4.0846e+06  4.0847e+06
hipparmi   F	 196784	     29	 1383.7	 174278	-3.9676	  1.6372e-01  6.4498e+01  5.0058e+01  8.6437e-01 -1.0664e+02  9.5654e+02  1.1016e+00  6.2184e-01 -9.0696e+02  5.2786e+03  1.2316e+00  1.6549e-05  3.5936e+06  3.5937e+06
hippcome   F	 222354	     20	  322.5	  38172	-3.2459	  2.8956e-01  9.8131e+00  7.0713e+01  5.5626e+00 -4.4282e+01  2.6267e+02  1.6278e+00  3.7312e-01  1.0727e+02  9.0666e+02  1.1311e+00  3.0287e-05  3.3214e+06  3.3215e+06
hippconv   F	  42293	     16	  423.5	 266319	-3.5627	  2.3018e-01  4.1955e+01  1.3112e+01  2.5678e+00 -1.6503e+01  1.4846e+02  1.1411e+00  3.3994e-01 -4.8106e+02  2.9062e+03  9.8715e-01  9.1383e-05  6.9645e+05  6.9655e+05
hipphipp   F	 235709	     17	  376.3	  47068	-3.3295	  3.3759e-02  3.5276e+01  5.2350e+01  9.4106e+00  5.2933e+01  4.9347e+01  1.7726e+00  3.0146e-01 -8.7483e+01  5.9807e+02  1.1188e+00  2.1478e-05  3.6137e+06  3.6138e+06
hippsali   F	 107620	     16	  255.6	  18636	-3.0740	  4.4397e-01  4.8754e+01  4.8863e+01  1.9740e+00 -7.2717e+02  1.1414e+03  5.0095e+00  1.9148e-01 -7.5185e+01  5.5067e+02  1.2148e+00  3.9520e-05  1.5237e+06  1.5238e+06
hippsten   F	 242161	     24	  376.8	  41216	-3.3129	  6.9409e-02  3.7372e+01  5.1416e+01  6.4577e+00  5.4773e+01  5.7665e+01  1.3302e+00  3.5118e-01 -7.0400e+01  6.8157e+02  1.1598e+00  2.0865e-05  3.6942e+06  3.6944e+06
hippzost   F	 232861	     21	  305.8	  40550	-3.2373	  2.8131e-01 -3.9715e+01  1.1929e+02  1.0105e+01 -1.1706e+02  2.6762e+02  3.3687e+00  2.5042e-01  4.2656e+01  7.6380e+02  1.1419e+00  2.4395e-05  3.4717e+06  3.4718e+06
hirsminn   F	  13458	     23	   62.0	    697	-1.9466	  7.4617e-01  2.2384e+01  3.3663e+01  4.3065e+00 -6.4770e+00  8.4282e+01  1.8463e+00  5.4403e-04  1.2063e+05  1.2068e+05
hirsrhos   F	  29158	     18	   64.9	    751	-2.0578	  7.3868e-01 -6.0185e+01  1.1711e+02  1.2090e+01 -4.6502e+01  1.5103e+02  2.3716e+00  9.7442e-04  2.7629e+05  2.7634e+05
hirumedi   F	  32810	     17	  183.5	  25522	-2.9007	  1.8093e-09 -4.1459e+00  4.8473e-06  1.1068e+00 -1.0398e+02  1.6912e+02  2.6472e+01  1.5125e-01 -7.5280e+00  1.7449e+02  1.2927e+00  1.3104e-04  4.4024e+05  4.4033e+05
hirunipp   F	 101374	     17	  191.3	  13139	-2.8972	  2.5897e-01  4.8780e+01  2.0922e+01  1.5896e+00 -4.3128e+02  6.0853e+02  6.5747e+00  5.9091e-01 -1.4791e+02  1.0083e+03  1.3136e+00  6.7056e-05  1.3524e+06  1.3525e+06
hirurust   F	 186704	     29	  936.8	 145758	-3.7774	  1.0285e-01  5.2523e+01  3.9705e+01  1.8371e+00 -4.9627e+01  8.1353e+02  9.9968e-01  1.7455e-05  3.2471e+06  3.2472e+06
hiruverb   F	  65754	     18	  143.3	   3029	-2.6777	  2.2532e-01 -1.1666e+02  1.8195e+02  2.5673e+01 -7.4867e+01  2.4849e+02  1.1504e-05  1.4016e-06 -2.0777e+01  1.6818e+02  1.7392e+00  1.1375e-04  8.1176e+05  8.1186e+05
histcaps   F	  21080	     23	   90.9	    854	-2.4213	  3.5022e-02 -3.2772e-01  3.1301e+01  5.1477e+00 -1.7321e+02  2.4081e+02  1.4279e+01  5.7293e-01 -1.8027e+02  3.3860e+02  3.9009e+00  3.5287e-04  2.3509e+05  2.3518e+05
histmele   F	    927	     17	 1091.0	 252477	-3.9074	  1.9130e-02  5.6900e+01  1.2771e+00  4.3566e-01  4.9337e+00  1.1929e+02  7.0216e-01  5.0148e-01 -5.8816e+02  3.2212e+03  1.1955e+00  1.2623e-03  1.6618e+04  1.6671e+04
histmiss   F	  22566	     23	   96.7	    696	-2.4431	  3.6870e-02 -5.1683e+01  8.4389e+01  1.5748e+01  8.5691e+00  6.3732e+01  2.7112e+00  7.1244e-01 -3.7189e+02  5.8627e+02  6.9359e+00  3.5820e-04  2.5365e+05  2.5373e+05
hofsmiam   F	  66653	     16	 1193.8	 277566	-3.8529	  1.1336e-01 -8.0852e+01  1.2284e+02  3.0000e+01  2.6697e+01  2.9336e+02  5.0986e-01  5.3359e-01 -2.5187e+03  4.5308e+03  2.4900e+00  1.1265e-04  1.1960e+06  1.1961e+06
holaduos   F	  92312	     16	   97.5	  31849	-2.7956	  5.3728e-01 -1.3942e+00  7.2498e+01  6.1354e+00 -1.7414e+01  2.5554e+02  1.0543e+00  4.0986e-01 -4.9699e+02  4.0239e+03  1.4567e+00  3.3223e-04  1.1877e+06  1.1878e+06
hologlab   F	  58737	     16	 1233.1	  47862	-3.7700	  2.4811e-12 -5.2796e+02  4.7281e+02  9.4571e+01 -4.2749e+02  1.2798e+03  1.4580e+00  9.9751e-01  4.4100e+02  8.4979e+02  2.4755e+00  5.1893e-05  1.0271e+06  1.0272e+06
holoscab   F	 109526	     16	 1621.0	 105231	-3.9523	  3.9115e-02 -7.9236e+02  8.2889e+02  3.0000e+01 -2.1290e+02  1.4429e+03  1.2247e+00  3.2473e-05  1.9938e+06  1.9939e+06
homaamer   F	 161048	     16	 1150.5	 318726	-3.9557	  8.7863e-04  1.0119e+02  8.3340e+01  1.3841e+01 -6.9261e+01  3.4660e+02  1.1247e+00  4.6428e-01 -2.2406e+02  1.9740e+03  9.2667e-01  2.7329e-05  2.9387e+06  2.9388e+06
homavitr   F	 132966	     16	 1998.2	 248161	-4.0801	  1.9274e-01  1.0045e+01  1.0013e+02  5.5540e-01 -3.5272e+02  2.0954e+03  1.2090e+00  3.1172e-05  2.4945e+06  2.4945e+06
homopoly   F	  22052	     23	  104.8	   1960	-2.3700	  6.9289e-01  2.5538e+01  6.7537e+01  3.3089e+00 -1.8862e+01  1.2457e+02  1.4868e+00  3.0711e-01  6.1158e+02  1.9930e+03  1.9888e+01  4.2737e-04  2.3839e+05  2.3848e+05
homosap1   F	 335812	     18	 2050.0	 561347	-4.1600	  2.0014e-01  6.4428e+01  9.1482e+01  6.8246e-01 -1.9022e+02  1.9727e+03  9.1695e-01  1.3220e-05  6.4207e+06  6.4207e+06
homosapi   F	 351071	     24	 1977.4	 566701	-4.1488	  2.0580e-01  6.4437e+01  9.0155e+01  6.8693e-01 -1.7142e+02  1.9177e+03  9.0906e-01  1.2476e-05  6.6933e+06  6.6934e+06
hoplmala   F	 273704	     29	  610.9	  55015	-3.5330	  1.0031e-01 -3.9211e+01  1.3101e+02  1.0650e+01  4.5389e+01  1.4583e+02  1.0793e+00  3.3470e-01 -1.3254e+02  1.0080e+03  1.2096e+00  1.7389e-05  4.4516e+06  4.4517e+06
hoplpale   F	     77	     16	  100.5	 100490	-2.7456	  7.3525e-01  1.1768e+01  3.8307e+01  6.3355e-01 -3.1054e+02  3.9842e+02  2.1508e+01  1.3103e-02  9.7632e+02  9.9273e+02
hordvulg   F	 389233	     16	  273.4	 640021	-3.3821	  3.6918e-01  2.3202e+01  6.6703e+01  3.9457e+00 -3.1472e+02  5.9813e+02  2.7372e+00  2.4234e-01 -5.5472e+01  1.0119e+03  6.7387e-01  1.5719e-05  6.0583e+06  6.0585e+06
hormcali   F	  42234	     16	  208.2	 166800	-3.1800	  5.9339e-01 -4.6702e+01  1.8065e+02  3.3221e+00 -2.3342e+01  5.1244e+02  7.5918e-01  6.4154e-05  6.1851e+05  6.1857e+05
hortacid   F	  15835	     23	   59.1	    471	-1.7441	  8.2607e-01 -4.7055e+00  6.0031e+01  1.0940e+01 -3.7510e+01  1.2279e+02  2.4867e+00  4.5475e-04  1.2709e+05  1.2714e+05
hortwern   F	  19866	     23	   61.7	   1065	-1.9944	  6.5927e-01  2.6385e+01  2.9330e+01  4.8998e+00  3.3052e-01  7.9906e+01  1.6274e+00  5.7679e-04  1.8239e+05  1.8244e+05
huionaga   F	    130	     21	  176.0	    inf	-2.6993	  3.0338e-01 -4.6891e+02  5.5738e+02  3.0000e+01 -3.4514e+02  5.4639e+02  4.6200e+00  7.2934e-03  1.6195e+03  1.6396e+03
humulupu   F	 162558	     17	  181.7	  16367	-2.9400	  3.8934e-01  3.7466e+01  5.4977e+01  3.3495e+00 -8.6927e+00  2.6793e+02  1.1460e+00  5.5953e-01  9.9910e-01  5.5243e+02  3.7576e+00  4.9886e-05  2.2013e+06  2.2014e+06
hyaehyae   F	 207780	     30	 1442.1	 162020	-3.9575	  1.0031e-01  6.0723e+01  3.5850e+01  1.4313e+00 -4.2300e+01  5.4220e+02  1.1210e+00  4.0221e-01 -3.4345e+02  2.5963e+03  1.1463e+00  1.4651e-05  3.7853e+06  3.7854e+06
hyalarab   F	  13105	     23	   92.7	   1222	-2.3970	  3.2788e-01 -2.4738e+02  3.2370e+02  3.0000e+01 -3.0695e+01  1.2413e+02  2.1186e+00  4.5439e-04  1.4470e+05  1.4475e+05
hyalazte   F	 106178	     24	  585.0	  36513	-3.4452	  2.0354e-01 -2.2652e+03  2.6936e+03  1.4781e+01 -4.1987e+01  5.0995e+02  1.1862e+00  3.8964e-05  1.6880e+06  1.6881e+06
hyalbico   F	  35823	     16	   55.2	    873	-1.9020	  6.5133e-01  2.8929e+01  2.1317e+01  4.7487e+00 -3.9778e+01  1.1252e+02  2.9691e+00  3.3404e-01 -6.8565e+01  4.2250e+02  1.3045e+00  2.4667e-04  3.1379e+05  3.1389e+05
hyalblep   F	  44390	     23	   44.0	    191	-1.4066	  8.9618e-01 -8.7973e+00  5.0652e+01  1.5293e+01 -4.6898e+01  1.0348e+02  3.9665e+00  1.0232e-01  1.9976e+01  3.3395e+02  1.1583e+00  7.3151e-04  2.8800e+05  2.8810e+05
hydataen   F	  45125	     23	  187.8	   5695	-2.8700	  1.8103e-01  2.4868e+01  9.9863e+00  1.9131e+00 -1.5401e+02  2.2610e+02  3.0000e+01  2.0288e-01 -1.4786e+02  4.1535e+02  1.8194e+00  1.8046e-04  6.1321e+05  6.1330e+05
hydnfimb   F	  83107	     23	   58.8	    468	-1.7027	  8.8697e-01  1.8512e+01  3.6721e+01  6.1604e+00 -2.9239e+01  1.1480e+02  2.1131e+00  2.1042e-04  6.5107e+05  6.5113e+05
hydnpina   F	  74669	     23	   56.2	    577	-1.6349	  8.9447e-01  2.5805e+01  2.7428e+01  5.4540e+00 -2.9627e+00  8.1361e+01  1.5410e+00  3.3367e-04  5.6207e+05  5.6214e+05
hydnrufe   F	 102221	     23	   61.6	    610	-1.8793	  7.5153e-01  2.6033e+01  3.1331e+01  4.8478e+00 -1.2419e+01  7.9241e+01  1.8901e+00  2.5340e-04  8.8452e+05  8.8459e+05
hydrmacr   F	     59	     69	  902.0	 208713	-3.7200	  2.8842e-01 -5.7077e+02  6.7060e+02  3.0000e+01  7.3015e+01  1.1761e+03  9.5677e-01  1.6454e-02  1.0220e+03  1.0365e+03
hydrolig   F	  13448	     16	  281.4	  18238	-3.2779	  3.4694e-01  6.0749e+01  3.1836e+01  1.1112e+00 -2.6090e+02  4.6558e+02  2.8779e+00  3.5708e-01 -4.5150e+02  2.0759e+03  1.8824e+00  1.4407e-04  2.0326e+05  2.0334e+05
hydrsymb   F	 144039	     25	  361.5	  22061	-3.2370	  1.9234e-01  6.1018e+01  2.3680e+01  1.4301e+00 -3.8523e+01  3.7607e+02  1.2480e+00  4.1077e-05  2.1471e+06  2.1471e+06
hydrvul1   F	 147746	     24	  641.6	  68748	-3.6666	  6.1061e-01  5.8062e+01  7.8038e+01  7.5493e-01 -4.0322e+03  7.4597e+03  2.4837e+00  4.3411e-05  2.5024e+06  2.5024e+06
hydrvulg   F	 117342	     16	  636.5	  90789	-3.6777	  5.6375e-01  5.6111e+01  7.6731e+01  8.0733e-01 -1.7787e+03  4.3658e+03  1.6144e+00  4.2032e-05  2.0030e+06  2.0030e+06
hylaanth   F	  78002	     30	  159.6	 123100	-3.1064	  3.9886e-01 -2.5662e+02  3.3142e+02  3.0000e+01  6.6364e+00  2.6492e+02  9.2638e-01  5.1049e-01 -4.0245e+02  3.6071e+03  9.3454e-01  7.5532e-05  1.1156e+06  1.1157e+06
hylasard   F	 242691	     22	 2837.4	 593419	-4.2640	  1.6935e-01  6.6862e+01  3.9501e+01  7.7520e-01 -3.8225e+02  2.9256e+03  9.6547e-01  1.7847e-05  4.7606e+06  4.7606e+06
hylavolc   F	  93458	     30	  111.1	 203024	-3.0115	  5.5103e-01 -4.4561e+02  5.1498e+02  3.0000e+01  8.3567e+01  3.4490e+02  7.0435e-01  1.4949e-04  1.2939e+06  1.2939e+06
hyleeuph   F	  19468	     21	  581.3	  57201	-3.5354	  7.0127e-02 -1.0531e+02  1.8227e+02  2.7690e+01 -5.8117e+01  5.3258e+02  1.1166e+00  1.1075e-04  3.1740e+05  3.1745e+05
hylomolo   F	 217877	     30	 1677.0	 263325	-4.0347	  8.2666e-02  5.4545e+01  3.8689e+01  1.9466e+00 -1.7161e+02  4.2383e+02  2.9091e+00  1.4151e-01 -2.0119e+02  1.9268e+03  1.0250e+00  1.2846e-05  4.0470e+06  4.0471e+06
hylygram   F	  27670	     16	 1003.9	  76775	-3.6744	  4.8032e-02  5.1644e+01  3.6891e+01  2.7419e+00 -2.7445e+02  1.0621e+03  1.5177e+00  7.7826e-05  4.6902e+05  4.6908e+05
hymecoro   F	  43427	     25	 4486.9	 147032	-4.3053	  4.4281e-02  6.6462e+01  1.7650e+01  1.7390e+00 -1.2515e+03  1.3964e+03  1.3351e+01  5.8680e-02 -1.7049e+03  5.4719e+03  1.5706e+00  3.5626e-05  8.6387e+05  8.6396e+05
hymedimi   F	  48899	     17	  263.9	  15486	-3.1057	  2.9297e-01 -4.7290e+01  1.1889e+02  2.3502e+01  6.7720e+00  8.8314e+01  1.2350e+00  2.6461e-01 -3.9723e+02  1.4543e+03  1.9122e+00  1.3177e-04  6.9881e+05  6.9891e+05
hymemicr   F	  59661	     28	  173.0	   9707	-2.9898	  1.6396e-01 -4.1480e+01  7.8780e+01  1.4941e+01  4.6885e+01  2.4770e+01  3.6160e+00  2.9987e-01 -7.6157e+02  1.4211e+03  2.3387e+00  1.6314e-04  8.3347e+05  8.3357e+05
hymenana   F	  51305	     23	  111.7	  12445	-2.9345	  1.9702e-01 -1.2378e+00  3.7663e+01  6.7116e+00  3.1290e+01  4.0636e+01  6.0317e+00  2.9787e-01 -2.8104e+02  8.2652e+02  1.6862e+00  1.5535e-04  6.9227e+05  6.9237e+05
hymeradi   F	 137004	     23	   52.2	    781	-1.5615	  8.4816e-01 -5.8480e+01  1.0849e+02  2.9999e+01  7.5933e+00  5.3910e+01  1.2753e+00  3.9908e-04  9.7363e+05  9.7370e+05
hymevari   F	  38685	     23	   56.0	    647	-1.8727	  7.2698e-01  3.4375e+01  1.6643e+01  3.2874e+00 -1.1983e+01  9.6014e+01  2.0723e+00  3.4505e-04  3.3362e+05  3.3368e+05
hypasabi   F	 239797	     21	 3257.7	 451799	-4.3007	  8.8446e-02  7.0074e+01  5.3685e+01  7.1362e-01 -3.5967e+02  2.7160e+03  1.0228e+00  1.7450e-05  4.7393e+06  4.7394e+06
hypeandr   F	    113	     70	  129.2	   1713	-2.5471	  1.1271e-01 -1.5470e+01  1.0027e+02  2.0781e+01  5.1006e+01  6.1743e+01  1.5236e+00  7.2406e-01  2.3465e+02  1.7525e+02  3.1028e+00  1.0164e-02  1.3486e+03  1.3786e+03
hypelanc   F	 177038	     16	  545.4	  76002	-3.5142	  1.6309e-01  1.5516e+01  8.3124e+01  5.1440e+00  9.0521e+01  1.4193e+02  7.9756e-01  1.4563e-01 -8.8853e+01  6.8130e+02  1.0903e+00  2.3640e-05  2.8656e+06  2.8657e+06
hypeperf   F	  94491	     16	  143.5	  49300	-2.8646	  3.9941e-01 -3.2703e+02  4.1570e+02  3.0000e+01 -2.6370e+01  2.5517e+02  1.1577e+00  6.0059e-01 -7.0784e+02  1.3786e+03  7.8543e+00  9.5439e-05  1.2506e+06  1.2507e+06
hyperigg   F	 243516	     29	 4083.0	 578376	-4.3972	  9.0986e-02  6.5123e+01  3.0642e+01  1.1088e+00 -4.5584e+02  3.6467e+03  1.0263e+00  1.2919e-05  4.9210e+06  4.9210e+06
hyphburt   F	   1228	     23	   83.7	   4225	-2.5442	  2.0659e-01  3.1829e+01  2.2016e+01  4.6247e+00 -2.3014e+00  8.5419e+01  1.2978e+00  2.6613e-03  1.4389e+04  1.4425e+04
hyphsubl   F	  89270	     23	   56.7	    547	-1.6358	  8.8974e-01 -4.7765e+01  1.0137e+02  1.9307e+01 -9.7392e+00  9.0634e+01  1.6914e+00  2.5573e-04  6.7221e+05  6.7228e+05
hypodidy   F	  28112	     16	  236.1	  24558	-3.0785	  3.3818e-01  4.6704e+01  4.1848e+01  2.4004e+00 -1.8823e+01  3.2164e+02  1.1126e+00  6.2510e-01 -3.3913e+02  9.1700e+02  6.7395e+00  1.1718e-04  3.9886e+05  3.9895e+05
hypofrag   F	  19740	     20	   70.2	    654	-2.0430	  9.1379e-01  3.9078e+01  2.4106e+01  1.7135e+00 -1.8853e+01  9.7979e+01  2.1149e+00  3.4069e-04  1.8572e+05  1.8577e+05
hypohamp   F	  76764	     18	   61.0	 238935	-2.6447	  4.9557e-01 -7.8331e+01  1.3272e+02  3.0000e+01 -3.8235e+00  1.9076e+02  9.6051e-01  4.3059e-01  6.2256e+02  1.5334e+03  1.5468e+00  3.2117e-04  9.1411e+05  9.1421e+05
hypokaha   F	  86229	     16	  928.6	 110690	-3.7296	  1.2517e-01  5.6956e+01  2.8474e+01  1.4191e+00 -1.3257e+02  8.6678e+02  1.0641e+00  3.9540e-05  1.4812e+06  1.4813e+06
hypookin   F	  45842	     18	  824.6	  46533	-3.6231	  1.4355e-01  6.1007e+01  4.3533e+01  1.1359e+00 -1.0150e+02  8.1686e+02  1.2735e+00  5.4391e-05  7.6473e+05  7.6480e+05
hyporufu   F	  26593	     16	   79.6	   7652	-2.5694	  4.7272e-01  3.7042e+01  2.1369e+01  2.0628e+00 -1.2274e+02  1.7700e+02  2.6341e+01  1.0964e-01 -5.3824e+01  2.8030e+02  1.3337e+00  1.6111e-04  3.1446e+05  3.1455e+05
hypospec   F	  33464	     23	   69.9	   2112	-2.2701	  6.5308e-01  3.5779e+01  2.2424e+01  2.3407e+00 -3.3000e+01  1.5207e+02  1.6003e+00  1.6930e-04  3.4986e+05  3.4992e+05
hypotran   F	 222590	     20	  257.0	  27430	-3.1533	  4.2171e-01  5.0415e+01  6.4971e+01  1.6524e+00  1.1211e+01  2.1926e+02  2.1895e+00  2.3177e-01 -1.2177e+02  7.9750e+02  1.1959e+00  2.2983e-05  3.2320e+06  3.2321e+06
hypotrug   F	  23348	     24	   61.5	    470	-1.8674	  7.9972e-01  3.1186e+01  2.5012e+01  3.5398e+00 -2.8507e+01  1.1553e+02  2.5188e+00  4.0225e-04  2.0077e+05  2.0083e+05
hypsduja   F	  66018	     23	  168.9	   3438	-2.7701	  4.0814e-01  8.7598e+00  6.3779e+01  4.9948e+00 -9.7170e+01  3.5225e+02  2.0681e+00  8.9842e-05  8.4266e+05  8.4273e+05
hypsexem   F	  72190	     23	  185.1	  11645	-2.8339	  3.8108e-01 -3.7222e+00  7.5988e+01  6.1578e+00 -5.6997e+01  3.1550e+02  1.6798e+00  8.7304e-05  9.4325e+05  9.4332e+05
hypsmarm   F	  75840	     23	   56.1	    425	-1.5532	  9.0065e-01 -5.1840e+01  1.0529e+02  2.2735e+01  1.5595e+00  6.9850e+01  1.6436e+00  4.1468e-04  5.4220e+05  5.4227e+05
hystpuli   F	  26564	     37	   58.1	   1009	-1.9465	  7.0417e-01  1.9569e+01  3.2903e+01  6.2762e+00 -3.0108e+00  1.0100e+02  1.7667e+00  4.2829e-04  2.3790e+05  2.3796e+05
icerpurc   F	  29341	     21	 2507.1	 149505	-4.0831	  2.3545e-01  7.0151e+01  6.9467e+01  7.2630e-01 -6.8644e+02  3.0948e+03  1.3456e+00  5.4481e-05  5.5194e+05  5.5199e+05
ichtmult   F	  20911	     18	   63.6	   2172	-2.3143	  5.8608e-01 -3.1095e-01  4.8813e+01  5.9105e+00 -5.6054e+02  6.6221e+02  3.0000e+01  8.8014e-02 -4.6087e+01  1.9008e+02  1.6971e+00  6.5595e-04  2.2291e+05  2.2300e+05
ictafurc   F	 246008	     30	  535.2	  45366	-3.4769	  1.2399e-01  1.7441e+01  7.4958e+01  5.4411e+00  4.2864e+01  1.2046e+02  1.2653e+00  3.5046e-01 -2.2172e+02  1.2345e+03  1.2995e+00  1.7553e-05  3.9395e+06  3.9396e+06
ictapunc   F	 256516	     16	  577.4	  96532	-3.5595	  1.4955e-01  1.2130e+01  8.1244e+01  5.4936e+00 -3.1985e+01  1.8402e+02  3.4832e+00  1.5489e-01 -1.5476e+02  9.0475e+02  1.0557e+00  1.8326e-05  4.2096e+06  4.2097e+06
ictitrid   F	 222751	     28	 1471.0	 216453	-3.9824	  7.6848e-02  4.4651e+01  4.5645e+01  2.6293e+00  1.1098e+00  3.7669e+02  1.0611e+00  3.0319e-01 -2.4444e+02  2.0883e+03  1.0535e+00  1.3147e-05  4.0835e+06  4.0836e+06
idotbalt   F	  17422	     16	  470.4	  13204	-3.3240	  4.5088e-02 -4.2755e+01  1.4701e+02  7.7014e+00 -1.6837e+02  5.2770e+02  1.6240e+00  1.4657e-04  2.6718e+05  2.6723e+05
ilexpara   F	 120368	     16	  361.4	  52921	-3.3279	  2.1896e-01 -2.6978e+02  3.5849e+02  2.6357e+01 -1.1607e+01  1.3898e+02  3.6679e+00  1.5807e-01 -1.0244e+02  7.0196e+02  1.1148e+00  3.0872e-05  1.8451e+06  1.8452e+06
ilyoeuro   F	  45938	     23	   58.9	    800	-1.9166	  7.5722e-01  3.0615e+01  2.3370e+01  3.4577e+00 -6.8852e+00  8.1192e+01  1.6870e+00  2.9907e-04  4.0500e+05  4.0506e+05
ilyorobu   F	  42763	     23	   59.2	    865	-1.9343	  7.0989e-01  2.5719e+01  2.8041e+01  4.3985e+00  1.4497e+00  7.3708e+01  1.6464e+00  3.0919e-04  3.8080e+05  3.8086e+05
ilyospec   F	  41131	     23	   58.7	    884	-1.9140	  7.2252e-01  2.4570e+01  2.9093e+01  4.6105e+00  3.7342e+00  6.8559e+01  1.5701e+00  2.8028e-04  3.6270e+05  3.6276e+05
imancenc   F	   2689	     71	 1072.0	  22811	-3.6421	  1.9304e-01  6.5910e+01  6.4693e+01  8.0551e-01 -5.3736e+02  1.5268e+03  2.0167e+00  3.7753e-04  4.5070e+04  4.5111e+04
impabals   F	  62757	     16	  128.1	   6260	-2.7930	  1.5842e-02 -1.4157e+02  1.6588e+02  2.5179e+01  5.3612e+00  7.7506e+01  5.9129e+00  4.8156e-01 -1.1975e+02  4.3090e+02  1.7089e+00  1.2025e-04  8.0691e+05  8.0701e+05
impaglan   F	 141301	     17	  111.2	   5704	-2.6877	  5.5236e-01 -1.6793e+00  8.3631e+01  6.3857e+00 -1.1411e+02  4.1939e+02  1.7068e+00  1.1823e-04  1.7474e+06  1.7475e+06
indiindi   F	 147747	     30	 1015.3	  77082	-3.7537	  1.0174e-01  5.5544e+01  4.1456e+01  1.5937e+00 -1.4309e+02  9.7876e+02  1.1878e+00  2.2612e-05  2.5545e+06  2.5546e+06
ipombata   F	  95880	     16	  193.4	 226617	-3.0596	  3.7643e-01 -3.6935e+02  4.6312e+02  2.6572e+01 -1.0024e+03  1.3146e+03  6.3299e+00  3.9443e-01 -4.7047e+00  3.5960e+02  5.9167e-01  1.0866e-04  1.3529e+06  1.3530e+06
ipomnil_   F	 160131	     27	  174.0	   8168	-2.9059	  4.1696e-01  3.2668e+01  5.9001e+01  3.4164e+00 -9.7908e+01  3.8968e+02  1.5565e+00  5.5761e-05  2.1429e+06  2.1429e+06
ipompurp   F	  17178	     16	  175.4	   8829	-2.9092	  4.4984e-01  4.5324e+01  4.6173e+01  2.5537e+00 -1.0178e+02  4.1985e+02  1.5361e+00  1.8291e-04  2.3025e+05  2.3030e+05
ipomtrif   F	  76179	     16	  198.1	  53375	-2.9895	  4.0283e-01  5.0977e+01  4.2013e+01  2.2205e+00 -6.4629e+01  3.7165e+02  1.3067e+00  5.9999e-05  1.0503e+06  1.0504e+06
ipomtril   F	 153649	     18	  189.6	   5330	-2.8997	  3.9938e-01  3.5592e+01  5.6344e+01  3.2688e+00 -5.8694e+01  2.9883e+02  1.7130e+00  4.5455e-01  2.7769e+01  6.3273e+02  2.0637e+00  4.6056e-05  2.0517e+06  2.0518e+06
ips_typo   F	  32703	     16	   64.3	 552782	-2.8312	  5.1276e-01 -5.8274e+01  1.1146e+02  3.0000e+01 -6.0196e+02  6.8927e+02  2.2304e+01  7.4099e-02 -1.2866e+01  7.3133e+02  6.6511e-01  1.6916e-04  4.2563e+05  4.2572e+05
irispall   F	 235290	     17	  448.4	 113629	-3.4646	  2.1971e-01 -1.1727e+02  2.0281e+02  1.7984e+01  4.7555e+01  6.9213e+01  1.1850e+00  2.7859e-01 -2.7018e+02  1.7634e+03  1.1066e+00  1.7838e-05  3.7535e+06  3.7536e+06
irpelact   F	 110361	     23	   58.9	    432	-1.7327	  8.4408e-01  1.6374e+01  3.8898e+01  6.5805e+00 -1.9760e+01  8.8476e+01  2.0992e+00  2.4151e-04  8.8183e+05  8.8190e+05
isarfumo   F	  15687	     23	   63.6	   1075	-1.9980	  7.8159e-01  2.4050e+01  3.3026e+01  3.7373e+00 -4.4654e+00  9.4199e+01  1.5438e+00  4.6876e-04  1.4423e+05  1.4429e+05
isattinc   F	 100456	     16	  107.5	  53877	-2.5434	  6.6748e-01  5.2143e+01  3.7179e+01  2.3521e+00 -8.4506e+00  2.2645e+02  1.0955e+00  1.5974e-04  1.1798e+06  1.1799e+06
ischeleg   F	 111336	     16	 1447.8	 309826	-3.9515	  1.1608e-01 -2.5567e+02  3.4017e+02  2.9910e+01  9.2453e+01  7.6640e+01  8.2637e-01  1.0766e-01 -2.1900e+02  1.6269e+03  9.6469e-01  2.4446e-05  2.0268e+06  2.0269e+06
ischpube   F	 111718	     16	  209.8	  10779	-3.0139	  4.1019e-01  3.2929e+01  5.4256e+01  3.4373e+00 -6.5512e+01  3.6307e+02  1.2984e+00  4.0498e-01 -3.8117e+02  1.1872e+03  3.3160e+00  5.3345e-05  1.5508e+06  1.5509e+06
isocgalb   F	  21153	     16	  147.0	  90724	-2.6290	  8.9380e-01 -5.4977e+01  1.7773e+02  4.2150e+00 -1.3220e+01  4.7569e+02  5.7740e-01  2.1850e-04  2.5593e+05  2.5599e+05
ixodpers   F	  68709	     16	 1702.0	  80273	-3.9299	  9.8226e-02 -1.0270e+01  9.0438e+01  4.1197e+00 -2.0029e+02  1.1941e+03  1.1913e+00  6.3441e-01 -8.1170e+02  3.4357e+03  1.8354e+00  3.5435e-05  1.2442e+06  1.2443e+06
ixodrici   F	   5309	     16	  456.1	   6078	-3.2414	  3.5366e-02 -2.2118e+02  2.4776e+02  2.8413e+01  3.2430e+01  5.3509e+01  1.4537e+00  3.3920e-01 -6.2618e+02  1.2445e+03  2.9086e+00  3.0196e-04  7.9295e+04  7.9367e+04
ixodscap   F	 116786	     16	 1601.8	 193563	-3.9530	  1.1077e-01 -1.9631e+01  9.8029e+01  4.4949e+00 -1.8621e+02  1.2018e+03  9.6162e-01  6.6154e-01 -1.3857e+03  3.5167e+03  2.2117e+00  3.1552e-05  2.1297e+06  2.1298e+06
jaapargi   F	  86733	     23	   57.6	    430	-1.6379	  8.9318e-01  1.1030e+01  4.3318e+01  8.1587e+00 -1.7795e+01  9.9332e+01  2.0182e+00  2.6061e-04  6.5411e+05  6.5417e+05
jacujacu   F	 203461	     28	 1767.0	 272273	-4.0364	  2.1943e-01  6.5067e+01  6.6533e+01  7.0298e-01 -2.6273e+02  1.8858e+03  1.0422e+00  1.8501e-05  3.7785e+06  3.7786e+06
jamirose   F	   9615	     18	   78.3	    755	-1.9081	  8.3033e-01 -1.8898e+02  2.6240e+02  3.0000e+01 -2.7609e+01  1.1032e+02  1.7913e+00  9.1364e-04  8.4343e+04  8.4394e+04
jamispec   F	  11025	     23	   78.7	    691	-1.9374	  8.2323e-01 -1.9816e+02  2.7155e+02  3.0000e+01 -6.8083e+01  1.6322e+02  2.3105e+00  7.6176e-04  9.8106e+04  9.8157e+04
jatrcurc   F	 113192	     16	  216.0	  10824	-3.0114	  3.6084e-01  4.6054e+01  4.5876e+01  2.6414e+00 -7.2849e+01  3.4436e+02  1.3521e+00  5.3594e-01 -6.1975e+02  1.3011e+03  4.5364e+00  4.6226e-05  1.5701e+06  1.5702e+06
juglmand   F	  65736	     16	  264.2	  46569	-3.1958	  6.6168e-03 -6.0934e+01  9.2961e+01  5.1982e+00  5.3029e+01  4.8116e+01  1.6441e+00  5.0766e-01  6.2031e+01  5.5784e+02  1.0337e+00  5.1198e-05  9.6696e+05  9.6706e+05
juglmicr   F	 147278	     22	  265.9	  13488	-3.1095	  3.7443e-01  3.7125e+01  5.9810e+01  2.7502e+00 -7.5832e+01  4.1671e+02  1.3825e+00  5.0761e-01  5.4057e+01  7.9558e+02  1.7235e+00  3.6329e-05  2.1082e+06  2.1083e+06
juglregi   F	 160102	     29	  264.6	  12508	-3.0951	  4.2252e-01  4.2980e+01  5.5814e+01  2.2557e+00 -5.6614e+01  4.1140e+02  1.3325e+00  3.5690e-01 -1.3670e+02  7.9193e+02  1.8610e+00  3.3572e-05  2.2823e+06  2.2824e+06
junceffu   F	  56711	     16	  130.3	   7362	-2.6890	  5.0543e-01 -5.3427e+01  1.4223e+02  1.0027e+01 -5.6733e+02  8.5274e+02  6.1804e+00  3.5519e-01 -3.7766e+01  2.9547e+02  1.0276e+00  1.1385e-04  7.0236e+05  7.0246e+05
kalafedt   F	 137073	     23	  129.4	   3168	-2.6836	  4.6632e-01  2.1147e+01  6.6430e+01  4.6549e+00 -6.7937e+01  2.6453e+02  1.8256e+00  4.6411e-01 -3.4366e+02  8.8892e+02  4.1709e+00  6.1040e-05  1.6937e+06  1.6938e+06
kalalaxi   F	 384568	     23	  128.8	   2979	-2.6727	  4.7042e-01  2.1148e+01  6.6420e+01  4.6560e+00 -6.7996e+01  2.6450e+02  1.8656e+00  4.6078e-01 -3.4366e+02  8.8892e+02  4.4243e+00  5.1905e-05  4.7303e+06  4.7304e+06
kalamarn   F	 468884	     16	  125.7	   2512	-2.6462	  4.8472e-01  2.6739e+01  6.0786e+01  4.2623e+00 -8.4419e+01  2.7662e+02  2.0445e+00  4.4560e-01 -3.3844e+02  8.9427e+02  4.3545e+00  6.7741e-05  5.7138e+06  5.7139e+06
kalapfei   F	  46118	     23	   68.2	    908	-2.1182	  7.2251e-01  3.7857e+01  2.2250e+01  1.9833e+00 -1.4649e+01  8.9669e+01  1.7646e+00  2.3808e-04  4.4975e+05  4.4981e+05
kalmbras   F	   2974	     23	  110.7	   1694	-2.5933	  4.4804e-01  2.2475e+01  5.8848e+01  5.6362e+00 -1.1099e+02  2.6359e+02  2.5363e+00  4.3648e-01 -3.4142e+02  8.9172e+02  5.1029e+00  7.2899e-04  3.5458e+04  3.5524e+04
kappalva   F	   4169	     16	  136.3	 172244	-3.0689	  5.8435e-01 -1.0599e+02  2.2169e+02  7.6604e+00  1.3624e+01  1.4546e+02  3.9417e-01  4.1560e-01 -1.0388e+02  2.9667e+02  1.4702e-01  4.5929e-04  5.8793e+04  5.8863e+04
karsrhod   F	  30102	     23	   55.1	    614	-1.8723	  6.7116e-01  2.3732e+01  2.6540e+01  6.2739e+00 -1.7282e+01  9.8112e+01  2.2442e+00  4.2099e-04  2.5969e+05  2.5974e+05
kazaafri   F	    172	     53	   88.0	    729	-2.3526	  6.5514e-01 -2.8344e+02  3.5494e+02  2.9140e+01 -6.3677e+02  9.0212e+02  1.0197e+01  6.5127e-03  1.8727e+03  1.8947e+03
kazanaga   F	    125	     57	  177.0	    834	-2.6265	  6.7357e-01  4.6219e+00  9.9547e+01  2.3977e+00 -1.1943e+02  4.5432e+02  8.0600e+00  7.3842e-03  1.5261e+03  1.5459e+03
khusoryz   F	  28584	     23	   71.6	   1112	-2.1782	  7.4408e-01  3.3295e+01  2.7662e+01  2.3498e+00 -4.4138e+01  1.6025e+02  2.0002e+00  2.8576e-04  2.8679e+05  2.8685e+05
kickalab   F	   7515	     23	  120.9	   2892	-2.6659	  4.6593e-01  1.8090e+01  2.0876e+01  9.9742e-01 -6.9746e+01  1.9769e+02  4.9696e+00  3.9731e-01 -1.5696e+02  6.5107e+02  2.8842e+00  1.3207e-03  9.2043e+04  9.2120e+04
kipfbial   F	  23001	     42	  117.6	   2473	-2.5395	  1.0000e+00  2.1006e+01  7.3820e+01  1.5118e+00 -1.9879e+02  3.3222e+02  1.6427e+01  4.3639e-04  2.6827e+05  2.6832e+05
kluylact   F	    151	     35	  157.5	   1289	-2.7118	  4.5780e-01 -4.8907e+02  5.8456e+02  2.9745e+01 -2.0736e+03  2.3583e+03  1.3200e+01  6.4644e-03  1.9125e+03  1.9336e+03
kluymarx   F	    141	     47	  188.5	    inf	-2.8036	  6.4840e-01 -3.2207e-01  9.6538e+01  2.1243e+00 -3.3537e+02  7.2245e+02  4.4913e+00  6.7889e-03  1.8345e+03  1.8552e+03
knufobsc   F	   9569	     16	   52.0	   1132	-1.7820	  7.6111e-01  2.4516e+01  2.4427e+01  6.5497e+00 -1.4630e+01  1.0196e+02  1.5935e+00  9.4992e-04  7.8439e+04  7.8489e+04
kockimpe   F	  42210	     23	   50.1	    325	-1.7621	  9.3401e-01 -8.6143e+01  1.3049e+02  1.5302e+01 -4.9110e+02  5.9538e+02  1.2017e+01  6.0529e-02 -2.8760e+02  6.3041e+02  3.5899e+00  2.3788e-03  3.4233e+05  3.4242e+05
kocksuom   F	  11755	     20	   61.2	    380	-1.6875	  8.9303e-01 -1.5361e+01  7.3122e+01  1.1913e+01 -6.4469e+01  1.5003e+02  2.7960e+00  5.5790e-04  9.1330e+04  9.1382e+04
koerluzi   F	  31969	     17	  268.7	   4163	-2.9816	  9.1661e-02 -4.0267e+01  7.3722e+01  1.7679e+01 -1.8885e+02  2.5919e+02  2.8768e+01  3.6787e-02 -1.0020e+02  3.3106e+02  2.0185e+00  1.6764e-04  4.3892e+05  4.3901e+05
kogibrev   F	 223691	     30	 1555.1	 362645	-4.0418	  6.1840e-02  3.4648e+01  5.4823e+01  3.9415e+00  2.0082e+01  3.1116e+02  9.9077e-01  2.5864e-01 -1.6621e+02  1.9137e+03  9.4511e-01  1.1827e-05  4.1613e+06  4.1614e+06
komapast   F	    528	     25	   63.6	   1019	-2.1919	  3.8327e-01  1.3474e+01  4.0323e+01  6.7104e+00 -4.2653e+00  7.3874e+01  1.8303e+00  3.5734e-03  5.3401e+03  5.3700e+03
komaphaf   F	    513	     25	   61.5	    993	-2.1831	  3.6597e-01 -2.5709e+01  7.9172e+01  1.4034e+01 -2.8604e+00  7.0981e+01  1.8320e+00  3.8186e-03  5.1693e+03  5.1990e+03
krypherm   F	 128589	     18	  291.4	  31546	-3.2233	  2.6693e-01 -9.0282e+01  1.7467e+02  1.6009e+01  2.0485e+01  1.2625e+02  2.0022e+00  2.5150e-01 -1.2890e+02  9.2417e+02  1.2911e+00  3.5102e-05  1.9090e+06  1.9091e+06
krypmarm   F	 235880	     18	  373.2	  48256	-3.3364	  2.2184e-01 -8.9173e+01  1.7305e+02  1.6018e+01  3.1042e+01  1.1335e+02  1.6040e+00  2.6737e-01 -1.4088e+02  1.0225e+03  1.1990e+00  2.0367e-05  3.6241e+06  3.6242e+06
kudoiwat   F	  38726	     18	   53.9	   4426	-2.0165	  7.4830e-01 -3.9136e+01  8.6539e+01  1.3453e+01 -5.8212e+02  6.5583e+02  3.0000e+01  1.1740e-01 -1.1268e+02  4.0322e+02  1.7723e+00  2.6849e-04  3.6023e+05  3.6032e+05
kuracaps   F	   1049	     34	   63.4	    437	-1.9290	  7.1813e-01  2.9745e+01  2.7159e+01  3.9851e+00 -3.6544e+01  1.2798e+02  3.0779e+00  2.1147e-03  9.3408e+03  9.3754e+03
kwonbest   F	  45998	     23	   71.5	    324	-2.0280	  4.6446e-01 -7.6079e+00  6.8518e+01  8.4003e+00 -5.4718e+01  1.3108e+02  4.3977e+00  3.4730e-04  4.2969e+05  4.2975e+05
kwonbots   F	  45185	     41	   70.4	    294	-1.9441	  5.7684e-01 -2.1033e+02  2.7152e+02  3.0000e+01 -1.8882e+01  9.6755e+01  3.7724e+00  2.3227e-04  4.0447e+05  4.0454e+05
kwondeje   F	  43138	     23	   73.6	    450	-2.0582	  6.5617e-02  4.2550e+00  4.4023e+01  2.9364e+00  3.0431e+01  3.6977e+01  2.1587e+00  3.8732e-04  4.0927e+05  4.0933e+05
kwondend   F	  41592	     41	   72.6	    339	-1.9777	  9.7943e-03 -3.2811e+01  7.6562e+01  2.9999e+01  2.7706e+01  3.8845e+01  2.5394e+00  2.6173e-04  3.7900e+05  3.7906e+05
kwoneuro   F	  45082	     41	   70.4	    309	-1.9466	  4.4778e-01 -1.8780e+02  2.4888e+02  3.0000e+01  1.6992e+00  7.0366e+01  3.1882e+00  2.9186e-04  4.0417e+05  4.0423e+05
kwonheve   F	  41831	     23	   86.5	    927	-2.2783	  2.7616e-02 -2.8803e+02  3.2800e+02  3.0000e+01  3.0168e+01  4.9626e+01  1.8197e+00  6.9246e-04  4.2689e+05  4.2695e+05
kwonmang   F	  43860	     23	   70.6	    307	-1.9766	  7.1175e-01  2.6492e+01  3.6993e+01  3.3244e+00 -5.0403e+01  1.2336e+02  3.9779e+00  3.5585e-04  3.9928e+05  3.9934e+05
kwonnewh   F	  41153	     41	   64.5	    355	-1.9433	  7.4720e-01 -1.8238e+02  2.3928e+02  3.0000e+01 -2.8149e+01  1.3257e+02  3.6907e+00  2.9841e-04  3.6813e+05  3.6819e+05
kwonpini   F	  40561	     23	   66.2	    284	-1.8697	  7.7295e-01  2.2873e+01  3.8036e+01  4.1987e+00 -1.9020e+01  8.6307e+01  3.0700e+00  3.7685e-04  3.4938e+05  3.4944e+05
kwonshan   F	  42644	     24	   64.0	    401	-1.9350	  5.3033e-02 -8.8806e+01  1.2727e+02  3.0000e+01  3.8136e+01  2.2145e+01  1.8749e+00  7.3099e-04  3.7976e+05  3.7982e+05
kwonshiv   F	  43147	     36	   69.2	    313	-1.9826	  5.7478e-01 -2.1367e+02  2.7228e+02  3.0000e+01 -2.7427e+01  1.0869e+02  3.8857e+00  3.0052e-04  3.9385e+05  3.9391e+05
labecatl   F	 145046	     16	  398.6	  42005	-3.3706	  2.5480e-01 -1.2066e+02  2.0630e+02  2.0619e+01  8.5489e+01  1.0380e+02  8.1435e-01  3.4571e-01 -5.3928e+02  1.9168e+03  1.6488e+00  3.2281e-05  2.2509e+06  2.2510e+06
laberohi   F	 272233	     28	  475.2	  56998	-3.4408	  2.3262e-01 -2.2756e+02  3.1283e+02  3.0000e+01  7.8423e+01  9.3086e+01  1.0253e+00  2.8338e-01 -2.4460e+02  1.4947e+03  1.2756e+00  2.2805e-05  4.3127e+06  4.3128e+06
labrberg   F	 238813	     16	  408.3	  33106	-3.3357	  7.2456e-02  3.5026e+01  5.4314e+01  6.2679e+00  5.6914e+01  5.9733e+01  1.2401e+00  3.5743e-01 -1.6774e+02  8.5488e+02  1.3002e+00  2.0832e-05  3.6695e+06  3.6696e+06
labrdimi   F	 180989	     16	  288.5	  43663	-3.2658	  1.4884e-01 -1.3323e+01  1.0034e+02  1.0977e+01  5.7051e+01  7.1769e+01  1.0071e+00  4.3988e-01 -2.2653e+02  1.1342e+03  1.2455e+00  2.4959e-05  2.7228e+06  2.7229e+06
labrmixt   F	 244349	     16	  432.2	  43844	-3.3757	  6.4959e-02  3.3140e+01  5.5831e+01  6.7756e+00  5.4648e+01  5.7430e+01  1.4047e+00  3.2477e-01 -1.4740e+02  8.2149e+02  1.2074e+00  1.8856e-05  3.7994e+06  3.7995e+06
laccamet   F	  85821	     23	   54.6	    553	-1.5957	  8.6908e-01  3.3077e+00  4.8645e+01  1.1297e+01 -5.0653e+00  7.2813e+01  1.5936e+00  3.2702e-04  6.2992e+05  6.2998e+05
laccbico   F	  78471	     16	   55.2	    781	-1.8526	  6.9247e-01 -7.1062e+01  1.2284e+02  3.0000e+01 -2.8508e+01  1.0054e+02  1.9712e+00  3.9773e-04  6.6769e+05  6.6776e+05
laceagil   F	 200575	     27	 1377.2	  79424	-3.8684	  7.4472e-02  6.6272e+01  5.0992e+01  1.0604e+00 -1.8269e+02  1.2961e+03  1.2688e+00  1.8546e-05  3.5763e+06  3.5764e+06
lachdasi   F	    295	     54	   85.4	   3551	-2.3875	  6.6668e-01  2.8393e+01  4.2328e+01  3.2435e+00 -7.4867e+01  2.5945e+02  2.5314e+00  3.2283e-01  6.7327e+02  2.0630e+03  1.6585e+00  5.1118e-03  3.1771e+03  3.2177e+03
lachferm   F	    312	     49	   67.6	    818	-2.0832	  7.7515e-01  3.7157e+01  2.4216e+01  3.2784e+00 -4.0897e+01  2.7620e+02  3.3478e+00  4.8313e-03  3.0056e+03  3.0318e+03
lachhyal   F	  19842	     16	   55.6	    421	-1.9057	  6.6130e-01  3.3851e+01  1.6720e+01  3.5053e+00 -8.4402e+01  1.5892e+02  3.6364e+00  5.3303e-04  1.7409e+05  1.7415e+05
lachlanz   F	    293	     52	   85.5	    874	-2.3333	  6.8605e-01 -2.8357e+02  3.5521e+02  2.8233e+01 -6.5008e+02  8.8715e+02  7.6366e+00  4.4753e-03  3.1626e+03  3.1883e+03
lachmeye   F	    300	     25	   86.0	   3551	-2.3875	  6.6668e-01  2.8393e+01  4.2328e+01  3.2435e+00 -7.4867e+01  2.5945e+02  2.5314e+00  3.2283e-01  6.7327e+02  2.0630e+03  1.6585e+00  4.2966e-03  3.2622e+03  3.3029e+03
lachmira   F	    298	     50	   81.2	   2498	-2.2884	  7.4368e-01  2.4152e+01  4.2490e+01  3.4648e+00 -1.2303e+02  3.6618e+02  3.7288e+00  4.3635e-03  3.1574e+03  3.1833e+03
lachnoth   F	    307	     52	   83.6	   3551	-2.3875	  6.6668e-01  2.8393e+01  4.2328e+01  3.2435e+00 -7.4867e+01  2.5945e+02  2.5314e+00  3.2283e-01  6.7327e+02  2.0630e+03  1.6585e+00  4.4175e-03  3.2818e+03  3.3228e+03
lachspec   F	    302	     51	   91.2	    849	-2.3476	  7.2268e-01 -2.8315e+02  3.5797e+02  2.3873e+01 -6.3669e+02  8.9971e+02  7.9897e+00  4.1767e-03  3.2809e+03  3.3069e+03
lachther   F	    254	     37	   78.7	   1050	-2.2972	  6.2428e-01  1.0943e+01  5.3854e+01  5.6273e+00 -1.7103e+02  3.3124e+02  3.3067e+00  5.6698e-03  2.6934e+03  2.7182e+03
lactquie   F	 111635	     23	   56.4	    464	-1.7343	  7.9795e-01 -4.2383e+01  9.5508e+01  1.8330e+01 -2.0677e+01  8.4589e+01  2.1125e+00  2.4207e-04  8.9293e+05  8.9300e+05
lactsati   F	 175588	     23	  113.2	   4850	-2.6938	  3.5343e-02 -1.4705e+02  1.8808e+02  1.3014e+01  3.2137e+01  5.5372e+01  3.0848e+00  6.1760e-01 -1.2801e+02  4.9639e+02  1.8361e+00  1.2041e-04  2.1746e+06  2.1748e+06
lactsubv   F	  74728	     23	   57.1	   5741	-1.7446	  8.8330e-01  2.8836e+01  2.4961e+01  4.1535e+00  1.1978e+01  5.6418e+01  9.8466e-01  3.6811e-04  5.9970e+05  5.9976e+05
lactvole   F	  98571	     23	   57.2	   4978	-1.7725	  8.0015e-01  1.2186e+00  5.2549e+01  9.5047e+00 -1.9648e+01  7.9418e+01  2.4016e+00  1.8886e-01  3.3380e+02  2.2232e+03  6.8011e-01  2.5361e-04  8.0616e+05  8.0627e+05
ladofulv   F	  78161	     23	  661.4	  27027	-3.4771	  1.5046e-01  1.4944e+01  6.5894e+01  5.7001e+00 -8.7184e+01  4.2599e+02  1.1420e+00  5.6874e-01 -2.9810e+03  4.3596e+03  4.3230e+00  5.6179e-05  1.2597e+06  1.2598e+06
laetsulp   F	  74191	     23	   57.0	    559	-1.6560	  8.6501e-01  2.4118e+00  5.1511e+01  1.0435e+01 -1.1543e+01  8.7304e+01  1.7464e+00  2.8151e-04  5.6578e+05  5.6585e+05
lafo_lla   F	    133	     18	  177.4	  84702	-2.7173	  1.6112e-01 -7.3159e+01  1.0065e+02  1.4591e+01  4.9192e+01  1.2764e+02  3.0000e+01  4.0726e-01  2.1060e+01  2.6500e+02  7.7204e-01  3.9343e-02  1.5886e+03  1.6204e+03
lagealbi   F	 215443	     21	 1452.8	 226273	-3.9869	  7.6410e-02  5.1337e+01  4.0780e+01  2.3054e+00 -2.4944e+01  4.5313e+02  1.0887e+00  3.5704e-01 -2.3873e+02  2.2343e+03  1.0418e+00  1.3645e-05  3.9537e+06  3.9538e+06
lagoleuc   F	 183486	     30	  866.8	 115173	-3.7255	  1.3912e-01  5.3760e+01  3.7942e+01  1.4301e+00 -5.5995e+01  8.1037e+02  1.0381e+00  1.8326e-05  3.1472e+06  3.1472e+06
lagomuta   F	 202440	     29	  912.1	 170314	-3.7807	  1.2501e-01  5.2508e+01  3.8525e+01  1.5401e+00 -4.6685e+01  8.1727e+02  9.6671e-01  1.6543e-05  3.5237e+06  3.5237e+06
lagorhom   F	 177920	     16	  417.6	  59455	-3.3990	  3.8557e-01  6.6037e+01  3.8329e+01  1.1971e+00 -5.7584e+01  3.4184e+02  1.0623e+00  1.0254e-01 -1.1456e+02  8.8240e+02  1.1220e+00  3.3497e-05  2.7853e+06  2.7854e+06
lagrhirt   F	  37379	     20	  149.2	 251252	-3.0313	  4.2398e-01 -8.8814e+01  1.4038e+02  3.0000e+01 -4.5153e+02  5.7316e+02  1.9420e+01  3.7539e-05 -6.5137e+00  4.3873e+02  7.4678e-01  1.6380e-04  5.1585e+05  5.1595e+05
lagurace   F	  87434	     16	  290.8	  23392	-3.1679	  3.2295e-01  2.1421e+01  6.7448e+01  4.5422e+00  8.4002e+01  7.2021e+01  1.1494e+00  1.0257e-01 -1.0268e+02  6.0014e+02  1.2998e+00  4.0887e-05  1.2761e+06  1.2762e+06
lamesats   F	 137470	     16	  891.3	  68628	-3.6908	  2.5398e-01 -2.3010e+02  7.1625e+02  3.6876e+00 -2.2792e+02  1.0640e+03  1.1995e+00  2.3458e-05  2.3398e+06  2.3399e+06
lampinco   F	 218054	     25	  782.2	  99678	-3.6777	  3.5227e-01  6.4487e+01  7.8667e+01  9.6525e-01  4.4900e+01  3.9808e+01  1.8834e-01  1.4086e-04 -1.6848e+02  1.1608e+03  1.1091e+00  1.7389e-05  3.6942e+06  3.6943e+06
lampplan   F	   3718	     16	  592.3	   7983	-3.3504	  2.4330e-01 -2.2747e+03  2.4010e+03  3.0000e+01 -1.6817e+02  7.9259e+02  2.1524e+00  3.8390e-04  5.7495e+04  5.7539e+04
lantcama   F	   6296	     16	  123.1	  32768	-2.7721	  2.5349e-02 -1.0108e+02  1.2261e+02  3.0000e+01  4.5050e+01  4.5834e+01  2.4591e+00  5.5199e-01 -7.8420e+01  3.5516e+02  1.3259e+00  4.2143e-04  8.0434e+04  8.0508e+04
laricorn   F	  95104	     16	 2381.5	 129605	-4.0681	  9.9974e-02  6.6331e+01  3.0146e+01  1.2306e+00 -7.1232e+02  2.5815e+03  1.3237e+00  2.6326e-05  1.7890e+06  1.7891e+06
laricroc   F	 457398	     30	  303.2	  31337	-3.2419	  1.8617e-01  1.0455e+01  7.7534e+01  7.4092e+00  4.5231e+01  9.2680e+01  1.2917e+00  3.5449e-01 -1.8687e+02  9.4891e+02  1.3000e+00  1.9850e-05  6.8348e+06  6.8350e+06
larikaem   F	  87030	     16	  274.1	 111425	-3.6355	  7.2824e-01  6.8005e+01  6.9289e+01  8.4592e-01 -7.3914e+04  9.3793e+04  6.3436e+00  3.4131e-05  1.4658e+06  1.4658e+06
lariminu   F	  43042	     16	  237.1	 116004	-3.5022	  3.8906e-01  4.7167e+01  1.2646e+01  1.3131e+00 -7.4097e-04  2.5268e+02  7.5906e-01  3.2739e-01 -7.9521e+03  1.6954e+04  2.5172e+00  1.3445e-04  6.9381e+05  6.9390e+05
laripoly   F	 115534	     16	  268.1	 110328	-3.2146	  2.3778e-01  5.9256e+01  3.2179e+01  2.4289e+00  6.2160e+01  1.1888e+02  6.6410e-01  4.6101e-01 -2.8577e+02  8.9795e+02  1.6785e+00  3.7857e-05  1.7108e+06  1.7109e+06
larisibi   F	  15167	     16	  182.6	  51143	-3.0462	  7.2368e-01  6.0951e+01  6.0010e+01  1.2717e+00 -2.6361e+01  2.8950e+02  8.4258e-01  7.1586e-02 -1.5143e+02  1.1259e+03  1.0309e+00  1.5137e-04  2.1279e+05  2.1288e+05
lasihirs   F	  32587	     23	   64.8	    967	-2.0439	  7.0389e-01  2.8586e+01  2.8838e+01  3.5708e+00 -1.1887e+01  9.9725e+01  1.7837e+00  2.4355e-04  3.0666e+05  3.0672e+05
lasimini   F	  38467	     23	   76.5	   1182	-2.2481	  5.6182e-01  2.3968e+01  3.9410e+01  3.2497e+00 -1.2255e+01  9.9009e+01  1.7948e+00  2.4251e-04  3.9810e+05  3.9816e+05
lasinige   F	  43862	     16	  177.6	  20214	-2.9627	  3.4598e-01 -3.1574e+01  1.1343e+02  8.4587e+00 -1.5143e+02  3.2390e+02  3.4892e+00  3.1436e-01 -1.0459e+02  5.8640e+02  1.1878e+00  9.9738e-05  5.9834e+05  5.9843e+05
lasitheo   F	  26752	     37	   57.5	    840	-1.8800	  7.0003e-01  1.6442e+01  3.5952e+01  7.7353e+00  1.2878e+01  7.7509e+01  1.7255e+00  4.6008e-04  2.3148e+05  2.3154e+05
latecalc   F	 266095	     29	  354.2	  32722	-3.2806	  8.6351e-03  6.7701e+01  1.8991e+01  2.8394e+00  5.3882e+01  4.8706e+01  1.6737e+00  3.8134e-01 -9.3257e+01  6.5200e+02  1.2253e+00  3.4591e-05  4.0511e+06  4.0512e+06
latemacu   F	 192274	     16	  367.6	  35884	-3.3086	  6.8975e-02  6.8050e+01  2.8126e+01  1.8671e+00  6.5325e+01  6.2548e+01  9.4416e-01  3.8430e-01 -1.2787e+02  6.7115e+02  1.2311e+00  2.4041e-05  2.9310e+06  2.9311e+06
lathdisc   F	 203011	     28	  987.5	 160079	-3.8035	  1.1836e-01  5.5747e+01  3.8017e+01  1.5328e+00 -5.8260e+01  8.8475e+02  9.9444e-01  1.7113e-05  3.5548e+06  3.5548e+06
lathsati   F	  61119	     16	  158.4	  18629	-2.9052	  5.2604e-01  5.4144e+01  3.9643e+01  1.8773e+00 -4.2683e+01  3.4965e+02  1.0364e+00  3.1046e-01 -5.1764e+02  9.4172e+02  3.3885e+00  7.9789e-05  8.1778e+05  8.1788e+05
latichal   F	 170711	     30	 2565.2	 190315	-4.1648	  3.8794e-02  6.6971e+01  4.3336e+01  1.2379e+00 -3.8781e+02  2.2924e+03  1.1889e+00  1.4411e-05  3.2739e+06  3.2740e+06
latrgeom   F	  63815	     16	 1880.5	  92871	-3.9054	  9.1954e-02  5.9396e+01  2.8048e+01  1.7529e+00 -1.8421e+02  9.9659e+02  9.7965e-01  4.2128e-01 -1.4419e+03  3.5797e+03  2.6606e+00  3.8780e-05  1.1493e+06  1.1494e+06
latrhesp   F	  53337	     23	 1438.7	  18882	-3.7416	  2.5144e-01 -1.2566e+01  1.0920e+02  1.6989e+00 -5.9003e+02  1.1959e+03  3.6201e+00  2.0680e-01 -1.2776e+03  3.5412e+03  2.6969e+00  9.6811e-05  9.1885e+05  9.1894e+05
lavaangu   F	  40496	     16	  134.5	   3248	-2.7260	  4.9285e-01  2.7726e+01  5.5876e+01  3.8040e+00 -2.0547e+02  4.8348e+02  2.3468e+00  1.5312e-04  5.0843e+05  5.0849e+05
lecyspec   F	  24503	     24	   63.2	   1054	-1.9808	  7.1426e-01  1.7277e+01  3.9965e+01  5.9757e+00 -6.1915e+00  9.4637e+01  1.6705e+00  2.6157e-04  2.2358e+05  2.2364e+05
ledntuma   F	  18736	     27	  351.4	   6136	-3.1217	  2.6310e-01  3.1865e+01  5.6360e+01  4.0795e+00 -3.0346e+02  4.7188e+02  5.7747e+00  2.2991e-01 -3.0531e+02  9.6519e+02  2.4309e+00  1.5718e-04  2.6935e+05  2.6943e+05
leerperr   F	 132358	     23	  192.8	   7099	-2.9631	  3.3633e-01 -5.0175e+01  1.3894e+02  9.6495e+00 -8.8563e+01  2.7794e+02  1.8273e+00  4.3195e-01  2.0321e+01  6.3893e+02  1.6982e+00  5.9405e-05  1.8074e+06  1.8075e+06
leguglyc   F	 103041	     23	  838.5	 135931	-3.7441	  4.9451e-02  4.5461e+01  3.7560e+01  3.5659e+00 -4.9690e+01  6.8250e+02  9.9064e-01  3.0217e-05  1.7778e+06  1.7779e+06
leiolact   F	  78189	     23	   59.4	    467	-1.7096	  8.9407e-01  2.5302e+01  3.0419e+01  5.0119e+00 -3.4309e+01  1.2645e+02  2.2005e+00  3.1538e-04  6.1563e+05  6.1570e+05
leiospec   F	  82137	     23	   59.4	    436	-1.7062	  8.8884e-01  2.4297e+01  3.1463e+01  5.2418e+00 -3.7816e+01  1.2532e+02  2.3150e+00  3.3225e-04  6.4582e+05  6.4589e+05
leisaeth   F	      8	     56	  751.0	   2233	-4.0312	  6.9475e-01 -6.2594e+02  1.2561e+03  9.2251e+00  5.5856e+01  5.2822e+02  1.4160e-01  1.1991e-01  1.3726e+02  1.3782e+02
leisarab   F	      4	    477	  878.0	   1117	 0.0000	  1.0000e+00  4.7690e+02  1.1898e+03  1.3790e-01  2.2393e-01  6.8432e+01  6.6591e+01
leisbraz   F	      3	    878	 2886.5	     70	-3.6412	  1.0000e+00 -4.1510e+02  1.6998e+03  2.3931e+00  3.3297e-01  5.6757e+01  5.4053e+01
leisdono   F	      2	    103	 4572.0	     46	-4.3276	  1.0000e+00  1.0287e+02  1.4835e+02  2.7493e-01  4.9286e-01  3.6535e+01  3.2615e+01
leisenri   F	     72	     29	  456.0	    inf	-3.3632	  5.6520e-01  2.7299e+01  1.9176e+01  6.0587e-01 -6.9236e+02  2.1043e+03  1.6149e+00  1.3524e-02  1.1250e+03  1.1409e+03
leisgerb   F	      5	    175	  743.5	     23	-3.1110	  1.0000e+00 -3.5991e+03  4.0577e+03  1.5518e+01  1.9913e-01  7.7187e+01  7.6015e+01
leisinfa   F	     41	     38	  126.5	  86647	-3.0555	  6.3120e-01 -6.3927e+02  7.1366e+02  3.0000e+01  9.3063e+01  1.0382e+03  9.7076e-01  2.4603e-02  5.9499e+02  6.0699e+02
leismajo   F	     42	     93	  789.0	 159085	-3.7457	  2.0299e-01 -5.8235e+01  1.9863e+02  4.7786e+00  1.4274e+02  7.6414e+02  9.4955e-01  2.5072e-02  7.2623e+02  7.3840e+02
leismart   F	      2	     23	  269.0	    inf	-4.0768	  1.0000e+00  2.2900e+01  2.2657e+01  1.8937e-01  3.7467e-01  2.4771e+01  2.0850e+01
leismexi   F	      3	    267	 8731.0	 563797	-4.1254	  1.0000e+00 -4.1510e+02  1.6998e+03  9.1230e-01  3.3314e-01  6.2856e+01  6.0152e+01
leisorie   F	    134	     28	   48.0	    inf	-1.8583	  3.8411e-01 -3.8048e+01  6.9801e+01  1.1604e+01  7.1900e+01  9.9991e-02  9.3537e+00  3.3850e-01 -7.3905e+02  1.4359e+03  1.5316e+00  1.4243e+00  1.0673e+03  1.0992e+03
leispana   F	     14	     30	  845.0	 501584	-3.3647	  2.1441e-01 -4.5079e+00  3.6611e+01  1.3071e+01  1.7260e+02  2.8588e+02  6.7658e-01  6.7753e-02  2.2900e+02  2.3348e+02
leisspec   F	      6	    709	  973.0	    118	-3.2491	  1.0000e+00 -6.0576e+02  1.4877e+03  4.6014e+00  1.6577e-01  9.8322e+01  9.7698e+01
leistare   F	      1	   1254	  627.0	      6	 0.0000	  1.0000e+00 -2.9487e+02  1.5506e+03  3.0000e+01  9.9288e-01  9.8103e+01  9.2103e+01
leistrop   F	      6	    392	  747.0	     25	-2.9268	  1.0000e+00 -3.5271e+03  4.1298e+03  2.4237e+01  1.6527e-01  1.6310e+02  1.6247e+02
leistura   F	      8	     42	  607.0	   3257	-2.9825	  2.5727e-01 -1.5662e+01  6.0888e+01  1.1527e+01 -6.2769e+02  1.1146e+03  4.0025e+00  1.2088e-01  1.2774e+02  1.2830e+02
lemucatt   F	 214141	     30	 1390.6	 150199	-3.9323	  8.4851e-02  5.3399e+01  3.9435e+01  2.0055e+00 -2.5129e+01  4.1208e+02  1.1549e+00  3.2154e-01 -2.5898e+02  2.0972e+03  1.1341e+00  1.4560e-05  3.8767e+06  3.8768e+06
lentedod   F	  72850	     33	   57.0	   1042	-1.6967	  8.1951e-01 -8.6794e+01  1.4065e+02  3.0000e+01  2.0212e+01  5.7679e+01  1.2428e+00  4.8366e-04  5.6910e+05  5.6917e+05
lentfluv   F	  31460	     23	   55.4	    847	-1.9083	  6.6097e-01  3.2139e+01  1.8251e+01  4.1483e+00 -3.1055e+00  7.9957e+01  1.7809e+00  3.7466e-04  2.7650e+05  2.7656e+05
lenttigr   F	  85902	     23	   58.7	    807	-1.7240	  8.8299e-01  2.1802e+01  3.3365e+01  5.8092e+00 -1.3621e+01  1.1018e+02  1.5596e+00  2.2390e-04  6.8162e+05  6.8168e+05
lentvulp   F	  77626	     23	   56.8	    349	-1.6042	  8.8619e-01  8.7505e+00  4.4994e+01  9.1733e+00 -2.3553e+01  9.8064e+01  2.3245e+00  3.7315e-04  5.7312e+05  5.7318e+05
leopgeof   F	 246550	     24	 1591.9	 243358	-4.0323	  7.7028e-02  5.2181e+01  4.2287e+01  2.1184e+00 -3.2451e+01  5.3809e+02  1.0439e+00  4.1934e-01 -3.8596e+02  2.8604e+03  1.0710e+00  1.1947e-05  4.5783e+06  4.5784e+06
lepaanat   F	  49735	     16	 1026.6	 682990	-3.9195	  1.1452e-10 -3.0753e+02  6.4722e+02  1.1209e+02  1.3406e+02  5.3048e+02  7.7388e-01  5.5183e-01 -6.2509e+01  6.3841e+02  7.2515e-01  4.8593e-05  8.9783e+05  8.9792e+05
lepesalm   F	  61817	     29	   88.6	 153149	-3.0187	  4.8169e-01 -1.3826e+02  1.9835e+02  2.6592e+01  1.5239e+01  1.8494e+02  8.4964e-01  2.9705e-01 -3.3916e+02  2.7571e+03  9.9511e-01  5.4872e-05  8.5819e+05  8.5829e+05
lepicoro   F	 182493	     17	  993.5	 141191	-3.7986	  9.8332e-02  5.3882e+01  3.9773e+01  1.7063e+00 -7.3349e+01  8.7548e+02  1.0213e+00  1.7588e-05  3.1913e+06  3.1914e+06
lepikemp   F	 235541	     30	 1806.9	 410700	-4.1047	  4.6229e-02  6.6630e+01  3.7382e+01  1.0997e+00 -9.0828e+01  1.3692e+03  9.2020e-01  1.2702e-05  4.4466e+06  4.4467e+06
lepinuda   F	  94065	     23	   55.0	    279	-1.5101	  9.0876e-01 -4.7463e+01  9.9932e+01  2.2461e+01 -1.0742e+01  7.5651e+01  2.1410e+00  2.8266e-04  6.5510e+05  6.5516e+05
lepiocul   F	 200142	     22	  867.6	 101238	-3.7225	  4.6728e-02  4.4177e+01  5.2034e+01  3.0791e+00 -3.3935e+01  6.9537e+02  1.0535e+00  1.7017e-05  3.4313e+06  3.4314e+06
lepiosse   F	 114751	     16	  811.7	  63246	-3.6657	  3.2340e-02  4.2968e+01  5.1196e+01  3.9223e+00 -9.2469e+01  7.0636e+02  1.1705e+00  2.7737e-05  1.9388e+06  1.9388e+06
lepipalu   F	  32071	     23	   60.4	    694	-1.9844	  6.7624e-01  3.4351e+01  1.9421e+01  3.0746e+00 -1.9237e+01  1.0165e+02  2.1387e+00  2.9619e-04  2.9310e+05  2.9315e+05
lepivent   F	  32186	     25	  195.4	  25080	-3.1312	  3.7620e-01  2.1038e+01  5.8804e+01  3.4352e+00 -3.3396e+01  2.8031e+02  1.1803e+00  4.7461e-01 -8.2069e+02  2.5663e+03  1.7396e+00  5.0560e-04  4.6385e+05  4.6395e+05
lepomacr   F	  85259	     16	  394.2	  25398	-3.3236	  2.3338e-01  4.0505e+01  5.4418e+01  3.2711e+00  1.0067e+01  1.6483e+02  2.1150e+00  2.0623e-01 -2.2053e+02  9.3129e+02  1.4228e+00  4.3409e-05  1.3038e+06  1.3039e+06
leptboul   F	  87269	     18	  266.0	 156718	-3.3618	  3.7984e-01  3.5260e+01  4.5631e+01  2.3143e+00 -5.7600e+02  7.8197e+02  7.4805e+00  2.1552e-01 -2.3120e+01  1.3059e+03  9.1638e-01  5.0387e-05  1.3503e+06  1.3504e+06
leptclav   F	  34658	     18	  134.9	  20860	-2.8143	  5.6483e-01  3.9772e+01  4.6350e+01  2.1490e+00 -2.0571e+01  2.8417e+02  1.2509e+00  4.1268e-01  7.7519e+02  1.9781e+03  8.2460e-01  1.6209e-04  4.4903e+05  4.4912e+05
leptdec1   F	  85649	     16	 1744.4	 228335	-3.8906	  1.3769e-01 -3.3463e+00  5.8076e+01  1.3858e+01  3.1704e+01  1.1199e+02  7.8228e-01  2.5549e-01 -5.3627e+02  3.1804e+03  1.1544e+00  4.2385e-05  1.5348e+06  1.5349e+06
leptdece   F	  68714	     18	 1209.1	  97839	-3.7412	  1.2071e-01 -8.1519e+00  6.2301e+01  1.6274e+01  9.1001e+00  1.2100e+02  8.3466e-01  3.6085e-01 -6.1574e+02  3.1053e+03  1.4326e+00  4.1390e-05  1.1802e+06  1.1803e+06
leptdisc   F	 114959	     30	  962.5	  42021	-3.6774	  9.4002e-02  6.3168e+01  4.1435e+01  1.1298e+00 -1.8651e+02  9.7079e+02  1.3797e+00  2.7746e-05  1.9463e+06  1.9464e+06
lepthete   F	  62713	     16	  456.8	 471719	-3.6798	  2.7485e-01  4.0368e+01  4.9862e+01  1.9443e+00 -2.5634e+03  2.7873e+03  2.2563e+01  2.5972e-01  1.0492e+02  1.8432e+03  8.1667e-01  4.2976e-05  1.0630e+06  1.0631e+06
leptmacu   F	  22448	     40	   63.7	    661	-2.1347	  4.1931e-02  3.9492e+01  2.4523e+00  7.7004e-01  3.9374e+01  1.4188e+01  1.7176e+00  6.8709e-01 -1.2684e+02  2.6097e+02  3.9658e+00  6.3344e-04  2.2062e+05  2.2071e+05
leptpyrr   F	      3	     53	 1779.5	     43	-4.8166	  1.0000e+00  5.2841e+01  1.0849e+02  1.8262e-01  2.9402e-01  4.9850e+01  4.7146e+01
leptseym   F	      1	    665	  332.5	      3	 0.0000	  1.0000e+00  6.6490e+02  1.0530e-01  2.5477e+01  8.5015e+01 -2.9091e+00 -8.9091e+00
leptsina   F	  93634	     21	 1303.3	  93530	-3.8503	  8.3120e-02  5.8441e+01  2.4904e+01  1.4100e+00 -1.8642e+02  1.2182e+03  1.1994e+00  3.2263e-05  1.6615e+06  1.6616e+06
leptspec   F	  47246	     23	   58.2	    641	-1.9965	  5.8193e-01  3.4346e+01  1.6627e+01  3.1893e+00 -1.1845e+01  8.6887e+01  2.1929e+00  2.6235e-04  4.3426e+05  4.3432e+05
leptspma   F	      6	    709	  973.0	    118	-3.2491	  1.0000e+00 -6.0576e+02  1.4877e+03  4.6014e+00  1.6577e-01  9.8322e+01  9.7698e+01
leptwedd   F	 188073	     31	 1297.7	 194948	-3.9289	  8.6942e-02  5.5997e+01  3.6970e+01  1.9455e+00 -1.6522e+01  4.2344e+02  1.0832e+00  3.5882e-01 -1.8951e+02  1.9828e+03  1.0464e+00  1.5283e-05  3.4013e+06  3.4015e+06
lepueuro   F	 206435	     29	 1489.7	 235874	-3.9782	  7.6622e-02  2.2082e+01  6.4395e+01  5.4108e+00  5.9358e+00  2.7480e+02  1.1239e+00  2.7129e-01 -2.5769e+02  2.1276e+03  1.0394e+00  1.4199e-05  3.7829e+06  3.7830e+06
leputimi   F	  78071	     17	 1150.9	 152580	-3.8519	  1.0013e-01  3.1133e+01  5.5400e+01  4.3622e+00  3.0793e+01  2.4898e+02  1.0146e+00  3.1794e-01 -2.5117e+02  1.9189e+03  1.1084e+00  2.9383e-05  1.3845e+06  1.3846e+06
lethcamt   F	  67810	     16	  986.8	 104272	-3.7177	  3.2617e-02 -5.0796e+02  6.2474e+02  3.0000e+01 -1.9491e+02  9.4481e+02  1.3153e+00  4.1339e-05  1.1628e+06  1.1629e+06
lethcolu   F	  23846	     16	   58.7	   1218	-1.9613	  7.2260e-01  3.0181e+01  2.2745e+01  4.1296e+00 -3.0109e+00  1.0421e+02  1.6282e+00  4.1620e-04  2.1553e+05  2.1559e+05
lethindi   F	  59507	     28	  390.2	  33130	-3.2951	  1.6991e-01  5.9797e+01  2.9885e+01  1.7532e+00 -4.1306e+00  3.5584e+02  1.1269e+00  6.1771e-05  9.0462e+05  9.0468e+05
lethlupi   F	  22716	     16	   59.0	    862	-2.0287	  6.5995e-01  2.6545e+01  2.6247e+01  4.9217e+00 -1.4028e+02  2.3171e+02  4.1273e+00  3.1188e-01 -2.3557e+02  6.9777e+02  3.9931e+00  4.2117e-04  2.1227e+05  2.1236e+05
lethreis   F	 197330	     18	 1118.3	  60597	-3.7675	  3.2250e-02 -1.8634e+02  3.0877e+02  1.1638e+01 -1.5994e+02  1.0107e+03  1.2848e+00  1.8503e-05  3.4250e+06  3.4251e+06
leuc_nus   F	   6000	     21	   53.8	    988	-1.4916	  8.0765e-01 -8.8273e+00  6.0035e+01  1.5371e+01  3.2236e+01  2.2682e+01  2.0345e+00  1.8041e-01 -9.0691e+00  3.5693e+02  6.1854e-01  7.9874e-04  4.1250e+04  4.1323e+04
leucatri   F	  27653	     20	  834.0	  20578	-3.5523	  1.1876e-01  6.4107e+01  4.4200e+01  1.0274e+00 -2.4095e+02  9.5377e+02  1.6909e+00  7.9990e-05  4.5225e+05  4.5231e+05
leuccoff   F	   6587	     16	  607.2	  61081	-3.4242	  7.3730e-01 -7.5066e+00  4.9565e+02  1.8168e+00 -2.0741e+01  3.6371e+02  7.7595e-01  2.5228e-04  1.0385e+05  1.0389e+05
leuccrea   F	  61171	     23	   66.9	    397	-1.8842	  7.6763e-01  2.8585e+01  3.3079e+01  4.9796e+00 -1.0098e+02  2.0107e+02  4.2180e+00  5.0482e-04  5.3157e+05  5.3163e+05
leucerin   F	 196923	     25	 2319.9	 160189	-4.1106	  5.2948e-02  6.6927e+01  3.6202e+01  1.1389e+00 -3.7661e+02  2.1308e+03  1.2128e+00  1.3493e-05  3.7283e+06  3.7284e+06
leucgong   F	  24627	     33	   54.4	    696	-1.6313	  8.2118e-01 -2.1126e+01  7.2652e+01  1.7237e+01  2.1731e+01  4.0348e+01  1.4982e+00  1.5652e-01  2.8951e+01  3.0375e+02  2.5975e+00  4.8869e-04  1.8477e+05  1.8486e+05
leucmoll   F	  89588	     23	   56.3	    359	-1.6067	  8.8283e-01  9.3217e+00  4.4025e+01  9.0716e+00 -2.3770e+01  9.7545e+01  2.2925e+00  3.6192e-04  6.6267e+05  6.6274e+05
leucocel   F	  58375	     16	 2029.0	  93040	-4.0124	  5.9503e-02  6.7784e+01  3.1514e+01  1.2040e+00 -5.0344e+02  2.0734e+03  1.3743e+00  3.5450e-05  1.0800e+06  1.0801e+06
leucorbo   F	 142401	     16	  636.2	 464174	-3.6334	  1.0925e-01  1.1782e+01  1.9600e+01  1.1361e+00 -6.2831e+00  4.0428e+02  6.8820e-01  6.4041e-01 -5.3985e+02  1.1513e+03  3.7442e+00  6.0591e-05  2.3850e+06  2.3851e+06
leucspec   F	   1327	     25	   56.1	    883	-1.6478	  8.6219e-01 -8.6685e+01  1.3998e+02  3.0000e+01  5.8438e+00  7.7690e+01  1.3606e+00  2.8973e-03  9.9220e+03  9.9583e+03
leurtenu   F	 234627	     20	  364.4	  43671	-3.3438	  1.6339e-01 -2.4028e+02  3.2633e+02  3.0000e+01  4.7526e+01  9.8917e+01  1.1736e+00  3.7245e-01 -2.0636e+02  1.1065e+03  1.2462e+00  2.0912e-05  3.6131e+06  3.6132e+06
levitexa   F	 147598	     16	   71.4	   3878	-2.3541	  3.5602e-01 -3.8207e+01  7.9315e+01  3.0000e+01  1.7174e+01  7.1498e+01  1.2287e+00  5.9258e-01 -6.1749e+01  2.7495e+02  1.6643e+00  2.9487e-04  1.5987e+06  1.5988e+06
lichcory   F	  48081	     41	   62.3	    307	-1.6438	  8.7675e-01 -5.9682e+01  1.1847e+02  2.0112e+01  7.0172e+00  7.1022e+01  2.2108e+00  5.3730e-04  3.6333e+05  3.6340e+05
lichhyal   F	  51741	     23	   60.1	    319	-1.6286	  9.0205e-01 -2.4011e-01  5.7135e+01  1.0234e+01 -4.0136e+01  1.2393e+02  2.7686e+00  4.9909e-04  3.8790e+05  3.8796e+05
lichorna   F	  51679	     37	   63.1	    297	-1.6382	  8.8367e-01 -1.1807e+02  1.7765e+02  2.8416e+01  2.1923e+01  5.2150e+01  1.8786e+00  3.9015e-04  3.8981e+05  3.8987e+05
lichramo   F	  47909	     23	   58.2	    425	-1.5799	  9.1656e-01 -1.4193e+01  6.8872e+01  1.3598e+01 -2.6036e+01  1.0739e+02  2.1405e+00  8.2164e-02  4.1475e+02  2.1203e+03  1.3514e+00  1.7871e-03  3.3589e+05  3.3599e+05
ligiexot   F	   1686	     16	  173.2	   3103	-2.8856	  1.2301e-01  1.0058e+01  2.0959e+01  1.1543e+00  1.4260e+00  1.0733e+02  2.1030e+00  5.3617e-01 -2.7521e+02  6.3935e+02  2.6428e+00  8.6056e-04  2.2414e+04  2.2474e+04
liguinte   F	  61212	     16	 1143.9	  44037	-3.5983	  1.7185e-01 -9.7246e+01  1.3192e+02  3.0000e+01  1.4543e+00  1.6662e+02  7.6337e-01  3.0975e-01 -2.5163e+03  4.5999e+03  2.8899e+00  8.4324e-05  1.0140e+06  1.0141e+06
limalima   F	 225937	     24	  353.9	  31121	-3.2666	  6.6423e-02  3.0692e+01  5.7452e+01  7.8155e+00  5.2322e+01  5.4833e+01  1.5648e+00  3.4615e-01 -9.9867e+01  6.8529e+02  1.2478e+00  2.6627e-05  3.3986e+06  3.3987e+06
limndoug   F	   3254	     18	  182.5	   1973	-2.7702	  5.4539e-01  5.8625e+01  3.2594e+01  1.3718e+00 -8.0694e+02  1.1531e+03  5.7158e+00  6.0303e-04  4.1552e+04  4.1595e+04
limnfort   F	    942	     23	 1261.0	 356333	-3.9552	  2.0533e-11 -1.1412e+02  5.7736e+02  7.5925e+01  5.2096e+01  7.5023e+02  9.8064e-01  4.9039e-01 -8.1720e+01  9.8131e+02  8.2866e-01  1.0328e-03  1.7184e+04  1.7238e+04
limnluna   F	  28727	     23	  974.4	  90893	-3.7223	  1.3040e-01  5.9485e+01  3.7388e+01  1.5337e+00  1.5831e+01  5.6354e+01  8.4336e-01  1.1892e-01 -1.5040e+02  1.1041e+03  1.1460e+00  7.5699e-05  4.9277e+05  4.9286e+05
limobico   F	  38371	     16	  152.2	  31048	-2.8825	  5.2819e-01  5.1941e+01  4.8169e+01  1.9995e+00 -6.0930e+01  3.4148e+02  1.1845e+00  9.6575e-05  5.0977e+05  5.0983e+05
limtsmit   F	  10171	     19	   55.7	    349	-1.6319	  8.7388e-01  1.9647e-01  5.2443e+01  1.0406e+01 -3.9811e+01  1.1326e+02  2.6014e+00  7.5906e-04  7.6405e+04  7.6455e+04
limupoly   F	 184614	     25	 2088.0	  79994	-4.0356	  4.3524e-01 -1.5875e+02  7.7605e+02  1.3793e+00 -8.3735e+02  3.4882e+03  1.5526e+00  1.5302e-05  3.4306e+06  3.4307e+06
linavulg   F	  88813	     16	  188.2	  45989	-2.9492	  4.8603e-01  4.7847e+01  4.5941e+01  2.0976e+00  1.3527e+01  1.1669e+02  4.5792e-01  7.9693e-02 -5.3569e+02  9.5365e+02  3.4793e+00  7.2840e-05  1.2068e+06  1.2069e+06
lindingo   F	  51180	     23	   54.2	    808	-1.9896	  5.5336e-01  1.5003e+01  2.7649e+01  1.4010e+00  3.5626e+01  1.6605e+01  3.0082e+00  3.2711e-04  4.6876e+05  4.6882e+05
lindpenn   F	  11180	     23	   66.4	   4283	-2.3747	  1.0000e+00  1.5889e+01  3.0670e+01  1.0730e+00  2.4190e-03  1.2170e+05  1.2172e+05
lindthal   F	  19474	     23	   84.8	   1178	-2.2917	  6.5438e-01  1.5633e+01  5.5067e+01  3.5466e+00 -4.5429e+01  1.5248e+02  2.0321e+00  3.1867e-04  2.0554e+05  2.0559e+05
linehumi   F	  83050	     30	  211.2	  82319	-3.1568	  2.4556e-01 -2.2578e+02  3.0312e+02  2.8121e+01  2.6677e+01  1.8888e+02  9.2345e-01  7.0890e-01 -6.4107e+03  1.6968e+04  1.7593e+00  5.0829e-05  1.2073e+06  1.2074e+06
linelong   F	 164607	     30	  381.5	  48924	-3.3258	  7.6361e-01 -2.5139e+02  5.1495e+02  3.9922e+00  5.0106e+01  1.7064e+03  1.1462e+00  3.0030e-05  2.5196e+06  2.5197e+06
linerhiz   F	  27940	     24	   74.2	    777	-2.1949	  6.2455e-01  3.2181e+01  2.8036e+01  2.4324e+00 -3.7013e+01  1.3341e+02  2.4093e+00  2.8404e-04  2.8235e+05  2.8241e+05
linganat   F	 289413	     16	  394.4	  18607	-3.2310	  7.3587e-01 -3.7900e+02  6.6089e+02  5.4761e+00 -4.6551e+02  1.6239e+03  1.6065e+00  1.9313e-05  4.3074e+06  4.3075e+06
linuusit   F	 173315	     16	  110.9	   2835	-2.5437	  5.5123e-01 -2.5442e+01  1.1298e+02  9.0519e+00 -8.9172e+01  3.0686e+02  1.9923e+00  9.8239e-05  2.0294e+06  2.0295e+06
linytria   F	  63100	     16	 1456.4	  58495	-3.8478	  1.0935e-01  6.8788e+01  3.2109e+01  9.0392e-01 -4.1855e+02  1.6221e+03  1.4488e+00  3.8666e-05  1.1188e+06  1.1189e+06
lioljapo   F	 156656	     28	  803.8	  36112	-3.5735	  1.1160e-04  1.0490e+02  9.9782e-02  4.6209e+00 -6.0415e+01  6.6302e+02  1.3242e+00  3.0307e-05  2.5692e+06  2.5693e+06
liophaem   F	  23989	     16	 1488.9	  96310	-3.7302	  1.4499e-01 -1.5436e+01  7.0875e+01  1.5532e+01 -4.9734e+00  2.1118e+02  8.5294e-01  3.2824e-01  2.4967e+02  1.9523e+03  1.3065e+00  8.8699e-05  4.1216e+05  4.1225e+05
lipoarxi   F	  11828	     18	   49.0	    313	-1.4001	  9.2379e-01 -5.6069e+01  1.0279e+02  3.0000e+01 -2.0469e+01  8.6758e+01  1.9987e+00  1.7747e-03  7.5832e+04  7.5884e+04
lipobost   F	  34446	     16	  107.7	  90263	-2.9143	  5.0194e-01  2.9865e+01  4.0482e+01  4.2000e+00 -9.3303e+00  3.7892e+02  8.3976e-01  1.1490e-04  4.6268e+05  4.6274e+05
lipochic   F	  14125	     16	   55.9	    322	-1.6527	  8.5351e-01  4.9571e+00  4.7844e+01  9.5381e+00 -5.3806e+01  1.2388e+02  3.0314e+00  6.9253e-04  1.0743e+05  1.0749e+05
lipodoor   F	  15473	     16	   55.6	    362	-1.6860	  8.2449e-01  1.4761e+01  3.7878e+01  7.6298e+00 -2.9651e+01  8.9052e+01  2.3925e+00  6.9015e-04  1.2005e+05  1.2011e+05
lipojapo   F	  10474	     17	   63.5	    426	-1.8425	  9.0093e-01  3.1344e+00  5.5291e+01  5.8713e+00 -3.7158e+01  1.1460e+02  2.1192e+00  6.8993e-04  8.8916e+04  8.8966e+04
lipoolig   F	   9265	     19	   54.9	    486	-1.7446	  8.5465e-01  8.6844e+00  4.2422e+01  7.1937e+00 -4.4847e+01  1.2971e+02  2.3788e+00  5.1558e-04  7.4439e+04  7.4489e+04
lipostar   F	  17290	     23	   56.3	    448	-1.7114	  8.3700e-01  1.8806e+01  3.4062e+01  6.5148e+00 -2.6792e+01  1.0330e+02  2.2752e+00  5.9949e-04  1.3626e+05  1.3632e+05
lipotetr   F	  16286	     17	   55.7	    406	-1.6979	  8.1205e-01  1.1937e+01  4.0879e+01  8.3434e+00 -2.0148e+01  7.7798e+01  2.1249e+00  5.4107e-04  1.2723e+05  1.2729e+05
lipovexi   F	 166091	     27	 1370.9	 173976	-3.9321	  7.7426e-02  5.2564e+01  3.9491e+01  2.3221e+00 -3.9391e+01  3.5535e+02  1.2817e+00  2.7678e-01 -1.5778e+02  1.8517e+03  1.0734e+00  1.7028e-05  3.0066e+06  3.0067e+06
liquform   F	  84817	     16	  364.9	  42613	-3.3047	  3.5611e-01  4.1725e+01  5.6388e+01  2.5935e+00  6.9900e+01  4.1480e+01  2.0065e-01  5.2468e-04 -1.2225e+02  6.7357e+02  1.1751e+00  4.3552e-05  1.2904e+06  1.2905e+06
liqustyr   F	  71355	     16	  378.6	  23247	-3.2766	  3.3072e-01  3.2900e+01  6.3419e+01  3.1604e+00  1.6663e+00  1.7134e+02  2.0240e+00  1.1021e-01 -2.2093e+02  9.4021e+02  1.4650e+00  4.5069e-05  1.0769e+06  1.0770e+06
lirichin   F	  72491	     16	  687.4	  81561	-3.6413	  3.0032e-01  4.3921e+01  5.2596e+01  2.4874e+00 -1.5052e+02  9.4197e+02  1.0768e+00  6.0752e-01 -2.0101e+04  2.7969e+04  5.8547e+00  3.3277e-05  1.2161e+06  1.2162e+06
listbona   F	  34386	     16	 1468.6	  67931	-3.8412	  2.4400e-01 -5.6514e+01  1.3893e+02  2.9709e+00 -2.5594e+02  1.2032e+03  1.3702e+00  4.0998e-01 -9.2559e+01  2.7857e+03  1.4469e+00  1.1413e-04  6.0789e+05  6.0799e+05
litcchin   F	 105831	     16	  236.5	 212195	-3.1259	  4.6124e-01  5.0995e+01  4.6015e+01  1.9328e+00 -1.3119e+02  5.7051e+02  2.1545e+00  3.5675e-01 -9.7743e-01  4.6808e+02  5.8544e-01  4.3945e-05  1.5255e+06  1.5256e+06
lithcate   F	  37883	     16	  343.1	  42734	-3.3385	  2.2675e-01  1.1401e+01  2.0470e+01  1.0955e+00  5.6774e+01  3.6461e+01  1.7232e+00  1.5162e-01 -1.6084e+02  7.0956e+02  1.1774e+00  1.1849e-04  5.8772e+05  5.8782e+05
lithforf   F	   4530	     28	  176.7	   3423	-2.9117	  1.4312e-01  2.5955e+01  1.1706e+01  8.3888e-01 -2.0045e+02  2.8657e+02  1.8640e+01  3.0351e-01 -4.4027e+02  7.9348e+02  3.1487e+00  4.8642e-04  6.0800e+04  6.0871e+04
lithgutt   F	   8588	     16	   52.7	    568	-1.8703	  6.2559e-01  1.6377e+01  3.2560e+01  9.1678e+00 -3.5690e+01  1.0208e+02  2.4248e+00  8.4977e-04  7.3938e+04  7.3987e+04
lithpipi   F	 185237	     16	 3155.7	 577748	-4.2739	  8.4220e-02  1.4230e+01  3.1902e+01  6.1170e-01  7.0591e+01  3.8527e+01  7.2539e-01  1.1627e-01 -4.5064e+02  3.2222e+03  9.8987e-01  1.9750e-05  3.6555e+06  3.6556e+06
litosigm   F	  80647	     40	  201.6	   1436	-2.7199	  1.7076e-01 -2.8527e+01  1.1426e+02  5.7351e+00 -1.0657e+02  2.9741e+02  3.1034e+00  1.0163e-04  1.0102e+06  1.0103e+06
littlitt   F	 115140	     16	  722.5	  44289	-3.5189	  5.1005e-01 -1.3219e+02  6.2732e+02  3.0544e+00 -2.3434e+02  1.0792e+03  1.2312e+00  2.9820e-05  1.8675e+06  1.8676e+06
littsaxa   F	 224902	     16	 1035.7	  96896	-3.7476	  2.5925e-02  6.6787e-01  1.6393e+02  8.6454e-01  3.6168e+01  7.2281e+02  1.0802e+00  2.2144e-05  3.8798e+06  3.8799e+06
lizoempi   F	  19579	     23	   53.3	    958	-1.9009	  6.0070e-01  1.7859e+01  3.1531e+01  9.0917e+00  1.1676e+00  6.5861e+01  1.6347e+00  5.7761e-04  1.7110e+05  1.7115e+05
loa_loa_   F	 176434	     16	  240.7	   2180	-2.8519	  1.9522e-01 -1.8931e+02  2.8544e+02  1.0749e+01  9.8143e+00  6.3185e+01  9.4275e-01  2.8047e-02 -9.9999e+01  3.3911e+02  2.7614e+00  7.4978e-05  2.3193e+06  2.3194e+06
lobapulm   F	  52707	     23	   61.1	    789	-1.9986	  7.2764e-01  3.4505e+01  1.9846e+01  2.6692e+00 -1.6608e+01  1.0424e+02  1.9552e+00  2.2132e-04  4.8484e+05  4.8490e+05
lobotran   F	  38630	     23	  118.8	   1455	-2.3446	  7.1248e-01 -1.0229e+02  2.0695e+02  1.0826e+01 -5.3170e+01  1.9174e+02  2.0026e+00  2.7023e-01 -3.2662e+02  9.6272e+02  5.2082e+00  1.8319e-04  4.1778e+05  4.1787e+05
locumigr   F	 112626	     23	 6410.5	 138779	-4.1580	  1.3879e-01  6.7681e+01  4.2138e+01  9.1227e-01 -7.2708e+02  1.8212e+03  2.2339e+00  1.5193e-01 -3.1307e+03  7.3702e+03  2.3699e+00  3.9634e-05  2.3416e+06  2.3417e+06
loddbeij   F	    347	     48	   99.5	   1350	-2.4809	  7.3130e-01 -4.3766e+02  5.1755e+02  2.4801e+01 -1.2607e+02  4.4166e+02  3.2941e+00  3.6467e-03  3.9820e+03  4.0089e+03
loddelon   F	     44	     30	  267.0	   4292	-2.9903	  7.3048e-02  1.9341e+01  5.2205e+01  2.3696e+01 -1.5560e+02  3.7195e+02  2.1035e+00  2.0976e-02  6.2160e+02  6.3409e+02
lolimult   F	 112012	     16	  167.7	  39925	-2.9375	  5.1176e-01  4.6195e+01  4.4251e+01  2.4416e+00 -2.4328e+02  6.8149e+02  2.2650e+00  4.0583e-01 -3.7832e+00  3.5948e+02  5.9005e-01  6.2958e-05  1.5147e+06  1.5148e+06
lolipere   F	 198370	     17	  161.5	  13925	-2.9170	  4.4957e-01  2.2741e+01  6.6002e+01  4.3406e+00 -1.7400e+01  2.9802e+02  1.1573e+00  4.2822e-01 -2.3647e+02  9.1052e+02  3.0307e+00  4.7505e-05  2.6645e+06  2.6646e+06
lolirigi   F	 212646	     16	  152.5	  11585	-2.8899	  4.8429e-01  3.7059e+01  5.2521e+01  3.2152e+00 -5.7145e+01  3.6320e+02  1.2719e+00  4.1255e-01 -2.8459e+02  9.0574e+02  3.4114e+00  3.9500e-05  2.8301e+06  2.8302e+06
lollminu   F	  24287	     23	   77.7	    901	-2.2182	  7.0518e-01  3.9713e+01  2.6501e+01  1.6226e+00 -2.2217e+01  1.0262e+02  2.1649e+00  2.7632e-04  2.4819e+05  2.4825e+05
loncstri   F	 167771	     26	  952.9	 133288	-3.7770	  1.0057e-01  5.1796e+01  3.9369e+01  1.8125e+00 -5.7807e+01  8.3477e+02  1.0229e+00  1.9356e-05  2.9181e+06  2.9182e+06
lonijapo   F	  61010	     18	  387.6	  39349	-3.2262	  5.2037e-02  4.1439e+01  4.7811e+01  4.4918e+00  3.3696e+01  6.7536e+01  2.6973e+00  3.0853e-01 -1.1234e+02  6.5670e+02  1.4770e+00  5.5346e-05  9.0685e+05  9.0695e+05
lontcana   F	 208808	     28	 1442.0	 204184	-3.9695	  7.6126e-02  4.8652e+01  4.2785e+01  2.5858e+00  6.1162e+00  3.4751e+02  1.0776e+00  2.7791e-01 -2.5184e+02  1.9893e+03  1.0614e+00  1.3325e-05  3.8158e+06  3.8159e+06
lophmacr   F	  34129	     23	   56.7	    626	-1.9233	  6.6842e-01  3.0930e+01  2.0158e+01  4.2734e+00 -2.5227e+01  1.1173e+02  2.3744e+00  3.1950e-04  3.0237e+05  3.0243e+05
lophmyti   F	      1	     54	   27.0	      0	-0.8811	  1.0000e+00  8.3891e+00  4.5947e+01  2.9819e+01  7.6564e-01  8.9018e+00  2.9018e+00
lophnucu   F	  36120	     23	   55.7	    601	-1.8747	  6.7045e-01  2.1288e+01  2.9659e+01  6.9318e+00 -2.0210e+01  1.0148e+02  2.3066e+00  3.3662e-04  3.1189e+05  3.1195e+05
lorajunc   F	  35352	     23	   55.5	    571	-1.9194	  6.4251e-01  3.2857e+01  1.6906e+01  3.7062e+00 -2.0829e+01  9.9904e+01  2.3953e+00  2.7154e-04  3.1252e+05  3.1258e+05
loramacr   F	  38803	     23	   56.1	    599	-1.9465	  6.2609e-01  3.2998e+01  1.6887e+01  3.6230e+00 -2.0376e+01  1.0022e+02  2.3658e+00  2.7286e-04  3.4796e+05  3.4802e+05
lothocea   F	      2	   4948	 4949.0	     49	 0.0000	  1.0000e+00  3.7398e+03  7.8003e+03  8.1028e+00  5.0000e-01  6.0000e+00  2.0794e+00
lothspec   F	    728	     18	   19.9	 318553	-1.8101	  9.9369e-01  1.9900e+01  1.5643e+00  4.3271e-01 -4.5844e+01  6.6547e+01  2.0288e+01  2.1343e-01  6.8143e+03  6.8465e+03
lottgiga   F	 116823	     17	  369.0	  13260	-3.1446	  5.1493e-01 -2.4636e+03  2.7371e+03  2.5756e+01 -1.2696e+02  5.2980e+02  1.4150e+00  4.1407e-05  1.6923e+06  1.6924e+06
lotujapo   F	 162017	     19	  219.6	   7669	-2.9712	  3.5808e-01  1.6088e+01  7.5148e+01  4.8096e+00 -3.5396e+01  2.9742e+02  1.4954e+00  5.0936e-01  1.1332e+02  6.1329e+02  1.9089e+00  4.8960e-05  2.2164e+06  2.2165e+06
loxoafri   F	 187395	     30	 1591.7	 173834	-4.0268	  1.7902e-01  6.4568e+01  6.3509e+01  7.7012e-01 -2.0478e+02  1.3377e+03  1.1283e+00  6.9684e-01 -3.0022e+03  1.1106e+04  1.5403e+00  1.7045e-05  3.4736e+06  3.4737e+06
loxorecl   F	  30106	     23	 3878.7	 248879	-4.0661	  1.8378e-02 -8.0312e+00  6.2491e+01  1.6025e+01  1.5521e+01  1.2119e+02  8.6206e-01  3.1434e-01 -6.1564e+02  3.1053e+03  1.1358e+00  9.1625e-05  5.8273e+05  5.8282e+05
loxostic   F	  44239	     16	  557.0	  80846	-3.5466	  8.8142e-02  3.1517e+01  4.9212e+01  6.1880e+00 -5.0546e+01  5.0533e+02  1.0251e+00  6.3636e-05  7.2373e+05  7.2379e+05
lucicupr   F	  58055	     30	  129.2	 185631	-3.1744	  4.1475e-01 -4.1087e+01  1.0341e+02  1.6355e+01  2.9695e+01  1.2570e+02  8.7000e-01  2.7783e-01 -4.5438e+02  3.0980e+03  1.0288e+00  5.7090e-05  8.4795e+05  8.4805e+05
lucident   F	 173717	     16	  421.0	  78669	-3.4001	  9.4406e-03 -4.1093e+00  7.7337e+01  1.1341e+00  5.1801e+01  9.3600e+01  7.4072e-01  6.8343e-01 -1.2614e+02  1.0605e+03  1.5734e+00  1.0595e-04  2.7195e+06  2.7196e+06
luciseri   F	  60640	     29	  138.4	 187415	-3.2140	  4.0469e-01 -6.1295e+01  1.2323e+02  2.0325e+01  2.2879e+01  1.2522e+02  9.7072e-01  2.6745e-01 -5.1659e+02  3.4860e+03  1.0586e+00  5.2387e-05  8.9664e+05  8.9674e+05
luffaegy   F	 117480	     16	  235.3	 910434	-3.2318	  3.8713e-01  5.6411e+01  3.8461e+01  1.6980e+00  1.5674e+01  4.2577e+01  3.5051e-01  1.6673e-01 -1.2110e+02  6.1933e+02  1.4186e+00  5.1626e-05  1.7479e+06  1.7480e+06
luidclat   F	     14	    196	  535.0	    112	-3.1133	  1.0000e+00 -1.3409e+03  1.8210e+03  7.3402e+00  7.0467e-02  2.0683e+02  2.0875e+02
lumbrube   F	  31503	     17	  715.6	  27955	-3.4387	  5.3405e-01 -1.5910e+03  2.1375e+03  1.0720e+01 -3.2985e+02  1.1093e+03  1.3985e+00  7.9195e-05  5.0013e+05  5.0019e+05
lumbterr   F	     22	    224	  749.0	  98665	-3.5800	  4.3139e-01 -4.0543e+00  5.1103e+02  5.0469e+00 -1.2907e+02  1.1764e+03  1.0674e+00  4.4731e-02  3.7584e+02  3.8348e+02
lumnlitt   F	  82988	     16	  297.5	  16101	-3.1544	  4.0097e-01  4.7864e+01  4.5537e+01  2.1485e+00  9.1643e+01  2.0152e+02  8.8138e-01  5.1798e-02 -2.0778e+02  7.3519e+02  1.5928e+00  4.7269e-05  1.2061e+06  1.2062e+06
lumnrace   F	  87568	     18	  297.1	  14380	-3.1407	  3.5559e-01  2.7934e+01  6.2484e+01  3.7488e+00  7.9568e+01  1.2540e+02  1.0885e+00  1.5804e-01 -1.8481e+02  7.8068e+02  1.6314e+00  4.3336e-05  1.2667e+06  1.2668e+06
lupiangu   F	 180444	     16	  245.0	   9044	-3.0137	  3.4967e-01  5.1541e+01  4.1992e+01  2.2156e+00 -3.6089e+01  2.4905e+02  1.1581e+00  3.2078e-01 -7.0112e+02  1.1774e+03  4.1280e+00  4.4118e-05  2.5041e+06  2.5043e+06
lutjeryt   F	 116609	     16	  639.8	  52377	-3.5073	  2.4527e-01  5.2073e+01  4.6140e+01  2.4656e+00 -8.2909e+02  1.0117e+03  1.6559e+01  9.8554e-02 -1.6883e+02  1.0581e+03  1.2479e+00  3.0385e-05  1.8848e+06  1.8849e+06
lutrlutr   F	 226759	     28	 1507.8	 222368	-4.0048	  9.7762e-02  6.1883e+01  3.6404e+01  1.3390e+00 -6.4702e+01  6.4128e+02  1.0699e+00  4.6268e-01 -3.4302e+02  2.9277e+03  1.0774e+00  1.3149e-05  4.1802e+06  4.1803e+06
lutzlong   F	  50066	     30	  239.7	  66938	-3.2449	  3.7671e-01  3.0757e+01  3.6998e+01  4.0771e+00  2.5300e+00  1.6123e+02  1.3448e+00  2.2069e-01 -2.1844e+02  1.6824e+03  1.1923e+00  5.7053e-05  7.4812e+05  7.4822e+05
lycibarb   F	 175959	     29	  395.9	  15035	-3.2261	  2.8377e-01  3.7816e+01  5.2127e+01  3.3110e+00 -1.4798e+01  2.1196e+02  1.3509e+00  2.6398e-01 -1.1780e+02  8.7529e+02  1.6421e+00  3.1945e-05  2.6149e+06  2.6150e+06
lycifero   F	 148860	     18	  363.2	  13708	-3.1973	  3.2343e-01  4.6314e+01  4.5173e+01  2.5381e+00 -1.3525e+01  1.9599e+02  1.1477e+00  1.7626e-01 -2.2191e+02  8.6436e+02  1.7677e+00  3.7018e-05  2.1919e+06  2.1920e+06
lycodeli   F	  29208	     17	 3952.8	 126687	-4.2204	  8.4117e-03  9.0368e+01  3.1459e+01  6.0783e-01 -5.0218e+02  2.3506e+03  1.1188e+00  4.2142e-01 -3.0450e+03  6.7756e+03  2.8498e+00  4.8942e-05  5.6804e+05  5.6813e+05
lycoperl   F	 113808	     23	   57.1	    796	-1.7534	  8.3337e-01  1.3733e+01  4.0177e+01  7.0562e+00  2.3815e+00  6.1285e+01  1.3631e+00  2.4243e-04  9.1779e+05  9.1786e+05
lyguline   F	  37585	     28	 1152.9	 120279	-3.7565	  2.9171e-01  7.2511e+01  9.7119e+01  5.9312e-01 -4.4263e+02  6.5772e+02  4.4858e+00  1.0878e-01 -1.6580e+02  1.5249e+03  1.5269e+00  5.9302e-05  6.5044e+05  6.5053e+05
lymadisp   F	  31839	     16	 1299.4	  89475	-3.8588	  6.4939e-02  5.5210e+01  2.6123e+01  2.0082e+00 -2.1295e+02  1.2506e+03  1.2237e+00  6.2091e-05  5.6663e+05  5.6669e+05
lymnstag   F	  30569	     16	  448.0	  10889	-3.2551	  2.3497e-01 -2.5047e+03  2.7118e+03  3.0000e+01 -1.0619e+02  5.4922e+02  1.6776e+00  1.0888e-04  4.5784e+05  4.5789e+05
lynxcana   F	 205328	     30	 1465.9	 183577	-3.9675	  7.6557e-02  5.3728e+01  3.8239e+01  2.2265e+00 -1.2986e+00  3.5027e+02  1.1387e+00  2.8181e-01 -2.8909e+02  2.1067e+03  1.0957e+00  1.3809e-05  3.7506e+06  3.7507e+06
lynxrufu   F	 202433	     30	 1432.5	 168495	-3.9556	  9.2493e-02  5.9105e+01  3.5770e+01  1.6531e+00 -3.0764e+01  4.7535e+02  1.1193e+00  3.6492e-01 -2.9204e+02  2.3635e+03  1.1223e+00  1.4616e-05  3.6855e+06  3.6856e+06
lytepict   F	 170505	     28	  956.9	  16479	-3.6162	  7.5323e-01 -8.0401e+02  1.4214e+03  3.9735e+00 -3.1410e+03  5.9628e+03  3.2714e+00  2.8385e-05  2.8397e+06  2.8398e+06
lytevari   F	 168345	     16	 1008.6	  64532	-3.7172	  3.8073e-01 -4.2074e+02  9.9138e+02  3.9912e+00 -3.7707e+02  1.5228e+03  1.2832e+00  2.0897e-05  2.8866e+06  2.8867e+06
macafasc   F	 246976	     30	 1850.7	 427366	-4.1000	  2.1444e-01  6.4413e+01  8.4735e+01  6.8726e-01 -1.9412e+02  1.8600e+03  9.5347e-01  1.5192e-05  4.6554e+06  4.6554e+06
macainte   F	 150452	     17	  306.3	  31163	-3.3043	  4.5877e-01  4.8305e+01  5.2012e+01  1.9525e+00 -1.9189e+02  8.8587e+02  1.3270e+00  4.9810e-01 -2.0057e+04  2.7319e+04  6.7031e+00  3.3890e-05  2.2884e+06  2.2885e+06
macamula   F	 248613	     21	 1796.3	 359959	-4.0748	  2.1773e-01  6.4516e+01  8.3880e+01  6.9165e-01 -2.1150e+02  1.8415e+03  9.8435e-01  1.5828e-05  4.6572e+06  4.6572e+06
macaneme   F	 256887	     30	 1915.9	 498654	-4.1273	  2.0917e-01  6.4454e+01  8.5887e+01  6.8557e-01 -1.9062e+02  1.9037e+03  9.2972e-01  1.4325e-05  4.8733e+06  4.8734e+06
macathib   F	 231849	     27	 1786.7	 385459	-4.0792	  2.0236e-01  6.5161e+01  7.4940e+01  6.9999e-01 -2.1491e+02  1.7967e+03  9.6424e-01  1.5745e-05  4.3499e+06  4.3500e+06
maccpeel   F	 165558	     16	  417.3	  35381	-3.3455	  1.3926e-01  7.1882e+01  3.2288e+01  1.1927e+00  6.3039e+01  6.6039e+01  9.2943e-01  2.9896e-01 -1.2240e+02  7.3170e+02  1.2666e+00  2.5829e-05  2.5516e+06  2.5517e+06
machhrab   F	   1836	     25	  856.0	  10910	-3.4433	  1.2766e-01 -4.3328e+01  1.2348e+02  1.9115e+01  1.1636e+00  1.0759e+02  9.6986e-01  2.9562e-01 -3.1701e+03  4.4729e+03  5.0967e+00  5.8169e-04  2.9151e+04  2.9212e+04
macohirs   F	  55922	     16	   74.2	  26879	-2.3767	  7.0921e-01  1.4813e+01  5.0836e+01  6.1198e+00 -1.0890e+01  2.7710e+02  8.8620e-01  1.9667e-04  6.1153e+05  6.1160e+05
macranom   F	  22042	     23	   53.9	    886	-1.8594	  6.4487e-01  2.2244e+01  2.7688e+01  8.0344e+00  1.4007e-01  7.4612e+01  1.7204e+00  4.7494e-04  1.8869e+05  1.8874e+05
macreuph   F	  57609	     30	  155.5	  94559	-3.1287	  5.0824e-01  4.1255e+01  2.8185e+01  2.1439e+00 -4.4489e+01  6.1727e+02  9.9340e-01  3.8938e-01  3.2115e+02  1.5113e+03  9.0709e-01  5.2855e-05  8.2921e+05  8.2930e+05
macrfuli   F	  74198	     23	   55.2	    473	-1.6041	  8.6877e-01  4.9290e+00  4.7562e+01  1.0671e+01 -1.0664e+01  8.1920e+01  1.8294e+00  2.1685e-04  5.4810e+05  5.4817e+05
macrlign   F	 250550	     23	  587.1	  31129	-3.4583	  8.3501e-02  1.6158e+01  6.7362e+01  6.0259e+00 -8.9834e+01  4.2515e+02  1.1745e+00  7.7929e-01 -2.9811e+03  4.3595e+03  5.8098e+00  9.8525e-05  3.9368e+06  3.9369e+06
macrnipp   F	 170810	     21	 1840.7	 475426	-4.2450	  7.4306e-01 -1.5067e+01  6.1297e+02  8.4862e-01 -4.1160e+03  1.6789e+04  1.3951e+00  1.6279e-05  3.3381e+06  3.3382e+06
macrphas   F	  20651	     23	   58.2	    663	-1.8925	  7.5539e-01  2.9864e+01  2.3264e+01  4.3556e+00 -4.6538e+01  1.5128e+02  2.5095e+00  6.1270e-04  1.8003e+05  1.8009e+05
macrquad   F	 163370	     25	 1240.9	 159055	-3.8896	  3.4515e-11 -4.5259e+02  2.2089e+02  9.2144e+01  1.5931e+02  5.0043e+02  2.2348e+00  1.3679e-01 -1.5712e+02  1.1479e+03  1.0438e+00  1.8363e-05  2.9259e+06  2.9260e+06
macrrose   F	 181589	     30	 1814.7	 639793	-4.2045	  7.4943e-01 -2.0813e+01  6.6061e+02  8.4529e-01 -1.2111e+03  8.6230e+03  1.0450e+00  1.5850e-05  3.5125e+06  3.5125e+06
macrunif   F	  92085	     18	  230.3	  10330	-2.9863	  2.7454e-01  1.0364e+01  7.8212e+01  5.8125e+00  4.9866e+01  1.1333e+02  9.7611e-01  3.9516e-01 -5.1787e+02  1.0410e+03  3.2113e+00  5.2261e-05  1.2663e+06  1.2664e+06
madufaha   F	  21171	     36	   64.3	    526	-1.9036	  6.5962e-01 -6.1671e+00  6.3804e+01  8.8751e+00  1.8721e+01  5.6376e+01  1.9171e+00  3.3805e-04  1.8560e+05  1.8565e+05
madumyce   F	  17403	     23	   63.6	    675	-1.9465	  7.6288e-01  1.9693e+01  3.8244e+01  4.8023e+00 -2.0080e+01  9.8551e+01  1.9702e+00  5.6071e-04  1.5603e+05  1.5608e+05
magaangu   F	 242263	     21	  398.6	  44120	-3.3625	  3.0101e-01  6.8656e+01  6.3664e+01  9.5293e-01 -1.4650e+01  4.3906e+02  1.0982e+00  3.0628e-05  3.7485e+06  3.7486e+06
magagiga   F	 245649	     16	  401.5	  45751	-3.3687	  2.9818e-01  6.9260e+01  6.2932e+01  9.3249e-01 -1.5418e+01  4.3971e+02  1.0932e+00  2.9281e-05  3.8085e+06  3.8086e+06
magngris   F	  19507	     23	   88.5	    701	-2.2526	  6.8759e-01 -1.8033e+02  2.5504e+02  1.6517e+01 -2.0615e+02  3.3813e+02  4.1795e+00  2.6346e-04  2.0254e+05  2.0259e+05
magnoryz   F	  22344	     23	   88.5	    713	-2.2382	  7.3794e-01 -1.8029e+02  2.5512e+02  1.5844e+01 -1.9695e+02  3.4658e+02  4.0895e+00  2.7443e-04  2.3042e+05  2.3048e+05
magnpara   F	   4378	     28	   73.7	   1561	-2.2766	  9.1472e-01  3.8023e+01  2.3503e+01  1.2523e+00 -1.2455e+03  1.5081e+03  1.1089e+01  6.5957e-04  4.5914e+04  4.5958e+04
magnpoae   F	  21222	     23	   87.9	   1278	-2.2877	  7.7951e-01 -1.7995e+02  2.5556e+02  1.5116e+01 -1.7298e+02  3.6788e+02  2.7511e+00  3.3003e-04  2.2282e+05  2.2288e+05
magnsini   F	 163070	     16	  626.6	  51925	-3.5982	  3.1488e-01  4.7189e+01  5.0474e+01  2.1060e+00 -1.9478e+02  9.2836e+02  1.2164e+00  5.8317e-01 -1.9600e+04  2.7518e+04  5.2562e+00  2.5334e-05  2.7037e+06  2.7038e+06
malagenu   F	  62759	     24	  139.9	 352234	-3.3926	  4.1002e-01 -1.1677e+02  1.7653e+02  3.0000e+01  3.0410e+01  1.3364e+02  7.8821e-01  2.8142e-01 -1.8967e+03  1.2986e+04  1.2812e+00  3.1938e-05  9.8006e+05  9.8016e+05
malaglob   F	   2003	     23	   51.3	    374	-2.0998	  8.8221e-01 -1.0206e+01  5.2210e+01  3.5987e+00  1.5075e+00  1.4338e+02  4.3695e+00  7.2378e-02 -5.3138e+01  3.0961e+02  8.0699e+00  1.5593e-03  1.9405e+04  1.9467e+04
malajapo   F	   5568	     21	   22.6	    519	-1.0395	  3.0196e-08 -3.4464e+03  3.4659e+03  8.2282e+02  1.1061e+01  1.2883e+01  6.2677e+00  9.9888e-01 -2.7029e+02  1.4021e+03  1.0421e-01  2.7041e-02  5.0314e+04  5.0387e+04
malaolei   F	 116990	     32	  404.2	  41011	-3.4984	  4.1416e-01  4.5924e+01  5.5152e+01  1.9560e+00 -1.4943e+02  7.4873e+02  1.3471e+00  4.2358e-01 -1.8731e+04  2.7080e+04  4.9958e+00  2.5724e-05  1.8851e+06  1.8852e+06
malapach   F	   4829	     23	   30.7	  39091	-1.5598	  5.5828e-02 -5.4143e+01  7.5474e+01  2.0445e+01  2.5900e+01  1.0837e+00  4.9923e-01  3.0399e-02  3.5962e+04  3.6007e+04
malarest   F	   2021	     22	   28.5	    166	-1.4023	  1.0000e+00  2.0682e+01  6.2212e+00  1.6814e+00  4.1038e-03  1.3079e+04  1.3096e+04
malasymp   F	   2866	     23	   34.2	    982	-2.4163	  1.3524e-01  2.2900e+01  2.1007e-01  7.5140e-01 -1.1755e+02  1.8966e+02  5.2078e+00  6.8534e-01 -3.7114e+01  3.6515e+02  3.5370e+00  1.3268e-02  2.8117e+04  2.8183e+04
malaterr   F	 222164	     21	 1643.9	 301866	-4.0430	  5.3326e-02  6.7754e+01  3.8581e+01  1.0145e+00 -9.3212e+01  1.2766e+03  9.5902e-01  1.2838e-05  4.1317e+06  4.1318e+06
malavesp   F	   3188	     22	   29.7	 161054	-1.6677	  6.7238e-01  2.5900e+01  1.2782e+00  4.1704e-01 -5.1276e+01  7.9164e+01  2.3325e+01  1.9208e-02  2.4347e+04  2.4389e+04
maludome   F	 326282	     16	  188.5	   5697	-2.9223	  7.7158e-02  2.1345e+01  3.4869e+01  1.0184e+00  3.5783e+01  6.0421e+01  2.9500e+00  3.4827e-01 -1.0951e+02  3.9355e+02  1.7947e+00  4.5276e-05  4.3906e+06  4.3907e+06
malumela   F	 149397	     30	  924.1	 101718	-3.7424	  1.0138e-01  5.6628e+01  3.7271e+01  1.5018e+00 -6.9845e+01  8.2523e+02  1.0776e+00  2.1974e-05  2.5745e+06  2.5746e+06
malusiev   F	  47822	     16	  167.2	  43031	-2.9227	  3.3882e-01 -3.7025e+02  4.6188e+02  3.0000e+01  5.3002e+01  1.5600e+02  9.7079e-01  6.2172e-01 -4.3737e+02  1.1631e+03  7.7105e-01  9.1117e-05  6.4965e+05  6.4975e+05
malusylv   F	 210878	     16	  184.0	  21586	-2.9292	  5.2401e-01  5.5721e+01  4.4782e+01  1.6538e+00 -7.6906e+00  3.1328e+02  9.3682e-01  2.6525e-01 -1.1128e+03  1.5181e+03  6.8611e+00  4.6348e-05  2.8451e+06  2.8452e+06
mamebras   F	    923	     16	  732.2	 102331	-3.6786	  6.3016e-02  1.5844e+01  6.4695e+01  4.8682e+00 -1.2145e+02  6.7402e+02  1.0411e+00  1.0471e-03  1.5683e+04  1.5717e+04
manacand   F	 206734	     17	  948.7	 148942	-3.7873	  5.0547e-03  2.6054e+01  2.7505e+01  7.2198e-01  5.1675e+01  4.1213e+01  1.9102e+00  1.0080e-01 -5.9768e+01  8.3476e+02  1.0002e+00  1.7870e-05  3.6053e+06  3.6055e+06
manavite   F	 290206	     28	  930.4	  76417	-3.7215	  8.0955e-02  5.5188e+01  3.9514e+01  1.7760e+00 -1.1748e+02  8.4916e+02  1.1577e+00  1.7812e-05  4.9849e+06  4.9850e+06
mandleuc   F	 197064	     30	 1679.4	 236037	-4.0364	  8.5414e-02  5.7018e+01  3.7386e+01  1.7423e+00 -1.4870e+02  4.4951e+02  2.0783e+00  2.0639e-01 -2.7256e+02  2.2965e+03  1.0682e+00  1.4041e-05  3.6613e+06  3.6614e+06
mandsext   F	 116712	     18	  511.3	  99268	-3.5534	  4.9383e-02  3.1637e+01  4.5118e+01  6.4433e+00 -2.0784e+01  4.2445e+02  9.6151e-01  4.2636e-05  1.9157e+06  1.9158e+06
mangindi   F	 159884	     16	  188.9	  14860	-2.9250	  4.3032e-01  3.2555e+01  5.7862e+01  3.5088e+00 -1.1605e+02  4.5699e+02  1.6474e+00  4.7989e-05  2.1542e+06  2.1542e+06
maniescu   F	 162254	     22	  197.5	  13203	-2.9794	  4.2173e-01  3.4896e+01  5.6440e+01  3.2444e+00 -3.8148e+01  3.5922e+02  1.2783e+00  5.0511e-01 -3.4831e+02  1.0613e+03  3.8853e+00  4.1744e-05  2.2258e+06  2.2259e+06
manihype   F	  86617	     29	  710.9	  33927	-3.5589	  5.4344e-02  1.7559e+01  6.4260e+01  5.4714e+00 -1.0136e+02  6.8223e+02  1.3402e+00  5.3937e-05  1.4233e+06  1.4234e+06
manijava   F	 224474	     16	 1348.6	 279341	-3.9818	  1.1480e-01  6.1096e+01  3.9282e+01  1.1749e+00 -2.3602e+02  6.0975e+02  2.1502e+00  2.4466e-01 -1.8815e+02  2.0570e+03  9.8736e-01  1.3493e-05  4.1142e+06  4.1143e+06
manijurt   F	  98192	     20	  607.7	 247140	-3.5490	  5.9331e-01  7.2222e+00  3.6699e+02  7.3277e-01 -1.0006e+02  6.1530e+02  3.0451e+00  6.1843e-05  1.6019e+06  1.6020e+06
manipent   F	 224126	     28	 1373.7	 272304	-3.9808	  8.5275e-02  5.5728e+01  3.7175e+01  1.7353e+00 -7.3227e+01  4.1947e+02  1.4649e+00  2.5732e-01 -1.7148e+02  1.9029e+03  9.8284e-01  1.2985e-05  4.1067e+06  4.1068e+06
mant_nas   F	   7482	     21	  126.7	   3027	-2.4425	  3.6672e-03 -3.7642e+02  4.1389e+02  3.0000e+01 -3.3514e+00  1.2126e+02  2.6663e+00  7.2709e-04  8.3229e+04  8.3278e+04
mantreli   F	  45111	     25	 4663.9	 370447	-4.3363	  9.1011e-02  7.0410e+01  2.5247e+01  7.8170e-01 -1.4866e+02  1.5785e+03  7.0541e-01  2.2134e-01 -2.8061e+03  7.2715e+03  1.9714e+00  3.5625e-05  9.0158e+05  9.0167e+05
marafiar   F	  98594	     23	   57.9	    353	-1.6389	  8.8755e-01 -5.4024e+00  6.0202e+01  1.0955e+01 -2.3606e+01  9.5475e+01  2.2500e+00  2.2551e-04  7.4405e+05  7.4411e+05
maraorea   F	  70903	     17	   56.6	    236	-1.4756	  9.4579e-01 -9.0864e+01  1.4485e+02  2.9741e+01  2.0580e+01  4.2309e+01  1.4337e+00  4.5329e-04  4.8320e+05  4.8326e+05
marcpale   F	  56065	     16	  242.8	   6977	-2.8597	  6.8235e-01  5.9560e+01  1.1985e+02  1.2113e+00 -4.1787e+02  6.5212e+02  6.5485e+00  8.9050e-05  7.3837e+05  7.3844e+05
marcpoly   F	 159333	     16	  234.3	   3651	-2.8339	  7.9631e-01  3.8426e+01  1.4387e+02  1.5752e+00 -4.0319e+02  6.3090e+02  4.4781e+00  9.0886e-05  2.0783e+06  2.0784e+06
margmarg   F	  71220	     16	 3572.1	 137649	-4.2055	  2.2179e-02 -1.2810e+03  1.3563e+03  3.0000e+01 -9.8256e+02  3.2897e+03  1.4096e+00  3.2066e-05  1.3827e+06  1.3827e+06
marispec   F	  27632	     23	   67.0	    910	-2.0549	  7.8663e-01  3.5297e+01  2.4648e+01  2.3102e+00 -1.0695e+01  9.2303e+01  1.6454e+00  3.2493e-04  2.6162e+05  2.6167e+05
marmflav   F	 196738	     28	 1355.7	 157464	-3.9207	  8.0809e-02  4.5942e+01  4.3448e+01  2.6252e+00 -3.8541e+01  3.3416e+02  1.4427e+00  2.4349e-01 -2.0863e+02  1.8423e+03  1.1034e+00  1.5113e-05  3.5513e+06  3.5515e+06
marmmarm   F	 179719	     25	 1312.1	 104167	-3.8794	  8.5362e-02  4.9573e+01  4.0627e+01  2.3469e+00 -3.3120e+01  3.8413e+02  1.2507e+00  3.1462e-01 -3.1648e+02  2.0654e+03  1.2341e+00  1.7026e-05  3.2097e+06  3.2099e+06
marmmona   F	 183513	     16	 1479.8	 266307	-4.0025	  9.0549e-02  5.8702e+01  3.6690e+01  1.4376e+00 -1.6161e+02  4.6848e+02  2.0154e+00  2.0139e-01 -1.7963e+02  1.9188e+03  1.0033e+00  1.4904e-05  3.3817e+06  3.3818e+06
marsbrun   F	  24686	     23	   66.1	    992	-2.2162	  4.3357e-01  3.3391e+01  1.7725e+01  3.5844e+00 -3.0241e+02  3.7660e+02  1.1847e+01  4.1896e-01 -2.2548e+02  4.5494e+02  3.4213e+00  3.7785e-04  2.5203e+05  2.5212e+05
martglac   F	  88167	     16	  890.5	 180924	-3.6611	  5.0876e-01 -2.6692e+03  3.3632e+03  9.1651e+00 -7.0237e+01  7.2931e+02  8.3138e-01  4.9104e-01  1.0409e+04  2.1324e+03  6.4066e-01  3.5126e-05  1.4876e+06  1.4877e+06
martpter   F	   5622	     23	  153.3	   2452	-2.7853	  1.9475e-01 -1.3038e+01  7.5220e+01  2.1336e+00 -7.4352e+01  1.8872e+02  8.5466e+00  3.5773e-01 -2.3417e+02  5.1460e+02  2.7301e+00  7.0494e-04  7.2178e+04  7.2251e+04
martzibe   F	 136340	     20	 1326.2	 188983	-3.9355	  9.3616e-02  5.2403e+01  4.0985e+01  2.1700e+00  1.6086e+01  3.7108e+02  1.0496e+00  3.1090e-01 -3.0129e+02  2.0482e+03  1.0759e+00  1.8463e-05  2.4702e+06  2.4703e+06
maruvitr   F	  53354	     16	  679.6	  98990	-3.6560	  4.7094e-02  1.0169e+01  7.2046e+01  8.9867e+00 -8.7336e+01  6.0064e+02  1.0278e+00  6.0444e-05  9.0055e+05  9.0061e+05
massebur   F	  25780	     23	   56.6	    615	-1.8960	  7.2607e-01  3.6948e+01  1.4336e+01  2.6411e+00 -1.8016e+01  1.0086e+02  2.1797e+00  3.2529e-04  2.2515e+05  2.2520e+05
massphae   F	  31753	     23	   56.5	    700	-1.9163	  6.8130e-01  3.0583e+01  2.0424e+01  4.1755e+00 -1.4231e+01  9.8244e+01  2.0908e+00  3.1203e-04  2.8019e+05  2.8025e+05
mastarma   F	 244793	     28	  329.9	  43765	-3.2812	  9.9420e-02  3.8922e+01  5.0047e+01  4.4918e+00  5.4737e+01  8.5609e+01  1.0609e+00  4.2184e-01 -5.0712e+01  6.2797e+02  1.1017e+00  1.9065e-05  3.6979e+06  3.6980e+06
mastcouc   F	 227414	     30	 1555.5	 205842	-3.9887	  7.0655e-02  5.0527e+01  3.8182e+01  2.5507e+00  8.8176e+00  3.1043e+02  1.0692e+00  2.4932e-01 -2.2062e+02  1.9815e+03  1.0676e+00  1.2868e-05  4.1759e+06  4.1760e+06
mastgiga   F	  11805	     16	 9929.3	 341651	-4.3987	  6.4083e-02  6.9130e+01  6.2204e+01  9.3205e-01 -7.4570e+02  1.8282e+03  5.0690e-08  2.5755e-07 -3.0830e+03  7.4100e+03  1.3630e+00  8.3735e-05  2.5409e+05  2.5417e+05
maudbarn   F	    152	     51	  228.0	    inf	-2.7685	  5.8449e-01 -3.7251e+00  1.0785e+02  2.5713e+00 -7.2669e+02  1.1859e+03  1.2268e+01  6.4222e-03  1.9488e+03  1.9700e+03
maurmuti   F	 255737	     29	 1652.7	 306284	-4.0485	  5.1920e-02  6.6003e+01  3.8928e+01  1.0745e+00 -1.0373e+02  1.2937e+03  9.5898e-01  1.1592e-05  4.7626e+06  4.7627e+06
maurreev   F	 279450	     29	 1749.2	 375057	-4.0870	  5.1673e-02  6.6536e+01  3.9573e+01  1.0502e+00 -1.0343e+02  1.3549e+03  9.3237e-01  1.0180e-05  5.2529e+06  5.2530e+06
mayedest   F	  71396	     17	   90.0	  18477	-2.5520	  6.2656e-01 -2.3010e+01  9.7872e+01  7.9085e+00 -1.9519e+01  2.2381e+02  9.7554e-01  1.1407e-04  8.3798e+05  8.3805e+05
maylzebr   F	 271168	     16	  397.8	  62718	-3.3929	  1.6963e-01 -2.4333e+02  3.2973e+02  2.9865e+01  5.8121e+01  9.1547e+01  1.0765e+00  3.3330e-01 -1.6878e+02  1.0370e+03  1.1341e+00  2.0004e-05  4.2370e+06  4.2371e+06
medaextr   F	  32320	     16	 2851.0	  76333	-4.1101	  1.3734e-01 -8.7133e+00  1.5097e+02  9.1473e-01 -1.2276e+03  3.6359e+03  1.7138e+00  5.7158e-05  6.1217e+05  6.1223e+05
medilupu   F	   1050	     19	  226.0	   4809	-2.9642	  4.1991e-01  1.8581e+01  7.6974e+01  3.9803e+00 -2.6100e+02  6.2914e+02  2.2260e+00  5.2279e-01 -2.0689e+02  1.2007e+03  7.5050e+00  1.1615e-03  1.4365e+04  1.4419e+04
medisati   F	  91742	     16	  251.3	 898523	-3.2308	  3.1093e-01  3.4121e+01  5.9906e+01  3.4464e+00  1.4546e+01  1.1773e+02  4.3589e-01  2.4874e-01 -2.0845e+02  6.1643e+02  1.9737e+00  5.2239e-05  1.3673e+06  1.3674e+06
meditrun   F	 157657	     22	  208.0	   3923	-2.9514	  2.4087e-01 -2.8122e+02  3.7147e+02  3.0000e+01 -4.5050e+01  1.8675e+02  1.8973e+00  4.4253e-01 -5.6857e+02  1.1415e+03  3.2519e+00  6.8806e-05  2.1427e+06  2.1428e+06
megaabdi   F	   8744	     17	   63.7	  24236	-2.6344	  4.9557e-01 -7.8331e+01  1.3272e+02  3.0000e+01 -6.3045e+00  1.8304e+02  9.6051e-01  4.3059e-01  6.2256e+02  1.5405e+03  1.5468e+00  3.3426e-04  1.0365e+05  1.0373e+05
megaamal   F	  17635	     16	   93.9	  42520	-2.7200	  4.9267e-01 -1.1928e+02  1.9566e+02  1.9346e+01 -6.0145e+00  1.8567e+02  8.4926e-01  1.6087e-04  2.2060e+05  2.2066e+05
megaambl   F	 301613	     21	  493.2	  60019	-3.4804	  1.6994e-01 -1.9402e+02  2.7884e+02  2.6286e+01  5.6846e+01  1.0541e+02  1.0125e+00  3.7449e-01 -3.4547e+02  1.7476e+03  1.3090e+00  1.9203e-05  4.8341e+06  4.8342e+06
megacypr   F	 261892	     30	  571.5	  60884	-3.5239	  8.2127e-02  5.7916e+01  4.4678e+01  2.0701e+00 -1.2618e+01  4.8135e+02  1.0763e+00  1.8815e-05  4.2511e+06  4.2512e+06
megagena   F	  78951	     25	  197.4	 229095	-3.2444	  3.8024e-01 -5.0802e+01  1.2499e+02  1.1074e+01 -4.1771e+00  2.9807e+02  8.7644e-01  4.7259e-01 -1.3808e+02  2.5163e+03  8.1938e-01  6.1447e-05  1.1790e+06  1.1791e+06
meganerv   F	  35602	     17	 2740.7	  33787	-4.0455	  4.4647e-01 -6.4807e+02  1.4703e+03  2.0288e+00 -3.6396e+03  7.3149e+03  2.9794e+00  5.0951e-05  6.6516e+05  6.6522e+05
meganorv   F	  72165	     16	 3979.2	 985975	-4.3684	  2.5111e-02  1.5008e+01  1.9470e+01  5.8222e-01 -2.5845e+03  2.7590e+03  3.0000e+01  2.1949e-01 -6.8583e+02  4.6653e+03  9.3828e-01  3.0670e-05  1.4526e+06  1.4527e+06
megarotu   F	  82377	     30	  135.9	 230414	-3.0578	  4.1804e-01 -1.0275e+02  1.7468e+02  1.5911e+01  2.4535e+01  2.8146e+02  7.0855e-01  9.2415e-05  1.1615e+06  1.1616e+06
megascal   F	  19548	     23	  130.2	  13964	-2.9824	  2.7664e-01 -7.5341e+01  1.3025e+02  2.6358e+01  5.0717e+00  1.0712e+02  9.8462e-01  5.2783e-01 -8.3527e+02  2.9119e+03  3.5068e+00  2.9268e-04  2.6811e+05  2.6819e+05
megawill   F	  44709	     25	  102.8	  54175	-2.8205	  5.0046e-01 -1.3248e+02  2.0587e+02  1.9982e+01  5.5554e+00  2.3564e+02  9.8967e-01  4.5580e-01 -8.7339e+02  5.3490e+03  1.1482e+00  1.5145e-04  5.8053e+05  5.8062e+05
meirmilt   F	   5132	     23	   71.6	   2321	-2.1916	  5.5743e-01 -1.0198e+02  1.6751e+02  2.7552e+01 -7.5353e+00  9.3742e+01  1.3937e+00  1.0592e-03  5.1735e+04  5.1781e+04
melaalli   F	 100695	     23	   79.6	    952	-2.0872	  7.4280e-01 -1.4196e+02  2.1453e+02  1.8562e+01 -2.4532e+01  1.1224e+02  1.8171e+00  2.0394e-04  9.6834e+05  9.6841e+05
melaboes   F	 254511	     16	  363.7	  51570	-3.3713	  1.8663e-01 -2.5275e+02  3.3771e+02  3.0000e+01  4.9467e+01  1.0405e+02  1.1904e+00  3.5734e-01 -2.5142e+02  1.2785e+03  1.2299e+00  1.8827e-05  3.9525e+06  3.9526e+06
melaendo   F	  13155	     23	  100.3	   1960	-2.3700	  6.9289e-01  2.5538e+01  6.7537e+01  3.3089e+00 -1.8862e+01  1.2457e+02  1.4868e+00  3.0711e-01  6.1158e+02  1.9930e+03  1.9888e+01  1.0994e-03  1.3245e+05  1.3253e+05
melaform   F	 179610	     30	 1114.3	 135395	-3.8348	  1.0970e-01  5.5417e+01  4.4133e+01  1.5508e+00 -9.2758e+01  1.0153e+03  1.0584e+00  2.0104e-05  3.1719e+06  3.1720e+06
melalari   F	  83526	     23	   81.1	   1043	-2.1038	  7.3462e-01 -1.4341e+02  2.1698e+02  1.7683e+01 -1.0504e+01  9.8318e+01  1.6705e+00  1.5686e-04  8.0963e+05  8.0969e+05
melalini   F	  52091	     23	   80.2	   4706	-2.0917	  8.5818e-01  1.2460e+01  6.0436e+01  5.1214e+00  4.1684e+00  1.4202e+02  9.5073e-01  1.4044e-04  5.0195e+05  5.0201e+05
melamala   F	  98689	     16	  113.0	   2270	-2.5458	  5.5941e-01  1.9763e+01  6.6926e+01  4.9961e+00 -1.3540e+02  3.5789e+02  2.3475e+00  9.1641e-05  1.1570e+06  1.1571e+06
melapulv   F	  30845	     23	   56.4	    626	-1.8779	  7.1817e-01  3.3193e+01  1.8406e+01  3.6509e+00 -2.0556e+01  1.0225e+02  2.1816e+00  3.6281e-04  2.6673e+05  2.6679e+05
melasacc   F	  84755	     29	  165.3	  72875	-3.1123	  4.9458e-01  3.9906e+01  2.9155e+01  2.1775e+00 -4.6759e+01  6.0176e+02  1.0113e+00  4.5802e-01 -2.8718e+02  2.6066e+03  1.0445e+00  4.7267e-05  1.2141e+06  1.2142e+06
melascal   F	  25836	     16	   68.8	 117130	-2.7768	  5.9894e-01 -1.0486e+02  1.6416e+02  2.8184e+01 -1.9434e+01  1.7520e+02  1.3016e+00  1.7366e-01 -8.2610e+02  5.7267e+03  1.2606e+00  1.1414e-04  3.3015e+05  3.3024e+05
melaspec   F	  33044	     23	   72.7	   1419	-2.1819	  7.2464e-01  3.6896e+01  2.5940e+01  2.0600e+00 -1.8603e+00  9.2389e+01  1.4786e+00  1.8886e-04  3.3200e+05  3.3206e+05
melasple   F	   3530	     16	  171.3	 100558	-3.1304	  3.4223e-01 -2.9466e+02  3.7774e+02  3.0000e+01 -2.7463e+02  4.3647e+02  8.2304e+00  1.5765e-01 -9.5049e+01  5.3280e+02  8.7772e-01  6.3224e-04  5.0842e+04  5.0910e+04
melatiff   F	  17854	     24	   67.7	   1000	-2.1246	  6.4157e-01  3.5529e+01  2.2135e+01  2.5214e+00 -9.5448e+00  9.8310e+01  1.8352e+00  3.4945e-04  1.7471e+05  1.7477e+05
melavill   F	  45995	     16	   81.8	 153067	-2.9401	  4.7107e-01  2.3463e+01  3.0945e+01  7.6540e+00 -2.6872e+01  1.7497e+02  1.4683e+00  2.8168e-01 -5.9739e+02  4.2263e+03  1.0835e+00  9.6654e-05  6.2349e+05  6.2358e+05
melegall   F	 169731	     29	  828.0	  73565	-3.6679	  1.5334e-01  5.4588e+01  4.0629e+01  1.3094e+00 -7.9384e+01  8.1577e+02  1.1394e+00  2.1080e-05  2.8663e+06  2.8663e+06
melemele   F	 215125	     20	 1461.2	 217851	-3.9850	  9.9686e-02  6.1100e+01  3.6084e+01  1.4099e+00 -5.9605e+01  5.4488e+02  1.1817e+00  3.8742e-01 -1.9657e+02  2.4986e+03  1.0503e+00  1.3574e-05  3.9456e+06  3.9457e+06
melibico   F	  42984	     23	   56.0	    717	-1.9278	  6.6068e-01  3.2965e+01  1.7594e+01  3.6168e+00 -1.0692e+01  8.8664e+01  2.0003e+00  2.2541e-04  3.8165e+05  3.8171e+05
melicinx   F	  84858	     16	  602.0	  30831	-3.4919	  7.0087e-02  1.3894e+01  6.4803e+01  7.7936e+00 -8.8077e+01  4.2567e+02  1.1703e+00  7.5420e-01 -2.9810e+03  4.3596e+03  4.7355e+00  4.8901e-05  1.3693e+06  1.3694e+06
melileon   F	  23124	     16	  549.5	   5149	-3.2580	  7.6534e-02  1.2985e+01  1.9413e+01  9.0200e-01 -3.9129e+02  8.5792e+02  2.8529e+00  2.5091e-04  3.4693e+05  3.4699e+05
meliprod   F	  42457	     16	  173.1	  66695	-3.1554	  3.7144e-01 -1.1224e+02  1.6867e+02  3.0000e+01 -3.8919e+01  1.8478e+02  1.6511e+00  2.8265e-01 -3.3992e+02  2.2662e+03  1.2497e+00  1.2046e-04  6.1625e+05  6.1635e+05
melivari   F	  46651	     23	   55.6	    725	-1.8691	  6.9033e-01  2.9460e+01  2.0957e+01  4.5004e+00 -4.9940e+01  1.2825e+02  3.4517e+00  2.9646e-01  1.4937e+02  2.7852e+02  1.2449e+00  2.6500e-04  4.0172e+05  4.0182e+05
melocris   F	 170030	     30	  925.1	 100922	-3.7418	  9.8478e-02  5.1592e+01  3.8798e+01  1.9631e+00 -8.5392e+01  8.3870e+02  1.0837e+00  2.1153e-05  2.9308e+06  2.9309e+06
meloflor   F	 157289	     23	   92.6	   1424	-2.5104	  2.8878e-01 -7.3256e+01  1.1659e+02  3.0000e+01 -2.1774e+01  7.8383e+01  2.1991e+00  3.4136e-01 -9.5417e+01  3.2570e+02  2.8676e+00  2.1900e-04  1.8101e+06  1.8103e+06
melogeor   F	 167640	     19	  931.2	 106233	-3.7503	  9.5541e-02  5.0226e+01  4.0398e+01  2.0602e+00 -8.6129e+01  8.4071e+02  1.0734e+00  2.1418e-05  2.8961e+06  2.8962e+06
melohapl   F	  72554	     23	   53.7	   1317	-2.2735	  5.1371e-01 -7.8600e+01  1.2191e+02  3.0000e+01 -6.0106e+01  1.4467e+02  3.2194e+00  2.2310e-01 -1.1447e+02  3.5874e+02  2.8806e+00  3.5741e-04  7.5830e+05  7.5840e+05
meloinco   F	 106324	     38	   81.8	   2560	-2.4402	  4.8825e-01  3.4340e+01  9.6575e+00  2.5416e+00  3.3340e+00  1.5473e+02  1.4878e+00  3.0052e-01  1.4092e+00  3.3488e+02  3.0776e+00  3.5686e-04  1.1944e+06  1.1945e+06
melomelo   F	 190186	     30	  963.4	 125594	-3.7769	  9.8493e-02  5.1017e+01  4.0174e+01  1.9756e+00 -7.7327e+01  8.6088e+02  1.0418e+00  1.9295e-05  3.3082e+06  3.3083e+06
meloovin   F	  38088	     20	  366.3	 127168	-3.3909	  3.7665e-01 -1.3694e+01  9.6643e+01  4.5889e+00 -3.3647e+01  2.2259e+02  1.1802e+00  8.0107e-02 -4.6528e+01  8.2135e+02  9.3056e-01  6.6877e-05  5.9427e+05  5.9437e+05
meloundu   F	 178843	     30	  909.4	 100007	-3.7317	  1.1595e-01  5.3905e+01  3.6918e+01  1.6621e+00 -7.7671e+01  8.4040e+02  1.0821e+00  2.0100e-05  3.0733e+06  3.0734e+06
mengmold   F	   2956	     16	  482.3	  26592	-3.2845	  2.5160e-01 -1.2512e+02  1.7875e+02  3.0000e+01 -5.1710e+01  2.8877e+02  9.6947e-01  4.0348e-01 -2.8658e+03  4.2237e+03  5.3560e+00  4.4879e-04  4.3996e+04  4.4062e+04
menimeni   F	 128688	     16	  261.4	  35720	-3.1614	  1.7510e-01  8.1169e+00  7.9614e+01  7.5517e+00  5.8720e+01  8.0499e+01  8.3848e-01  4.4744e-01 -1.0994e+02  6.8257e+02  1.2864e+00  3.1733e-05  1.8740e+06  1.8741e+06
menogall   F	  47096	     16	   90.6	  47145	-2.7903	  5.0430e-01 -6.4327e+01  1.3057e+02  1.8735e+01  2.1671e+01  2.3387e+02  9.3983e-01  4.2596e-01 -1.0359e+03  3.6205e+03  1.3473e+00  2.1759e-04  6.0490e+05  6.0500e+05
mercannu   F	 124666	     30	  184.7	   5216	-2.8813	  3.5893e-01  1.6956e+01  7.0281e+01  5.2947e+00 -2.3597e+01  2.2593e+02  1.4596e+00  4.4531e-01 -3.7329e+02  9.4272e+02  3.3586e+00  5.7621e-05  1.6541e+06  1.6542e+06
mercmerc   F	 154701	     16	 1204.3	 172422	-3.8661	  4.8388e-03  8.3424e+00  2.4169e+01  1.5633e+00 -2.5817e+01  8.3832e+02  9.9334e-01  2.1451e-05  2.7499e+06  2.7500e+06
mereebur   F	  74582	     23	   74.2	    520	-1.9462	  9.1026e-01  3.5752e+01  3.2551e+01  2.7932e+00 -1.1292e+01  1.0708e+02  1.8509e+00  2.5841e-04  6.6816e+05  6.6823e+05
meriungu   F	 211536	     16	 1381.6	 124702	-3.9077	  9.7358e-02  5.8744e+01  3.3834e+01  1.5470e+00 -1.2880e+02  4.2670e+02  1.9578e+00  2.0119e-01 -2.7617e+02  1.8919e+03  1.1790e+00  1.5092e-05  3.8059e+06  3.8060e+06
meroeque   F	  31879	     16	   64.4	 231765	-2.7440	  6.3524e-01  1.6863e+01  3.9849e+01  7.5187e+00 -1.4461e+03  1.6441e+03  1.0533e+01  1.3153e-01 -9.7215e+02  6.8826e+03  1.0883e+00  1.6572e-04  4.0329e+05  4.0338e+05
meronubi   F	 106645	     30	  929.6	  35093	-3.6484	  8.9415e-02  6.4340e+01  3.8464e+01  1.1351e+00 -2.0253e+02  9.6170e+02  1.4460e+00  2.9659e-05  1.7916e+06  1.7916e+06
mesecrys   F	  47490	     18	  270.5	   5700	-3.0531	  4.2159e-01  4.4222e+01  5.2239e+01  2.4993e+00 -2.0423e+02  5.2034e+02  2.5344e+00  2.7791e-01 -7.3892e+02  1.5414e+03  2.9481e+00  8.0793e-05  6.6775e+05  6.6785e+05
mesiunic   F	 113112	     30	  881.3	  33410	-3.6244	  1.0332e-01  6.1169e+01  4.0504e+01  1.2381e+00 -2.0192e+02  9.3323e+02  1.4486e+00  2.9480e-05  1.8876e+06  1.8876e+06
mesoaura   F	 241507	     17	 1474.0	 203456	-3.9669	  6.3205e-02  2.9768e+01  5.7039e+01  4.4723e+00  3.2009e+01  2.1226e+02  1.1024e+00  1.8119e-01 -2.1776e+02  1.6970e+03  1.0514e+00  1.2152e-05  4.4111e+06  4.4113e+06
mesocort   F	  51533	     23	  361.2	   7751	-3.1059	  9.5100e-02 -7.4018e+01  1.0809e+02  3.0000e+01 -3.4409e+01  1.0729e+02  1.3954e+01  1.4533e-01 -2.0912e+02  5.5342e+02  1.8829e+00  9.6474e-05  7.5068e+05  7.5077e+05
mesodens   F	 201563	     30	 1441.6	 222501	-3.9776	  7.5621e-02  5.4023e+01  3.7360e+01  2.2300e+00 -1.8027e+01  4.1598e+02  1.0705e+00  3.4198e-01 -2.0304e+02  2.1193e+03  1.0397e+00  1.3879e-05  3.6904e+06  3.6905e+06
mesofran   F	  31520	     16	  786.8	  87320	-3.5979	  4.5367e-01 -7.9154e+01  6.6788e+02  2.8390e+00 -1.5080e+02  8.4273e+02  1.0101e+00  2.5686e-04  5.2327e+05  5.2333e+05
mesoviri   F	    307	     21	  580.0	  85212	-3.3671	  4.5216e-01  1.0724e+02  1.1139e+02  6.7771e-01 -3.2183e+03  3.8167e+03  9.0502e+00  3.1981e-03  4.8070e+03  4.8331e+03
metaacri   F	  16488	     29	   70.0	   1171	-2.1981	  5.4588e-01 -2.2763e+00  6.1037e+01  7.3292e+00 -1.4569e+01  1.0562e+02  1.8626e+00  4.0133e-04  1.6688e+05  1.6694e+05
metaalbu   F	  13581	     23	   71.1	    674	-2.0637	  7.4167e-01  2.2991e+01  3.9510e+01  3.4838e+00 -1.6640e+01  1.0379e+02  2.0807e+00  5.1652e-04  1.2932e+05  1.2937e+05
metaanis   F	  16646	     24	   66.7	    792	-1.9810	  8.1726e-01  1.8124e+01  4.1773e+01  4.4228e+00 -1.4223e+01  1.2318e+02  1.9085e+00  4.0754e-04  1.5164e+05  1.5169e+05
metabrun   F	  16874	     23	   65.9	    579	-1.9504	  7.8897e-01  2.0153e+01  3.9264e+01  4.2348e+00 -1.0385e+01  9.4655e+01  2.0407e+00  4.3134e-04  1.5149e+05  1.5155e+05
metaguiz   F	  17848	     23	   65.8	    594	-1.9564	  7.6744e-01  1.5180e+01  4.4121e+01  4.8721e+00 -8.7128e+00  9.2017e+01  2.0373e+00  3.9200e-04  1.6075e+05  1.6080e+05
metamagi   F	  64714	     16	  468.5	  70039	-3.4612	  7.3365e-01  4.4271e+01  2.4690e+02  9.8403e-01 -1.0221e+02  6.6006e+02  1.0297e+00  5.3351e-05  1.0315e+06  1.0315e+06
metamaju   F	  17316	     23	   66.1	    555	-1.9673	  7.7346e-01  1.5790e+01  4.3718e+01  4.6951e+00 -2.3826e+01  1.0944e+02  2.2830e+00  4.4423e-04  1.5691e+05  1.5696e+05
metaocci   F	  54251	     30	  136.2	  17480	-2.7588	  6.7946e-01  1.9130e+01  8.6812e+01  3.3468e+00 -2.9536e+01  2.9427e+02  1.1956e+00  2.2589e-01 -1.3985e+02  1.1347e+03  1.2174e+00  1.1100e-04  6.8921e+05  6.8931e+05
metarile   F	  15620	     24	   69.8	   1224	-2.0636	  8.6372e-01  2.7440e+01  3.4932e+01  2.8840e+00 -2.6678e+01  1.5100e+02  1.5578e+00  3.8306e-04  1.4848e+05  1.4853e+05
metarobe   F	  18498	     23	   66.3	    610	-1.9889	  7.4146e-01  1.2137e+01  4.7075e+01  5.2587e+00 -2.1541e+01  1.0856e+02  2.2347e+00  3.9601e-04  1.6938e+05  1.6943e+05
metodirh   F	 111281	     30	  174.6	  76395	-3.1521	  3.9131e-01  2.7444e+01  4.0302e+01  3.8180e+00 -8.6336e+00  1.3196e+02  1.8582e+00  1.9019e-01 -1.6444e+01  9.8287e+02  1.0156e+00  3.2351e-05  1.6158e+06  1.6159e+06
metrsagu   F	  89067	     16	  375.9	  20129	-3.3068	  4.9413e-01  5.6150e+01  4.3250e+01  1.4043e+00 -7.6203e+02  1.8932e+03  1.9283e+00  6.0232e-05  1.3585e+06  1.3586e+06
metrseni   F	  41765	     16	  606.7	  14714	-3.4203	  5.8269e-02  5.0279e+01  3.0628e+01  1.8646e+00 -1.9750e+02  6.8787e+02  1.7020e+00  8.4264e-05  6.5890e+05  6.5896e+05
metsbicu   F	   1447	     23	  102.1	   5416	-2.6583	  1.0000e+00  4.7795e+00  7.1994e+01  1.2260e+00  2.3109e-03  1.7724e+04  1.7740e+04
metsfruc   F	    850	     30	  124.7	  13346	-2.7935	  1.0000e+00  1.3490e+01  7.4452e+01  1.0208e+00  1.8811e-03  1.0891e+04  1.0905e+04
meyeguil   F	     14	     44	   65.0	    inf	-2.0295	  8.7139e-01  4.1386e+01  9.1469e+00  9.0618e-01  3.6238e+01  1.2028e+02  2.7472e+01  8.4555e-02  1.4414e+02  1.4861e+02
micrboll   F	  22814	     24	   75.1	    964	-2.1673	  6.7604e-01  3.2562e+01  3.2492e+01  2.5934e+00 -1.0449e+01  9.3981e+01  1.7898e+00  3.2324e-04  2.2767e+05  2.2773e+05
micrcani   F	  19709	     21	   65.9	    506	-2.0536	  5.7554e-01 -2.9837e+01  8.9196e+01  1.1836e+01 -5.4360e+01  1.2418e+02  2.9453e+00  3.9743e-04  1.8641e+05  1.8646e+05
micrcomm   F	   5289	     16	  125.9	   1108	-2.5095	  4.8011e-01 -7.4875e+02  8.1689e+02  3.0000e+01  5.3932e+01  9.7856e+01  1.9517e+00  9.9273e-04  6.1060e+04  6.1106e+04
micrdemo   F	  60436	     21	  179.3	  83766	-3.1070	  4.3273e-01  1.4822e+01  5.8804e+01  4.6128e+00 -1.7376e+01  4.4951e+02  9.0419e-01  7.6485e-05  8.6409e+05  8.6415e+05
micrdolo   F	 239566	     16	  471.3	  59133	-3.4492	  2.4595e-01  4.5947e+01  5.1871e+01  2.5318e+00 -4.9247e+01  2.3275e+02  3.1248e+00  1.2609e-01 -1.4012e+02  8.7587e+02  1.1458e+00  1.8293e-05  3.8060e+06  3.8061e+06
micrflor   F	  84811	     16	  317.8	  12601	-3.1921	  2.5868e-01  2.7101e+01  6.8319e+01  4.0219e+00 -8.2612e+00  1.7949e+02  2.5072e+00  2.0744e-01 -3.1164e+02  9.1933e+02  1.7663e+00  4.9347e-05  1.2478e+06  1.2479e+06
micrfulv   F	   5104	     22	  969.5	  22655	-3.5987	  1.8443e-01  6.8353e+01  5.0802e+01  7.9131e-01 -4.2015e+02  1.2823e+03  1.8829e+00  2.4471e-04  8.4561e+04  8.4607e+04
micrhype   F	  25159	     16	  104.0	  34658	-2.6867	  6.2653e-01 -6.2943e+01  1.4686e+02  9.8593e+00 -8.3738e+01  3.1242e+02  1.7338e+00  2.9045e-01 -1.1366e+02  2.3884e+03  1.0439e+00  1.4286e-04  3.1114e+05  3.1123e+05
micrlych   F	  34035	     23	   80.3	    525	-1.9748	  7.4889e-01 -1.8101e+02  2.5446e+02  3.0000e+01 -6.0160e+01  1.7503e+02  3.2366e+00  2.7256e-04  3.0959e+05  3.0965e+05
micrmedi   F	  74772	     32	  222.6	 103521	-3.2066	  4.3929e-01  2.3405e+01  5.0838e+01  3.7475e+00 -4.4927e+01  6.4816e+02  9.2934e-01  8.2379e-05  1.1028e+06  1.1029e+06
micrmicr   F	  27834	     23	   54.1	    765	-1.8184	  7.2732e-01  2.3460e+01  2.6521e+01  6.5011e+00 -6.9350e+00  9.3652e+01  1.8917e+00  2.7408e-04  2.3304e+05  2.3310e+05
micrmuri   F	 470933	     30	 1586.3	 344303	-4.0305	  1.9944e-01  6.3793e+01  7.3492e+01  7.3354e-01 -1.5697e+02  1.5625e+03  9.5583e-01  1.3297e-05  8.7299e+06  8.7300e+06
microchr   F	 192500	     30	 1418.6	 155079	-3.9232	  8.9386e-02  5.0723e+01  3.8569e+01  2.3838e+00 -1.1986e+02  3.5837e+02  2.5024e+00  1.5742e-01 -1.6639e+02  1.6811e+03  1.1074e+00  1.5421e-05  3.4771e+06  3.4772e+06
micromon   F	   5238	     23	  126.8	   1251	-2.5021	  8.2331e-01 -1.4699e+02  2.3975e+02  4.7928e+00  1.0396e+02  4.3892e+01  1.0991e+00  1.0343e-03  6.0561e+04  6.0607e+04
microreg   F	 229568	     27	 1419.9	 159184	-3.9285	  8.1186e-02  5.0412e+01  3.8514e+01  2.4790e+00 -6.5300e+01  3.0994e+02  1.9098e+00  1.7693e-01 -1.7212e+02  1.7063e+03  1.1013e+00  1.3716e-05  4.1524e+06  4.1526e+06
microssp   F	  12311	     19	   86.9	    755	-2.0350	  7.8507e-01 -2.3268e+02  3.1345e+02  2.9858e+01 -7.9745e+01  1.8378e+02  2.4778e+00  4.1703e-04  1.1540e+05  1.1545e+05
micrpusi   F	   9546	     19	  164.5	   1219	-2.5206	  5.3147e-01 -3.8591e+01  1.3915e+02  2.1175e+00 -5.7904e+02  7.3450e+02  2.1613e+01  3.6347e-01 -3.3417e+01  2.1970e+02  3.0000e+01  1.2731e-03  1.1078e+05  1.1086e+05
micrrcc2   F	   5310	     23	  126.2	    948	-2.5000	  4.6923e-01 -9.5395e+01  1.6244e+02  6.1886e+00  3.0292e+01  1.1878e+02  2.2801e+00  9.7824e-04  6.1201e+04  6.1247e+04
micrsalm   F	 270073	     16	  494.4	  77401	-3.4851	  2.2829e-01  4.5577e+01  5.1283e+01  2.6225e+00 -8.8568e+01  2.5997e+02  4.2576e+00  9.6548e-02 -1.2153e+02  8.0173e+02  1.0722e+00  1.6857e-05  4.3362e+06  4.3363e+06
micrspec   F	   3615	     30	  172.5	  11803	-2.5677	  6.2591e-01 -1.9200e+02  2.9811e+02  5.7222e+00  2.2894e+01  1.6139e+02  1.2647e+01  2.6628e-01  1.2111e+02  1.3406e+02  6.8209e-01  2.0155e-03  4.2625e+04  4.2693e+04
micrtric   F	  30216	     23	   76.3	   1314	-2.2095	  7.3040e-01  3.1244e+01  3.4342e+01  2.4631e+00 -1.6824e+01  1.1363e+02  1.6250e+00  2.1900e-04  3.0742e+05  3.0748e+05
micrtrig   F	  27450	     23	   66.7	    908	-2.0421	  7.4073e-01  3.0766e+01  2.8859e+01  2.9938e+00 -5.4485e+00  8.5164e+01  1.6626e+00  2.7383e-04  2.5817e+05  2.5823e+05
micrunic   F	 206442	     16	 5193.8	 400110	-4.4708	  2.8067e-01 -8.3868e+00  4.4832e+02  7.8256e-01 -1.6772e+03  7.0158e+03  1.3063e+00  1.6811e-05  4.2480e+06  4.2481e+06
micrviol   F	  34035	     23	   80.3	    502	-1.9758	  7.6742e-01 -1.9084e+02  2.6447e+02  2.9978e+01 -9.4819e+01  2.1519e+02  3.7533e+00  3.3724e-04  3.0959e+05  3.0965e+05
miicmiiu   F	  98020	     16	  260.7	  23344	-3.1512	  9.8890e-02  7.0044e+01  2.0074e+01  2.1418e+00  6.0903e+01  5.0650e+01  1.1539e+00  4.2634e-01 -1.3076e+02  7.0640e+02  1.3196e+00  4.2449e-05  1.4232e+06  1.4233e+06
mikrmack   F	     20	     24	  148.0	  54488	-2.9429	  1.0000e+00  9.9183e+00  6.9610e+01  7.9485e-01  5.1006e-02  2.7523e+02  2.7822e+02
millalci   F	  92271	     16	 1868.3	 886742	-4.1763	  3.7416e-10  9.7709e+01  1.4659e+02  1.1684e+01 -1.5132e+02  1.2735e+03  8.0902e-01  2.5706e-05  1.7763e+06  1.7763e+06
millfari   F	    549	     49	   87.1	    942	-2.3265	  6.9325e-01  4.2296e+01  2.1167e+01  1.4258e+00 -1.4720e+02  3.0126e+02  4.0372e+00  3.0146e-03  5.8791e+03  5.9093e+03
mimavari   F	 122788	     16	  829.4	 128376	-3.7306	  2.9732e-10 -7.3498e+02  1.1485e+03  1.6040e-06 -1.0213e+02  6.3334e+02  9.9686e-01  3.9918e-05  2.1165e+06  2.1166e+06
mimugutt   F	 116880	     16	  129.4	   2367	-2.6814	  5.5408e-01  2.1716e+01  7.0935e+01  4.1732e+00 -4.4861e+02  7.5675e+02  3.4132e+00  8.9166e-05  1.4457e+06  1.4458e+06
mininata   F	 178321	     31	 1274.7	 109968	-3.8649	  5.8404e-02 -2.4621e+01  1.1184e+02  9.6973e+00  1.9396e+01  2.0830e+02  1.2314e+00  1.8988e-01 -2.3676e+02  1.5345e+03  1.1761e+00  1.6615e-05  3.1755e+06  3.1756e+06
miroangu   F	 201405	     30	 1419.2	 182190	-3.9561	  8.5122e-02  5.5816e+01  3.6949e+01  1.9576e+00 -1.5007e+01  4.2599e+02  1.0988e+00  3.3334e-01 -2.5576e+02  2.1539e+03  1.0907e+00  1.4232e-05  3.6678e+06  3.6679e+06
miroleon   F	 197388	     16	 1443.9	 205268	-3.9715	  7.4136e-02  4.9540e+01  4.1586e+01  2.5562e+00 -1.3250e+00  3.5829e+02  1.0940e+00  2.8742e-01 -2.5592e+02  2.0223e+03  1.0609e+00  1.4308e-05  3.6090e+06  3.6091e+06
miscflor   F	 321126	     28	  160.0	  17280	-2.9320	  4.6577e-01  2.4032e+01  6.6111e+01  3.9270e+00 -3.0553e+01  3.5193e+02  1.1672e+00  4.7416e-01 -2.4838e+02  8.9104e+02  3.7444e+00  3.1903e-05  4.3347e+06  4.3349e+06
miscluta   F	  59417	     17	  160.8	  10001	-2.8986	  5.0446e-01  3.4507e+01  5.6390e+01  3.1959e+00 -9.5895e+01  4.8737e+02  1.5148e+00  7.9616e-05  7.9332e+05  7.9338e+05
misgangu   F	 296435	     30	  390.1	  73324	-3.4323	  1.6487e-01 -1.6570e+02  2.4960e+02  2.7802e+01  5.2030e+01  1.0709e+02  9.3963e-01  4.4802e-01 -3.7031e+02  1.8614e+03  1.2395e+00  2.2467e-05  4.6853e+06  4.6855e+06
mitodaph   F	   4039	     16	   41.5	   1599	-2.1551	  1.0000e+00  1.1348e+01  2.3420e+01  1.2561e+00  2.8449e-03  4.0129e+04  4.0148e+04
mixiosmu   F	  25350	     23	   52.7	    416	-1.5051	  8.9262e-01 -6.5508e+01  1.1574e+02  3.0000e+01 -1.3693e+01  8.6240e+01  1.8950e+00  1.1775e-03  1.7514e+05  1.7520e+05
mizuyess   F	 199294	     20	  889.1	  79103	-3.7063	  2.5697e-11  6.2248e+01  1.2659e+02  1.0116e+01 -6.3919e+01  7.0398e+02  1.1214e+00  1.9991e-05  3.4023e+06  3.4023e+06
mnemleid   F	  74549	     47	  276.9	  13288	-3.1586	  6.6340e-01  2.8320e+01  1.4560e+02  2.0740e+00 -5.2948e+02  1.1091e+03  2.5760e+00  1.9094e-01 -1.2075e+03  2.8999e+03  2.1297e+00  4.9131e-05  1.0855e+06  1.0856e+06
mobubiro   F	 225155	     21	 3359.5	 374664	-4.2989	  9.0901e-02  7.0626e+01  6.2099e+01  6.6459e-01 -4.7787e+02  2.9547e+03  1.0854e+00  1.6528e-05  4.4539e+06  4.4539e+06
mobuhypo   F	 220643	     25	 3451.0	 434766	-4.3227	  8.4827e-02  7.1572e+01  5.7173e+01  6.5603e-01 -4.5386e+02  2.9668e+03  1.0537e+00  1.2790e-05  4.3878e+06  4.3879e+06
moesanta   F	   5258	     49	   93.5	    803	-2.3482	  6.9605e-01 -3.9727e+02  4.7425e+02  3.0000e+01 -4.0864e+02  6.1989e+02  6.1191e+00  8.6015e-04  5.6805e+04  5.6851e+04
moesaphi   F	   4977	     49	   95.2	    836	-2.3821	  6.8896e-01 -2.8105e+02  3.5923e+02  2.1041e+01 -6.6017e+02  8.7602e+02  7.7007e+00  8.9302e-04  5.4615e+04  5.4661e+04
mollscop   F	  37961	     16	   53.7	    500	-1.8120	  6.8808e-01  2.1349e+01  2.8172e+01  7.0354e+00 -2.0815e+01  9.6264e+01  2.4437e+00  3.6129e-04  3.1674e+05  3.1680e+05
moloaene   F	 177185	     19	  899.7	  94866	-3.7247	  1.0159e-01  5.1022e+01  3.9174e+01  2.0344e+00 -7.7365e+01  8.1667e+02  1.0910e+00  2.0817e-05  3.0400e+06  3.0400e+06
moloater   F	 174788	     28	  913.0	 104462	-3.7387	  1.0274e-01  5.1237e+01  3.9259e+01  1.9815e+00 -7.0823e+01  8.2203e+02  1.0705e+00  2.0376e-05  3.0098e+06  3.0099e+06
molomino   F	  28985	     16	  229.9	  36141	-3.1862	  2.8749e-01  3.8518e+01  1.7061e+01  3.0532e+00 -1.5796e+01  2.0330e+02  1.1374e+00  4.7015e-01 -2.4202e+02  1.9295e+03  1.4210e+00  1.2264e-04  4.2471e+05  4.2480e+05
molomolo   F	 203418	     30	 1464.7	 162708	-3.9559	  8.2542e-02  5.4186e+01  3.6696e+01  2.0284e+00 -1.4866e+01  3.9846e+02  1.1199e+00  3.1282e-01 -2.7463e+02  2.1812e+03  1.1286e+00  1.3749e-05  3.7044e+06  3.7045e+06
momochar   F	 109396	     17	  223.9	  10449	-3.0009	  4.1218e-01  3.8788e+01  5.3122e+01  2.8491e+00 -7.4102e+01  4.2385e+02  1.4423e+00  5.1633e-01 -8.3869e+02  1.5221e+03  6.9364e+00  4.8642e-05  1.5116e+06  1.5117e+06
monahapt   F	  25269	     23	   69.5	   1694	-1.9602	  9.0562e-01  2.5528e+01  3.8115e+01  3.6609e+00 -3.1503e+00  1.4945e+02  1.1980e+00  2.6547e-04  2.2804e+05  2.2810e+05
monapurp   F	  23062	     23	   66.9	    737	-1.9645	  8.5096e-01  2.2930e+01  3.8022e+01  3.6195e+00 -1.1953e+01  9.1847e+01  1.6117e+00  3.3437e-04  2.0836e+05  2.0841e+05
monarube   F	  25265	     23	   66.9	    642	-1.9598	  8.3826e-01  2.0745e+01  4.0196e+01  3.8476e+00 -1.2426e+01  8.9273e+01  1.7393e+00  3.0207e-04  2.2800e+05  2.2806e+05
monecras   F	  21845	     21	   28.6	   4641	-1.9148	  1.0000e+00  2.0830e+01  6.7628e+00  8.1141e-01  3.3006e-03  1.9445e+05  1.9448e+05
monifru1   F	  17637	     16	   61.3	  26621	-2.1296	  6.8138e-01  3.5445e+01  1.7722e+01  2.8671e+00 -5.4006e+01  1.5011e+02  3.5207e+00  2.5340e-01 -4.6008e+01  6.3516e+02  6.7661e-01  2.9115e-04  1.7288e+05  1.7296e+05
monifruc   F	  21372	     16	   61.1	  19404	-2.1093	  7.2299e-01  3.7167e+01  1.6347e+01  2.4666e+00 -8.0373e+01  1.8454e+02  4.2744e+00  1.9556e-01 -2.6984e+00  2.5962e+02  6.3953e-01  2.5910e-04  2.0745e+05  2.0754e+05
monilaxa   F	  21627	     16	   61.6	  27878	-2.1361	  6.9114e-01  3.6154e+01  1.7044e+01  2.6749e+00 -3.9613e+01  1.3821e+02  3.1825e+00  2.4570e-01 -5.7007e+01  7.1334e+02  6.8034e-01  2.4097e-04  2.1268e+05  2.1277e+05
monipern   F	  31662	     23	   55.4	    263	-1.6613	  7.7612e-01 -7.2519e+01  1.2485e+02  3.0000e+01 -1.0172e+02  1.6765e+02  4.8751e+00  7.9179e-04  2.4069e+05  2.4075e+05
monirore   F	  88419	     23	   54.8	    649	-1.4947	  9.2403e-01 -4.9363e+01  1.0179e+02  2.4804e+01 -7.2356e+00  8.4251e+01  1.3093e+00  3.9942e-04  6.0795e+05  6.0801e+05
monispec   F	  10424	     23	   61.2	   1709	-1.9714	  7.8126e-01 -9.2792e+00  6.4813e+01  8.4254e+00 -3.9740e+00  9.2928e+01  1.2926e+00  6.1015e-04  9.4698e+04  9.4748e+04
monoalbu   F	 224063	     27	  439.2	  55949	-3.4081	  2.3866e-01  4.4533e+01  5.0753e+01  2.6562e+00  1.9117e+01  1.6318e+02  2.1956e+00  1.3120e-01 -7.6239e+01  7.2173e+02  1.1105e+00  1.9180e-05  3.5157e+06  3.5158e+06
monobrev   F	 118551	     16	  113.8	   1619	-2.3518	  7.3550e-01 -1.0461e+02  2.0424e+02  9.4076e+00 -5.6471e+01  1.8660e+02  1.8285e+00  2.6187e-01 -3.2627e+02  9.6307e+02  2.9437e+00  1.5447e-04  1.2847e+06  1.2848e+06
monodome   F	 226429	     27	 2059.3	 490915	-4.1557	  1.8256e-01  6.5736e+01  9.8306e+01  6.9172e-01 -2.0316e+02  1.9420e+03  9.3987e-01  1.4123e-05  4.3249e+06  4.3249e+06
monoexil   F	  34164	     21	   80.4	    679	-2.2895	  5.2880e-01 -9.8449e+00  6.8350e+01  6.0376e+00 -9.5737e+01  2.1310e+02  3.5161e+00  2.3231e-04  3.6023e+05  3.6029e+05
monohypo   F	  10775	     16	  184.5	   8005	-2.9699	  4.4925e-01  4.8482e+01  4.5015e+01  2.2802e+00 -1.4150e+02  4.1793e+02  1.8658e+00  4.2488e-01 -8.7849e+01  1.2113e+03  1.9047e+00  2.0050e-04  1.4745e+05  1.4753e+05
monomono   F	 203551	     30	 1430.6	 239859	-3.9784	  7.2040e-02  4.7492e+01  4.2787e+01  2.7703e+00  3.4265e+00  3.3873e+02  1.0726e+00  2.8084e-01 -2.0587e+02  1.9225e+03  1.0171e+00  1.3743e-05  3.7278e+06  3.7279e+06
mononegl   F	  66855	     22	  254.1	   1653	-2.6865	  6.5956e-01 -1.5621e+03  1.7874e+03  3.0000e+01 -1.8246e+02  4.0669e+02  2.7961e+00  9.5307e-05  8.2692e+05  8.2699e+05
monophar   F	  93991	     32	  296.5	 262897	-3.3556	  2.3272e-01  4.6132e-01  7.8760e+01  6.3438e+00  2.5055e+01  2.9457e+02  7.4039e-01  4.2882e-05  1.4520e+06  1.4521e+06
montcapi   F	  35720	     16	  918.5	  23530	-3.6009	  1.2425e-01  4.5055e+01  6.2900e+01  1.6905e+00 -3.2548e+02  1.1053e+03  1.6810e+00  6.5469e-05  5.9276e+05  5.9282e+05
montcapr   F	 205401	     29	  962.4	  39704	-3.6706	  1.1320e-01  4.5154e+01  6.3446e+01  1.6750e+00 -2.0671e+02  1.0116e+03  1.4083e+00  1.9423e-05  3.4722e+06  3.4723e+06
montfoli   F	 204593	     22	  975.1	  40677	-3.6786	  1.1173e-01  4.3945e+01  6.4897e+01  1.7037e+00 -2.0709e+02  1.0232e+03  1.4039e+00  1.8962e-05  3.4657e+06  3.4658e+06
morbviru   F	  74763	     16	 2288.0	  97772	-4.0567	  4.6119e-04  1.0278e+02  2.1972e+01  4.9366e+00 -5.6428e+02  2.1995e+03  1.3935e+00  2.9533e-05  1.3991e+06  1.3992e+06
morcconi   F	  38695	     23	   67.3	    770	-2.0293	  7.6482e-01  2.9855e+01  2.9887e+01  3.1255e+00 -2.0524e+01  1.1372e+02  1.9842e+00  1.6245e-04  3.6163e+05  3.6169e+05
morcimpo   F	  39476	     16	   67.3	    588	-1.9900	  8.6822e-01  3.0292e+01  2.9977e+01  2.8747e+00 -9.5660e+01  2.3091e+02  3.0340e+00  2.5519e-04  3.6177e+05  3.6183e+05
morcsext   F	  32494	     21	   65.4	    687	-1.9608	  8.1522e-01  2.1503e+01  3.7680e+01  4.1991e+00 -3.5416e+01  1.3608e+02  2.1549e+00  2.6249e-04  2.9343e+05  2.9349e+05
morimori   F	 141122	     20	   95.8	   2535	-2.3430	  6.6705e-01 -3.5801e+01  1.1761e+02  9.6963e+00 -1.1857e+02  3.0700e+02  2.8337e+00  3.2276e-01 -4.7636e+02  1.9067e+03  1.3273e+00  1.5555e-04  1.5221e+06  1.5222e+06
moriolei   F	   4981	     33	  274.4	   8392	-3.0308	  3.9594e-01  4.7995e+01  4.8096e+01  2.0557e+00 -1.6255e+02  4.4721e+02  2.7741e+00  3.5218e-01  2.3207e+02  4.7159e+02  1.3790e+00  3.6389e-04  6.9538e+04  6.9610e+04
morochry   F	 175024	     16	  421.0	 147996	-3.3997	  2.6178e-01  3.3305e+01  6.2784e+01  3.4818e+00  8.8600e+01  2.5222e+02  6.9682e-01  4.1568e-01 -2.2246e+02  8.9986e+02  1.5268e+00  2.3828e-05  2.7394e+06  2.7395e+06
morosaxa   F	 181761	     16	  395.0	  39300	-3.3301	  1.9937e-01  7.2644e+01  3.2598e+01  1.0478e+00  6.2539e+01  5.1645e+01  1.0678e+00  2.2870e-01 -1.0197e+02  7.1893e+02  1.1987e+00  2.4455e-05  2.7880e+06  2.7881e+06
mortelon   F	  39337	     23	  120.0	   1899	-2.4102	  6.6114e-01  4.5571e+01  5.8873e+01  3.7243e+00 -9.1528e+01  2.5679e+02  2.1820e+00  3.2533e-01 -7.4891e+01  1.0227e+03  3.5003e+00  1.3838e-04  4.3666e+05  4.3676e+05
morthumi   F	  35946	     23	  103.3	   1825	-2.3114	  7.4234e-01 -2.7458e+01  1.1922e+02  8.2760e+00 -1.4715e+02  3.4556e+02  2.2580e+00  1.7640e-04  3.8289e+05  3.8295e+05
mortmult   F	  42561	     23	  108.2	   1529	-2.2973	  6.9929e-01 -1.0622e+02  2.0255e+02  1.4278e+01 -4.8022e+01  1.9675e+02  2.0243e+00  2.7690e-01 -3.2686e+02  9.6248e+02  4.9042e+00  1.6501e-04  4.5039e+05  4.5049e+05
mortspec   F	  47886	     23	  102.4	   1851	-2.2729	  7.6845e-01 -1.0516e+01  1.0236e+02  7.1902e+00 -1.1260e+02  3.0996e+02  2.0718e+00  1.9984e-04  5.0116e+05  5.0122e+05
mortvert   F	  34573	     23	  100.9	   1309	-2.1951	  7.9977e-01 -1.2969e+01  1.0424e+02  7.5480e+00 -1.2475e+02  3.0669e+02  2.3844e+00  2.2210e-04  3.4911e+05  3.4917e+05
morualba   F	  96333	     16	  215.8	  41630	-2.9955	  6.1822e-01  6.0196e+01  5.0298e+01  1.2039e+00 -5.1723e+03  5.5974e+03  2.2830e+01  3.0680e-01 -1.7476e+02  1.7107e+03  8.4904e-01  5.7952e-05  1.3301e+06  1.3302e+06
morunota   F	 107517	     25	  210.6	   8995	-2.9376	  4.5835e-01  4.8482e+01  5.2032e+01  2.1159e+00 -3.7248e+01  3.5037e+02  1.2879e+00  3.3016e-01 -6.8938e+02  1.1049e+03  4.9805e+00  5.0356e-05  1.4543e+06  1.4544e+06
moscbere   F	 209980	     30	 1445.0	 257409	-3.9874	  6.8472e-02  3.5993e+01  5.3145e+01  3.6947e+00  6.3122e+00  3.1035e+02  1.0811e+00  2.6874e-01 -1.8962e+02  1.9041e+03  1.0029e+00  1.3490e-05  3.8542e+06  3.8543e+06
motaalba   F	 188478	     26	  990.1	 157281	-3.8085	  9.2264e-02  5.2645e+01  3.9176e+01  1.8531e+00 -5.9780e+01  8.5553e+02  9.9699e-01  1.7703e-05  3.3053e+06  3.3054e+06
mrakfrig   F	  72621	     23	   88.0	    592	-2.0497	  8.5412e-01  1.0614e+01  6.9230e+01  4.8390e+00 -1.7431e+01  1.3534e+02  2.2329e+00  3.0680e-04  6.8579e+05  6.8585e+05
mucoambi   F	  34889	     41	   59.5	    692	-1.6510	  8.9493e-01 -1.8810e+01  7.5106e+01  1.4440e+01 -1.8825e+01  1.2158e+02  1.7108e+00  6.5046e-04  2.6455e+05  2.6461e+05
mucocirc   F	  32544	     23	   61.2	    846	-1.7088	  8.7068e-01 -1.1155e+02  1.6939e+02  3.0000e+01 -1.1041e+01  9.4329e+01  1.4654e+00  3.4285e-04  2.5592e+05  2.5598e+05
mucocord   F	  56430	     23	   55.4	    278	-1.5188	  9.2419e-01 -9.2199e+01  1.4483e+02  3.0000e+01 -8.3823e+00  6.6828e+01  1.8444e+00  1.0794e-03  3.9225e+05  3.9232e+05
mucohete   F	  66695	     23	   67.1	    775	-1.9630	  7.1567e-01  3.3568e+00  5.9660e+01  7.8983e+00 -8.3054e+00  7.0539e+01  1.6747e+00  4.4251e-04  6.0274e+05  6.0280e+05
mucoirre   F	  22845	     21	   64.5	   1159	-1.7162	  9.3553e-01 -1.4080e+01  7.5056e+01  1.1514e+01 -1.7632e+02  4.5084e+02  2.3178e+00  5.9378e-04  1.8032e+05  1.8038e+05
mucomuce   F	  40901	     19	   64.2	    891	-1.8812	  8.3558e-01 -1.4362e+01  7.3883e+01  9.5851e+00 -2.6175e+01  1.1383e+02  1.6665e+00  2.4182e-04  3.5440e+05  3.5446e+05
mucovelu   F	  35319	     34	   59.1	    236	-1.5347	  9.0540e-01 -3.6158e+01  9.2544e+01  1.8241e+01  2.1404e+01  4.8573e+01  1.9580e+00  6.4349e-04  2.4954e+05  2.4960e+05
mucuprur   F	  73535	     17	  243.4	   8210	-3.0175	  4.0774e-01  3.6313e+01  5.5360e+01  2.9958e+00 -3.1503e+02  5.6281e+02  4.2538e+00  2.8288e-01  6.3777e+01  6.9767e+02  1.6755e+00  6.0042e-05  1.0219e+06  1.0220e+06
mugiceph   F	 254042	     28	  354.7	  40295	-3.2902	  1.3747e-01 -6.0422e+00  9.3842e+01  9.9637e+00  5.5730e+01  6.3324e+01  1.0807e+00  3.5574e-01 -1.1007e+02  8.3728e+02  1.2080e+00  2.0552e-05  3.8491e+06  3.8493e+06
mugichul   F	  86671	     16	  334.3	  34512	-3.2251	  3.3264e-01 -3.3940e+01  1.0944e+02  1.2274e+01 -1.6645e+02  3.0492e+02  5.2623e+00  1.2970e-01 -2.0339e+02  1.0528e+03  1.3368e+00  5.9036e-05  1.2874e+06  1.2876e+06
multochr   F	  69786	     23	   58.8	    820	-1.8283	  9.0144e-01  3.6836e+01  1.8445e+01  2.3471e+00  1.7313e+01  3.0408e+01  9.1138e-01  4.9532e-04  5.8730e+05  5.8737e+05
muntreev   F	 213311	     30	 1415.2	 214955	-3.9680	  8.2101e-02  5.4007e+01  3.8215e+01  2.0725e+00 -2.5063e+01  4.1734e+02  1.1174e+00  3.1943e-01 -2.0006e+02  2.0477e+03  1.0403e+00  1.4265e-05  3.8964e+06  3.8965e+06
murrkoen   F	  80857	     16	  203.8	  12535	-2.9203	  4.9374e-01  5.1095e+01  4.7060e+01  1.8960e+00 -6.1248e+02  1.0048e+03  3.9729e+00  4.5437e-01 -1.8963e+01  3.9451e+02  6.6342e-01  6.5345e-05  1.0872e+06  1.0873e+06
mus_caro   F	 210839	     30	 1461.5	 177327	-3.9496	  8.1624e-02  5.1676e+01  3.8283e+01  2.3478e+00 -4.1877e+01  3.0352e+02  1.6525e+00  1.8659e-01 -1.9247e+02  1.7921e+03  1.0844e+00  1.3990e-05  3.8341e+06  3.8342e+06
mus_musc   F	 287632	     17	 1553.7	 218586	-4.0006	  7.3047e-02  4.9459e+01  4.1477e+01  2.4225e+00  6.8474e+00  3.4524e+02  1.0714e+00  2.6160e-01 -2.4569e+02  2.0565e+03  1.0586e+00  1.0744e-05  5.2965e+06  5.2966e+06
mus_paha   F	 199998	     30	 1440.6	 163444	-3.9360	  8.1436e-02  4.9128e+01  4.0032e+01  2.5867e+00 -5.2528e+01  2.9794e+02  1.8427e+00  1.7059e-01 -1.9375e+02  1.7292e+03  1.1000e+00  1.4731e-05  3.6244e+06  3.6245e+06
mus_spre   F	  79776	     18	 1224.1	 109685	-3.8371	  1.2525e-01  5.6768e+01  3.5117e+01  1.7504e+00 -1.2927e+02  4.0113e+02  2.4062e+00  1.8489e-01 -1.4677e+02  1.6411e+03  1.1713e+00  3.1389e-05  1.4094e+06  1.4095e+06
musaacum   F	 314829	     17	  165.0	   7634	-2.9690	  3.6568e-01 -1.9082e+02  2.7267e+02  2.1895e+01 -1.2340e+01  1.4639e+02  2.5042e+00  2.4110e-01 -6.1710e+02  1.3767e+03  2.4354e+00  9.1333e-05  4.3098e+06  4.3099e+06
muscautu   F	  79712	     30	  338.9	 422825	-3.6065	  3.4665e-01 -1.3234e+02  1.9547e+02  2.8718e+01  2.2271e+01  1.9621e+02  7.6318e-01  3.1104e-01 -1.9606e+03  1.0563e+04  1.1953e+00  3.0248e-05  1.3232e+06  1.3233e+06
muscdome   F	  52767	     16	  134.4	 143931	-3.2061	  4.3050e-01 -3.3207e+01  9.5156e+01  1.5378e+01 -2.6041e+01  1.7405e+02  1.5466e+00  1.9865e-01 -5.8472e+02  3.3777e+03  1.1450e+00  5.5775e-05  7.8005e+05  7.8015e+05
muscvetu   F	  51729	     28	   99.3	  82314	-3.0412	  4.3781e-01 -1.2860e+02  1.9175e+02  3.0000e+01  3.1940e+00  1.1671e+02  1.3105e+00  2.3825e-01 -3.6322e+02  2.4476e+03  1.1854e+00  6.2537e-05  7.2453e+05  7.2463e+05
mustermi   F	 238217	     28	 1514.9	 219184	-4.0095	  1.0538e-01  6.2568e+01  3.8329e+01  1.2277e+00 -7.5009e+01  7.1959e+02  1.0718e+00  5.0769e-01 -4.1285e+02  3.3160e+03  1.0956e+00  1.2773e-05  4.3965e+06  4.3966e+06
mustlutr   F	 234668	     25	 1516.3	 261766	-4.0099	  7.0055e-02  4.3601e+01  4.7640e+01  2.9967e+00  1.2034e+01  3.4641e+02  1.0434e+00  2.8400e-01 -2.4536e+02  2.0784e+03  1.0163e+00  1.2054e-05  4.3313e+06  4.3314e+06
mustnigr   F	 217291	     31	 1467.3	 241503	-3.9902	  7.5204e-02  4.9561e+01  4.2354e+01  2.5016e+00  3.6449e+00  3.7951e+02  1.0400e+00  3.1662e-01 -2.1557e+02  2.0891e+03  1.0265e+00  1.2678e-05  3.9910e+06  3.9911e+06
mustputo   F	 233711	     30	 1477.6	 199985	-3.9884	  1.0873e-01  6.1428e+01  3.8946e+01  1.2863e+00 -4.8795e+01  6.3940e+02  1.0835e+00  4.5563e-01 -3.5633e+02  2.9257e+03  1.1030e+00  1.2924e-05  4.2904e+06  4.2905e+06
mutieleg   F	  87335	     23	   56.8	    330	-1.6286	  8.9187e-01 -4.7411e+01  1.0115e+02  1.7921e+01 -1.6286e+01  8.2081e+01  2.1194e+00  1.8893e-04  6.5685e+05  6.5692e+05
mya_aren   F	 309450	     22	  703.9	  67868	-3.5901	  1.3303e-09 -2.2206e+03  2.7076e+03  2.0010e+01 -1.5202e+01  5.1103e+02  1.0832e+00  2.2560e-05  5.1130e+06  5.1130e+06
mycecapi   F	 198523	     23	   53.6	   1556	-1.6645	  8.5682e-01 -8.3502e+01  1.3439e+02  3.0000e+01  3.4252e+00  7.2848e+01  1.0908e+00  3.2580e-04  1.5513e+06  1.5513e+06
myceepip   F	 189687	     23	   53.5	   1556	-1.6645	  8.5682e-01 -8.3502e+01  1.3439e+02  3.0000e+01  3.4252e+00  7.2848e+01  1.0908e+00  4.0230e-04  1.4936e+06  1.4936e+06
mycegalo   F	 255620	     23	   53.7	    822	-1.7618	  7.4856e-01 -4.2668e+00  5.4789e+01  1.3047e+01 -1.4398e+02  2.0026e+02  7.6313e+00  1.8788e-01 -7.3549e+00  2.2320e+02  1.9070e+00  1.9854e-04  2.0725e+06  2.0726e+06
mycehaem   F	 117911	     23	   53.2	    909	-1.6501	  8.4986e-01 -8.3700e+01  1.3419e+02  2.9999e+01  3.4138e+00  7.2838e+01  1.3433e+00  2.8956e-04  8.8708e+05  8.8715e+05
mycehete   F	  25063	     25	   79.8	   1037	-2.2379	  7.4644e-01  4.1153e+01  2.5398e+01  1.3684e+00 -1.3388e+02  2.2167e+02  4.7962e+00  2.9985e-04  2.5860e+05  2.5865e+05
myceindi   F	  73308	     23	   49.7	    331	-1.3485	  9.3551e-01 -4.4222e+01  9.1924e+01  2.8078e+01  1.8031e+01  3.5029e+01  1.1500e+00  9.9893e-04  4.5285e+05  4.5291e+05
mycerose   F	 170659	     23	   53.3	   1556	-1.6645	  8.5682e-01 -8.3502e+01  1.3439e+02  3.0000e+01  3.4252e+00  7.2848e+01  1.0908e+00  5.9536e-04  1.3805e+06  1.3806e+06
mycespec   F	 200175	     23	   53.8	   1556	-1.6645	  8.5682e-01 -8.3502e+01  1.3439e+02  3.0000e+01  3.4252e+00  7.2848e+01  1.0908e+00  3.6824e-04  1.6012e+06  1.6012e+06
mycether   F	  16228	     24	   78.3	   1048	-2.2032	  7.4935e-01  4.2305e+01  2.3669e+01  1.3365e+00 -1.3620e+02  2.2023e+02  5.5619e+00  3.9628e-04  1.6473e+05  1.6479e+05
mycezete   F	  73589	     29	  267.1	  88487	-3.2506	  2.7805e-01 -4.5774e+01  1.2464e+02  9.4659e+00 -3.9434e+01  2.1815e+02  1.9106e+00  3.0599e-01 -3.4653e+01  7.4608e+02  9.2454e-01  5.5785e-05  1.1012e+06  1.1013e+06
mycoafri   F	  45050	     23	   81.3	    552	-1.9962	  8.7483e-01 -2.0178e+01  9.4834e+01  7.3422e+00 -6.9097e+01  1.7376e+02  2.5126e+00  1.7749e-04  4.1447e+05  4.1453e+05
mycoeumu   F	  15067	     23	   57.9	   1202	-1.9332	  7.1403e-01  3.0289e+01  2.2916e+01  4.3859e+00 -7.7382e+00  8.9826e+01  1.5527e+00  4.0125e-04  1.3413e+05  1.3418e+05
mycofiji   F	  29582	     23	   50.5	   6160	-2.0340	  4.6136e-01 -3.8945e+01  6.8915e+01  1.2927e+01 -8.2006e+01  1.3519e+02  2.6075e+01  3.1773e-01  3.5610e+01  5.0983e+01  9.6769e-01  7.9418e-04  2.7753e+05  2.7762e+05
mycogram   F	  17410	     23	   62.2	   1428	-2.1233	  6.0642e-01  3.0928e+01  2.3325e+01  4.6844e+00 -2.1704e+01  1.3468e+02  1.8349e+00  3.5062e-04  1.7035e+05  1.7040e+05
mycomayd   F	   2726	     26	   98.9	   1481	-2.2800	  6.4278e-01  1.4597e+01  7.4568e+01  5.5719e+00 -2.9556e+01  1.3757e+02  1.7789e+00  3.5722e-01  8.7050e+02  1.8873e+03  1.3914e-05  1.0910e-03  2.8536e+04  2.8601e+04
mycother   F	  17717	     25	   69.8	   1681	-2.1169	  7.2085e-01  9.1188e+00  5.2044e+01  5.5555e+00  2.2783e+00  1.1009e+02  1.4731e+00  3.2913e-04  1.7263e+05  1.7268e+05
myiocaya   F	 185398	     19	  910.9	 132000	-3.7615	  9.8757e-02  5.0794e+01  4.0839e+01  2.0254e+00 -6.9276e+01  8.0687e+02  1.0184e+00  1.7881e-05  3.2114e+06  3.2114e+06
myodglar   F	 209913	     28	 1442.8	 144175	-3.9299	  7.6684e-02  4.5438e+01  4.3060e+01  2.9292e+00  5.6443e+00  2.9197e+02  1.1615e+00  2.2989e-01 -2.4909e+02  1.8635e+03  1.1409e+00  1.4007e-05  3.7983e+06  3.7984e+06
myotbran   F	 185171	     28	 1416.9	 130734	-3.9268	  9.9117e-02  6.0919e+01  3.6797e+01  1.3498e+00 -2.9741e+02  5.7576e+02  3.5117e+00  1.2476e-01 -3.1937e+02  1.7829e+03  1.1733e+00  1.6085e-05  3.3546e+06  3.3547e+06
myotdaub   F	 221351	     19	 1428.7	 200570	-3.9650	  7.8119e-02  5.6193e+01  3.5744e+01  1.8728e+00 -7.6584e+01  3.8630e+02  1.5174e+00  2.3516e-01 -1.9430e+02  1.8866e+03  1.0546e+00  1.3630e-05  4.0403e+06  4.0404e+06
myotdavi   F	 165553	     30	 1389.7	 130265	-3.9185	  7.5229e-02  5.7619e+01  3.4571e+01  1.8687e+00 -5.2909e+01  3.8752e+02  1.3249e+00  2.7088e-01 -2.3476e+02  1.9116e+03  1.1589e+00  1.7137e-05  2.9866e+06  2.9867e+06
myotluci   F	 189717	     29	 1405.1	 124124	-3.9213	  9.9742e-02  6.0919e+01  3.6797e+01  1.3485e+00 -2.9741e+02  5.7576e+02  3.5121e+00  1.2496e-01 -3.1937e+02  1.7829e+03  1.1873e+00  1.6115e-05  3.4308e+06  3.4309e+06
myotmyot   F	 228002	     30	 1439.6	 167734	-3.9549	  8.9944e-02  5.6295e+01  3.7983e+01  1.6821e+00 -2.7928e+01  4.6869e+02  1.1171e+00  3.2729e-01 -2.5460e+02  2.1361e+03  1.1113e+00  1.3515e-05  4.1509e+06  4.1510e+06
myotrick   F	 101026	     16	 1268.5	 119612	-3.8684	  6.4960e-02 -2.4383e+01  1.1085e+02  9.6233e+00  4.1885e+01  1.8139e+02  1.0849e+00  1.8640e-01 -2.5393e+02  1.5454e+03  1.1580e+00  2.4135e-05  1.8000e+06  1.8001e+06
myotyuma   F	 206018	     24	 1359.8	 177195	-3.9301	  6.5317e-02  3.5252e+01  5.2601e+01  3.8587e+00  2.3633e+01  2.4726e+02  1.0779e+00  2.2592e-01 -1.8440e+02  1.6557e+03  1.0674e+00  1.4327e-05  3.7276e+06  3.7277e+06
myriduri   F	  16044	     24	   54.5	    621	-1.6640	  7.8951e-01 -6.0648e+01  1.1225e+02  3.0000e+01 -5.5725e+00  8.0697e+01  1.8195e+00  5.6751e-04  1.2279e+05  1.2285e+05
myrimurd   F	 244811	     18	  601.2	  45794	-3.5001	  3.0270e-01  6.2319e+01  5.8854e+01  1.2537e+00 -1.1983e+01  3.6784e+02  1.5850e+00  1.0603e-08 -1.1754e+02  8.0691e+02  1.2246e+00  1.8810e-05  3.9467e+06  3.9468e+06
myroinun   F	  29612	     23	   61.0	    842	-1.9612	  7.1432e-01  2.8140e+01  2.7218e+01  3.8668e+00 -2.1676e+00  7.8101e+01  1.6962e+00  3.0000e-04  2.6740e+05  2.6745e+05
mythsepa   F	  37816	     16	  752.6	 120406	-3.7001	  7.3756e-02  2.9906e+01  5.0736e+01  5.9087e+00 -6.3075e+01  6.7537e+02  1.0068e+00  6.5476e-05  6.4526e+05  6.4532e+05
myticali   F	 242810	     25	 1353.2	  94255	-3.8578	  4.8854e-03  2.5636e+01  3.1597e+01  7.6314e-01 -1.1674e+02  1.0777e+03  1.1835e+00  1.5357e-05  4.3116e+06  4.3117e+06
mytiedul   F	 269007	     17	 1084.5	  65294	-3.7358	  9.3878e-03  9.4715e+00  8.9298e+01  1.0287e+00 -3.5257e+01  8.4297e+02  1.2157e+00  1.6177e-05  4.6257e+06  4.6258e+06
mytigall   F	 100003	     16	  949.0	  51435	-3.6879	  2.8988e-10 -2.3987e+02  1.8523e-05  1.3693e+02 -2.2022e+02  8.5021e+02  1.3242e+00  6.5590e-01  1.8893e+02  6.5768e+02  1.1640e+00  4.3795e-05  1.6917e+06  1.6918e+06
mytiresi   F	  37190	     23	   58.1	    736	-1.9376	  7.0281e-01  3.2660e+01  1.9859e+01  3.5638e+00 -1.8864e+01  1.0431e+02  2.0606e+00  2.6008e-04  3.3181e+05  3.3187e+05
mytitros   F	 250359	     28	 1020.9	  57751	-3.6981	  1.1669e-02 -1.5058e+00  1.5284e+02  9.6490e-01 -1.4881e+01  7.8806e+02  1.2322e+00  1.7316e-05  4.2622e+06  4.2623e+06
mytivirg   F	  57991	     16	 1030.5	  56301	-3.7042	  7.9545e-03 -4.0635e+02  4.3811e+02  3.0000e+01 -7.0566e+01  8.1144e+02  1.2469e+00  4.4773e-05  9.8600e+05  9.8607e+05
myxiglut   F	 198809	     16	 2448.3	 229322	-4.1201	  3.8529e-01  6.4549e+01  1.1194e+02  8.1261e-01 -1.3633e+03  5.1914e+03  1.3123e+00  1.4994e-05  3.7766e+06  3.7767e+06
myxoasia   F	 439056	     21	  716.6	  99584	-3.6437	  3.8158e-03  8.2900e+01  9.9979e-02  2.0378e+01  6.5688e+01  7.2286e+01  7.7183e-01  5.0553e-01 -4.5557e+02  1.9729e+03  1.2897e+00  1.6545e-03  7.3796e+06  7.3797e+06
myxohong   F	   2446	     16	   20.8	    184	-0.7506	  3.3215e-02 -4.9541e+02  4.6832e+02  4.8660e+00 -9.5942e+00  2.9434e+01  2.9999e+01  2.6650e-03  9.2147e+03  9.2553e+03
myxomeli   F	  11304	     19	   63.9	    466	-1.7943	  8.6814e-01 -2.5600e+00  6.2217e+01  8.5025e+00 -5.4212e+01  1.4038e+02  2.4828e+00  6.3384e-04  9.3380e+04  9.3431e+04
myxosqua   F	   1447	     21	   26.7	   1241	-1.0395	  3.0196e-08 -3.4464e+03  3.4659e+03  8.2282e+02  1.1061e+01  1.2883e+01  6.2677e+00  9.9888e-01 -2.7029e+02  1.4021e+03  1.0421e-01  1.7552e-02  9.1721e+03  9.2302e+03
myzupers   F	  98726	     29	  170.4	  69560	-3.1215	  4.2566e-01  2.9621e+01  3.8653e+01  3.4565e+00  8.6521e+00  2.0522e+02  1.0701e+00  2.8333e-01  1.2278e+02  1.0327e+03  9.9185e-01  3.6698e-05  1.4183e+06  1.4184e+06
nadsfulv   F	   3894	     23	   93.6	   6327	-2.4924	  5.5304e-01  7.3540e+00  6.5945e+01  3.6197e+00 -2.7613e+01  1.4782e+02  1.4726e+00  7.8120e-04  4.4662e+04  4.4706e+04
naegfowl   F	  12508	     41	   92.0	    564	-2.3142	  5.1898e-01  2.9755e+01  2.7459e+01  2.1755e+00 -9.4319e+01  2.1930e+02  4.3113e+00  4.8310e-04  1.3329e+05  1.3334e+05
naeggrub   F	  10582	     19	   58.8	   3998	-2.3059	  4.1521e-01 -6.7636e+00  5.0842e+01  1.1397e+01 -4.8685e+01  1.2213e+02  3.0241e+00  4.8811e-01 -1.0610e+02  5.6819e+02  1.4859e+00  3.6867e-04  1.1237e+05  1.1245e+05
naeglova   F	  13463	     39	   79.7	    512	-2.2299	  6.7737e-01  2.9713e+01  2.7674e+01  1.9020e+00 -3.1119e+02  4.1250e+02  1.5893e+01  1.5781e-01 -2.4267e+02  3.9745e+02  6.8274e+00  5.9937e-04  1.3830e+05  1.3838e+05
naiaflui   F	      1	     75	   37.5	      0	-1.5227	  1.0000e+00 -1.2702e+01  8.9447e+01  1.3562e+01  9.4529e-01  9.8103e+01  9.2103e+01
najahaje   F	   1191	     27	  509.0	   9762	-3.2980	  9.3943e-02 -1.0927e+02  1.9374e+02  2.6829e+01  5.9824e+01  9.5463e+01  1.0879e+00  2.8063e-01 -4.0624e+02  1.0419e+03  2.3191e+00  8.8504e-04  1.8106e+04  1.8162e+04
najanaja   F	   3731	     22	  932.5	  45771	-3.6161	  2.5843e-01  7.1611e+01  6.6952e+01  6.3019e-01 -4.4427e+02  1.3330e+03  1.9248e+00  3.0638e-04  6.2124e+04  6.2168e+04
najanigr   F	   3425	     26	  718.8	  20628	-3.4327	  1.9823e-01  6.8432e+01  3.2849e+01  1.1009e+00 -8.3702e+01  6.8971e+02  1.5014e+00  3.6257e-04  5.4037e+04  5.4080e+04
nakabaci   F	     93	     30	  164.5	   3678	-2.8008	  3.8460e-01  7.1979e+01  1.1084e+01  9.0644e-01 -2.4493e+02  4.7954e+02  2.5357e+00  1.0812e-02  1.2154e+03  1.2331e+03
nakabrac   F	     34	     62	  195.0	    inf	-2.7848	  3.0119e-01  6.0688e+01  7.7091e+00  7.0680e-01 -1.5343e+02  3.6425e+02  2.7168e+00  2.6303e-02  4.4831e+02  4.5900e+02
nakadelp   F	     79	     58	  217.0	   1687	-2.7675	  2.3461e-01  3.2206e+01  5.0426e+01  1.8511e+00 -1.1012e+02  3.1429e+02  2.9267e+00  1.1465e-02  1.0190e+03  1.0356e+03
nakaglab   F	     81	     64	  254.0	    inf	-2.9094	  5.5578e-01 -5.0024e+02  6.2265e+02  1.3160e+01 -5.3957e+03  5.9375e+03  3.0000e+01  1.1515e-02  1.0978e+03  1.1146e+03
nanngadi   F	  16434	     41	  157.6	    758	-2.5312	  5.4135e-02  3.9218e+01  8.3808e+00  9.0213e-01 -4.0164e+02  4.9850e+02  1.7295e+01  3.7665e-01 -3.3698e+01  2.1395e+02  3.7787e+00  3.3293e-04  1.9154e+05  1.9162e+05
nanngali   F	 201758	     28	 1579.0	 219598	-4.0012	  8.3879e-02  5.5695e+01  3.4359e+01  1.9357e+00 -2.1526e+01  3.7120e+02  1.1708e+00  2.8420e-01 -2.1926e+02  2.2493e+03  1.0624e+00  1.3321e-05  3.7159e+06  3.7160e+06
nanngyps   F	  18987	     23	   67.8	    452	-1.9777	  7.3006e-01  1.2292e+01  4.9054e+01  5.6852e+00 -7.4628e+01  1.5691e+02  3.2871e+00  3.9034e-04  1.7300e+05  1.7305e+05
nanopark   F	 163758	     16	 1870.7	 104203	-3.9848	  1.1588e-01  6.7502e+01  3.1074e+01  9.2472e-01 -4.1313e+02  1.9874e+03  1.3082e+00  2.2491e-05  3.0068e+06  3.0069e+06
naohseba   F	  48527	     23	   44.5	    193	-1.0829	  9.7413e-01  3.9540e+00  3.9137e+01  1.9204e+01  2.1410e+01  2.0361e+01  9.1561e-01  2.1574e-02 -1.3407e+02  2.8550e+02  2.7225e+00  1.6606e-03  2.4018e+05  2.4028e+05
narcbanc   F	 254756	     30	 3170.2	 435917	-4.3013	  8.0144e-02  7.0403e+01  5.7554e+01  6.7731e-01 -4.0949e+02  2.7331e+03  1.0350e+00  1.1045e-05  5.0409e+06  5.0409e+06
nasogira   F	  60903	     16	   95.9	 137928	-2.8640	  5.3463e-01 -2.2711e+02  3.0287e+02  3.0000e+01  1.6900e+01  3.5292e+02  7.5870e-01  1.9610e-04  7.9887e+05  7.9893e+05
nasovitr   F	 103317	     16	  101.7	  58908	-2.8882	  4.6488e-01 -2.4238e+02  3.1743e+02  3.0000e+01  9.6250e+00  2.8196e+02  8.7393e-01  1.5095e-04  1.3692e+06  1.3693e+06
nastoffi   F	 110643	     16	  104.5	   6743	-2.4216	  5.8085e-01 -3.8676e+01  1.2506e+02  1.0719e+01 -3.8896e+01  2.1944e+02  1.8991e+00  1.2359e-04  1.2346e+06  1.2347e+06
naumcast   F	    174	     52	  105.0	    690	-2.4553	  6.4096e-01  9.7548e+00  6.6934e+01  3.9380e+00 -8.1556e+02  1.1621e+03  1.6515e+01  5.8066e-03  1.9822e+03  2.0043e+03
naumdair   F	    131	     59	  149.0	    978	-2.6534	  5.4769e-01  2.1999e+01  7.1328e+01  2.9081e+00 -4.4861e+02  7.5673e+02  7.1909e+00  7.9536e-03  1.6494e+03  1.6695e+03
nebringe   F	  44119	     16	  113.9	  24326	-2.8211	  3.1224e-01 -6.4141e+01  1.2188e+02  2.6782e+01  1.3966e+01  7.3671e+01  1.9231e+00  2.9444e-01 -7.7664e+01  5.1048e+02  1.1274e+00  6.7919e-05  5.7301e+05  5.7310e+05
necaamer   F	 102983	     16	  140.3	   7829	-2.9280	  5.3801e-01  4.2598e+01  2.1423e+01  1.3775e+00 -6.6441e+02  9.9406e+02  4.1046e+00  2.8797e-01 -1.6055e+03  3.0551e+03  3.1726e+00  9.3679e-05  1.3922e+06  1.3923e+06
necthaem   F	  32800	     23	   55.4	    746	-1.9137	  6.0197e-01 -1.4829e+00  5.2402e+01  1.1862e+01  3.5827e-01  6.5262e+01  1.7942e+00  3.5180e-04  2.8897e+05  2.8903e+05
nelunuci   F	 137741	     30	  332.9	  34476	-3.3826	  4.6038e-01  4.6223e+01  5.5132e+01  1.9974e+00 -1.8330e+02  8.8634e+02  1.3544e+00  4.3656e-01 -2.0060e+04  2.7321e+04  5.7156e+00  2.6611e-05  2.1456e+06  2.1457e+06
nemaausu   F	      1	    698	  349.0	      3	-2.8309	  1.0000e+00 -3.5393e+03  4.1177e+03  3.0000e+01  9.9804e-01  9.8103e+01  9.2103e+01
nemapari   F	      6	     29	   82.0	     13	-2.4574	  1.0000e+00 -3.8588e-01  6.1351e+01  1.5162e+00  1.6102e-01  7.3812e+01  7.3187e+01
nemavect   F	 164290	     16	  455.5	  22178	-3.3670	  5.4158e-02  4.2056e+01  3.6758e+01  3.1436e+00 -1.0370e+02  4.5400e+02  1.3459e+00  4.4470e-05  2.5513e+06  2.5514e+06
nemawhit   F	 182271	     18	  402.5	  67159	-3.4188	  9.8256e-02 -1.2802e+02  2.0863e+02  2.9751e+01  5.5444e+01  5.3151e+01  1.0116e+00  4.2191e-01 -3.1293e+02  1.5685e+03  1.2289e+00  2.1350e-05  2.8715e+06  2.8716e+06
nemonomu   F	 103844	     16	  475.5	  95726	-3.3335	  7.1324e-01 -5.6985e+02  9.2700e+02  4.8521e+00 -5.2665e+01  6.1506e+02  8.0039e-01  4.4995e-05  1.5946e+06  1.5947e+06
nemupict   F	     20	     81	  500.0	    408	-3.3843	  4.1174e-01  8.0900e+01  9.4493e+00  3.1225e-01 -1.1466e+02  5.9196e+02  1.4577e+00  4.7417e-02  3.0833e+02  3.1530e+02
neoagrae   F	 253288	     29	 1168.8	 163702	-3.8316	  4.7916e-01  6.4284e+01  6.4178e+01  8.2836e-01 -8.0541e+02  3.6315e+03  1.2582e+00  2.1938e-05  4.4703e+06  4.4704e+06
neoamose   F	  24638	     41	   61.4	    531	-1.9090	  7.4196e-01  2.0915e+01  3.4189e+01  5.2046e+00 -7.9672e+00  1.0221e+02  2.3651e+00  4.7789e-04  2.1659e+05  2.1665e+05
neoc_tix   F	  36604	     18	  178.5	 215668	-2.8579	  8.6243e-01 -1.1779e+01  1.5237e+02  2.5626e+00 -7.4523e+00  5.5246e+02  5.5240e-01  1.0983e-04  4.8126e+05  4.8132e+05
neoccali   F	  73553	     25	  169.8	   2018	-2.6362	  1.7843e-02 -1.2862e+02  1.7120e+02  1.4807e+01  2.1497e+01  1.1723e+02  1.8615e+00  1.4939e-04  8.9637e+05  8.9643e+05
neocdent   F	  44132	     16	  662.1	  54305	-3.6642	  6.7196e-01 -1.9191e+02  5.1725e+02  2.3124e+00 -1.0293e+03  3.6766e+03  1.5412e+00  5.3900e-05  7.4485e+05  7.4491e+05
neoctria   F	 109268	     31	   69.1	  39724	-2.6222	  4.9557e-01 -7.8331e+01  1.3289e+02  3.0000e+01  1.7870e+00  1.8304e+02  1.0347e+00  4.3059e-01  6.2256e+02  1.5334e+03  1.5468e+00  7.0606e-05  1.3221e+06  1.3222e+06
neodfabr   F	  90812	     29	  229.2	 118981	-3.2495	  1.8583e-01 -1.1011e+02  1.9388e+02  1.4045e+01  4.1595e+01  1.0403e+02  9.0299e-01  5.3610e-01 -8.1631e+01  9.9695e+02  8.8157e-01  4.2334e-05  1.3588e+06  1.3589e+06
neodleco   F	  99968	     16	  243.8	 135033	-3.2910	  1.1866e-01 -6.0862e+01  1.4495e+02  1.3186e+01  4.4299e+01  7.7535e+01  9.6749e-01  5.2567e-01 -8.3390e+01  9.2107e+02  8.6964e-01  3.5741e-05  1.5141e+06  1.5142e+06
neodpine   F	 108297	     16	  262.2	 141718	-3.3185	  2.4700e-01 -1.3340e+02  2.1593e+02  1.3730e+01 -1.2782e+01  1.5219e+02  2.2082e+00  2.4229e-01 -4.0763e+01  6.7976e+02  8.6542e-01  3.8334e-05  1.6544e+06  1.6545e+06
neodpopu   F	  13028	     30	   60.0	    440	-1.8252	  7.2515e-01  1.5274e+01  3.9602e+01  7.4172e+00  2.6560e+00  8.2192e+01  2.3899e+00  5.3911e-04  1.0950e+05  1.0955e+05
neodvirg   F	  90984	     30	  229.3	 116330	-3.2523	  1.3425e-01 -8.3344e+01  1.6748e+02  1.4582e+01  4.4673e+01  8.2153e+01  9.2672e-01  5.5616e-01 -8.0164e+01  9.6126e+02  8.8859e-01  3.9464e-05  1.3619e+06  1.3620e+06
neofnebu   F	 248829	     30	 1619.5	 303805	-4.0467	  8.7691e-02  6.0077e+01  3.7233e+01  1.4956e+00 -2.0159e+02  5.1294e+02  2.4347e+00  1.9050e-01 -1.9994e+02  2.0971e+03  9.9847e-01  1.1919e-05  4.6349e+06  4.6350e+06
neofparv   F	  22018	     46	   61.4	    751	-2.0852	  8.0785e-01  4.1350e+01  1.3413e+01  1.7184e+00 -3.5249e+03  3.7622e+03  2.9969e+01  7.5553e-04  2.1134e+05  2.1139e+05
neogviso   F	 208505	     28	 1437.0	 210338	-3.9703	  7.6896e-02  4.9044e+01  4.2605e+01  2.5590e+00 -2.8893e-01  3.7084e+02  1.0660e+00  3.0892e-01 -2.3181e+02  2.0558e+03  1.0545e+00  1.3491e-05  3.8109e+06  3.8110e+06
neohacid   F	  12879	     18	   58.5	    406	-1.6963	  8.4458e-01 -1.4714e+00  5.6708e+01  1.0698e+01 -4.3224e+01  1.1578e+02  2.5226e+00  6.3931e-04  1.0056e+05  1.0061e+05
neolbric   F	 209178	     16	  386.0	  52476	-3.3727	  1.8633e-01 -2.5225e+02  3.3941e+02  3.0000e+01  5.5778e+01  9.4019e+01  1.2083e+00  3.0158e-01 -2.0716e+02  1.0546e+03  1.1899e+00  2.3724e-05  3.2504e+06  3.2505e+06
neolirre   F	  21438	     23	   37.9	    185	-1.2579	  9.7383e-01 -3.3412e+01  6.9427e+01  2.2688e+01 -4.4443e+01  1.2788e+02  2.6489e+00  2.0807e-03  1.2349e+05  1.2355e+05
neollepi   F	  79477	     23	   56.4	    369	-1.6105	  8.8608e-01  9.4198e+00  4.4033e+01  8.9242e+00 -2.2824e+01  9.8107e+01  2.2412e+00  3.4466e-04  5.8932e+05  5.8938e+05
neomscha   F	 184676	     30	 1363.3	 157722	-3.9274	  8.1146e-02  5.5897e+01  3.5951e+01  2.0705e+00 -2.9484e+01  3.9020e+02  1.1856e+00  3.1418e-01 -2.2480e+02  2.0089e+03  1.1097e+00  1.5594e-05  3.3388e+06  3.3389e+06
neonditi   F	  24703	     37	   58.5	   1077	-1.9022	  7.9401e-01  2.2344e+01  3.1191e+01  4.9166e+00 -6.1542e+00  1.1024e+02  1.6223e+00  5.2108e-04  2.1609e+05  2.1615e+05
neopasia   F	 195365	     16	 1441.1	 190861	-3.9711	  9.6336e-02  6.2461e+01  3.5450e+01  1.3070e+00 -6.4995e+01  5.5528e+02  1.1553e+00  3.8742e-01 -2.8306e+02  2.4387e+03  1.0841e+00  1.5074e-05  3.5716e+06  3.5717e+06
neopbour   F	 189230	     19	  988.7	 149632	-3.7995	  1.0488e-01  5.3341e+01  3.6789e+01  1.8782e+00 -7.7577e+01  8.8688e+02  1.0109e+00  1.8012e-05  3.3106e+06  3.3107e+06
neopchry   F	 187691	     26	  954.9	 136933	-3.7814	  9.9960e-02  5.3355e+01  3.9240e+01  1.8534e+00 -7.3823e+01  8.4857e+02  1.0208e+00  1.7909e-05  3.2679e+06  3.2679e+06
neophait   F	   3774	     18	  288.4	 130970	-3.0725	  3.5113e-01  1.0647e+01  1.2209e+02  6.0829e-01 -2.8130e+03  3.0798e+03  3.0000e+01  5.1178e-04  5.3026e+04  5.3069e+04
neoscani   F	  36314	     16	  432.7	   1475	-2.9606	  1.0000e+00 -3.2372e+03  3.5903e+03  1.9480e+01  2.2243e-04  4.9450e+05  4.9452e+05
neosfisc   F	  20442	     23	   59.4	    400	-1.8441	  8.4038e-01  2.2526e+00  5.2138e+01  6.8338e+00 -9.9189e+01  1.9236e+02  3.6144e+00  6.1712e-04  1.7363e+05  1.7369e+05
neovviso   F	  97383	     21	 1488.9	 208547	-3.9711	  6.8297e-02  3.3473e+01  5.5979e+01  4.0932e+00  3.1280e+01  2.6884e+02  1.0020e+00  2.4431e-01 -1.6461e+02  1.8141e+03  1.0503e+00  2.3235e-05  1.7804e+06  1.7805e+06
nepegrac   F	  96087	     16	  550.4	  70669	-3.4820	  2.6231e-01  1.3032e+01  7.8498e+01  4.6950e+00  6.9708e+01  9.8568e+01  1.2879e+00  9.6160e-02 -1.8556e+02  1.0004e+03  1.1395e+00  3.0840e-05  1.5413e+06  1.5414e+06
nephlapp   F	  63774	     16	  240.7	  79520	-3.0707	  4.1555e-01  2.9605e+01  6.4248e+01  3.3821e+00  1.2165e+02  2.1055e+02  6.3216e-01  2.1517e-01 -5.1154e+02  9.6392e+02  3.2332e+00  6.0338e-05  9.0196e+05  9.0206e+05
nephpili   F	 103258	     16	 1791.9	 175315	-4.0026	  9.2296e-02  6.2217e+01  3.3201e+01  1.4583e+00 -3.8017e+02  1.7229e+03  1.1241e+00  2.5349e-05  1.9097e+06  1.9097e+06
nereluet   F	  64488	     18	 1071.6	  30067	-3.6540	  5.8709e-03  1.5757e+01  5.0280e+01  6.2852e-01 -1.7755e+02  9.8801e+02  1.5523e+00  4.2067e-05  1.0855e+06  1.0855e+06
nerolumb   F	 237737	     27	 1231.3	 136278	-3.6393	  3.5143e-01  2.6365e+01  4.6828e+01  3.7163e+00 -1.9944e+02  4.4516e+02  2.6585e+00  1.3001e-01 -3.3685e+01  3.2042e+03  1.2363e+00  3.1880e-05  3.9822e+06  3.9823e+06
neroophi   F	 258030	     21	 1395.5	 150212	-3.6341	  2.8120e-01 -2.5773e+02  3.2990e+02  3.0000e+01 -7.9898e+00  1.2988e+02  1.9681e+00  1.4218e-01 -2.4456e+02  2.4810e+03  1.1555e+00  2.9529e-05  4.3544e+06  4.3545e+06
nestnota   F	 116332	     30	  917.5	  38109	-3.6513	  9.9812e-02  6.2730e+01  4.0454e+01  1.1241e+00 -1.7991e+02  9.3852e+02  1.4020e+00  2.7950e-05  1.9558e+06  1.9559e+06
neurcras   F	  22317	     24	   78.1	    861	-2.2303	  7.8861e-01  3.5655e+01  2.9621e+01  2.0867e+00 -1.6519e+02  3.3167e+02  3.4520e+00  2.6836e-04  2.2924e+05  2.2929e+05
neurdisc   F	  16817	     23	   77.2	   1112	-2.2842	  4.8996e-01  2.4227e+01  3.8649e+01  3.8996e+00 -3.0648e+01  1.2262e+02  2.0697e+00  3.3761e-04  1.7692e+05  1.7697e+05
neurhisp   F	  24200	     23	   77.9	   1309	-2.2876	  5.3027e-01  2.9955e+01  3.2893e+01  3.1308e+00 -2.1133e+01  1.1849e+02  1.8767e+00  2.2131e-04  2.5493e+05  2.5499e+05
neurtet1   F	  17794	     16	   72.3	   1483	-2.2373	  6.4958e-01  3.3035e+01  2.9035e+01  2.7359e+00 -3.8939e+01  1.3391e+02  1.7465e+00  2.7013e-04  1.8332e+05  1.8337e+05
neurtetr   F	  17418	     23	   78.5	   1631	-2.3243	  4.7978e-01  2.6455e+01  3.5894e+01  3.6794e+00 -1.2225e+01  1.0898e+02  1.7102e+00  2.6777e-04  1.8640e+05  1.8646e+05
nezaviri   F	      8	     17	   94.0	 253686	-3.0035	  1.0000e+00  1.0149e+01  5.1294e+01  6.2258e-01  1.2156e-01  1.1542e+02  1.1566e+02
nibealbi   F	 161842	     16	  273.7	  41904	-3.2053	  1.0711e-01  4.9410e+01  3.8808e+01  4.5955e+00  6.0247e+01  5.1861e+01  1.0802e+00  4.1175e-01 -7.8945e+01  6.7038e+02  1.1175e+00  2.6499e-05  2.3901e+06  2.3902e+06
nicoatte   F	 158045	     17	  296.2	  13971	-3.1519	  2.9598e-01  3.0188e+01  5.9774e+01  3.8655e+00 -2.0563e+01  2.1901e+02  1.3851e+00  3.6801e-01 -3.0074e+01  8.4460e+02  1.5904e+00  3.7210e-05  2.2946e+06  2.2947e+06
nicobent   F	    416	     16	  117.0	   4816	-2.7354	  1.3193e-01 -2.2897e+02  3.1457e+02  3.0000e+01 -3.0683e+01  1.2438e+02  1.4072e+00  3.0598e-03  5.2523e+03  5.2806e+03
nicoobtu   F	  71386	     16	  418.3	 310395	-3.3911	  2.5928e-01 -9.0099e+01  1.7981e+02  1.2002e+01  4.5718e+01  3.3346e+02  6.7486e-01  5.0657e-01 -6.0100e+02  1.2015e+03  2.8049e+00  4.8451e-05  1.1154e+06  1.1155e+06
nicosylv   F	 159137	     19	  306.8	  13026	-3.1615	  3.0264e-01  2.5221e+01  6.4615e+01  4.1834e+00 -3.6097e+01  2.2106e+02  1.6636e+00  2.9666e-01 -1.5218e+02  9.3931e+02  1.6838e+00  3.5844e-05  2.3170e+06  2.3171e+06
nicotaba   F	 280059	     16	  303.5	  12228	-3.1588	  3.3226e-01  4.1826e+01  4.9708e+01  2.7885e+00 -6.9666e+01  2.4867e+02  1.7689e+00  2.1698e-01 -2.3081e+02  9.1134e+02  1.7363e+00  2.7051e-05  4.0742e+06  4.0743e+06
nicotome   F	 156852	     21	  300.1	  13625	-3.1578	  3.1835e-01  3.3383e+01  5.7004e+01  3.4712e+00 -4.7994e+01  2.5464e+02  1.5488e+00  3.1995e-01 -1.0977e+02  9.0424e+02  1.6243e+00  3.2341e-05  2.2809e+06  2.2811e+06
nicrorbi   F	  40472	     16	   64.9	  24246	-2.6352	  4.9557e-01 -7.8331e+01  1.3350e+02  3.0000e+01 -6.3045e+00  1.8304e+02  9.6051e-01  4.3059e-01  6.2256e+02  1.5426e+03  1.5468e+00  1.5549e-04  4.9167e+05  4.9176e+05
nicrvesp   F	  63052	     29	   65.2	  56335	-2.5710	  5.9211e-01 -9.4482e+01  1.5060e+02  2.8695e+01  4.2923e+00  1.9742e+02  9.7639e-01  2.9968e-01  1.4996e+02  1.9949e+03  9.9778e-01  1.1004e-04  7.4541e+05  7.4550e+05
niesexil   F	  26379	     23	   57.7	    950	-1.8715	  8.2016e-01  2.6277e+01  2.6869e+01  4.1704e+00 -2.2060e+01  1.1907e+02  1.6998e+00  3.8529e-04  2.2722e+05  2.2727e+05
nilaluge   F	 125573	     16	 1665.2	  60008	-3.9070	  1.0000e+00 -4.4334e+02  1.6838e+03  1.4790e+00  3.1009e-05  2.2633e+06  2.2633e+06
nippbras   F	 127860	     23	  146.6	   6434	-2.8990	  4.4968e-01  4.4566e+01  1.7518e+01  1.4291e+00 -4.9644e+01  1.8223e+02  2.0520e+00  1.9391e-01 -1.8175e+02  8.5072e+02  2.0994e+00  9.8768e-05  1.7066e+06  1.7067e+06
nippnipp   F	 140749	     29	  982.8	  76485	-3.7404	  9.2865e-02  5.4522e+01  4.1606e+01  1.6129e+00 -1.3587e+02  9.2290e+02  1.1763e+00  2.2472e-05  2.4241e+06  2.4242e+06
nitz_hia   F	   5900	     26	   82.4	   2356	-2.0115	  8.9064e-01  2.6311e+01  4.9203e+01  4.1699e+00 -8.6087e+00  1.6285e+02  1.5214e+00  8.3153e-04  5.4668e+04  5.4715e+04
nitzpale   F	    902	     18	   90.7	   6668	-2.2504	  8.5796e-01  4.1600e+01  4.1456e+01  2.3907e+00  9.8873e+00  6.9444e+01  7.2972e-01  2.3171e-03  9.3521e+03  9.3858e+03
nocccaer   F	 101833	     16	  104.0	  19508	-2.5269	  6.1177e-01 -1.3278e+01  1.0024e+02  8.0873e+00 -2.0610e+02  3.9682e+02  3.1123e+00  3.4605e-01 -1.3659e+03  5.3966e+03  1.5307e+00  8.6495e-05  1.1846e+06  1.1847e+06
nomalath   F	  34460	     16	  106.8	  44466	-2.8129	  5.0177e-01 -2.4296e+02  3.2045e+02  2.9124e+01  2.5601e-02  2.8034e+02  9.0726e-01  1.3928e-04  4.4666e+05  4.4672e+05
nomaleuc   F	 219798	     30	 1674.6	 230981	-4.0301	  6.4940e-02  3.8268e+01  5.1370e+01  3.5077e+00  1.0990e+01  3.1188e+02  1.0779e+00  2.5845e-01 -2.9501e+02  2.2491e+03  1.0677e+00  1.2805e-05  4.0782e+06  4.0783e+06
nomimela   F	  80164	     30	  203.3	 158190	-3.1799	  3.8745e-01 -2.6652e+02  3.4103e+02  3.0000e+01  2.8675e+00  3.0883e+02  9.8273e-01  5.0228e-01 -2.3922e+02  3.0028e+03  8.3757e-01  7.1694e-05  1.1735e+06  1.1736e+06
noseapis   F	   1860	     23	   61.4	   6075	-2.4030	  1.2709e-01  2.9899e+01  6.9232e+00  9.3179e-01  1.7107e+01  3.3527e+01  1.0020e+00  1.5188e-03  2.0584e+04  2.0622e+04
nosebomb   F	    188	     62	  231.0	   2040	-2.8434	  5.4774e-01  3.9250e+01  5.6019e+01  1.7528e+00 -3.2263e+02  7.3166e+02  4.0380e+00  6.1762e-03  2.4723e+03  2.4950e+03
nosecera   F	      2	     29	  278.0	      3	-4.5554	  1.0000e+00  2.8900e+01  4.5618e+01  1.7200e-01  3.8597e-01  2.5176e+01  2.1256e+01
notaeuge   F	 247925	     29	 1915.3	 505400	-4.1305	  1.8650e-01  6.7067e+01  1.0183e+02  6.8629e-01 -1.5555e+02  1.7610e+03  9.1944e-01  1.4552e-05  4.7058e+06  4.7058e+06
notescut   F	 174070	     19	 1378.0	  81703	-3.8693	  9.0184e-02  6.7874e+01  4.3514e+01  9.5644e-01 -2.4813e+02  1.3542e+03  1.2709e+00  1.8431e-05  3.1031e+06  3.1032e+06
nothdens   F	  63974	     16	  326.0	  14646	-3.1739	  4.2843e-01  5.2564e+01  4.7213e+01  1.7913e+00 -3.1147e+01  3.7422e+02  8.6777e-01  6.4127e-02 -2.8351e+02  8.9476e+02  1.9039e+00  5.8008e-05  9.3526e+05  9.3536e+05
nothfurz   F	 199177	     20	  282.0	  92241	-3.3134	  2.7535e-01 -1.9296e+02  2.7128e+02  2.9998e+01  4.0887e+01  9.3031e+01  1.6649e+00  2.4586e-01 -1.2811e+02  1.1614e+03  1.0413e+00  2.3492e-05  3.0400e+06  3.0401e+06
nothkuhn   F	 132450	     16	  280.0	  91323	-3.3209	  3.1927e-01 -1.9437e+02  2.7391e+02  2.8459e+01  8.4660e+01  8.6061e+01  9.0329e-01  2.5690e-01 -2.3748e+02  1.4176e+03  1.0879e+00  2.4906e-05  2.0286e+06  2.0287e+06
nothpalu   F	  19263	     16	   86.2	   3906	-2.5101	  5.6237e-01  2.4622e+01  4.2249e+01  3.6128e+00 -7.1933e+01  2.3251e+02  1.5728e+00  2.1181e-04  2.2286e+05  2.2291e+05
nothperd   F	 158854	     16	  832.3	  74327	-3.6797	  1.1480e-01  5.1050e+01  3.8967e+01  1.6007e+00 -7.5619e+01  7.7973e+02  1.1350e+00  2.1141e-05  2.6907e+06  2.6908e+06
notoceli   F	 244388	     30	  419.0	  53162	-3.4191	  2.7797e-01  4.7331e+01  4.5930e+01  2.8215e+00 -3.5802e+01  2.2985e+02  2.1819e+00  2.3634e-01 -2.4947e+02  1.4445e+03  1.2662e+00  2.4917e-05  3.8484e+06  3.8485e+06
notocori   F	 172942	     28	  428.2	  27712	-3.3036	  4.3902e-02 -8.1813e+01  1.6720e+02  3.0000e+01  4.9389e+01  5.3079e+01  1.8999e+00  2.9004e-01 -9.8786e+01  6.4688e+02  1.2998e+00  2.8028e-05  2.6317e+06  2.6318e+06
notogeni   F	  78412	     16	  407.1	 103303	-3.4173	  1.2852e-02  1.2962e+01  1.9416e+01  8.6306e-01  5.0687e+01  2.3942e+02  8.7105e-01  4.1646e-05  1.2337e+06  1.2338e+06
numearqu   F	 167259	     30	  967.2	  91841	-3.7471	  1.1416e-01  5.5138e+01  4.3273e+01  1.6652e+00 -1.0222e+02  9.0602e+02  1.1200e+00  2.0192e-05  2.8854e+06  2.8855e+06
numimele   F	 201705	     30	  965.8	 172483	-3.7973	  1.1924e-01  5.4139e+01  3.7038e+01  1.5038e+00 -5.0056e+01  8.4574e+02  9.7188e-01  1.5996e-05  3.5312e+06  3.5313e+06
nyctarbo   F	  78149	     16	  232.1	   5513	-3.0114	  4.1613e-01  5.0819e+01  4.2695e+01  2.1279e+00 -1.7094e+02  4.6747e+02  1.9096e+00  3.8395e-01 -5.5418e+02  1.3523e+03  3.1557e+00  6.2144e-05  1.0844e+06  1.0845e+06
nyctcouc   F	 220856	     26	 1664.5	 248889	-4.0380	  9.4935e-02  6.0115e+01  3.5560e+01  1.4154e+00 -3.6980e+01  5.0739e+02  1.0716e+00  3.4811e-01 -2.9102e+02  2.6618e+03  1.0584e+00  1.2744e-05  4.1052e+06  4.1053e+06
nyctgran   F	 178650	     30	  994.9	 121116	-3.7817	  6.0176e-02  2.9760e+01  5.6289e+01  4.3587e+00  3.2108e+01  9.7711e+01  1.7725e+00  6.0786e-02 -7.8071e+01  9.1439e+02  1.0572e+00  1.8057e-05  3.1109e+06  3.1110e+06
nyctproc   F	 210659	     31	 1468.8	 218644	-3.9829	  8.5589e-02  5.6487e+01  3.6469e+01  1.8530e+00 -1.6437e+01  4.3952e+02  1.0668e+00  3.4336e-01 -2.3988e+02  2.2402e+03  1.0540e+00  1.3643e-05  3.8623e+06  3.8624e+06
nylafulv   F	  90673	     29	  251.2	  96838	-3.2139	  2.3870e-01  1.6409e+01  6.5203e+01  5.1705e+00  2.0380e+01  2.5118e+02  8.4346e-01  5.2097e-05  1.3428e+06  1.3428e+06
nympc-al   F	  31714	     16	  395.3	  47765	-3.3598	  1.1587e-01  4.9691e+01  2.8951e+01  3.2863e+00 -3.0469e+01  3.6240e+02  1.0595e+00  9.1544e-05  4.9214e+05  4.9220e+05
nympcolo   F	 118997	     21	  344.4	  17072	-3.2305	  3.4393e-01  4.0619e+01  5.2035e+01  2.5650e+00 -3.1982e+01  2.8290e+02  1.4380e+00  3.0125e-01 -8.2522e+01  1.0695e+03  1.5988e+00  3.5451e-05  1.7702e+06  1.7704e+06
nympio__   F	  94388	     18	  473.7	  83367	-3.4627	  1.1710e-01  4.0361e+01  3.8007e+01  3.7148e+00 -2.6304e+00  3.9641e+02  9.6679e-01  3.9713e-05  1.5072e+06  1.5073e+06
nympther   F	  59648	     17	  329.9	  37622	-3.2066	  3.0768e-01  7.7060e+00  8.1091e+01  5.2602e+00 -2.3978e+02  3.8358e+02  7.8243e+00  1.3496e-01 -1.9021e+02  8.6425e+02  1.5486e+00  5.8544e-05  8.8115e+05  8.8125e+05
obbarivu   F	  77319	     23	   56.0	    403	-1.5881	  8.8435e-01 -4.2968e+00  5.7456e+01  1.2555e+01 -2.4202e+01  1.0088e+02  2.1620e+00  4.0532e-04  5.6509e+05  5.6516e+05
ochlcamp   F	  61024	     30	  126.1	 270997	-3.3527	  4.3080e-01 -1.0309e+02  1.6450e+02  3.0000e+01  1.7289e+01  1.6798e+02  8.0590e-01  2.7471e-01 -3.1479e+03  1.6574e+04  1.5049e+00  4.5330e-05  9.4183e+05  9.4192e+05
ochocurz   F	 205567	     30	 1218.1	 129298	-3.8616	  9.9502e-02  4.6811e+01  4.3877e+01  2.6970e+00 -6.4493e+01  3.5762e+02  1.5405e+00  2.7134e-01 -2.0892e+02  1.8491e+03  1.1384e+00  1.6411e-05  3.6550e+06  3.6551e+06
ochoprin   F	 169772	     19	 1219.8	 157411	-3.8781	  1.0258e-01  4.6745e+01  4.3900e+01  2.6636e+00 -3.8666e+01  3.5064e+02  1.3113e+00  3.0248e-01 -1.9654e+02  1.9302e+03  1.0892e+00  1.7138e-05  3.0312e+06  3.0313e+06
ocimtenu   F	  84203	     16	  178.1	   3645	-2.8562	  4.6753e-01  3.4627e+01  5.0563e+01  2.9219e+00 -3.4072e+02  7.0484e+02  2.6918e+00  1.1324e-04  1.1079e+06  1.1080e+06
octobima   F	 142575	     16	 1777.2	 141377	-4.0161	  3.2276e-02 -8.1958e+02  9.0536e+02  1.9791e+01 -3.2533e+02  1.6042e+03  1.1745e+00  2.0583e-05  2.6591e+06  2.6591e+06
octodegu   F	 192891	     29	 1426.5	 225174	-3.9649	  9.2022e-02  5.2369e+01  3.5867e+01  2.1212e+00 -5.6185e+01  3.3321e+02  1.5877e+00  2.1518e-01 -2.0264e+02  1.9273e+03  1.0352e+00  1.4622e-05  3.5207e+06  3.5208e+06
octomaya   F	  32319	     16	 2003.3	 755720	-4.2143	  2.3348e-02 -6.1207e+02  7.2877e+02  3.0000e+01 -1.8443e+02  1.5580e+03  8.5248e-01  5.0900e-05  6.2877e+05  6.2883e+05
octosine   F	 146204	     20	 2365.2	 230675	-4.1750	  1.4484e-02 -4.2162e+01  1.4994e+02  6.3200e+00 -4.7722e+02  2.2085e+03  1.1355e+00  3.0743e-05  2.8216e+06  2.8216e+06
octovulg   F	  30321	     16	 1775.7	 107569	-3.9663	  1.2422e-01  1.1834e+01  8.0601e+01  5.4832e-01 -3.6378e+02  1.8354e+03  1.4260e+00  7.2103e-05  5.5417e+05  5.5423e+05
odobrosm   F	 183330	     29	 1359.5	 163488	-3.9289	  8.1688e-02  5.5445e+01  3.6665e+01  2.0777e+00 -5.6803e+01  3.7582e+02  1.4267e+00  2.6582e-01 -2.1117e+02  1.9204e+03  1.0970e+00  1.5528e-05  3.3159e+06  3.3160e+06
odocvirg   F	 217880	     29	 1405.5	 185887	-3.9466	  7.8584e-02  5.2566e+01  3.9504e+01  2.2025e+00 -3.9391e+01  3.5535e+02  1.3622e+00  2.5510e-01 -1.5778e+02  1.8517e+03  1.0627e+00  1.3775e-05  3.9587e+06  3.9588e+06
odonbrun   F	  86269	     16	  336.6	 722286	-3.5199	  2.3165e-01  2.7794e+01  5.5085e+01  3.3699e+00 -1.1230e+02  2.9205e+02  2.1456e+00  2.8170e-01 -3.1031e+01  8.6348e+02  6.7956e-01  3.7575e-05  1.3975e+06  1.3976e+06
odynspin   F	  34616	     16	   93.9	  31345	-2.6348	  6.2094e-01 -2.1728e+01  9.8837e+01  8.1408e+00 -2.6293e+01  2.5616e+02  1.2813e+00  3.2708e-01 -4.7692e+02  4.0467e+03  1.1865e+00  1.8430e-04  4.1963e+05  4.1972e+05
oenamela   F	 182768	     28	  897.6	 103829	-3.7337	  9.9577e-02  5.2910e+01  3.6568e+01  1.8724e+00 -8.6481e+01  8.1439e+02  1.0705e+00  1.9373e-05  3.1428e+06  3.1428e+06
oenaoena   F	  82175	     16	  840.2	  65012	-3.6673	  9.5918e-02  5.1028e+01  4.1175e+01  1.9015e+00 -8.6270e+01  7.7296e+02  1.1717e+00  3.5038e-05  1.3886e+06  1.3887e+06
oesodent   F	 107538	     23	   75.8	   5853	-2.5426	  7.0126e-01  4.2019e+01  1.6715e+01  1.4856e+00 -3.4815e+02  7.9259e+02  1.9959e+00  2.9421e-04  1.2628e+06  1.2628e+06
ogatangu   F	    726	     59	  114.0	    939	-2.4411	  5.5206e-01  4.8732e+01  2.2957e+01  1.7026e+00 -1.2117e+02  3.0130e+02  3.7656e+00  4.4794e-01  8.3818e+02  1.9558e+03  7.4748e-01  2.7120e-03  8.1697e+03  8.2202e+03
ogathagl   F	    763	     57	  110.5	    990	-2.4241	  5.8919e-01  4.8134e+01  2.4685e+01  1.6702e+00 -8.3358e+01  2.5879e+02  3.3169e+00  4.1081e-01  6.6976e+02  2.0718e+03  1.9131e+00  2.7567e-03  8.5290e+03  8.5800e+03
ogatmeth   F	   1184	     17	  154.0	 232605	-3.1389	  4.6797e-01  6.1756e+01  3.9621e+01  1.4335e+00  5.4284e+01  3.5157e+01  8.2839e-01  1.8019e-01 -6.9443e+01  7.6328e+02  7.4690e-01  1.1589e-03  1.7054e+04  1.7110e+04
ogatpara   F	    438	     25	   38.3	    722	-1.7585	  7.7359e-01  2.1820e+01  1.2720e+01  3.5624e+00 -3.3853e+01  1.2046e+02  2.0696e+00  3.5403e-03  3.5588e+03  3.5874e+03
ogatphil   F	   2790	     59	  164.4	   1564	-2.7071	  5.0807e-01 -6.4809e+01  1.5097e+02  6.5764e+00 -6.8704e+01  3.5646e+02  3.0125e+00  4.9193e-01 -1.6926e+02  2.3345e+02  1.4285e-03  9.4577e-04  3.4795e+04  3.4861e+04
ogatpoly   F	   1266	     23	   68.6	  40067	-2.6382	  1.8612e-01  2.5940e+01  9.2369e+00  2.6887e+00  1.8516e+01  4.8638e+01  7.5808e-01  1.2467e-03  1.5406e+04  1.5442e+04
oidimaiu   F	  14312	     24	   57.8	   1070	-1.9577	  6.8964e-01  3.3047e+01  1.9138e+01  3.0981e+00  7.5689e+00  6.3738e+01  1.4647e+00  3.3929e-04  1.2908e+05  1.2914e+05
oleaeuro   F	 158326	     16	  240.9	  14884	-3.0915	  3.9243e-01  4.7579e+01  4.5254e+01  2.2407e+00  3.1541e+01  5.3591e+01  8.5324e-01  3.4829e-02 -1.3707e+02  5.6489e+02  1.4619e+00  4.7297e-05  2.2543e+06  2.2544e+06
ommasabu   F	     34	     71	  318.5	 166480	-3.1248	  7.3511e-01  6.7728e+01  4.1749e+01  6.0155e-01 -9.6615e+01  7.4709e+02  3.5232e+00  3.1080e-02  5.0297e+02  5.1366e+02
ompholea   F	  50309	     23	   56.2	    883	-1.6478	  8.6219e-01 -8.6685e+01  1.3998e+02  3.0000e+01  5.8438e+00  7.7690e+01  1.3606e+00  2.8116e-04  3.8143e+05  3.8150e+05
onchflex   F	  59158	     23	  220.8	   1480	-2.7837	  1.4403e-02 -3.6907e+02  4.0793e+02  2.9831e+01 -3.8864e+01  1.4128e+02  4.0453e+00  3.2472e-01 -1.2914e+02  3.7415e+02  3.3478e+00  1.1150e-04  7.5808e+05  7.5818e+05
onchoche   F	  84845	     23	  244.6	   2017	-2.8446	  1.8764e-01 -1.9012e+02  2.8460e+02  1.1245e+01  9.5177e+00  6.2985e+01  1.0702e+00  2.3166e-02 -9.9606e+01  3.3962e+02  2.8303e+00  9.3847e-05  1.1108e+06  1.1109e+06
onchvolv   F	  92389	     16	  257.2	   5603	-2.9083	  3.8270e-01  4.0985e+01  1.0308e+02  1.0865e+00 -4.4271e+02  6.7814e+02  5.0701e+00  6.9445e-05  1.2376e+06  1.2377e+06
oncoclar   F	 423712	     17	  491.0	  83354	-3.5832	  6.5273e-01  4.9800e+01  1.3278e+02  9.8220e-01 -6.1978e+02  2.5259e+03  1.2844e+00  1.7696e-05  6.9965e+06  6.9966e+06
oncofasc   F	  82304	     23	 1765.4	  25006	-3.8167	  9.6804e-02 -1.7624e+01  1.0183e+02  5.9315e+00 -5.8974e+02  1.1962e+03  2.1416e+00  3.4120e-01 -1.2778e+03  3.5410e+03  2.4043e+00  4.8183e-05  1.4531e+06  1.4532e+06
oncogorb   F	 393007	     16	  510.8	 109327	-3.6163	  6.1320e-01  4.8872e+01  1.2834e+02  1.0128e+00 -5.5295e+02  2.3546e+03  1.1669e+00  1.8180e-05  6.5571e+06  6.5572e+06
oncoketa   F	 331747	     24	  404.3	  66415	-3.5036	  7.1437e-01  5.1165e+01  1.3008e+02  9.7618e-01 -7.6802e+02  2.8011e+03  1.3947e+00  2.1309e-05  5.3551e+06  5.3552e+06
oncokisu   F	 384543	     16	  477.5	  83704	-3.5720	  6.5912e-01  5.1079e+01  1.2970e+02  9.6386e-01 -6.2850e+02  2.4966e+03  1.2827e+00  1.8519e-05  6.3308e+06  6.3309e+06
oncomaso   F	 407541	     17	  490.0	  90788	-3.5936	  6.6764e-01  5.1335e+01  1.3248e+02  9.5164e-01 -6.6950e+02  2.7579e+03  1.2858e+00  1.6837e-05  6.7473e+06  6.7474e+06
oncomyki   F	 415111	     16	  486.1	 196857	-3.6167	  4.2860e-01  3.3406e+01  1.1308e+02  1.5061e+00 -1.8292e+02  1.1442e+03  9.1972e-01  2.0897e-05  6.9250e+06  6.9251e+06
onconerk   F	 355705	     17	  413.6	  68705	-3.5144	  7.0641e-01  5.0584e+01  1.3046e+02  9.7972e-01 -7.4356e+02  2.7687e+03  1.3748e+00  2.0020e-05  5.7593e+06  5.7594e+06
oncotsha   F	 425580	     16	  476.9	 180007	-3.6064	  4.5404e-01  3.3326e+01  1.1484e+02  1.4640e+00 -2.0624e+02  1.2339e+03  9.4111e-01  1.9822e-05  7.0808e+06  7.0809e+06
onniscau   F	  69551	     23	   59.6	    471	-1.7543	  8.5966e-01  2.5698e+01  3.0080e+01  4.7178e+00 -1.4665e+01  8.7913e+01  1.9410e+00  2.8875e-04  5.6159e+05  5.6166e+05
onthtaur   F	  66474	     22	   68.8	  71300	-2.8328	  5.5879e-01  3.5735e+01  1.8078e+01  3.4166e+00 -1.3511e+03  1.5473e+03  1.2796e+01  1.7150e-01 -7.9399e+02  3.3832e+03  1.3006e+00  1.1409e-04  8.6767e+05  8.6777e+05
onycmacr   F	 287041	     30	  485.9	  61749	-3.4382	  2.1551e-01 -2.4307e+02  3.2908e+02  2.9741e+01  8.1694e+01  8.3660e+01  1.0516e+00  2.5158e-01 -1.4741e+02  1.1100e+03  1.1724e+00  1.7402e-05  4.5445e+06  4.5446e+06
onyctacz   F	 172876	     30	  913.7	 101542	-3.7372	  1.0751e-01  5.4135e+01  3.7264e+01  1.6898e+00 -8.0470e+01  8.3530e+02  1.0793e+00  1.9920e-05  2.9749e+06  2.9750e+06
onyctorr   F	 203179	     30	 1464.6	 168625	-3.9456	  8.1033e-02  5.1233e+01  3.7698e+01  2.4236e+00 -6.4814e+01  3.1678e+02  1.8373e+00  1.8476e-01 -1.9061e+02  1.8017e+03  1.0983e+00  1.4275e-05  3.6910e+06  3.6911e+06
oocebiro   F	  84155	     30	  194.3	  79217	-3.1262	  2.7477e-01 -2.9513e+02  3.7585e+02  3.0000e+01  1.0372e+01  1.7159e+02  1.3203e+00  5.5845e-01 -1.7981e+02  2.1211e+03  9.7365e-01  5.0015e-05  1.2119e+06  1.2120e+06
oophpumi   F	 117412	     16	 1570.5	 470080	-4.0153	  2.0709e-01  6.3598e+01  3.6514e+01  8.7952e-01 -2.8689e+02  1.7566e+03  9.0753e-01  3.3290e-05  2.1754e+06  2.1754e+06
ophidiss   F	  29074	     23	   54.1	    841	-1.8349	  7.1769e-01  3.1434e+01  1.8637e+01  4.5284e+00 -6.0044e+00  8.5978e+01  1.7595e+00  3.2574e-04  2.4564e+05  2.4570e+05
ophihann   F	  59213	     21	 1204.3	  37897	-3.7343	  1.2203e-01  7.0645e+01  5.0911e+01  7.5458e-01 -3.2859e+02  1.3310e+03  1.5926e+00  4.2662e-05  1.0183e+06  1.0184e+06
ophinovo   F	   8934	     23	   65.6	   1480	-2.0238	  8.2453e-01  2.2218e+01  3.6814e+01  4.0864e+00 -2.4957e+01  1.6379e+02  1.5979e+00  4.2297e-04  8.3302e+04  8.3352e+04
ophiophi   F	  14196	     16	   60.0	    668	-1.7649	  9.1655e-01  2.7479e+01  2.8602e+01  3.9551e+00 -1.5299e+01  1.1365e+02  1.5525e+00  7.4240e-04  1.1535e+05  1.1540e+05
ophipice   F	  11052	     30	   70.1	   1174	-2.1824	  7.3773e-01  1.8474e+01  4.1887e+01  4.0460e+00 -1.0131e+02  2.4681e+02  2.4051e+00  4.3344e-04  1.1108e+05  1.1113e+05
ophipili   F	  10513	     47	   68.8	    955	-2.1322	  8.9667e-01  3.8531e+01  2.2297e+01  1.7276e+00 -4.2207e+02  6.8915e+02  4.8500e+00  7.2828e-04  1.0320e+05  1.0325e+05
ophisine   F	  14144	     16	   63.6	  38978	-2.1313	  8.6736e-01  3.7435e+01  2.0772e+01  2.1990e+00  7.7238e+00  9.8309e+01  6.4016e-01  1.0583e-01  2.7199e+03  5.7799e+03  1.2157e+00  4.0304e-04  1.3872e+05  1.3880e+05
ophiunil   F	  15347	     37	   62.9	   1016	-2.0009	  6.9089e-01  5.3188e+00  5.0817e+01  7.4119e+00  1.4889e+00  8.9942e+01  1.6989e+00  3.8901e-04  1.4157e+05  1.4162e+05
ophrsphe   F	  83623	     16	  564.9	 353790	-3.9049	  2.8599e-01  1.8368e+01  6.5068e+01  4.6780e+00 -9.2119e+00  8.2774e+02  4.7879e-01  3.3302e-05  1.4890e+06  1.4891e+06
opisfeli   F	  61080	     16	 1892.9	  55109	-3.7887	  1.5727e-01 -6.7236e+01  1.0426e+02  2.3800e+01  7.0404e+01  5.2654e+01  7.2783e-01  7.9073e-02 -1.0366e+03  3.0015e+03  1.7519e+00  5.0721e-05  1.0665e+06  1.0666e+06
opishoaz   F	 122926	     30	 1092.0	  83328	-3.7908	  5.8716e-02  5.3151e+01  4.4058e+01  1.9118e+00 -1.4263e+02  9.8181e+02  1.1783e+00  2.3317e-05  2.1460e+06  2.1461e+06
opisvive   F	  75963	     16	 1885.3	  52334	-3.8725	  7.5864e-02 -8.1410e+01  1.1796e+02  2.9992e+01 -7.1621e+00  1.1833e+02  1.0316e+00  1.5859e-01 -9.5697e+02  2.8709e+03  1.7421e+00  4.6928e-05  1.3562e+06  1.3563e+06
oppinite   F	  53186	     26	   91.6	  16487	-2.6483	  6.6247e-01  5.1416e+00  6.5043e+01  4.3009e+00 -3.4340e+01  3.8664e+02  1.1198e+00  1.0192e-04  6.4842e+05  6.4849e+05
opsabeta   F	   9461	     16	  182.3	   4598	-2.9707	  4.2399e-01  4.8531e+01  4.3730e+01  2.3150e+00 -2.0065e+02  4.2435e+02  2.3384e+00  3.8185e-01 -6.3926e+02  1.7862e+03  3.6783e+00  2.2810e-04  1.2953e+05  1.2960e+05
orbifave   F	 145506	     30	  589.1	  18588	-3.4183	  8.3981e-02 -6.2233e+02  7.2394e+02  3.0000e+01 -7.3337e+01  5.7170e+02  1.4941e+00  4.4036e-05  2.2941e+06  2.2942e+06
orbiolig   F	  24599	     21	   72.1	    546	-1.9608	  9.2293e-01  2.8986e+01  3.6752e+01  3.0100e+00 -4.4316e+01  1.5262e+02  2.0498e+00  3.4589e-04  2.2214e+05  2.2220e+05
orchcinc   F	  39742	     16	   91.2	  47427	-2.2616	  8.1883e-01 -3.8360e+01  1.2192e+02  1.0893e+01  3.5523e+00  3.1359e+02  7.1253e-01  2.2385e-04  4.1379e+05  4.1385e+05
orciorca   F	 223103	     17	 1509.6	 174050	-4.0069	  1.6192e-01  6.5187e+01  5.3409e+01  8.2673e-01 -1.6530e+02  1.2229e+03  1.0918e+00  7.1960e-01 -2.6411e+03  1.0500e+04  1.5222e+00  1.5629e-05  4.1133e+06  4.1134e+06
ordocoll   F	     18	     23	   27.0	    inf	-1.4093	  1.0000e+00  2.2679e+01  1.6455e+00  7.0324e-01  5.2385e-02  1.1964e+02  1.2231e+02
ordopaju   F	      4	     25	   48.0	    inf	-1.7375	  1.0000e+00 -2.9675e+02  3.3213e+02  3.0000e+01  2.2967e-01  3.7785e+01  3.5944e+01
oreoaure   F	 288849	     30	  383.9	  50143	-3.3632	  1.7451e-01 -4.3722e+01  1.3152e+02  1.1604e+01  4.9162e+01  1.0734e+02  1.1034e+00  3.7500e-01 -1.6527e+02  1.1123e+03  1.2028e+00  1.8752e-05  4.4729e+06  4.4730e+06
oreonilo   F	 554865	     24	  392.4	  50899	-3.3704	  2.5478e-01  3.6053e+01  5.4761e+01  3.6711e+00 -5.1810e+00  1.8440e+02  1.9438e+00  2.3935e-01 -1.4441e+02  1.0536e+03  1.1887e+00  1.6445e-05  8.6114e+06  8.6115e+06
oriuinsi   F	  38737	     16	   51.5	 165151	-2.4673	  5.4166e-01 -5.1768e+01  9.7197e+01  3.0000e+01  3.2910e+01  7.6380e+01  5.4806e-01  3.3874e-01 -2.4327e+03  3.5566e+03  4.0648e+00  2.1512e-04  4.3913e+05  4.3922e+05
oriulaev   F	  96546	     28	   69.8	 139781	-2.7762	  4.3046e-01 -3.4212e+01  7.9594e+01  2.1155e+01  2.2877e+01  1.2415e+02  6.4351e-01  4.6231e-01 -2.8697e+03  4.3425e+03  4.0441e+00  1.1316e-04  1.2326e+06  1.2327e+06
ornianat   F	 204647	     30	 1438.7	 160758	-3.9497	  9.7212e-02  6.8310e+01  4.5804e+01  1.0497e+00 -4.3769e+01  5.2619e+02  1.1308e+00  2.8843e-01 -1.7024e+02  1.8435e+03  1.0975e+00  1.3570e-05  3.7214e+06  3.7215e+06
ornimoub   F	      1	    110	   55.0	      1	-0.0000	  1.0000e+00  1.0990e+02  1.0275e-01  2.8919e+01  1.0240e+02 -3.2771e+00 -9.2771e+00
ornituri   F	 168285	     30	  656.8	 146445	-3.5809	  3.2978e-01  3.6016e+01  3.5648e+01  1.6961e+00 -9.7841e+01  1.0241e+03  9.8610e-01  2.9580e-05  2.7754e+06  2.7755e+06
oropthom   F	  99443	     23	  171.9	   5192	-2.8949	  3.5731e-01 -5.0205e+01  1.3889e+02  9.4703e+00 -8.8559e+01  2.7795e+02  1.9257e+00  4.5358e-01  2.0301e+01  6.3892e+02  1.9120e+00  6.9641e-05  1.3258e+06  1.3259e+06
orpi_ces   F	    308	     46	  142.0	   1300	-2.5094	  9.0415e-03 -4.6413e+02  5.2267e+02  3.0000e+01  1.6727e+01  1.0679e+02  2.1266e+00  3.8588e-03  3.5742e+03  3.6003e+03
orpispec   F	  34959	     23	  135.5	    777	-2.4186	  1.0956e-02 -3.7642e+02  4.1389e+02  3.0000e+01 -3.3018e+00  1.2130e+02  2.8391e+00  2.2256e-04  3.8912e+05  3.8918e+05
orusabie   F	  72995	     30	  135.7	  64828	-3.0007	  4.7549e-01  6.4699e+00  7.0910e+01  4.6782e+00  2.3867e+00  3.1134e+02  9.2985e-01  4.9786e-01  1.8841e+03  6.2142e+03  1.2199e+00  8.6423e-05  1.0086e+06  1.0087e+06
orycafer   F	 166031	     28	 1556.2	 340834	-4.0455	  9.5172e-02  5.8168e+01  3.5403e+01  1.6219e+00 -3.2048e+01  5.3622e+02  9.9133e-01  4.2078e-01 -2.3768e+02  2.8209e+03  9.8414e-01  1.5447e-05  3.0910e+06  3.0911e+06
oryccuni   F	 281488	     16	 2390.4	 543626	-4.4074	  9.2828e-02  6.5897e+01  3.6919e+01  9.8283e-01 -6.6376e+01  1.7026e+03  6.2618e-01  8.3341e-06  5.7052e+06  5.7052e+06
orycrhin   F	  46297	     16	  121.5	 907320	-3.1827	  4.4255e-01 -1.0928e+02  1.6550e+02  3.0000e+01  6.8606e+01  2.1100e+02  5.0756e-01  3.5370e-01 -3.4359e+02  2.2402e+03  8.4970e-01  7.4221e-05  6.7610e+05  6.7619e+05
oryxdamm   F	 204077	     30	 1389.0	 180447	-3.9495	  8.6895e-02  5.5790e+01  3.7244e+01  1.8909e+00 -4.2064e+01  4.6360e+02  1.1398e+00  3.5375e-01 -2.4062e+02  2.1791e+03  1.0855e+00  1.5131e-05  3.7104e+06  3.7106e+06
oryzbart   F	 139875	     23	  194.3	   7395	-2.9815	  3.0409e-01 -1.0741e+02  1.9630e+02  1.3786e+01 -5.7931e+01  2.3519e+02  1.6018e+00  4.7005e-01 -2.7331e+01  6.8999e+02  1.7955e+00  6.2217e-05  1.9214e+06  1.9215e+06
oryzbrac   F	 134586	     23	  183.3	   5445	-2.9196	  4.1259e-01  3.5806e+01  5.3293e+01  3.3124e+00 -7.9963e+01  3.1800e+02  1.6390e+00  3.9713e-01 -4.8595e+02  1.1528e+03  3.0284e+00  4.8802e-05  1.8096e+06  1.8097e+06
oryzglab   F	 136215	     30	  167.3	   6164	-2.8811	  5.2035e-01  3.7708e+01  5.3777e+01  2.8061e+00 -1.6606e+02  5.8748e+02  1.9176e+00  5.6269e-05  1.8068e+06  1.8069e+06
oryzglum   F	 146198	     23	  209.2	  13856	-2.9260	  3.4519e-01 -3.3587e+02  4.2418e+02  3.0000e+01 -1.5767e+01  2.1806e+02  1.1393e+00  5.6960e-01 -7.0211e+02  1.3933e+03  4.7790e+00  1.1365e-04  2.0448e+06  2.0449e+06
oryzindi   F	 128022	     24	  171.9	   3823	-2.8700	  3.8414e-01  2.8421e+01  6.0399e+01  3.9776e+00 -4.6029e+01  2.0383e+02  1.9204e+00  2.8768e-01 -4.4493e+02  9.5693e+02  2.9451e+00  5.7079e-05  1.6925e+06  1.6926e+06
oryzlati   F	 224491	     16	  345.6	  49521	-3.3109	  2.8804e-01  2.1613e+01  5.7838e+01  5.4090e+00 -4.9317e+00  1.4784e+02  2.2450e+00  1.8251e-01 -2.0510e+02  1.0906e+03  1.2194e+00  2.3440e-05  3.4238e+06  3.4239e+06
oryzlong   F	 121100	     29	  198.6	   3834	-2.9304	  2.5129e-01 -2.8250e+02  3.7021e+02  2.9690e+01 -4.4995e+01  1.8679e+02  1.8949e+00  4.5217e-01 -5.6858e+02  1.1415e+03  3.2717e+00  7.1701e-05  1.6347e+06  1.6348e+06
oryzmela   F	 234681	     16	  461.7	 286002	-3.5206	  2.5105e-01 -1.8803e+02  2.6418e+02  3.0000e+01  2.3195e+01  1.0506e+02  2.0883e+00  1.5080e-01 -1.2029e+02  1.1153e+03  8.6172e-01  2.0654e-05  3.8057e+06  3.8058e+06
oryzmeri   F	 115047	     23	  220.4	  10839	-3.0554	  4.9316e-02  7.6867e+00  4.0316e+01  1.5364e+00  4.9426e+01  4.3929e+01  2.0067e+00  4.2887e-01 -1.4217e+02  6.0567e+02  1.6035e+00  4.7975e-05  1.6187e+06  1.6188e+06
oryzmeye   F	  56981	     16	  175.4	  24674	-2.9509	  4.7940e-01  4.5635e+01  4.4481e+01  2.4311e+00 -2.0267e+01  3.5313e+02  9.4823e-01  2.8313e-01 -1.5802e+03  2.0445e+03  7.4723e+00  8.2732e-05  7.7506e+05  7.7516e+05
oryzniva   F	 148576	     23	  210.0	   9397	-3.0211	  3.0630e-01 -1.0726e+02  1.9649e+02  1.3469e+01 -5.7883e+01  2.3524e+02  1.5703e+00  4.3331e-01 -2.7346e+01  6.8997e+02  1.6253e+00  5.5061e-05  2.0670e+06  2.0671e+06
oryzoffi   F	    179	     62	  403.5	 119640	-3.2664	  4.1754e-01 -8.7869e+01  1.8581e+02  8.5209e+00  6.1900e+01  1.9201e+01  2.1855e-01  2.2217e-02  7.5510e+01  6.3434e+02  1.0811e+00  5.6530e-03  2.7193e+03  2.7543e+03
oryzpunc   F	 137803	     23	  195.4	  13856	-2.9260	  3.4519e-01 -3.3587e+02  4.2418e+02  3.0000e+01 -1.5767e+01  2.1806e+02  1.1393e+00  5.6960e-01 -7.0211e+02  1.3933e+03  4.7790e+00  9.8236e-05  1.9048e+06  1.9049e+06
oryzrufi   F	 148953	     23	  210.9	   8568	-3.0235	  3.3997e-01  3.4397e+01  5.5638e+01  3.4364e+00 -7.4966e+01  2.9582e+02  1.4113e+00  4.4868e-01 -5.1593e+02  1.1481e+03  2.5052e+00  4.0481e-05  2.0775e+06  2.0776e+06
oryzsati   F	 143913	     16	  169.5	   9417	-2.9290	  4.9309e-01  3.6826e+01  5.4182e+01  2.9107e+00  1.4605e+01  4.6750e+01  5.0546e-01  2.2424e-02 -1.4100e+02  5.5708e+02  1.7317e+00  4.9035e-05  1.9407e+06  1.9408e+06
oscalobu   F	 150734	     29	   55.1	   1035	-1.6544	  8.8069e-01 -2.2655e+01  7.4544e+01  1.5420e+01  1.0684e+01  8.9655e+01  1.2895e+00  1.1814e-01  5.2597e+01  2.4489e+02  6.9603e+00  3.2641e-04  1.1465e+06  1.1466e+06
osmafrag   F	 185564	     16	  244.6	  17480	-3.0883	  3.7228e-01  4.5697e+01  4.5315e+01  2.4782e+00 -5.5225e+01  3.7756e+02  1.2040e+00  5.0957e-01 -5.6951e+02  1.3130e+03  3.5478e+00  3.1251e-05  2.6390e+06  2.6391e+06
osmeeper   F	 239805	     27	  263.8	  27890	-3.1766	  4.1505e-01  4.8496e+01  6.7246e+01  1.6827e+00  2.8209e+01  2.1349e+02  1.9540e+00  2.3664e-01 -1.7562e+02  8.6503e+02  1.2195e+00  2.2505e-05  3.5092e+06  3.5093e+06
osmemord   F	 227504	     24	  258.2	  23674	-3.1467	  3.9892e-01  5.6208e+01  6.0887e+01  1.4010e+00 -1.3302e+02  3.4485e+02  3.2453e+00  2.7548e-01 -1.6846e+02  8.8035e+02  1.2694e+00  2.3450e-05  3.2970e+06  3.2972e+06
osmibico   F	  82204	     25	  111.5	 153753	-2.9406	  4.6857e-01 -7.2428e+01  1.4439e+02  1.4000e+01  1.9024e+01  2.8082e+02  7.3929e-01  1.0063e-04  1.1127e+06  1.1128e+06
osmilign   F	  84615	     28	  111.4	 154417	-2.9338	  4.6718e-01 -1.0147e+02  1.7323e+02  1.6943e+01  2.4113e+01  2.6965e+02  7.3448e-01  1.0214e-04  1.1426e+06  1.1427e+06
ostebici   F	 172489	     19	  438.1	  40977	-3.4007	  1.5615e-01  4.0989e+01  5.5137e+01  3.0399e+00  2.7056e+01  2.3792e+02  1.2166e+00  4.7934e-01 -1.6285e+02  9.9472e+02  1.2049e+00  2.2366e-05  2.7012e+06  2.7013e+06
ostr_cus   F	      1	    523	  261.5	      3	 0.0000	  1.0000e+00  5.2290e+02  1.0459e-01  2.8839e+01  9.8334e+01 -3.1970e+00 -9.1970e+00
ostredul   F	 242750	     17	  866.4	  56857	-3.6725	  3.8085e-01  6.4219e+01  9.4402e+01  8.7034e-01 -3.9378e+02  1.5224e+03  1.4221e+00  6.1915e-01  9.7660e+01  9.6214e+01  4.5897e-02  2.7710e-05  4.0976e+06  4.0977e+06
ostrfurn   F	  98320	     30	  627.7	  58012	-3.5467	  1.1287e-01  4.9469e+01  3.3218e+01  2.8025e+00 -6.1598e+01  5.9467e+02  1.1297e+00  3.8115e-05  1.6063e+06  1.6063e+06
ostrluci   F	   2118	     24	  111.1	   2365	-2.5049	  1.7214e-01 -2.2859e+01  7.2186e+01  2.1918e+01 -5.8160e+01  1.6080e+02  2.4319e+00  1.6706e-03  2.4481e+04  2.4521e+04
ostrmedi   F	   3622	     16	  241.8	  66691	-3.4231	  7.0796e-02  2.2908e+01  2.7875e+01  7.9738e+00 -2.1564e+02  3.4897e+02  4.3805e+00  5.7421e-01 -8.2087e+02  3.2346e+03  1.4006e+00  4.1364e-04  5.7197e+04  5.7265e+04
ostrnubi   F	  99676	     27	  574.7	  97277	-3.5651	  9.7433e-02  3.0865e+01  5.0592e+01  5.3693e+00 -4.2805e+01  5.0785e+02  9.8810e-01  4.4311e-05  1.6370e+06  1.6371e+06
ostrtaur   F	   6094	     25	   52.5	    530	-2.0975	  2.8228e-01  2.8843e+01  3.6975e+00  1.3648e+00  1.8268e+01  3.1184e+01  2.0288e+00  5.4982e-01 -2.4073e+02  3.7603e+02  5.7128e+00  2.5826e-03  5.8858e+04  5.8932e+04
otolgarn   F	 179210	     24	 1533.1	 159011	-3.9658	  8.7456e-02  5.3518e+01  3.7747e+01  2.0722e+00 -2.7546e+01  3.8876e+02  1.2084e+00  3.0306e-01 -3.1728e+02  2.3787e+03  1.1517e+00  1.5626e-05  3.2721e+06  3.2723e+06
oudemuci   F	 108469	     23	   51.9	    637	-1.5018	  8.8165e-01 -5.8610e+01  1.0837e+02  2.9991e+01  7.5805e+00  5.3899e+01  1.2790e+00  4.5090e-04  7.4338e+05  7.4345e+05
ovisarie   F	 407939	     30	 1491.7	 269285	-3.9996	  7.2875e-02  5.2577e+01  3.9511e+01  2.2327e+00 -3.9392e+01  3.5535e+02  1.2808e+00  2.3588e-01 -1.5778e+02  1.8517e+03  9.9095e-01  1.0327e-05  7.5136e+06  7.5138e+06
oviscana   F	 234157	     30	 1474.9	 263874	-4.0031	  8.3686e-02  5.2638e+01  4.0513e+01  2.0628e+00 -1.2765e+01  4.6485e+02  1.0286e+00  3.6192e-01 -2.1907e+02  2.2621e+03  1.0119e+00  1.3030e-05  4.3143e+06  4.3144e+06
oxygstew   F	 135722	     16	  444.7	  57863	-3.4033	  2.3007e-01 -2.3416e+02  3.1854e+02  2.9279e+01  8.3820e+01  7.4327e+01  1.0565e+00  2.2389e-01 -1.6826e+02  1.0395e+03  1.1758e+00  2.7353e-05  2.1275e+06  2.1277e+06
oxyttrif   F	  40433	     28	   68.9	    614	-2.2149	  3.4442e-01 -1.3387e+01  4.9054e+01  1.2777e+01 -3.0613e+01  1.1262e+02  2.7934e+00  6.5558e-01 -1.1039e+02  2.5148e+02  2.3575e+00  1.3917e-03  4.1233e+05  4.1242e+05
oxyujama   F	 189853	     23	  984.6	 163016	-3.8109	  9.6239e-02  4.8500e+01  4.3820e+01  2.1088e+00 -9.0528e+01  8.7791e+02  9.9421e-01  1.7117e-05  3.3314e+06  3.3315e+06
pachtann   F	   1808	     23	   97.4	   7988	-2.4143	  5.3555e-01 -1.0891e+00  7.1328e+01  1.3256e+00 -4.7641e+02  5.6540e+02  3.0000e+01  1.6804e-03  2.0397e+04  2.0435e+04
pachvenu   F	  54544	     16	 1235.2	 132288	-3.8026	  5.6329e-12 -2.4443e+02  5.4041e+02  1.1232e+02 -1.8346e+02  8.2565e+02  9.8638e-01  5.1123e-01  1.9063e+02  6.9237e+02  1.0897e+00  5.0198e-05  9.6923e+05  9.6933e+05
paecvari   F	  20811	     16	   63.1	    574	-1.9148	  8.4433e-01  3.4832e+01  2.2869e+01  2.5968e+00 -1.6467e+01  1.0028e+02  1.9574e+00  4.5171e-04  1.8350e+05  1.8356e+05
paeolact   F	    311	     16	  100.4	   7171	-2.5201	  5.2401e-01  5.1713e+01  3.6179e+01  2.7134e+00 -9.2113e+00  1.0686e+02  1.0816e+00  3.6185e-03  3.6167e+03  3.6428e+03
pagrmajo   F	 239290	     30	  391.7	  39262	-3.3424	  1.4019e-01  2.1466e+01  6.8386e+01  6.4653e+00  5.0509e+01  9.1900e+01  1.2200e+00  3.4887e-01 -1.5010e+02  9.2245e+02  1.2427e+00  2.2557e-05  3.6836e+06  3.6837e+06
palacari   F	 188584	     23	 2263.3	 404539	-4.2695	  6.9711e-01 -2.5190e+01  6.4357e+02  8.2593e-01 -3.5627e+03  1.2887e+04  1.5160e+00  1.7539e-05  3.7042e+06  3.7043e+06
palmpalm   F	   3328	     20	  108.4	 407600	-2.5497	  8.0026e-01 -1.7996e+01  1.1418e+02  4.5703e+00  1.8636e+01  9.0938e+01  4.3758e-01  1.9969e-01  5.7290e+02  2.0404e+03  9.8614e-02  8.2115e-04  3.8588e+04  3.8655e+04
palycari   F	   7703	     16	  690.5	   5709	-3.3683	  2.6833e-01 -3.7627e+01  1.5238e+02  1.3487e+00 -9.8552e+02  1.6822e+03  3.9782e+00  2.5706e-04  1.1953e+05  1.1958e+05
pamparge   F	   2416	     16	  170.2	   3494	-2.8737	  6.2997e-02 -4.5927e+01  7.0379e+01  8.3980e+00  5.5570e+01  5.6241e+01  1.3271e+00  6.3824e-01 -6.7963e+02  1.1230e+03  3.7084e+00  6.9613e-04  3.2025e+04  3.2088e+04
pan_pani   F	 248538	     16	 1815.5	 431022	-4.0950	  2.0662e-01  6.5056e+01  8.0314e+01  6.9252e-01 -1.8654e+02  1.8028e+03  9.4539e-01  1.4732e-05  4.6796e+06  4.6797e+06
pan_trog   F	 467476	     19	 1827.7	 377317	-4.0875	  2.1065e-01  6.4665e+01  8.3763e+01  6.9792e-01 -2.0346e+02  1.8523e+03  9.7518e-01  1.2688e-05  8.7840e+06  8.7841e+06
pana_mus   F	     68	     43	   62.0	   1223	-2.2522	  6.2101e-01 -5.1236e+01  1.0303e+02  1.7080e+01 -6.7216e+02  7.6601e+02  3.0000e+01  1.4798e-01 -1.8338e+03  2.2113e+03  1.1804e+01  1.6502e-02  7.2695e+02  7.5137e+02
panagins   F	 165947	     16	  330.6	 204234	-3.3123	  3.9916e-01  5.6216e+01  4.1987e+01  1.5739e+00 -3.2289e+02  9.5713e+02  2.2320e+00  3.0730e-01 -1.5786e+01  4.5338e+02  6.6518e-01  2.8282e-05  2.5286e+06  2.5287e+06
pananoto   F	 161825	     16	  398.6	 261642	-3.4086	  3.4918e-01  5.3685e+01  4.4146e+01  1.7446e+00 -2.2972e+01  5.2081e+02  6.9408e-01  3.7643e-01 -1.0733e+02  7.2728e+02  1.7230e+00  2.5103e-05  2.5405e+06  2.5406e+06
panapapi   F	  95980	     23	   58.7	    839	-1.7508	  8.6036e-01  2.0171e+01  3.4901e+01  5.8905e+00  1.9825e-01  7.9519e+01  1.4058e+00  2.0336e-04  7.7364e+05  7.7371e+05
panaredi   F	  70054	     26	   53.7	   2678	-2.0312	  7.0647e-01  4.1301e+00  4.4492e+01  1.0359e+01 -3.0709e+02  3.9534e+02  1.0804e+01  1.3804e-01 -2.0747e+02  5.5780e+02  2.0816e+00  4.0439e-04  6.5516e+05  6.5526e+05
pandhali   F	  30666	     16	  761.9	  53394	-3.6130	  1.1157e-01  5.5050e+01  4.3284e+01  1.5488e+00 -7.6477e+01  7.1399e+02  1.1996e+00  7.1911e-05  5.1053e+05  5.1059e+05
panestip   F	 122200	     23	   53.3	    388	-1.5759	  8.5836e-01 -3.0213e+01  8.0903e+01  1.8843e+01 -2.2654e+01  8.1982e+01  2.5751e+00  1.3598e-01  7.3952e+01  1.9948e+02  7.6839e-01  3.4158e-04  8.8744e+05  8.8754e+05
panghypo   F	 241099	     16	  601.2	  50083	-3.5038	  2.2032e-01  4.4264e+01  5.4003e+01  2.6187e+00 -5.2668e+01  2.3392e+02  3.8541e+00  1.1702e-01 -1.6053e+02  9.7835e+02  1.2397e+00  1.6949e-05  3.8908e+06  3.8909e+06
panihall   F	 275162	     23	  140.9	   4410	-2.8174	  4.3251e-01  2.7099e+01  6.2807e+01  4.0288e+00 -3.5158e+01  1.9445e+02  1.4441e+00  3.3903e-01 -4.1168e+02  9.4861e+02  3.1650e+00  4.8569e-05  3.5685e+06  3.5686e+06
panimili   F	  84938	     16	  141.9	   6799	-2.8175	  5.2843e-01  3.1179e+01  5.9036e+01  3.5176e+00 -1.2948e+02  4.9276e+02  1.7180e+00  7.2617e-05  1.1024e+06  1.1024e+06
panisuma   F	     84	     68	  144.0	   4759	-2.8128	  7.0482e-01  4.8057e+01  5.1647e+01  1.5259e+00  4.1558e+01  4.6277e+02  1.8201e+00  1.2075e-02  1.1013e+03  1.1183e+03
panivirg   F	 619458	     16	  141.6	   6681	-2.8576	  3.7249e-02 -1.4772e+02  1.8743e+02  1.2755e+01  3.3784e+01  5.7147e+01  3.0427e+00  5.0854e-01 -1.2788e+02  4.9662e+02  1.7202e+00  3.5582e-05  8.1525e+06  8.1526e+06
panocitr   F	  40321	     30	  119.1	  27825	-2.8420	  5.2095e-01  2.8926e+01  4.5817e+01  2.9591e+00 -9.1404e+00  2.8172e+02  1.0526e+00  4.6737e-01  1.8753e+03  6.2358e+03  1.4990e+00  7.8204e-05  5.2749e+05  5.2758e+05
pantgutt   F	 204284	     30	 1531.4	 118446	-3.9378	  1.0732e-01  6.7932e+01  5.5870e+01  8.2047e-01 -1.8686e+02  1.4351e+03  1.1831e+00  1.5743e-05  3.7052e+06  3.7053e+06
panthodg   F	 172393	     26	 1324.6	 125735	-3.9010	  1.0108e-01  6.1788e+01  3.5012e+01  1.3302e+00 -2.9730e+02  5.7645e+02  2.9421e+00  1.5575e-01 -3.2940e+02  1.7806e+03  1.1734e+00  1.8387e-05  3.1038e+06  3.1039e+06
pantleo_   F	 233923	     28	 1571.5	 198567	-4.0129	  1.0992e-01  6.2516e+01  3.9936e+01  1.1747e+00 -5.4435e+01  6.8368e+02  1.0833e+00  4.6439e-01 -4.3709e+02  3.2532e+03  1.1335e+00  1.3026e-05  4.3208e+06  4.3209e+06
pantonca   F	 226814	     28	 1527.9	 246692	-4.0165	  9.4036e-02  6.2888e+01  3.5545e+01  1.3136e+00 -5.9943e+01  6.3611e+02  1.0561e+00  4.6625e-01 -2.8373e+02  2.8871e+03  1.0476e+00  1.2610e-05  4.1928e+06  4.1930e+06
pantpard   F	 232046	     30	 1693.7	 344922	-4.0614	  2.1389e-01  6.4391e+01  8.1170e+01  7.1720e-01 -2.2768e+02  1.8039e+03  9.8358e-01  1.7097e-05  4.3306e+06  4.3307e+06
panttigr   F	 243070	     29	 1566.7	 196139	-4.0125	  1.1140e-01  6.2646e+01  4.0422e+01  1.1584e+00 -5.9423e+01  7.0139e+02  1.0886e+00  4.7686e-01 -4.6286e+02  3.3756e+03  1.1414e+00  1.2683e-05  4.4893e+06  4.4894e+06
pantunci   F	 211220	     19	 1490.6	 204986	-3.9831	  9.0790e-02  5.7621e+01  3.7874e+01  1.6943e+00 -1.0486e+02  4.3589e+02  1.8198e+00  2.2522e-01 -2.3310e+02  2.0768e+03  1.0702e+00  1.3718e-05  3.8729e+06  3.8730e+06
panuargu   F	  24312	     16	  929.3	  17555	-3.6071	  4.1251e-01 -8.4250e+01  3.1134e+02  1.2827e+00 -8.5099e+02  1.9557e+03  2.4031e+00  1.0609e-04  4.0471e+05  4.0476e+05
panuorna   F	 156258	     23	 2650.3	 797628	-4.3063	  2.1770e-01  5.6077e+01  2.5858e+02  8.5143e-01 -3.0848e+02  2.7515e+03  8.9903e-01  1.3687e-05  3.0967e+06  3.0968e+06
panurudi   F	  83079	     23	   58.4	    372	-1.6773	  8.7165e-01  1.5087e+01  3.9931e+01  7.2318e+00 -3.8702e+01  1.1806e+02  2.5882e+00  3.0002e-04  6.4171e+05  6.4177e+05
papaarme   F	  96080	     16	  170.7	 131671	-2.9604	  2.4646e-01 -1.6699e+02  2.6331e+02  1.4759e+01  7.3133e+01  6.0460e+01  5.9708e-01  4.9442e-01 -9.7864e+02  1.3243e+03  5.7668e+00  6.0761e-05  1.3129e+06  1.3131e+06
papaatla   F	  93540	     16	  175.5	 503092	-2.9821	  5.7003e-01  5.3334e+01  4.7608e+01  1.8086e+00 -6.5844e+02  1.0379e+03  4.3796e+00  3.1999e-01  4.7495e+01  9.0746e+02  4.8557e-01  5.6148e-05  1.2842e+06  1.2843e+06
papabrac   F	 101376	     16	  180.4	 210646	-3.0495	  3.7475e-01 -4.7938e+01  1.4200e+02  8.9604e+00 -1.1016e+01  2.7836e+02  1.0271e+00  5.7434e-01  1.5149e+02  1.5834e+02  3.3528e-01  6.3064e-05  1.4169e+06  1.4170e+06
papacali   F	 150990	     16	  185.9	 126887	-2.9613	  5.6670e-01  5.5828e+01  4.6812e+01  1.6126e+00 -5.7971e+02  9.8143e+02  3.8562e+00  3.4467e-01 -5.4170e+00  6.3423e+02  5.3720e-01  4.6893e-05  2.0582e+06  2.0583e+06
papanudi   F	  57345	     16	  155.0	   4776	-2.7988	  5.0842e-01  5.0210e+01  4.6377e+01  2.2850e+00 -1.5751e+02  4.4559e+02  1.9073e+00  8.7699e-05  7.3955e+05  7.3961e+05
papasomn   F	 326122	     18	  158.7	   4734	-2.8034	  5.2010e-01  4.2730e+01  5.4630e+01  2.6103e+00 -1.3809e+02  4.5210e+02  1.9180e+00  4.0527e-05  4.2094e+06  4.2095e+06
papianub   F	 468076	     29	 1777.3	 327737	-4.0596	  2.1495e-01  6.4657e+01  8.0887e+01  6.9810e-01 -2.2384e+02  1.8158e+03  9.9933e-01  1.3331e-05  8.7426e+06  8.7427e+06
papihama   F	  53071	     16	 1298.1	 150541	-3.9003	  8.3674e-02  5.6068e+01  3.3537e+01  2.3280e+00 -2.0769e+02  4.1796e+02  2.6880e+00  2.4566e-01 -2.2265e+02  1.9664e+03  1.1280e+00  3.8614e-05  9.5323e+05  9.5333e+05
papilaur   F	  38086	     17	   47.9	  10769	-1.9394	  8.3502e-01 -1.1844e+02  1.6164e+02  2.3587e+01  4.7409e+01  4.3630e+01  1.8072e+00  1.0690e-01 -9.3356e+01  7.2572e+02  8.9019e-01  1.4477e-03  3.3923e+05  3.3932e+05
papimach   F	  91081	     29	  338.6	  36690	-3.2594	  1.0915e-01  4.0543e+01  3.7537e+01  4.4308e+00  8.5088e+00  2.7540e+02  1.0589e+00  5.0246e-05  1.3698e+06  1.3698e+06
papipoly   F	  78891	     31	  400.5	 260536	-3.2992	  4.4525e-01  6.1996e+01  6.6165e+01  5.4163e-01 -1.7048e+02  5.5660e+02  2.2646e+00  7.5044e-05  1.1975e+06  1.1975e+06
papixuth   F	  92784	     18	  311.4	  28973	-3.2063	  1.0839e-01  1.5086e+01  6.2194e+01  7.9147e+00  9.3360e+00  2.5466e+02  1.0944e+00  6.1341e-05  1.3745e+06  1.3746e+06
paraaege   F	  94809	     16	  874.9	  50842	-3.6694	  5.6153e-02  2.9743e+01  5.0995e+01  4.2444e+00 -1.4592e+02  8.3377e+02  1.2734e+00  4.0241e-05  1.6054e+06  1.6055e+06
paraappe   F	  20704	     16	   65.0	    945	-2.0606	  6.4943e-01  2.7800e+01  3.0391e+01  3.6693e+00 -3.6036e+00  7.5649e+01  1.6783e+00  2.9672e-04  1.9647e+05  1.9653e+05
parabra1   F	   1202	     17	   85.8	  16657	-2.1390	  9.4833e-01  5.2065e+01  2.7236e+01  1.7225e+00  1.5462e+01  4.5936e+01  4.7620e-01  2.1158e-03  1.1893e+04  1.1929e+04
parabras   F	  19391	     23	   88.0	   1421	-2.3762	  5.6938e-01  1.4865e+01  5.4352e+01  3.3799e+00 -4.4167e+01  1.5333e+02  1.9722e+00  2.8096e-04  2.1218e+05  2.1224e+05
paracamt   F	  48504	     16	 1006.7	  73692	-3.7839	  1.7522e-01  1.1288e+01  5.0050e+01  6.7773e-01 -1.3693e+02  7.7771e+02  1.2304e+00  6.2233e-01 -1.0896e+03  3.6284e+03  1.6279e+00  5.7385e-05  8.4522e+05  8.4532e+05
paracanc   F	    138	     16	  110.0	   6017	-1.9733	  2.3154e-01  1.5899e+01  1.0134e-01  3.7291e+00 -3.7161e+01  2.1764e+02  2.9996e+01  3.8317e-01 -2.5717e+02  4.2199e+02  2.0422e+00  3.1516e-01  1.3407e+03  1.3729e+03
paradabr   F	 277501	     30	  358.6	  78181	-3.3790	  2.4628e-01 -2.3717e+02  3.2250e+02  2.9910e+01  8.2573e+01  8.7461e+01  1.0204e+00  2.7764e-01 -1.4054e+02  1.0818e+03  1.0758e+00  3.0339e-05  4.3183e+06  4.3184e+06
paraechi   F	 132617	     16	  975.1	 284995	-3.8203	  2.8007e-11 -2.7393e+02  6.3858e+02  1.5220e+02 -3.5213e+01  5.1497e+02  7.0116e-01  2.3794e-01  1.6630e+02  5.8773e+02  9.4707e-01  2.4721e-05  2.3333e+06  2.3334e+06
paraequo   F	  30964	     23	  545.1	   4453	-3.2590	  1.3582e-01  3.2866e-02  7.6163e+01  1.2909e+00 -6.2663e+02  1.1153e+03  3.4975e+00  1.1276e-04  4.6541e+05  4.6547e+05
paragibl   F	  86225	     16	  103.8	   3319	-2.5534	  4.2052e-01  3.5492e+01  1.2576e+01  2.1296e+00 -2.1536e+01  1.8459e+02  1.6401e+00  2.3534e-04  1.0135e+06  1.0136e+06
paraking   F	 266329	     29	  468.5	  54642	-3.4455	  1.5279e-01  4.1859e+01  5.0490e+01  3.1766e+00  2.0764e+01  2.5157e+02  1.1840e+00  4.7689e-01 -1.3658e+02  1.0283e+03  1.1263e+00  1.7300e-05  4.2249e+06  4.2250e+06
paralivi   F	  90917	     16	 1079.9	 393345	-4.3307	  2.5296e-11 -2.6305e+02  6.3366e+02  5.1893e+01  1.8902e+02  4.4654e+02  1.2935e+00  4.2392e-01 -1.3523e+01  1.4259e+03  4.1429e-01  4.0010e-05  1.7624e+06  1.7625e+06
paraluna   F	  56674	     16	 1838.6	  34615	-3.8587	  8.9123e-02  6.3077e+01  2.4353e+01  1.3739e+00 -9.1095e+02  2.4411e+03  1.9430e+00  4.4816e-05  1.0090e+06  1.0090e+06
paralutz   F	  17934	     23	   81.8	    814	-2.2054	  3.2660e-02 -2.9216e+02  3.3043e+02  2.9115e+01  3.3183e+01  4.0118e+01  1.7730e+00  2.9608e-04  1.8223e+05  1.8229e+05
parametr   F	 120281	     30	  159.4	   7739	-2.8261	  3.9358e-01  4.1860e+01  2.7733e+01  1.8306e+00 -1.2871e+01  2.3291e+02  1.3685e+00  5.2556e-05  1.5656e+06  1.5656e+06
paranana   F	  50994	     18	   65.0	  26974	-2.4701	  5.7395e-01 -8.1438e+01  1.3774e+02  3.0000e+01  2.3488e+00  2.4245e+02  9.4216e-01  1.7223e-04  5.7959e+05  5.7965e+05
paranodo   F	  24448	     16	   56.7	    612	-2.1513	  8.5616e-02 -1.1192e+02  1.3665e+02  1.9416e+01  2.3479e+01  2.6614e+01  6.9275e+00  4.4589e-01 -7.9849e+01  1.6997e+02  3.2292e+00  5.4006e-04  2.4214e+05  2.4223e+05
paraoliv   F	 228943	     16	  332.3	  37483	-3.2671	  1.0546e-01  5.8304e+01  3.1753e+01  2.9107e+00  5.7525e+01  5.8279e+01  1.1322e+00  3.3208e-01 -8.6515e+01  6.2102e+02  1.1611e+00  2.0814e-05  3.4449e+06  3.4450e+06
parapara   F	  39875	     23	   60.9	    422	-1.6943	  9.1067e-01  1.9800e-02  5.7302e+01  8.7549e+00 -3.6599e+01  1.2652e+02  2.2148e+00  3.0223e-04  3.1122e+05  3.1128e+05
parapema   F	  16734	     18	   84.1	   1223	-2.2061	  1.7394e-03 -9.3313e+00  3.6669e+01  4.0644e+00  3.9212e+01  3.2914e+01  1.4777e+00  6.9081e-04  1.6977e+05  1.6982e+05
parapyri   F	  26471	     24	   92.0	   2178	-2.4710	  4.2505e-01 -1.6350e+02  2.1340e+02  3.0000e+01 -7.3319e+00  1.4541e+02  1.7493e+00  3.6023e-04  3.0049e+05  3.0055e+05
pararang   F	 249180	     30	  197.0	  43447	-3.0735	  4.4396e-01  5.0807e+01  3.5162e+01  2.2107e+00 -1.7185e+01  4.3213e+02  1.0208e+00  5.5617e-05  3.5236e+06  3.5237e+06
pararich   F	     22	     54	  160.0	     49	-2.4517	  4.7460e-01  4.9941e+01  1.0878e+01  1.3001e+00 -2.1282e+03  2.3542e+03  3.0000e+01  4.2176e-02  2.6195e+02  2.6959e+02
parasali   F	  15196	     18	   58.3	   2922	-1.9142	  3.4532e-01  3.0946e+01  2.0854e+01  9.2754e+00  4.1119e+01  1.9846e+01  1.1413e+00  6.4502e-01 -2.7368e+02  9.5441e+02  8.8510e-01  1.1086e-03  1.3419e+05  1.3428e+05
parasede   F	  49080	     23	   73.8	    423	-1.9671	  8.8223e-01  3.9676e+01  2.7845e+01  2.4335e+00 -9.0119e+01  1.8744e+02  3.4702e+00  3.0419e-04  4.4492e+05  4.4498e+05
paraspec   F	  17929	     23	   81.8	    855	-2.2068	  3.2544e-02 -2.9249e+02  3.3013e+02  2.8709e+01  3.4391e+01  3.8668e+01  1.7229e+00  3.0175e-04  1.8219e+05  1.8224e+05
paraspor   F	  28460	     23	   54.8	    581	-1.8562	  6.7920e-01  2.7197e+01  2.2934e+01  5.5598e+00 -2.0661e+01  1.0123e+02  2.3295e+00  4.7500e-04  2.4335e+05  2.4341e+05
paratepi   F	 227283	     30	 1995.0	  68002	-3.9551	  8.8829e-02  6.3015e+01  2.6623e+01  1.2938e+00 -4.8914e+02  2.1315e+03  1.4995e+00  2.6559e-05  4.1532e+06  4.1533e+06
paratet1   F	  88947	     18	   25.3	     42	-1.0395	  3.0196e-08 -3.4464e+03  3.4659e+03  8.2282e+02  1.1061e+01  1.2883e+01  6.2677e+00  9.9888e-01 -2.7029e+02  1.4021e+03  1.0421e-01  1.8549e-02  4.5785e+05  4.5795e+05
paratetr   F	  88626	     18	   25.3	     42	-1.0395	  3.0196e-08 -3.4464e+03  3.4659e+03  8.2282e+02  1.1061e+01  1.2883e+01  6.2677e+00  9.9888e-01 -2.7029e+02  1.4021e+03  1.0421e-01  1.8558e-02  4.5624e+05  4.5634e+05
paratric   F	  19827	     23	   48.6	   4755	-2.1200	  6.9548e-01 -5.0117e+01  9.2702e+01  1.8510e+01 -4.1415e+00  7.6931e+01  2.3407e+00  9.2657e-02 -1.3425e+01  2.8082e+02  1.3191e+00  1.8161e-04  1.9350e+05  1.9359e+05
pardpseu   F	  73235	     16	 2087.9	 633621	-4.0904	  2.7775e-01  9.7788e+00  1.2724e+02  5.2555e-01  2.1999e+02  1.5443e+03  9.9146e-01  6.3349e-05  1.3912e+06  1.3912e+06
parhhawa   F	  29678	     16	 2235.2	1737086	-4.2414	  5.7398e-04  4.7900e+01  1.5129e-01  8.6773e-01 -1.2461e+02  1.3989e+03  7.9400e-01  5.5156e-05  5.8610e+05  5.8616e+05
parumajo   F	 363839	     29	  975.2	 149831	-3.7940	  1.0581e-01  5.5617e+01  3.8123e+01  1.5048e+00 -5.0355e+01  8.4551e+02  1.0012e+00  1.7541e-05  6.3575e+06  6.3576e+06
paspnota   F	 123075	     16	  175.1	 261559	-3.0628	  3.9835e-01 -1.0047e+02  1.8906e+02  1.3072e+01  1.0046e+02  1.6207e+02  5.5398e-01  3.0170e-01 -3.6773e+02  7.4753e+02  2.3345e+00  3.6608e-05  1.7399e+06  1.7400e+06
passdome   F	 247400	     23	  978.4	 172083	-3.8080	  1.0095e-01  5.0713e+01  4.0654e+01  1.9816e+00 -6.3722e+01  8.5235e+02  9.7758e-01  2.4664e-05  4.3373e+06  4.3374e+06
passmont   F	 184918	     20	  934.5	 125260	-3.7657	  1.0056e-01  5.1125e+01  3.8783e+01  1.9118e+00 -7.4619e+01  8.3589e+02  1.0358e+00  1.8395e-05  3.2065e+06  3.2066e+06
patafasc   F	 215003	     30	 1004.6	 152578	-3.8064	  1.1102e-01  5.2963e+01  3.9981e+01  1.6063e+00 -6.5107e+01  8.9249e+02  1.0070e+00  1.8044e-05  3.7683e+06  3.7684e+06
pateatra   F	  24232	     24	   58.2	    770	-1.9495	  6.7120e-01  3.1798e+01  2.0713e+01  3.9270e+00 -1.2430e+01  9.5321e+01  1.9844e+00  3.7568e-04  2.1764e+05  2.1770e+05
patevulg   F	 157692	     25	  854.7	  60106	-3.6638	  9.5706e-03 -5.4696e+02  6.7562e+02  3.0000e+01 -5.7860e+01  6.9743e+02  1.1859e+00  2.5000e-05  2.6639e+06  2.6640e+06
patimini   F	 192514	     29	  809.6	  24877	-3.5547	  4.8388e-02 -1.4851e+00  1.3594e+02  3.6809e+00 -1.4393e+02  7.8454e+02  1.5152e+00  2.4231e-05  3.1528e+06  3.1529e+06
patipect   F	 119930	     16	  829.9	 333658	-3.7144	  6.3867e-13 -5.9728e+02  5.3124e+02  1.2543e+02 -3.7845e+02  7.7208e+02  2.3211e+00  5.9596e-01  3.5119e+02  8.4976e+02  7.3443e-01  3.6891e-05  2.0642e+06  2.0643e+06
paxiadel   F	  76482	     23	   56.0	    532	-1.7240	  8.0053e-01  5.5647e+00  4.7163e+01  9.5483e+00 -7.6868e+00  7.4306e+01  1.8520e+00  2.2164e-04  6.0714e+05  6.0720e+05
paxiammo   F	  74655	     23	   56.0	    394	-1.6520	  8.6959e-01  2.4173e+01  2.8774e+01  5.6783e+00 -2.0468e+01  9.1071e+01  2.1398e+00  2.8830e-04  5.6797e+05  5.6803e+05
paxiinvo   F	  81771	     23	   56.2	   2612	-1.7445	  8.6203e-01  2.2105e+01  3.0799e+01  6.0246e+00  1.0700e+01  7.9512e+01  9.4590e-01  2.1764e-04  6.5616e+05  6.5623e+05
paxirubi   F	 193448	     16	   57.4	    704	-1.8239	  7.8879e-01  2.1544e+01  3.1658e+01  5.6331e+00 -1.6874e+01  9.7065e+01  1.8604e+00  1.7853e-04  1.6252e+06  1.6253e+06
pectgoss   F	 101826	     16	  661.2	  83181	-3.6026	  7.6690e-02  2.7944e+01  5.3474e+01  5.2047e+00 -2.7643e+01  5.5547e+02  1.0412e+00  3.7938e-05  1.6925e+06  1.6925e+06
pectmaxi   F	 209469	     16	  703.2	 116980	-3.6647	  6.2666e-02 -7.0487e+02  1.1117e+03  9.2977e+00 -1.0693e+02  5.9015e+02  9.8878e-01  3.7410e-05  3.5456e+06  3.5456e+06
pedihuma   F	  58950	     16	   93.3	   6443	-2.4480	  6.0541e-01  1.3608e+01  6.7007e+01  6.3473e+00 -2.4713e+01  1.8882e+02  1.2344e+00  1.3842e-04  6.6465e+05  6.6472e+05
pedoency   F	  12219	     16	  113.2	   3511	-2.2881	  9.5692e-01 -1.7390e+01  1.0920e+02  3.8601e+00  2.1032e+00  1.4591e+02  6.5816e-01  2.0687e-03  1.2883e+05  1.2888e+05
pela_eae   F	      1	    108	   54.0	      1	 1.5246	  1.0000e+00  1.0790e+02  1.0226e-01  2.9376e+01  1.0281e+02 -3.2851e+00 -9.2851e+00
pelacalc   F	   7766	     16	  193.1	 252683	-3.4147	  2.4855e-01 -5.5612e+00  6.2814e+01  4.6631e+00 -1.8086e+03  1.9321e+03  3.0000e+01  3.5179e-01 -1.9169e+03  5.1577e+03  6.0729e-01  2.6273e-04  1.3853e+05  1.3860e+05
pelacitr   F	  64339	     16	  188.9	   2700	-2.8673	  3.9889e-01  2.5116e+01  6.5396e+01  4.3752e+00 -2.8595e+02  4.9574e+02  3.6186e+00  3.4487e-01 -6.5632e+02  1.3163e+03  4.3140e+00  9.6044e-05  8.5001e+05  8.5011e+05
pelecris   F	 112188	     30	  961.4	  33874	-3.6566	  8.8849e-02  6.5204e+01  4.0612e+01  1.0673e+00 -2.2727e+02  1.0091e+03  1.4817e+00  2.8729e-05  1.8887e+06  1.8888e+06
pelmmari   F	 257462	     30	  393.4	  49480	-3.3707	  2.3545e-01  3.3393e+01  5.6701e+01  4.0374e+00  3.6530e+01  1.5480e+02  1.1861e+00  3.2224e-01 -1.8404e+02  1.1660e+03  1.2124e+00  2.2467e-05  3.9962e+06  3.9963e+06
pelocult   F	    496	     16	  265.0	 116392	-3.3295	  1.1432e-07 -3.0212e+01  6.9125e+01  2.2035e+01  1.3084e+01  3.9645e+01  6.7838e-01  5.6178e-01 -4.3747e+01  5.9466e+02  9.7772e-01  2.2524e-03  7.5582e+03  7.6045e+03
pelofusc   F	 204366	     29	 1730.3	 447393	-4.0933	  1.2624e-01  6.9098e+01  4.5165e+01  7.5588e-01 -1.4898e+02  1.5368e+03  9.1380e-01  1.4207e-05  3.8472e+06  3.8473e+06
peloschi   F	 120629	     16	   47.2	   1257	-1.6393	  7.8595e-01  8.4826e+00  3.5277e+01  9.1026e+00 -3.4078e+00  6.9065e+01  3.2182e+00  1.9948e-01  9.1909e+00  2.4914e+02  5.4088e-01  2.8341e-04  9.1066e+05  9.1077e+05
pelosine   F	 170006	     30	 1948.1	 232796	-4.0823	  7.0753e-02  6.9871e+01  4.8850e+01  7.6480e-01 -2.4288e+02  1.6783e+03  1.0630e+00  1.5731e-05  3.1934e+06  3.1935e+06
penachin   F	 138909	     16	  659.6	 164489	-3.6897	  4.0739e-01  4.3981e+01  1.5179e+02  1.2813e+00 -1.6875e+02  1.1542e+03  9.6393e-01  2.6587e-05  2.3613e+06  2.3614e+06
penaindi   F	 142633	     25	  596.0	 162857	-3.6507	  5.2947e-01  5.1734e+01  1.6314e+02  1.0567e+00 -1.5191e+02  1.2335e+03  9.4470e-01  2.5600e-05  2.3976e+06  2.3977e+06
penajapo   F	 142741	     16	  629.5	 141654	-3.7019	  4.8237e-01 -2.0958e+02  4.1689e+02  3.1375e+00 -2.0466e+02  1.6379e+03  1.0389e+00  3.7203e-05  2.4329e+06  2.4330e+06
penamono   F	 106829	     16	  593.7	 269844	-3.7085	  4.6835e-01 -3.5289e+02  5.3248e+02  4.7882e+00  1.1214e+02  1.1952e+03  8.6025e-01  4.2031e-05  1.8241e+06  1.8241e+06
penavann   F	 142976	     16	  541.8	 100418	-3.6296	  5.3865e-01 -1.7610e+02  3.6159e+02  2.6800e+00 -2.0339e+02  1.6448e+03  1.0986e+00  4.1690e-05  2.3909e+06  2.3910e+06
penialfr   F	  19804	     16	   62.6	    456	-1.8968	  8.1088e-01  2.4321e+01  3.3141e+01  4.0175e+00 -4.3749e+01  1.1932e+02  2.5305e+00  6.5945e-04  1.7300e+05  1.7305e+05
peniangu   F	  23252	     16	   63.9	    509	-1.9272	  8.1039e-01  2.3997e+01  3.4447e+01  4.0522e+00 -6.3420e+01  1.4686e+02  2.6641e+00  4.7556e-04  2.0635e+05  2.0640e+05
penianta   F	  24025	     23	   57.8	   1341	-1.8900	  7.9460e-01  3.2225e+01  2.0746e+01  3.4899e+00  2.9283e+00  9.3783e+01  1.3932e+00  3.9901e-04  2.0906e+05  2.0912e+05
peniarge   F	  22748	     16	   61.0	    533	-1.8883	  7.9277e-01  2.3510e+01  3.2814e+01  4.4905e+00 -4.0589e+01  1.1320e+02  2.2883e+00  6.0738e-04  1.9778e+05  1.9783e+05
peniariz   F	  25767	     23	   58.2	   1335	-1.8518	  8.5340e-01  3.4165e+01  1.9542e+01  2.9736e+00  3.5470e+00  9.5660e+01  1.2764e+00  3.8759e-04  2.1975e+05  2.1981e+05
peniatro   F	  21200	     16	   56.8	    416	-1.7417	  8.4614e-01  2.9526e+01  2.3823e+01  4.2086e+00 -5.0739e+01  1.2421e+02  2.5758e+00  7.6241e-04  1.6999e+05  1.7005e+05
penibila   F	  31123	     23	   64.0	    724	-1.9381	  8.3739e-01  3.2289e+01  2.6440e+01  2.8654e+00 -6.0464e+00  7.7785e+01  1.5544e+00  2.9145e-04  2.7774e+05  2.7780e+05
penibovi   F	  19736	     16	   58.9	    519	-1.8264	  8.2142e-01  2.7066e+01  2.8009e+01  4.2685e+00 -3.7121e+01  1.1066e+02  2.2055e+00  6.4218e-04  1.6596e+05  1.6601e+05
penibras   F	  23703	     23	   63.5	    367	-1.8283	  7.9878e-01  3.8200e+00  5.4329e+01  7.3071e+00 -1.5093e+01  9.7681e+01  2.6980e+00  5.0526e-04  1.9960e+05  1.9966e+05
penibrev   F	  27875	     23	   57.5	    648	-1.8142	  7.9862e-01  2.9590e+01  2.3644e+01  3.9036e+00  1.3398e+00  7.0869e+01  1.6660e+00  4.3847e-04  2.3302e+05  2.3308e+05
penicame   F	  27446	     35	   60.2	    618	-1.8687	  8.1895e-01  2.3319e+01  3.1896e+01  4.6504e+00 -2.8350e+01  1.3076e+02  2.2374e+00  4.7402e-04  2.3599e+05  2.3604e+05
penicana   F	  21226	     16	   62.8	    469	-1.9017	  7.9961e-01  2.1467e+01  3.6244e+01  4.5127e+00 -5.0703e+01  1.2891e+02  2.6412e+00  5.7919e-04  1.8585e+05  1.8591e+05
penicane   F	  27600	     23	   57.9	    571	-1.8059	  8.3048e-01  3.1979e+01  2.1583e+01  3.3743e+00 -5.7443e+00  8.3142e+01  1.8130e+00  4.1088e-04  2.2952e+05  2.2958e+05
penicata   F	  25132	     16	   62.5	    457	-1.8714	  8.2643e-01  2.4521e+01  3.3132e+01  4.2321e+00 -5.2800e+01  1.3199e+02  2.6154e+00  5.0414e-04  2.1655e+05  2.1661e+05
penicher   F	  21609	     16	   60.2	    476	-1.9196	  7.1761e-01  2.3933e+01  3.1381e+01  4.6079e+00 -4.1693e+01  1.0718e+02  2.5575e+00  8.6542e-04  1.9102e+05  1.9107e+05
penichry   F	  23911	     23	   60.2	    688	-1.9337	  7.0014e-01  2.5374e+01  2.9428e+01  4.6182e+00 -9.0137e+00  8.4193e+01  1.9325e+00  3.9477e-04  2.1291e+05  2.1297e+05
penicine   F	  21451	     16	   57.5	    429	-1.7570	  8.4381e-01  2.8093e+01  2.5719e+01  4.3935e+00 -5.2247e+01  1.2832e+02  2.5911e+00  6.4705e-04  1.7350e+05  1.7355e+05
penicitr   F	  22655	     16	   63.6	    494	-1.9168	  8.2093e-01  2.7910e+01  3.0749e+01  3.5078e+00 -3.5680e+01  1.0306e+02  2.1842e+00  5.7491e-04  1.9993e+05  1.9999e+05
peniconc   F	  23259	     16	   58.4	    547	-1.7996	  8.4777e-01  3.0231e+01  2.4299e+01  3.7390e+00 -2.7530e+01  9.9123e+01  1.9363e+00  6.3233e-04  1.9269e+05  1.9275e+05
penicopr   F	  22910	     24	   59.6	    475	-1.7880	  8.4294e-01  2.7834e+01  2.7328e+01  4.1584e+00 -6.8293e+00  9.2379e+01  2.0772e+00  5.9563e-04  1.8857e+05  1.8863e+05
penicosm   F	  27688	     16	   62.9	    518	-1.9552	  7.6702e-01  2.6409e+01  3.1437e+01  3.6295e+00 -3.2897e+01  9.7217e+01  2.2122e+00  6.3240e-04  2.4925e+05  2.4931e+05
penicrus   F	  24862	     16	   59.6	    469	-1.8232	  8.4002e-01  3.1028e+01  2.4593e+01  3.5453e+00 -3.6662e+01  1.0402e+02  2.1852e+00  6.0884e-04  2.0870e+05  2.0876e+05
penidale   F	  24931	     16	   63.0	    500	-1.9102	  8.0664e-01  2.6094e+01  3.1848e+01  3.8804e+00 -4.4537e+01  1.1866e+02  2.3931e+00  5.0723e-04  2.1929e+05  2.1934e+05
penidecu   F	  17752	     24	   58.3	    507	-1.7608	  8.2893e-01  2.4516e+01  2.9606e+01  5.2005e+00 -8.1327e+00  9.5661e+01  2.0889e+00  5.2474e-04  1.4398e+05  1.4403e+05
penidiat   F	  17734	     16	   73.9	    603	-2.0955	  7.8282e-01  1.8461e+01  4.7289e+01  3.4940e+00 -5.0755e+01  1.3608e+02  2.4104e+00  4.5355e-04  1.7113e+05  1.7119e+05
penidigi   F	  15044	     25	   60.1	    575	-1.8443	  8.2593e-01  2.5118e+01  3.0258e+01  4.5363e+00 -3.1020e+01  1.2950e+02  2.2924e+00  6.2313e-04  1.2778e+05  1.2783e+05
peniexpa   F	  26002	     24	   60.0	    540	-1.8271	  8.2379e-01  2.7833e+01  2.7603e+01  4.0237e+00 -1.0060e+01  8.9491e+01  1.9539e+00  3.8424e-04  2.1877e+05  2.1883e+05
penifell   F	  25190	     23	   60.0	    587	-1.8170	  8.6561e-01  3.2430e+01  2.3169e+01  3.2268e+00 -1.2158e+01  9.1006e+01  1.7400e+00  3.8561e-04  2.1075e+05  2.1081e+05
peniflav   F	  25013	     23	   59.7	    654	-1.8153	  8.6412e-01  3.2749e+01  2.2509e+01  3.2418e+00 -5.3723e+00  9.5414e+01  1.7011e+00  4.3088e-04  2.0900e+05  2.0906e+05
penifrei   F	  20920	     40	   60.0	    563	-1.8095	  8.7003e-01  2.3117e+01  3.2409e+01  4.7327e+00 -2.2124e+01  1.3688e+02  2.2306e+00  4.8148e-04  1.7406e+05  1.7411e+05
peniglab   F	  28380	     23	   59.1	    554	-1.8146	  8.5237e-01  3.1619e+01  2.3179e+01  3.3925e+00 -2.2356e+01  1.0326e+02  1.9623e+00  3.9770e-04  2.3712e+05  2.3717e+05
penigris   F	  20727	     37	   58.1	    736	-1.7882	  8.4914e-01  2.4229e+01  2.9553e+01  4.9031e+00 -4.6056e-01  1.0137e+02  1.7099e+00  3.9231e-04  1.7061e+05  1.7066e+05
penihisp   F	  19630	     16	   61.1	    448	-1.8395	  8.1849e-01  1.8990e+01  3.7568e+01  5.3367e+00 -5.5143e+01  1.3415e+02  2.7063e+00  6.7401e-04  1.6627e+05  1.6633e+05
penihord   F	  24321	     16	   59.4	    523	-1.8259	  8.4633e-01  2.9852e+01  2.5571e+01  3.6521e+00 -3.3732e+01  1.0700e+02  2.0695e+00  5.6501e-04  2.0444e+05  2.0450e+05
peniital   F	  19387	     26	   60.0	    586	-1.8407	  8.2335e-01  1.6085e+01  3.9188e+01  5.8957e+00 -2.7840e+01  1.2666e+02  2.2493e+00  4.6730e-04  1.6438e+05  1.6444e+05
penijant   F	  28960	     23	   64.6	    769	-1.9529	  7.9450e-01  2.9160e+01  2.9613e+01  3.4324e+00 -6.2306e+00  8.8443e+01  1.7069e+00  2.8569e-04  2.6042e+05  2.6048e+05
penilage   F	  21548	     16	   57.2	    569	-1.7758	  8.2230e-01  2.2105e+01  3.1384e+01  5.6927e+00 -3.7869e+01  1.2031e+02  2.1972e+00  7.7771e-04  1.7618e+05  1.7623e+05
penilano   F	  24313	     23	   59.9	    495	-1.8407	  8.2357e-01  3.1691e+01  2.3556e+01  3.4275e+00 -3.2979e+01  1.1239e+02  2.2983e+00  4.0388e-04  2.0613e+05  2.0619e+05
penilong   F	  23467	     16	   58.3	    465	-1.7932	  8.5312e-01  2.8473e+01  2.5917e+01  3.8980e+00 -3.9836e+01  1.1313e+02  2.2505e+00  6.3183e-04  1.9375e+05  1.9380e+05
penimacl   F	  20997	     16	   57.8	    491	-1.8565	  7.3896e-01  2.7660e+01  2.6122e+01  4.5037e+00 -3.0331e+01  9.2459e+01  2.2809e+00  8.0171e-04  1.7949e+05  1.7954e+05
penimacr   F	  22177	     16	   65.1	    507	-1.9633	  7.9187e-01  2.5100e+01  3.4129e+01  3.6858e+00 -5.1169e+01  1.3169e+02  2.5790e+00  4.8133e-04  2.0049e+05  2.0055e+05
penimala   F	  25017	     16	   61.8	    505	-1.9083	  7.7524e-01  2.3313e+01  3.3934e+01  4.4675e+00 -3.9805e+01  1.0974e+02  2.3689e+00  5.1125e-04  2.1980e+05  2.1986e+05
penimang   F	  26163	     16	   63.2	    528	-1.9379	  7.8114e-01  2.1861e+01  3.6180e+01  4.2405e+00 -3.4013e+01  1.0190e+02  2.2072e+00  5.7824e-04  2.3345e+05  2.3351e+05
penimarg   F	    154	     85	  491.0	  30227	-3.3729	  2.4777e-01  8.0287e+01  3.3677e+01  7.6637e-01 -3.0836e+01  5.1466e+02  1.3073e+00  6.3290e-03  2.4022e+03  2.4234e+03
penimono   F	  25050	     16	   59.0	    654	-1.8823	  7.8897e-01  3.2409e+01  2.2599e+01  3.2839e+00 -1.3540e+01  7.1635e+01  1.6730e+00  7.2415e-04  2.1704e+05  2.1709e+05
peninalg   F	  24131	     23	   60.1	    842	-1.8715	  8.5476e-01  3.3730e+01  2.1753e+01  3.0200e+00 -2.5568e+01  1.2576e+02  1.7367e+00  4.0781e-04  2.0815e+05  2.0821e+05
peninord   F	  23530	     40	   61.0	    674	-1.8691	  8.3666e-01  2.1428e+01  3.4401e+01  4.8876e+00 -2.2875e+01  1.3670e+02  2.1315e+00  3.8834e-04  2.0226e+05  2.0232e+05
peninuci   F	  22549	     16	   57.3	    439	-1.7710	  8.5143e-01  3.0313e+01  2.3179e+01  3.7490e+00 -4.5715e+01  1.1999e+02  2.4180e+00  6.3825e-04  1.8386e+05  1.8392e+05
peniodor   F	  22351	     16	   56.8	    461	-1.7827	  8.4368e-01  2.8078e+01  2.4888e+01  3.9585e+00 -3.8042e+01  1.1006e+02  2.2680e+00  5.8661e-04  1.8346e+05  1.8352e+05
penioxal   F	  19239	     29	   76.1	    963	-2.1240	  9.1564e-01  3.6249e+01  3.2315e+01  1.8840e+00  1.8450e+01  4.8098e+01  1.0759e+00  3.1725e-04  1.8825e+05  1.8831e+05
penipara   F	  19797	     16	   59.1	    503	-1.8192	  8.3692e-01  2.7544e+01  2.7719e+01  4.0810e+00 -3.5504e+01  1.0808e+02  2.1615e+00  6.6990e-04  1.6582e+05  1.6587e+05
penipolo   F	  25349	     23	   60.3	    602	-1.8064	  8.9699e-01  3.3925e+01  2.2057e+01  3.0195e+00 -2.7256e+01  1.2744e+02  1.8853e+00  4.7392e-04  2.1075e+05  2.1081e+05
penipsyc   F	  20757	     16	   58.0	    467	-1.7880	  8.4057e-01  3.1196e+01  2.2970e+01  3.6856e+00 -3.9402e+01  1.1258e+02  2.2938e+00  5.6369e-04  1.7088e+05  1.7094e+05
penipulv   F	  24047	     16	   58.4	    365	-1.7580	  8.7347e-01  2.8063e+01  2.6400e+01  4.0443e+00 -8.3961e+01  1.6624e+02  3.2354e+00  6.1694e-04  1.9465e+05  1.9470e+05
penirais   F	  27034	     23	   58.2	    541	-1.8030	  8.3270e-01  3.0962e+01  2.2846e+01  3.5464e+00 -8.7069e+00  8.7380e+01  1.9011e+00  4.2179e-04  2.2448e+05  2.2454e+05
penirive   F	  21330	     16	   56.9	    704	-1.7505	  8.5448e-01  2.2348e+01  3.1063e+01  5.5201e+00 -2.0434e+01  1.0795e+02  1.7614e+00  7.5985e-04  1.7192e+05  1.7197e+05
penirobs   F	  21853	     16	   58.6	    511	-1.8046	  8.4340e-01  2.9295e+01  2.5365e+01  3.8695e+00 -3.5390e+01  1.0854e+02  2.1231e+00  5.5279e-04  1.8156e+05  1.8162e+05
peniroqu   F	  23129	     21	   58.8	    824	-1.8096	  8.5826e-01  3.1350e+01  2.2996e+01  3.5481e+00  6.5608e+00  9.2168e+01  1.5243e+00  4.9435e-04  1.9277e+05  1.9282e+05
penirube   F	  27785	     23	   61.8	    596	-2.0227	  5.7570e-01  2.4360e+01  3.0119e+01  4.8949e+00 -2.1691e+01  9.6268e+01  2.3860e+00  3.5368e-04  2.5905e+05  2.5911e+05
penisams   F	  26724	     16	   59.2	    419	-1.8100	  8.4147e-01  2.8021e+01  2.7247e+01  3.9642e+00 -5.0050e+01  1.2085e+02  2.5402e+00  5.3852e-04  2.2273e+05  2.2279e+05
penisoli   F	  24132	     24	   59.9	    787	-1.8071	  9.0000e-01  3.0122e+01  2.5696e+01  3.5394e+00 -2.0882e+01  1.3185e+02  1.6390e+00  4.3924e-04  2.0066e+05  2.0072e+05
penisopp   F	  22180	     16	   57.8	    489	-1.7992	  8.2412e-01  2.6665e+01  2.7160e+01  4.3673e+00 -3.4553e+01  1.0462e+02  2.2023e+00  6.4462e-04  1.8375e+05  1.8380e+05
penispec   F	  79504	     23	   55.0	    481	-1.5420	  8.8805e-01 -3.0407e+01  8.2962e+01  2.0479e+01 -1.7041e+01  9.2969e+01  1.8389e+00  4.0990e-04  5.6460e+05  5.6466e+05
penistec   F	  24901	     23	   65.0	    567	-1.8947	  8.9308e-01  3.3550e+01  2.5971e+01  2.7092e+00 -2.8445e+00  9.4732e+01  1.7225e+00  4.5029e-04  2.1725e+05  2.1731e+05
penisubr   F	  26093	     16	   63.1	    431	-1.8870	  8.2775e-01  2.6187e+01  3.1944e+01  3.8718e+00 -6.3397e+01  1.3903e+02  2.7854e+00  3.9603e-04  2.2673e+05  2.2679e+05
penitaxi   F	  18506	     16	   58.9	    538	-1.8287	  7.9439e-01  2.3741e+01  3.1143e+01  5.1337e+00 -3.7223e+01  1.0877e+02  2.2247e+00  6.0704e-04  1.5579e+05  1.5585e+05
penithym   F	  24451	     23	   60.7	    968	-1.9399	  7.4125e-01  2.3203e+01  3.2349e+01  4.7760e+00 -5.1753e+00  8.1706e+01  1.5887e+00  3.2304e-04  2.1836e+05  2.1842e+05
peniverh   F	  21509	     16	   64.8	    462	-1.9069	  8.3810e-01  2.4655e+01  3.4566e+01  3.8845e+00 -5.8879e+01  1.4415e+02  2.7012e+00  4.8514e-04  1.8888e+05  1.8893e+05
peniverr   F	  23219	     16	   60.1	    598	-1.8631	  8.2034e-01  2.9294e+01  2.6566e+01  3.7181e+00 -2.5884e+01  9.3835e+01  1.8835e+00  5.1124e-04  1.9915e+05  1.9920e+05
penivulp   F	  23934	     23	   60.1	    549	-1.8007	  8.6040e-01  2.9811e+01  2.5880e+01  3.7344e+00 -6.3192e+00  9.3456e+01  1.8600e+00  4.7224e-04  1.9854e+05  1.9860e+05
peniwaks   F	  26069	     16	   63.3	    527	-1.9490	  7.8336e-01  2.4695e+01  3.3314e+01  3.8027e+00 -3.7118e+01  1.0556e+02  2.2442e+00  5.4574e-04  2.3394e+05  2.3400e+05
penizona   F	  21321	     16	   63.6	    745	-1.8902	  8.5922e-01 -5.5352e+01  1.1378e+02  1.2143e+01 -1.2283e+01  9.3332e+01  1.5859e+00  3.3221e-04  1.8555e+05  1.8561e+05
pensbarb   F	 141673	     16	  179.0	   8811	-2.9154	  4.5190e-01  4.3496e+01  4.6312e+01  2.6785e+00 -5.8328e+01  3.3566e+02  1.2881e+00  3.4178e-01 -1.8323e+03  2.3747e+03  8.2168e+00  6.0392e-05  1.9024e+06  1.9025e+06
peranasu   F	      4	     34	  148.0	      5	-2.4326	  1.0000e+00 -1.6823e+03  1.7712e+03  3.0000e+01  2.4613e-01  5.1242e+01  4.9401e+01
percflav   F	 253699	     17	  593.8	  50543	-3.5051	  9.6354e-02  4.5239e+01  4.7923e+01  3.6236e+00  5.3517e+01  9.1902e+01  1.1188e+00  3.1348e-01 -1.8121e+02  1.0728e+03  1.2506e+00  1.6412e-05  4.0949e+06  4.0950e+06
percfluv   F	 262630	     16	  602.6	  58315	-3.5242	  1.1151e-01  4.2718e+01  5.1156e+01  3.6348e+00  5.2118e+01  1.0779e+02  1.0602e+00  3.2500e-01 -1.7437e+02  1.1243e+03  1.2163e+00  1.5975e-05  4.2618e+06  4.2619e+06
periamer   F	 149713	     21	 3392.3	 475890	-4.3346	  1.6206e-01  1.2134e+01  1.5734e+02  1.1344e+00 -4.3954e+01  3.1212e+03  1.0189e+00  2.5749e-05  2.9904e+06  2.9905e+06
perimacr   F	  35539	     23	   60.4	    895	-2.0050	  5.9399e-01  2.2677e+01  3.0045e+01  5.4101e+00 -3.1556e+02  3.9157e+02  1.2431e+01  3.5443e-01  1.2298e+02  1.3126e+02  1.2883e+00  2.9621e-04  3.2823e+05  3.2832e+05
perimagn   F	 211981	     16	  446.5	  43918	-3.3134	  2.4257e-01 -8.5296e+01  1.6176e+02  1.7884e+01 -1.0920e+03  1.2083e+03  2.8311e+01  1.1690e-01 -3.3931e+00  6.4310e+02  1.1480e+00  2.3619e-05  3.2341e+06  3.2342e+06
perkches   F	   5966	     19	   49.0	  12470	-2.0703	  6.3986e-01 -6.2432e+01  1.0650e+02  2.9500e+01  3.2034e+01  4.9347e+01  7.0906e-01  2.5418e-01  7.6537e+01  2.2329e+02  2.2956e+00  4.2934e-04  5.6985e+04  5.7059e+04
perkmari   F	 105807	     23	   50.9	   1480	-2.0539	  6.3832e-01 -4.7072e+01  9.2788e+01  2.3361e+01 -7.6053e+01  1.5530e+02  3.7335e+00  1.9358e-01  4.6275e+00  2.3932e+02  1.9280e+00  3.2765e-04  1.0026e+06  1.0027e+06
pernviri   F	 124837	     16	  947.5	  94957	-3.7094	  3.6866e-02  1.5603e-01  2.5721e+02  6.5429e-01  2.6229e+01  6.5977e+02  1.0916e+00  2.4931e-05  2.1330e+06  2.1330e+06
perocali   F	 224578	     23	 1565.7	 235563	-4.0001	  6.5857e-02  3.3035e+01  5.4304e+01  4.1138e+00  2.6244e+01  2.4618e+02  1.0660e+00  2.0494e-01 -2.1402e+02  1.8550e+03  1.0334e+00  1.2593e-05  4.1360e+06  4.1361e+06
perodest   F	    409	     20	   76.8	   7653	-1.8882	  9.0977e-01 -1.9397e+02  2.6588e+02  3.0000e+01  2.5995e+00  1.4491e+02  7.2222e-01  5.0138e-03  3.5543e+03  3.5824e+03
peroerem   F	 207450	     30	 1459.2	 133397	-3.9269	  8.3016e-02  5.3272e+01  3.6336e+01  2.2011e+00 -4.2842e+01  3.3180e+02  1.5072e+00  2.1336e-01 -2.5652e+02  1.9178e+03  1.1659e+00  1.4683e-05  3.7506e+06  3.7507e+06
peroleuc   F	 209011	     16	 1476.2	 189834	-3.9609	  8.9887e-02  5.8011e+01  3.4279e+01  1.7024e+00 -4.4740e+02  6.6949e+02  4.9522e+00  1.2441e-01 -1.9280e+02  1.6771e+03  1.0685e+00  1.4283e-05  3.8123e+06  3.8124e+06
perolong   F	 191915	     28	 1320.5	 126178	-3.8803	  8.3564e-02  4.7779e+01  4.2967e+01  2.6995e+00 -5.8501e+02  7.7730e+02  7.4402e+00  1.2440e-01 -1.6702e+02  1.4737e+03  1.1372e+00  1.6102e-05  3.4293e+06  3.4294e+06
peromani   F	 232534	     29	 1532.7	 182897	-3.9752	  8.7962e-02  5.7259e+01  3.5239e+01  1.7352e+00 -6.5350e+01  3.8324e+02  1.5417e+00  2.1810e-01 -2.2031e+02  2.0149e+03  1.0938e+00  1.2649e-05  4.2556e+06  4.2557e+06
perosorg   F	  22574	     16	   72.8	  12572	-1.8756	  9.7009e-01  1.1271e+01  5.6843e+01  5.0989e+00  1.4840e+01  8.8334e+01  4.2413e-01  6.3461e-04  1.9486e+05  1.9491e+05
persamer   F	 122401	     16	  622.1	 117098	-3.5655	  2.6439e-01  1.7337e+01  7.7303e+01  4.1892e+00 -6.6218e+01  2.2766e+02  7.2660e+00  2.8837e-02 -1.7706e+02  9.7616e+02  1.0332e+00  2.4753e-05  2.0134e+06  2.0135e+06
pestfici   F	  27011	     23	   63.0	    389	-1.8990	  7.4551e-01  2.3413e+01  3.3423e+01  4.5402e+00 -4.1933e+01  1.2546e+02  3.1775e+00  4.8985e-04  2.3625e+05  2.3631e+05
petabrev   F	 219104	     28	 1992.5	 550402	-4.1520	  1.7561e-01  6.7418e+01  9.5235e+01  6.7958e-01 -1.7925e+02  1.8197e+03  9.1118e-01  1.4056e-05  4.1818e+06  4.1819e+06
petrmari   F	 207434	     16	 1125.2	 168165	-3.8373	  7.7082e-05 -8.6083e+00  9.2786e+01  7.0897e-01 -8.7135e+01  6.2564e+02  9.3033e-01  6.2701e-01  2.4768e+02  8.1438e+02  1.0266e+00  2.2583e-05  3.6658e+06  3.6659e+06
petuaxil   F	  41076	     16	  317.3	  10174	-3.1457	  3.3494e-01  2.5061e+01  6.5222e+01  4.0145e+00 -2.1102e+02  3.8814e+02  6.1610e+00  9.2112e-02 -3.4349e+02  9.1693e+02  1.9416e+00  7.8269e-05  5.9563e+05  5.9573e+05
pezoflav   F	 192960	     27	  995.7	 158684	-3.8076	  1.0267e-01  5.2718e+01  3.7796e+01  1.9229e+00 -7.6664e+01  8.8612e+02  9.9979e-01  1.6962e-05  3.3829e+06  3.3829e+06
pezoocci   F	 195515	     30	 1015.8	 160789	-3.8167	  1.0364e-01  5.3663e+01  3.7319e+01  1.8365e+00 -8.3678e+01  9.1090e+02  1.0024e+00  1.6512e-05  3.4359e+06  3.4359e+06
pezowall   F	 186236	     30	  987.8	 145022	-3.7946	  1.1019e-01  5.3965e+01  3.7124e+01  1.7830e+00 -7.3272e+01  8.8916e+02  1.0165e+00  1.7561e-05  3.2539e+06  3.2540e+06
phacafri   F	 214670	     30	 1552.8	 197801	-3.9858	  6.8883e-02  4.0475e+01  4.8966e+01  3.3971e+00  9.5718e+00  2.8540e+02  1.1263e+00  2.4760e-01 -2.5311e+02  2.0499e+03  1.0821e+00  1.3153e-05  3.9392e+06  3.9393e+06
phaealeo   F	  15514	     47	   61.5	    725	-1.9755	  8.8868e-01  4.1873e+01  1.4347e+01  1.7280e+00 -3.8212e+03  4.0674e+03  3.0000e+01  7.7107e-04  1.4140e+05  1.4146e+05
phaechla   F	  12229	     30	   56.8	   1095	-2.0294	  6.3809e-01 -6.5807e+00  5.7384e+01  1.3262e+01 -7.8296e+01  1.6346e+02  4.3870e+00  2.5520e-01 -1.2820e+03  1.6269e+03  8.0308e+00  3.6109e-04  1.1439e+05  1.1447e+05
phaecurv   F	 186954	     19	  987.8	 108252	-3.7765	  2.9543e-02  2.4777e+01  6.1023e+01  5.2982e+00  5.5509e+01  4.4579e+01  1.3260e+00  7.7376e-02 -9.6998e+01  9.2111e+02  1.0871e+00  1.9406e-05  3.2521e+06  3.2522e+06
phaefl08   F	  42693	     23	   61.3	    623	-1.8981	  8.0067e-01  2.8935e+01  2.7094e+01  3.7108e+00 -2.5941e+01  1.1323e+02  2.1041e+00  2.3731e-04  3.7302e+05  3.7308e+05
phaelept   F	 114856	     30	  961.0	  36495	-3.6637	  8.9446e-02  6.3320e+01  4.1299e+01  1.1403e+00 -2.1102e+02  9.9286e+02  1.4431e+00  2.7274e-05  1.9374e+06  1.9375e+06
phaemini   F	  15512	     47	   61.5	    725	-1.9755	  8.8868e-01  4.1873e+01  1.4347e+01  1.7280e+00 -3.8212e+03  4.0674e+03  3.0000e+01  7.7114e-04  1.4137e+05  1.4143e+05
phaenodo   F	  19414	     23	   56.2	    594	-2.0888	  6.4936e-02 -1.0746e+02  1.3728e+02  2.3566e+01  2.9484e+01  2.0667e+01  5.2113e+00  5.2188e-01 -8.5758e+01  1.8340e+02  3.3653e+00  6.5305e-04  1.8676e+05  1.8685e+05
phaepmi8   F	  32784	     23	   56.1	    679	-1.9078	  6.9812e-01  2.9864e+01  2.1588e+01  4.2025e+00 -2.7801e+01  1.0308e+02  2.1262e+00  3.4222e-04  2.8788e+05  2.8794e+05
phaetric   F	   8084	     19	   89.6	   1508	-2.3641	  2.9949e-01  4.6583e+00  4.2715e+01  1.3811e+00  5.2140e+01  3.4109e+01  1.4689e+00  6.1309e-04  8.7966e+04  8.8015e+04
phakpach   F	  27177	     16	   99.1	   2299	-2.1372	  9.6304e-01 -5.8612e+01  1.4781e+02  6.9605e+00 -1.1835e+01  2.2444e+02  8.2704e-01  3.0930e-04  2.6752e+05  2.6758e+05
phalaphr   F	  79919	     16	  460.6	 128611	-3.6081	  2.8959e-01  1.7340e+01  6.9151e+01  4.6831e+00 -3.7168e+01  4.6754e+02  8.3335e-01  5.3930e-01 -1.8667e+04  2.6755e+04  5.1786e+00  2.9159e-05  1.3282e+06  1.3283e+06
phalcarb   F	 104422	     30	  997.0	  35563	-3.6759	  7.2083e-02  6.4532e+01  3.8480e+01  1.1757e+00 -2.3723e+02  1.0334e+03  1.4740e+00  2.9810e-05  1.7675e+06  1.7676e+06
phaleque   F	 105694	     16	  395.6	  71644	-3.5444	  2.9598e-01 -2.5802e+00  8.8852e+01  6.0212e+00 -5.0055e+01  4.2179e+02  9.1524e-01  5.2493e-01 -1.9716e+04  2.7558e+04  5.4886e+00  2.7496e-05  1.7252e+06  1.7253e+06
phalopil   F	     28	     66	  460.0	   5304	-3.5323	  5.8819e-01  6.5900e+01  1.3980e+01  2.8958e-01 -5.3636e+01  7.1219e+02  1.2110e+00  3.4190e-02  4.5370e+02  4.6302e+02
phancarn   F	  75002	     23	   55.5	    856	-1.5914	  8.8608e-01  6.8813e+00  4.6004e+01  1.0598e+01  5.4347e+00  7.0406e+01  1.2458e+00  2.8224e-04  5.4939e+05  5.4945e+05
phanchry   F	  72549	     23	   54.9	    379	-1.5251	  9.0826e-01  1.9313e+01  3.3147e+01  7.8677e+00 -1.2579e+01  8.6086e+01  1.9023e+00  4.8797e-04  5.0906e+05  5.0912e+05
phaoange   F	  29636	     16	  116.3	 368507	-3.3109	  4.4177e-01 -1.0280e+02  1.6652e+02  2.2303e+01 -8.6325e+00  1.9188e+02  9.5471e-01  2.6936e-01 -1.2991e+03  8.1720e+03  1.0725e+00  7.0776e-05  4.5160e+05  4.5169e+05
phasarti   F	  62841	     23	   99.2	    454	-2.1669	  3.6034e-02  3.9745e+00  4.1355e+01  1.1263e+00  1.1678e+01  7.9895e+01  3.4488e+00  3.5910e-04  6.3038e+05  6.3044e+05
phascine   F	 226303	     30	 1917.0	 424019	-4.1167	  1.9508e-01  6.6241e+01  1.0913e+02  6.8864e-01 -1.8667e+02  1.8202e+03  9.5748e-01  1.5053e-05  4.2814e+06  4.2815e+06
phascolc   F	 174523	     29	  847.9	  91140	-3.6939	  1.4561e-01  5.4131e+01  3.7808e+01  1.4065e+00 -6.8364e+01  8.1232e+02  1.0884e+00  1.9405e-05  2.9681e+06  2.9681e+06
phasvulg   F	 134289	     17	  210.7	   6594	-2.9682	  3.8179e-01  4.0903e+01  5.0133e+01  2.9304e+00 -7.8212e+01  3.3642e+02  1.5742e+00  4.5056e-01 -4.2362e+02  1.0626e+03  2.7495e+00  4.8813e-05  1.8356e+06  1.8357e+06
phelferr   F	  69468	     23	   59.5	    452	-1.7708	  8.3313e-01  2.6602e+01  2.9190e+01  4.7442e+00 -2.2818e+01  9.0388e+01  2.1063e+00  3.7757e-04  5.6646e+05  5.6653e+05
phensole   F	  60226	     16	   84.3	 199820	-2.6454	  6.3701e-01 -1.4689e+02  2.2030e+02  2.9128e+01  6.8251e+00  4.4761e+02  7.0117e-01  9.6325e-05  7.3277e+05  7.3283e+05
pheognom   F	  35386	     16	  508.1	  46481	-3.3693	  6.4488e-02  3.5751e+01  4.3928e+01  5.3274e+00 -9.9660e+01  5.1110e+02  1.4612e+00  1.0562e-04  5.5056e+05  5.5062e+05
phiaamer   F	  15379	     23	   57.7	    409	-1.8459	  7.5802e-01  3.4601e+01  1.7761e+01  3.0118e+00 -2.2419e+01  1.0636e+02  2.7743e+00  6.3418e-04  1.3071e+05  1.3076e+05
phiaatro   F	  23962	     17	   68.7	    922	-2.0291	  7.7740e-01  2.6185e+01  3.5953e+01  3.4445e+00 -2.9253e+00  7.9296e+01  1.5419e+00  2.6877e-04  2.2390e+05  2.2396e+05
phiaatta   F	  15102	     23	   53.9	   1122	-1.9489	  6.2133e-01  2.3578e+01  2.5802e+01  5.8076e+00  2.0111e+00  6.5989e+01  1.5257e+00  9.9660e-04  1.3556e+05  1.3561e+05
phiascop   F	  45429	     23	   54.6	    556	-1.8576	  6.8197e-01  2.6979e+01  2.2808e+01  5.3245e+00 -2.0946e+01  1.0101e+02  2.3774e+00  2.9781e-04  3.8868e+05  3.8874e+05
phiasuba   F	  45234	     23	   55.6	    505	-1.8695	  6.6672e-01  2.9372e+01  2.0933e+01  4.7124e+00 -4.9374e+01  1.2879e+02  3.4642e+00  3.2605e-01  1.4937e+02  2.7852e+02  2.6862e+00  4.3109e-04  3.9019e+05  3.9028e+05
philludi   F	  18161	     16	   75.0	 101438	-2.5572	  6.3117e-01 -1.1307e+02  1.7990e+02  2.9535e+01  1.7383e+00  3.2476e+02  7.2021e-01  3.1556e-01  1.3069e+02  1.5742e+03  3.1748e+00  3.3790e-04  2.1353e+05  2.1361e+05
philspum   F	  37650	     16	 2994.3	 134867	-4.1456	  5.7510e-02 -1.8782e+03  1.9674e+03  3.0000e+01 -5.3493e+02  2.5844e+03  1.3227e+00  5.0058e-05  7.2320e+05  7.2326e+05
phlearge   F	  43383	     30	  132.2	  47013	-2.9638	  4.2208e-01  1.7671e+01  4.4062e+01  7.2321e+00  3.8423e+00  1.3294e+02  1.3973e+00  2.1182e-01 -1.1306e+02  9.6755e+02  1.1062e+00  7.5773e-05  5.9178e+05  5.9188e+05
phlebrev   F	  82498	     23	   56.3	    908	-1.6635	  8.7062e-01  1.4145e+01  3.9171e+01  8.2239e+00 -1.6552e+00  8.6122e+01  1.3719e+00  2.3523e-04  6.3195e+05  6.3201e+05
phlecent   F	  42542	     23	   56.4	    883	-1.6478	  8.6219e-01 -8.6685e+01  1.3998e+02  3.0000e+01  5.8438e+00  7.7690e+01  1.3606e+00  7.4979e-04  3.2435e+05  3.2441e+05
phlegiga   F	  61529	     23	   54.6	    426	-1.5064	  8.9682e-01 -4.9244e+01  1.0143e+02  2.5781e+01 -9.9964e+00  8.3265e+01  1.8129e+00  4.1341e-04  4.2715e+05  4.2722e+05
phlepapa   F	  48854	     30	  680.7	 116305	-3.5529	  3.2145e-01  3.2961e+01  3.1653e+01  3.8438e+00  2.3971e+01  2.0183e+02  7.7251e-01  2.7139e-01  8.0604e+02  3.4432e+03  1.3961e+00  4.1623e-05  8.0082e+05  8.0092e+05
phlepern   F	  20712	     17	  143.9	  26017	-2.9979	  4.2450e-01  1.6654e+01  4.6944e+01  6.6455e+00 -6.9238e+01  2.2041e+02  2.2163e+00  2.1122e-01 -2.6677e+02  1.3487e+03  1.4421e+00  1.1661e-04  2.8585e+05  2.8593e+05
phocphoc   F	 177923	     30	 1346.2	 164837	-3.9245	  7.9760e-02  5.4516e+01  3.6415e+01  2.2128e+00 -3.8604e+01  3.6313e+02  1.2837e+00  2.8135e-01 -2.0553e+02  1.9005e+03  1.0906e+00  1.6238e-05  3.2147e+06  3.2148e+06
phocsinu   F	 213340	     30	 1444.9	 236757	-3.9846	  7.2780e-02  4.8972e+01  4.2097e+01  2.5807e+00 -3.2912e+00  3.8792e+02  1.0428e+00  3.2058e-01 -2.2504e+02  2.0595e+03  1.0279e+00  1.3569e-05  3.9129e+06  3.9130e+06
phocvitu   F	 206297	     30	 1467.8	 264216	-3.9938	  6.7113e-02  4.0674e+01  4.8874e+01  3.4141e+00  2.3140e+01  2.9648e+02  1.0191e+00  2.5140e-01 -1.8246e+02  1.8322e+03  9.9803e-01  1.3094e-05  3.7928e+06  3.7929e+06
phodrobo   F	 191240	     30	 1332.8	 137639	-3.8880	  8.9935e-02  5.3624e+01  3.5891e+01  2.1761e+00 -5.3765e+01  3.4923e+02  1.5862e+00  2.4788e-01 -4.4394e+01  1.6791e+03  1.1088e+00  1.5819e-05  3.4233e+06  3.4234e+06
phodsung   F	   3047	     26	  225.2	   4862	-2.9559	  3.4092e-01  5.7136e+01  2.8606e+01  2.0334e+00 -1.3039e+01  2.1284e+02  2.0084e+00  3.3833e-01 -4.8211e+02  1.0641e+03  2.6590e+00  5.4451e-04  4.1489e+04  4.1555e+04
phoedact   F	 167732	     29	  331.2	  26386	-3.2913	  4.9951e-01  5.4790e+01  4.4186e+01  1.4861e+00 -4.6230e+02  1.4866e+03  1.5927e+00  4.6230e-05  2.5431e+06  2.5432e+06
pholalni   F	 122534	     23	   58.0	    567	-1.7235	  8.3705e-01  1.0121e+01  4.4539e+01  8.1501e+00 -8.5307e+00  7.6243e+01  1.7163e+00  2.4536e-04  9.7225e+05  9.7232e+05
pholconi   F	  89999	     23	   57.6	    416	-1.6499	  8.7378e-01 -2.0434e+01  7.4809e+01  1.4101e+01 -1.8968e+01  9.4658e+01  2.1047e+00  2.9893e-04  6.8375e+05  6.8382e+05
phomtrac   F	      1	     51	   25.5	      0	-0.8821	  1.0000e+00  3.6486e+00  4.6330e+01  3.0000e+01  8.0415e-01  9.2608e+00  3.2608e+00
phoraust   F	  84118	     16	 1020.3	  62046	-3.7156	  8.7318e-13 -4.6582e+02  3.8099e+02  7.8161e+01 -2.3940e+02  9.6673e+02  1.3913e+00  5.9772e-01  8.7222e+01  6.6458e+02  1.0661e+00  3.3279e-05  1.4408e+06  1.4409e+06
photpyra   F	  95567	     16	   55.4	 114613	-2.6862	  5.5683e-01 -2.4838e+00  5.0450e+01  1.3703e+01  4.7273e+00  1.7446e+02  7.3078e-01  3.0006e-01 -1.0327e+03  5.3082e+03  1.3251e+00  6.2449e-05  1.1815e+06  1.1816e+06
phraaust   F	 198391	     29	  160.5	   8837	-2.9008	  5.0628e-01  3.1057e+01  5.9467e+01  3.3547e+00 -1.3163e+02  5.4093e+02  1.6336e+00  4.5630e-05  2.6498e+06  2.6499e+06
phrafuli   F	  42954	     16	  755.2	  75315	-3.6572	  6.4542e-02  3.4904e+01  4.4518e+01  5.4480e+00 -9.6251e+01  6.9647e+02  1.1162e+00  5.9519e-05  7.2486e+05  7.2492e+05
phthjapo   F	  84570	     16	  222.9	  31046	-2.9691	  2.5447e-01  3.0856e+00  8.6149e+01  7.0131e+00  5.7000e+01  9.2931e+01  7.5547e-01  4.0528e-01 -9.9256e+02  1.4019e+03  5.6531e+00  5.3403e-05  1.1571e+06  1.1572e+06
phycblak   F	  57917	     23	   89.4	   1543	-2.3631	  9.6294e-02  7.2113e+00  4.4448e+01  1.5460e+00  3.2674e+01  4.5872e+01  1.5106e+00  1.8477e-04  6.3036e+05  6.3043e+05
phyceque   F	 229891	     30	  548.4	  48463	-3.4187	  2.5053e-01 -4.6189e+01  1.2509e+02  1.0740e+01 -7.1810e+01  2.1224e+02  3.3053e+00  1.4912e-01 -1.4416e+02  1.0783e+03  1.2561e+00  2.1395e-05  3.6186e+06  3.6188e+06
phycnite   F	  67993	     23	   66.4	    944	-2.0097	  9.4352e-01  1.4945e+01  4.5149e+01  3.1118e+00  1.0921e+01  8.0321e+01  9.7627e-01  2.4519e-04  6.3039e+05  6.3046e+05
phylbahi   F	  55134	     16	 2007.0	 115173	-3.9636	  1.8256e-01  6.5756e+01  3.1348e+01  9.3456e-01 -8.7073e+02  2.6831e+03  1.3568e+00  4.9336e-05  1.0148e+06  1.0148e+06
phylcapi   F	  24173	     23	   56.3	    736	-1.9297	  6.7627e-01  3.2895e+01  1.7886e+01  3.4683e+00 -1.0876e+01  8.9206e+01  1.9586e+00  4.7298e-04  2.1461e+05  2.1467e+05
phylcit1   F	  19148	     18	   55.3	    539	-1.8770	  7.1768e-01  2.8965e+01  2.1694e+01  4.1782e+00 -4.1429e+01  1.1834e+02  2.5309e+00  5.2052e-04  1.6546e+05  1.6551e+05
phylcitb   F	  24342	     24	   57.3	    725	-1.9701	  6.4891e-01  2.2896e+01  2.8116e+01  5.2210e+00 -1.6250e+01  9.9334e+01  2.1123e+00  3.4994e-04  2.2087e+05  2.2092e+05
phylcitc   F	  23396	     23	   57.8	    932	-1.9936	  6.8959e-01  3.0971e+01  2.0405e+01  3.4612e+00 -1.5477e+01  1.0637e+02  1.8843e+00  3.5418e-04  2.1481e+05  2.1486e+05
phylcitr   F	  23457	     23	   57.6	    740	-1.9736	  6.6514e-01  3.0768e+01  2.0483e+01  3.7174e+00 -1.8430e+01  1.0399e+02  2.1118e+00  3.6723e-04  2.1323e+05  2.1328e+05
phyldisc   F	 203588	     28	 1327.0	 174181	-3.9289	  7.9862e-02  5.8847e+01  3.4005e+01  1.7991e+00 -9.9419e+01  3.9565e+02  1.6974e+00  2.4244e-01 -1.8970e+02  1.8177e+03  1.0753e+00  1.4472e-05  3.6824e+06  3.6826e+06
phyledul   F	    713	     30	  167.5	  29020	-2.9603	  4.5361e-01 -5.8292e+01  1.5028e+02  8.9728e+00 -1.0835e+02  4.8941e+02  1.4192e+00  1.8250e-03  9.7407e+03  9.7727e+03
phylhast   F	 209537	     31	 1334.3	 186703	-3.9322	  7.6368e-02  5.0849e+01  4.0436e+01  2.4303e+00  4.3005e+00  3.4854e+02  1.0731e+00  2.9645e-01 -1.8177e+02  1.8098e+03  1.0568e+00  1.3615e-05  3.7930e+06  3.7931e+06
phylspec   F	  26178	     23	   57.9	    767	-1.9871	  6.6136e-01  3.1386e+01  2.0142e+01  3.5093e+00 -2.0582e+01  1.0248e+02  2.0640e+00  3.4196e-04  2.3960e+05  2.3966e+05
phyltaen   F	 250226	     28	  573.2	  61211	-3.4546	  1.4869e-01  2.1483e+01  5.7446e+01  6.2496e+00  4.9087e+01  5.6145e+01  9.8314e-01  2.7440e-01 -1.6007e+02  1.1318e+03  1.2027e+00  1.7351e-05  3.9789e+06  3.9790e+06
phylterr   F	 246265	     30	 1901.3	 862949	-4.1239	  2.7656e-01  6.5232e+01  4.0967e+01  7.3730e-01 -2.4204e+02  2.4233e+03  8.5232e-01  7.7915e-05  4.6701e+06  4.6702e+06
phymcoff   F	  80301	     30	  100.3	 131237	-2.8828	  4.8698e-01 -2.0924e+02  2.8060e+02  3.0000e+01  1.8383e+01  2.8070e+02  7.5252e-01  1.0954e-04  1.0656e+06  1.0656e+06
physacut   F	 211533	     22	  529.5	  43579	-3.4635	  2.7942e-01  6.3355e+01  9.5772e+01  9.4542e-01 -5.8834e+01  5.7278e+02  1.1899e+00  2.2530e-05  3.3725e+06  3.3726e+06
physafri   F	 103140	     18	  219.3	   1862	-2.7147	  6.5627e-01  3.7414e+01  1.2587e+02  1.8479e+00 -2.9715e+02  5.2885e+02  4.9480e+00  9.7981e-05  1.2890e+06  1.2891e+06
physcato   F	 176653	     30	 1343.1	 128034	-3.9029	  9.2138e-02  5.5705e+01  3.8317e+01  1.8818e+00 -4.5472e+02  7.0341e+02  5.2823e+00  1.5045e-01 -2.0014e+02  1.6726e+03  1.1562e+00  1.7017e-05  3.1712e+06  3.1713e+06
physmacr   F	 219737	     18	 1490.7	 264805	-4.0036	  9.4146e-02  6.2563e+01  3.4063e+01  1.3433e+00 -2.2434e+01  5.4100e+02  9.9736e-01  3.7216e-01 -2.3043e+02  2.2299e+03  1.0118e+00  1.2885e-05  4.0514e+06  4.0516e+06
physpate   F	 154815	     29	  227.0	   2204	-2.7675	  4.4938e-01  4.1406e+01  1.1165e+02  1.8636e+00 -6.3995e+01  2.9296e+02  2.5123e+00  6.7749e-05  1.9731e+06  1.9732e+06
physphys   F	  41664	     16	 6402.3	 976700	-4.5204	  2.4142e-12 -1.4463e+03  4.5085e+02  3.1437e+02 -9.2223e+02  4.1924e+03  9.7138e-01  3.4625e-05  8.7503e+05  8.7509e+05
physpoly   F	  11660	     17	  160.8	   2146	-2.7274	  2.2281e-01  4.1603e+01  1.5677e+01  1.0978e+00 -8.0748e+01  2.3899e+02  2.3625e+00  3.1750e-04  1.4639e+05  1.4644e+05
phytagat   F	  12559	     20	   74.2	    449	-1.7413	  9.2256e-01 -1.7532e+02  2.4530e+02  3.0000e+01 -6.7984e+00  1.0196e+02  1.8074e+00  7.9005e-04  1.0049e+05  1.0054e+05
phytcact   F	  16547	     18	   72.2	  19335	-1.8300	  9.3074e-01 -1.5293e+02  2.2091e+02  2.7833e+01  1.0938e+01  2.6286e+02  6.0297e-01  5.6237e-04  1.3911e+05  1.3916e+05
phytcinn   F	  29692	     47	   78.2	  32677	-2.1416	  7.7002e-01 -9.7450e+01  1.6918e+02  1.8190e+01  4.3140e+01  7.9957e+01  6.3503e-01  2.4076e-04  2.9229e+05  2.9235e+05
phytinfe   F	  30995	     24	   73.0	   1056	-2.2304	  5.0776e-01 -7.6242e+01  1.3931e+02  6.3171e+00 -6.2734e+00  7.2472e+01  1.1559e+01  3.4078e-01 -8.5690e+01  3.7141e+02  3.0232e+00  7.1266e-04  3.1779e+05  3.1788e+05
phytkern   F	  26307	     29	  106.7	   1651	-2.6098	  1.2321e-01  2.1635e+01  2.3779e+01  1.3130e+00 -1.0799e+02  1.8297e+02  1.7121e+01  3.9224e-01 -2.0234e+02  4.1871e+02  3.1394e+00  4.2306e-04  3.1600e+05  3.1609e+05
phytlate   F	  23002	     29	   84.9	   1665	-2.4961	  1.1991e-01  2.2499e+01  2.0487e+01  1.3014e+00 -1.3571e+02  2.0375e+02  2.3389e+01  4.4843e-01 -1.2237e+02  3.1688e+02  2.6216e+00  2.9129e-04  2.6411e+05  2.6420e+05
phytnico   F	  27403	     21	   70.6	   1905	-1.9714	  7.7303e-01 -1.5960e+02  2.2526e+02  3.0000e+01 -1.7113e+00  9.0677e+01  1.2490e+00  3.2347e-04  2.4842e+05  2.4848e+05
phytpalm   F	  20345	     16	   67.6	  55493	-1.8801	  9.3187e-01 -8.6934e+00  7.1889e+01  8.6746e+00  7.1125e+00  3.2803e+02  5.0169e-01  4.2734e-04  1.7570e+05  1.7575e+05
phytpara   F	  24948	     23	   70.1	   1220	-1.9499	  7.6640e-01 -1.5435e+02  2.1989e+02  3.0000e+01 -1.2170e+01  9.7444e+01  1.5106e+00  5.1994e-04  2.1589e+05  2.1594e+05
phytramo   F	  23777	     23	   75.3	   1392	-2.2758	  2.2678e-01  1.6379e+01  2.8327e+01  1.0450e+00 -1.4396e+02  2.1204e+02  2.5563e+01  5.2541e-01 -1.1895e+02  2.6038e+02  3.0732e+00  4.5349e-04  2.4916e+05  2.4925e+05
phytsoja   F	  35029	     18	   77.4	   3283	-2.2923	  4.7938e-01 -1.4361e+02  2.1591e+02  2.5090e+01  6.1850e+00  5.8303e+01  1.1518e+00  5.2062e-01 -1.2487e+02  2.5037e+02  3.6663e+00  4.0125e-04  3.6954e+05  3.6963e+05
piceabie   F	   6347	     17	  157.2	  16717	-2.9195	  3.2206e-02  3.5458e+01  1.3211e+01  7.2566e+00  6.0010e+01  4.8632e+01  1.8048e+00  4.5600e-01 -6.0950e+01  2.9441e+02  1.1442e+00  4.7639e-04  8.5502e+04  8.5577e+04
picemari   F	  34124	     16	  190.4	 273564	-3.1719	  5.6312e-01  5.7889e+01  5.4051e+01  1.5760e+00 -6.1921e+01  2.6226e+02  8.2282e+00  4.9410e-02 -5.3461e+01  6.4228e+02  7.1747e-01  2.7822e-04  4.9705e+05  4.9714e+05
picesitc   F	   5504	     16	  197.0	  40658	-3.1523	  1.6922e-02 -1.2143e+02  1.5783e+02  1.0149e+01  5.8712e+01  5.9466e+01  1.3583e+00  6.6055e-01 -2.5145e+02  1.2666e+03  1.2023e+00  3.1332e-04  8.0031e+04  8.0104e+04
pichkudr   F	   1906	     23	   67.6	   1536	-2.6697	  4.7786e-01  1.3218e+01  2.5790e+01  1.4244e+00  5.7907e+01  4.0547e+01  1.9248e+00  1.1170e-01 -2.8747e+02  5.3618e+02  3.8991e+00  2.4677e-03  2.2764e+04  2.2825e+04
pichmemb   F	   1163	     20	  111.6	   3735	-2.6882	  1.0000e+00 -1.0777e+01  9.8723e+01  1.4565e+00  2.8422e-03  1.4390e+04  1.4405e+04
pichpast   F	    535	     25	   63.2	    643	-2.1804	  3.4225e-01  1.1867e+01  4.1361e+01  7.5800e+00 -1.7318e+02  2.3478e+02  9.2088e+00  5.3104e-01 -1.2093e+02  3.4683e+02  4.0672e+00  3.5311e-03  5.3982e+03  5.4453e+03
pichstip   F	   2198	     23	   69.5	   2980	-2.4309	  1.0000e+00  9.4702e+00  4.4392e+01  1.2598e+00  4.8474e-03  2.4568e+04  2.4585e+04
picopube   F	 127309	     18	 1060.2	  67465	-3.7566	  9.7136e-02  5.6357e+01  4.2275e+01  1.4819e+00 -1.6886e+02  1.0343e+03  1.2424e+00  2.4029e-05  2.2027e+06  2.2028e+06
picosali   F	     49	     61	  103.2	    530	-2.2153	  5.9586e-01 -1.8360e+02  2.7168e+02  3.0000e+01 -1.0260e+03  1.1842e+03  1.6078e+01  2.3566e-02  5.1523e+02  5.2847e+02
piedhort   F	   7772	     23	   50.2	    734	-1.7273	  7.4365e-01  6.3323e+00  4.0977e+01  1.0767e+01 -8.1697e-01  6.2091e+01  1.5894e+00  6.9239e-04  6.1815e+04  6.1864e+04
pierbras   F	  97326	     29	  508.0	  46852	-3.4391	  9.4474e-02  4.9687e+01  2.6014e+01  2.5698e+00 -1.7115e+01  4.2535e+02  1.1051e+00  3.5791e-05  1.5423e+06  1.5424e+06
piernapi   F	  99775	     26	  599.1	  47687	-3.4987	  1.0230e-01  5.3530e+01  2.3407e+01  1.9608e+00 -4.3772e+01  5.2468e+02  1.1501e+00  4.0965e-05  1.6092e+06  1.6093e+06
pierrapa   F	  85762	     30	  481.8	  25011	-3.3698	  1.0039e-01  4.4455e+01  3.1839e+01  3.0695e+00 -5.1503e+01  4.5529e+02  1.2948e+00  4.8375e-05  1.3326e+06  1.3326e+06
pilaanom   F	  45322	     23	   69.1	    818	-1.8899	  8.9215e-01  5.5658e+00  5.8226e+01  6.0763e+00 -1.8406e+01  1.1432e+02  1.5316e+00  2.3126e-04  3.9436e+05  3.9442e+05
piliteph   F	 219848	     30	 1698.7	 248414	-4.0381	  5.4917e-02 -5.9670e+01  1.4762e+02  1.2083e+01  2.9097e+01  2.5587e+02  1.0100e+00  2.5555e-01 -2.8153e+02  2.2139e+03  1.0534e+00  1.2707e-05  4.0870e+06  4.0871e+06
pilocroc   F	 172611	     23	   59.2	    847	-1.8247	  8.0295e-01  2.3616e+00  5.2583e+01  8.8100e+00 -1.6445e+01  1.0372e+02  1.9214e+00  1.9535e-01  2.5067e+02  2.2259e+03  6.5687e+00  1.0958e-04  1.4530e+06  1.4531e+06
pilopilo   F	 108777	     16	  118.4	   5208	-2.7284	  5.3877e-01 -8.0237e+00  9.2592e+01  7.0037e+00 -1.8114e+02  5.2591e+02  1.9419e+00  1.1903e-04  1.3667e+06  1.3668e+06
piloumbo   F	  49535	     23	   59.5	    493	-1.7342	  8.4049e-01  6.7775e+00  4.9002e+01  8.8555e+00 -2.9570e+01  1.1798e+02  2.3159e+00  4.0679e-04  3.9544e+05  3.9551e+05
pimeprom   F	 250709	     16	  509.1	  54713	-3.4413	  2.1761e-01 -2.4109e+02  3.2624e+02  2.9928e+01  7.9647e+01  7.5392e+01  1.1686e+00  1.9956e-01 -2.2141e+02  1.1211e+03  1.2263e+00  1.8126e-05  3.9756e+06  3.9757e+06
pincradi   F	     13	    178	  903.5	    282	-3.5966	  3.0775e-01  1.7790e+02  3.9626e+00  2.8537e-01 -1.9882e+03  3.5225e+03  3.5138e+00  7.5910e-02  2.2125e+02  2.2520e+02
pingpyre   F	  18135	     16	   82.8	  66799	-2.2630	  9.0157e-01  3.8204e+01  3.6071e+01  2.2861e+00  3.5332e+00  2.9348e+02  5.4426e-01  2.8213e-04  1.8879e+05  1.8884e+05
pinulamb   F	   1755	     17	  297.9	 127609	-3.7500	  5.4947e-01  5.5988e+01  6.6241e+01  1.5066e+00 -9.1860e+01  2.5520e+03  5.4132e-01  6.8693e-04  3.0346e+04  3.0384e+04
pinusylv   F	     27	     18	  125.5	  41411	-2.9561	  1.0000e+00  4.5045e+00  8.0076e+01  8.4757e-01  3.8635e-02  3.7293e+02  3.7682e+02
pinutaed   F	   2236	     17	  147.4	  62834	-2.8430	  1.1420e-01  1.5838e+01  4.8797e+01  4.7855e-01  7.0266e+01  5.3573e+01  9.1792e-01  8.8505e-01  2.5534e+01  1.1362e+03  1.8724e+01  8.5794e-04  2.9302e+04  2.9365e+04
pipikuhl   F	 209429	     26	 1371.6	 151210	-3.9258	  6.6287e-02  3.7113e+01  5.2368e+01  3.4237e+00 -1.1934e+02  3.5784e+02  2.0810e+00  1.9298e-01 -1.9436e+02  1.6962e+03  1.1121e+00  1.4621e-05  3.7847e+06  3.7848e+06
piprfili   F	 189689	     27	  933.9	 126978	-3.7646	  1.0731e-01  5.4851e+01  3.9350e+01  1.6371e+00 -6.3053e+01  8.2970e+02  1.0300e+00  1.9148e-05  3.2877e+06  3.2878e+06
piriindi   F	  48352	     23	   48.9	    320	-1.4658	  8.8417e-01  2.6085e+01  2.0644e+01  6.3627e+00 -1.9850e+01  9.0617e+01  2.3597e+00  6.5134e-04  3.2622e+05  3.2628e+05
piro_ces   F	     22	     56	  119.0	     41	-2.2697	  4.6451e-02 -2.7307e+01  8.3362e+01  3.0000e+01  7.2364e+01  2.7043e+01  1.2136e+00  4.8850e-02  3.2240e+02  3.3004e+02
pirofinn   F	  47863	     29	  115.8	   1610	-2.3496	  7.3891e-01 -1.0456e+02  2.0429e+02  9.3575e+00 -5.6500e+01  1.8659e+02  1.8076e+00  2.6055e-01 -3.2627e+02  9.6307e+02  2.8889e+00  3.3195e-04  5.2111e+05  5.2120e+05
pirospec   F	  29421	     23	  126.7	   3774	-2.5707	  1.4521e-01  1.1116e+01  4.7400e+01  1.1857e+00  3.1494e+01  7.8661e+01  2.2777e+00  7.6018e-01 -2.4812e+01  3.6817e+02  1.3381e+00  1.7509e-04  3.4833e+05  3.4842e+05
pisaochr   F	   2815	     17	  747.8	  63167	-3.5251	  8.1196e-01 -1.4263e+03  1.9503e+03  6.0197e+00 -3.3325e+02  2.4708e+03  1.1131e+00  4.0947e-04  4.5781e+04  4.5823e+04
pisoalbu   F	  15386	     17	   55.2	    580	-1.5834	  9.0586e-01  1.3688e+01  3.8663e+01  7.9712e+00 -1.0243e+02  1.8020e+02  5.6680e+00  8.5102e-02  1.6390e+01  2.6802e+02  3.0917e-01  5.8009e-04  1.1170e+05  1.1179e+05
pisomicr   F	 119521	     23	   57.4	   1853	-1.8572	  8.0793e-01  2.9380e+01  2.3708e+01  3.7857e+00 -6.4882e+00  8.9057e+01  1.6783e+00  1.8813e-01  2.9436e+02  2.1731e+03  4.1082e+00  2.0303e-04  1.0228e+06  1.0229e+06
pisoorie   F	  60681	     16	   54.9	    446	-1.7702	  7.2374e-01  8.0214e-01  5.1225e+01  1.1370e+01 -2.1247e+01  7.7246e+01  2.2235e+00  3.8668e-04  4.9453e+05  4.9460e+05
pisotinc   F	 170319	     23	   58.1	   1126	-1.8925	  7.9601e-01  3.0173e+01  2.3206e+01  3.5534e+00  1.9390e+00  8.3368e+01  1.4207e+00  1.9298e-04  1.4852e+06  1.4853e+06
pissstro   F	     29	     50	 1264.0	  73887	-3.7443	  2.8299e-01  4.6600e+01  2.0884e+01  6.8451e-01 -5.5529e+02  1.9692e+03  1.4313e+00  3.3710e-02  5.1486e+02  5.2443e+02
pistvera   F	 144168	     27	  183.9	   8061	-2.8977	  4.0119e-01  2.7379e+01  6.3998e+01  4.0944e+00 -2.7684e+01  2.8179e+02  1.3592e+00  4.8105e-01 -4.8736e+02  1.0747e+03  4.6192e+00  4.5680e-05  1.9240e+06  1.9241e+06
pisusati   F	 160867	     29	  147.7	  14626	-2.8586	  3.9115e-01 -3.3483e+02  4.2467e+02  3.0000e+01  3.3700e+00  2.1527e+02  1.1218e+00  5.7023e-01 -6.8751e+02  1.4050e+03  5.4844e+00  8.7302e-05  2.1167e+06  2.1168e+06
pithalbi   F	 175801	     29	 1017.7	 144694	-3.8079	  1.0346e-01  5.5818e+01  3.9858e+01  1.4984e+00 -6.3213e+01  8.9161e+02  1.0190e+00  1.9242e-05  3.0823e+06  3.0824e+06
pitucate   F	 172860	     30	 1461.0	  85778	-3.8893	  1.1354e-01  6.8569e+01  5.6668e+01  7.8588e-01 -2.3194e+02  1.4346e+03  1.2824e+00  1.9252e-05  3.0969e+06  3.0970e+06
plakocel   F	   5621	     17	  994.2	 127654	-3.7347	  6.1848e-02  7.4411e+00  2.3788e+02  5.0573e-01  6.1352e+01  6.9932e+02  1.1400e+00  2.2587e-04  9.6698e+04  9.6744e+04
plancitr   F	 127546	     30	  100.9	 454189	-2.8912	  5.7044e-01 -2.3084e+02  3.0987e+02  2.7533e+01  2.7345e+01  3.8728e+02  6.2932e-01  8.6687e-05  1.6977e+06  1.6978e+06
planlanc   F	  29964	     18	  139.9	   2349	-2.7109	  6.0021e-01  5.1348e+01  4.1862e+01  2.1213e+00 -5.6907e+02  9.4871e+02  3.9158e+00  1.8238e-04  3.7412e+05  3.7418e+05
planovat   F	  86531	     16	  187.8	   6347	-2.8813	  3.9227e-01  3.0461e+01  5.9202e+01  4.0451e+00  2.5766e+01  1.8519e+02  1.1866e+00  3.3216e-01 -3.1836e+03  3.6938e+03  1.2294e+01  6.8319e-05  1.1493e+06  1.1494e+06
plasberg   F	  13631	     23	  132.1	    781	-2.3966	  4.1108e-02 -2.9688e+02  3.4100e+02  2.2060e+01  2.2177e+01  9.4562e+01  2.5229e+00  5.9294e-04  1.5028e+05  1.5034e+05
plasbras   F	  34674	     25	   56.9	    206	-1.4373	  9.6903e-01 -8.7818e+01  1.4225e+02  3.0000e+01  1.8633e+01  3.9948e+01  1.1230e+00  9.8873e-04  2.2842e+05  2.2847e+05
plaschab   F	  14072	     23	  124.0	    742	-2.3299	  8.2178e-02 -8.9532e+01  1.5289e+02  5.2220e+00  4.2019e+01  6.9850e+01  2.2619e+00  6.9890e-04  1.5101e+05  1.5106e+05
plascoat   F	  10161	     23	  151.3	   1905	-2.4833	  7.3907e-01 -4.3212e+02  5.6524e+02  1.7129e+01 -7.3869e+01  2.3073e+02  1.8357e+00  3.7834e-04  1.1658e+05  1.1664e+05
plascyno   F	  17602	     16	  173.1	   1068	-2.6215	  9.7592e-02  1.1175e+01  2.5833e+01  1.6738e+00 -1.4333e+02  3.0234e+02  8.0169e+00  3.5109e-01 -1.4510e+02  3.0278e+02  3.4140e+00  4.7898e-04  2.1253e+05  2.1261e+05
plasfalc   F	  15235	     23	  144.5	   2784	-2.5230	  7.8170e-01 -1.7632e+01  1.4203e+02  3.7551e+00 -1.8942e+01  1.5069e+02  1.2887e+00  2.7611e-04  1.7703e+05  1.7709e+05
plasfrag   F	   9386	     23	  165.6	   2987	-2.5547	  7.3351e-01 -8.9813e+02  1.0389e+03  2.9999e+01 -7.6318e+01  2.8841e+02  1.6787e+00  4.4017e-04  1.1049e+05  1.1054e+05
plasgabo   F	   7494	     52	  131.8	    728	-2.3808	  8.0986e-03  1.6909e+01  5.1414e+00  8.5688e-01  6.0085e+00  1.1326e+02  2.8671e+00  6.6286e-04  7.9576e+04  7.9625e+04
plasgall   F	   8132	     32	  123.9	   1000	-2.3939	  5.9870e-01  4.3550e+01  5.1958e+01  1.9277e+00 -7.1594e+00  1.4048e+02  2.5138e+00  6.0178e-04  8.9554e+04  8.9603e+04
plasgond   F	   9219	     23	  198.9	    861	-2.5731	  4.5310e-03  3.0570e+01  2.4542e+01  9.8956e-01  7.1864e+01  5.3405e+01  9.1674e+00  6.5720e-02 -1.5668e+02  3.3534e+02  4.7293e+00  4.6597e-04  1.0917e+05  1.0925e+05
plashals   F	  24497	     23	   67.4	   1117	-1.8507	  8.4785e-01 -2.7828e+01  9.0830e+01  1.1951e+01  2.3458e+00  7.9909e+01  1.2896e+00  4.1858e-04  2.0829e+05  2.0835e+05
plasinui   F	   8067	     25	  168.0	   1635	-2.4862	  7.9250e-01 -4.5536e+02  6.0554e+02  1.5241e+01 -5.4092e+01  2.0272e+02  1.7515e+00  4.3329e-04  9.2398e+04  9.2447e+04
plasknow   F	  12738	     25	  171.5	   5137	-2.5457	  8.8103e-01 -6.3025e+01  2.1231e+02  4.8369e+00 -5.0507e+00  2.5584e+02  1.0491e+00  3.3940e-04  1.4926e+05  1.4931e+05
plasmala   F	   9269	     25	  186.8	   1141	-2.6574	  1.5986e-03  3.1425e+01  2.4735e+01  5.3249e+00  1.4487e+01  1.4426e+02  3.0000e+00  2.2607e-01 -1.6235e+02  3.3127e+02  3.7512e+00  6.5728e-04  1.1213e+05  1.1220e+05
plasoval   F	  17898	     24	  146.0	    932	-2.4831	  8.0737e-01 -4.3877e+02  5.6483e+02  1.2601e+01 -4.1129e+01  2.4535e+02  2.6422e+00  9.8193e-04  2.0416e+05  2.0421e+05
plasreic   F	   8575	     30	  142.2	   1312	-2.3867	  1.7125e-03  1.6934e+01  5.1890e+00  3.9212e-01  8.6483e+00  1.1567e+02  2.8405e+00  5.5485e-04  9.4323e+04  9.4372e+04
plasreli   F	   8098	     22	  118.5	    655	-2.3386	  7.2271e-01  3.9770e+01  5.3155e+01  2.1187e+00 -2.7158e+02  4.2355e+02  7.2016e+00  5.7005e-04  8.7199e+04  8.7248e+04
plasvinc   F	   8688	     23	  125.1	   1286	-2.3298	  6.6228e-02  1.9248e+01  3.8895e+01  7.5814e-01  2.7137e+01  8.4192e+01  2.8294e+00  9.0522e-04  9.3262e+04  9.3311e+04
plasviva   F	  16342	     23	  162.1	   1912	-2.4869	  8.2103e-01 -9.1195e+01  2.3501e+02  6.1732e+00 -6.1135e+01  2.2725e+02  1.6490e+00  3.5711e-04  1.8719e+05  1.8725e+05
plasyoel   F	  10239	     25	  133.4	    582	-2.2990	  2.7954e-03  1.6961e+01  5.2104e+00  3.2479e-01  4.8380e+00  1.1198e+02  3.2977e+00  1.5824e-03  1.0863e+05  1.0868e+05
platdume   F	 107044	     16	  527.2	 179560	-3.5994	  1.2272e-01 -8.1752e+02  1.1985e+03  1.4221e+01 -1.8085e+01  4.1982e+02  8.5244e-01  5.9322e-05  1.7748e+06  1.7749e+06
platfles   F	 235554	     24	  335.3	  34189	-3.2522	  7.0735e-02  5.9524e+01  2.9618e+01  3.4915e+00  5.4770e+01  5.2527e+01  1.4093e+00  3.5297e-01 -6.1848e+01  6.1457e+02  1.1816e+00  2.2622e-05  3.5276e+06  3.5277e+06
platgran   F	  11108	     17	  304.6	  84568	-3.3323	  1.2100e-01 -2.3777e+02  3.2919e+02  3.0000e+01  6.0717e+01  5.6933e+01  9.9950e-01  4.3267e-01 -1.3944e+02  1.0691e+03  1.0398e+00  1.6835e-04  1.7033e+05  1.7041e+05
platpelt   F	     12	     55	   77.0	     13	-2.1515	  5.4123e-01  5.4900e+01  9.5576e-01  4.1861e-01 -1.2926e+02  2.5003e+02  5.2899e+00  1.2391e-01  1.2723e+02  1.3062e+02
platpenn   F	  35185	     17	 1542.1	 103350	-3.8632	  3.4016e-01  6.3943e+01  4.5152e+01  7.0755e-01 -8.8314e+02  2.9026e+03  1.4564e+00  6.8519e-05  6.2677e+05  6.2683e+05
plecbarb   F	   5123	     16	  133.5	   3119	-2.7163	  5.0799e-01  1.0428e+01  7.4485e+01  5.1816e+00 -2.1396e+02  5.1600e+02  2.4571e+00  4.5463e-04  6.4059e+04  6.4105e+04
pleccucu   F	  24802	     23	   57.1	   1454	-1.8464	  8.0970e-01  2.9275e+01  2.3561e+01  3.9053e+00 -6.5149e+00  8.9051e+01  1.6054e+00  1.8739e-01  2.9436e+02  2.1731e+03  4.2195e+00  7.1895e-04  2.0817e+05  2.0826e+05
plecleop   F	 232791	     29	  605.0	  40718	-3.4623	  1.8423e-01  6.1058e+00  8.5603e+01  6.2893e+00 -4.4430e+01  1.9652e+02  3.6301e+00  1.6800e-01 -1.4442e+02  9.8359e+02  1.3041e+00  2.2824e-05  3.7122e+06  3.7124e+06
plecmela   F	  53905	     23	   59.5	    682	-1.9274	  7.4410e-01  2.7473e+01  2.6466e+01  4.0761e+00 -2.2857e+01  1.1052e+02  2.1183e+00  2.9363e-04  4.7846e+05  4.7852e+05
plecmurr   F	   3667	     17	  154.8	   4228	-2.7077	  4.0951e-01 -8.6223e+01  1.3520e+02  2.8170e+01 -3.7858e+01  1.3959e+02  7.5668e+00  5.9703e-02 -1.8951e+02  5.3665e+02  2.2108e+00  6.3061e-04  4.5758e+04  4.5826e+04
plenling   F	  21430	     40	   63.3	    738	-2.1323	  2.3975e-02  3.9900e+01  6.5799e-01  5.7883e-01  3.3632e+01  1.9015e+01  2.7132e+00  6.3156e-01 -4.1737e+01  1.6180e+02  2.7484e+00  9.2973e-04  2.0993e+05  2.1002e+05
pleosipa   F	  27959	     23	   59.8	    960	-2.0271	  6.2268e-01  3.4330e+01  1.8362e+01  3.3247e+00 -7.0617e+00  9.0296e+01  1.8205e+00  2.9121e-04  2.6097e+05  2.6103e+05
pleudjam   F	  14856	     16	   56.3	    216	-1.4690	  9.6116e-01  3.9267e+00  4.9771e+01  1.0462e+01 -3.1121e+01  1.0803e+02  2.3976e+00  8.8448e-04  1.0044e+05  1.0049e+05
pleueryn   F	  93586	     23	   55.7	    410	-1.6468	  8.3880e-01  4.9958e+00  4.7670e+01  1.0204e+01 -1.2818e+01  8.0510e+01  2.0853e+00  2.5244e-04  7.0944e+05  7.0951e+05
pleugard   F	    149	     18	  297.0	   3771	-3.0246	  1.5749e-01 -2.9334e+01  6.2330e+01  5.3401e+00 -9.9184e+01  3.3591e+02  2.2183e+00  6.2990e-01 -4.1365e+01  4.7554e+02  2.1886e+00  6.2998e-03  2.0968e+03  2.1298e+03
pleuostr   F	  61318	     23	   55.2	    653	-1.6306	  8.4438e-01 -3.0298e+01  8.2697e+01  1.9283e+01 -9.9003e-01  7.3103e+01  1.5616e+00  3.0052e-04  4.6033e+05  4.6039e+05
pleuplat   F	 235910	     29	  337.4	  36112	-3.2586	  7.0957e-02  6.0607e+01  2.8797e+01  3.3023e+00  5.4374e+01  5.1905e+01  1.4677e+00  3.3929e-01 -6.3091e+01  6.0468e+02  1.1660e+00  2.5070e-05  3.5398e+06  3.5400e+06
pleusalm   F	     13	     46	   51.7	      5	-1.2391	  1.0000e+00 -4.7572e+01  9.7009e+01  2.7651e+01 -2.1597e+01  9.8890e+01  5.4296e-04  6.6909e-02  1.4982e+02  1.5377e+02
pleuwalt   F	 229433	     24	12437.5	 329255	-4.7388	  2.1293e-10 -4.6769e+01  5.4556e+02  8.1859e-09 -3.5749e+01  2.2070e+03  5.5318e-01  2.0429e-05  5.1877e+06  5.1878e+06
pliccris   F	  77035	     23	   57.6	    407	-1.5781	  9.1502e-01 -1.4196e+01  6.8868e+01  1.3654e+01 -2.6003e+01  1.0741e+02  2.2695e+00  8.3430e-02  4.1475e+02  2.1203e+03  1.2581e+00  3.9506e-04  5.5972e+05  5.5982e+05
plodinte   F	 104716	     30	  540.1	  45203	-3.4843	  4.6565e-02  1.0057e+01  7.2462e+01  6.7630e+00 -7.6818e+00  4.4660e+02  1.1366e+00  4.7047e-05  1.6853e+06  1.6854e+06
plutcerv   F	 100721	     23	   55.1	    541	-1.6625	  8.4950e-01  1.5285e+01  3.6643e+01  7.5286e+00 -8.2598e+01  1.5303e+02  4.3193e+00  1.3850e-01  7.3353e+01  2.5891e+02  1.1938e+00  2.1227e-04  7.7151e+05  7.7162e+05
plutxylo   F	 120573	     16	  456.0	  61900	-3.4041	  2.2277e-01 -2.5052e+03  2.8673e+03  3.0000e+01 -2.9241e+01  3.7547e+02  9.8776e-01  5.9535e-05  1.9013e+06  1.9014e+06
pneucari   F	  17935	     25	   45.8	    191	-1.3275	  9.4485e-01  2.8392e+00  4.1066e+01  1.2525e+01 -7.8844e+00  5.9009e+01  2.8269e+00  4.6246e-02 -2.2896e+02  3.6913e+02  5.2693e+00  8.1455e-04  1.0940e+05  1.0948e+05
pneujiro   F	  15662	     23	   45.4	    609	-1.5858	  7.4586e-01  2.6820e+00  4.0695e+01  1.3099e+01  2.3191e+01  1.8546e+01  1.2952e+00  2.1391e-01 -1.3385e+02  2.8566e+02  2.8456e+00  6.8726e-04  1.1429e+05  1.1437e+05
pneumuri   F	  18193	     25	   45.3	    180	-1.2981	  9.4339e-01 -4.9240e+01  9.2840e+01  3.0000e+01 -9.3274e+00  6.6252e+01  2.6101e+00  5.5050e-02  1.2722e+02  1.2944e+02  4.9499e+00  7.3987e-04  1.0868e+05  1.0876e+05
poa_annu   F	 148293	     16	  150.3	   6391	-2.8347	  5.0564e-01  3.3691e+01  5.5334e+01  3.3847e+00  1.1925e+01  2.4882e+02  1.2118e+00  2.1949e-01 -4.7873e+02  9.6376e+02  3.0159e+00  5.3390e-05  1.9358e+06  1.9359e+06
poa_infi   F	  84564	     17	  145.6	   6246	-2.8267	  5.1596e-01  2.9391e+01  5.9784e+01  3.6832e+00 -1.1967e+03  1.3977e+03  1.5109e+01  1.8156e-01  4.4613e+01  5.7668e+02  1.7237e+00  6.4435e-05  1.1011e+06  1.1012e+06
poa_prat   F	  66078	     16	  134.5	  10198	-2.7977	  5.5903e-01  4.2923e+01  4.6467e+01  2.7512e+00  1.4644e+01  8.9780e+01  4.3886e-01  3.0826e-02 -1.2590e+02  5.0324e+02  1.8874e+00  8.6690e-05  8.5088e+05  8.5098e+05
poa_supi   F	  76199	     16	  146.6	   7021	-2.8383	  5.3040e-01  3.6301e+01  5.3722e+01  3.1002e+00 -1.8861e+01  2.8368e+02  7.4843e-01  2.9941e-02 -2.2876e+02  6.2871e+02  2.1279e+00  7.7061e-05  9.9543e+05  9.9553e+05
pochchla   F	  21454	     24	   62.8	    928	-1.9248	  8.7377e-01  1.9869e+01  3.7223e+01  3.8319e+00  5.4242e+00  9.1955e+01  1.3917e+00  3.7007e-04  1.9003e+05  1.9008e+05
pocidami   F	 121726	     16	  480.3	   6131	-3.2202	  9.4880e-02 -6.5748e+01  1.6815e+02  7.1316e+00 -2.0031e+02  6.0847e+02  2.2183e+00  5.9601e-05  1.8064e+06  1.8065e+06
pociverr   F	 199980	     24	  495.3	   8815	-3.2669	  1.0208e-01 -8.1468e+01  1.8436e+02  7.3935e+00 -1.0803e+02  5.3319e+02  1.8413e+00  4.4763e-05  3.0113e+06  3.0114e+06
podacret   F	  31501	     16	 1238.5	  89814	-3.7761	  1.4835e-01  7.5619e+01  1.0398e+02  5.2464e-01 -3.9441e+02  1.4132e+03  1.6812e+00  6.4879e-05  5.4816e+05  5.4822e+05
podamura   F	 225901	     28	 1448.1	  92770	-3.9018	  7.8513e-02  6.8188e+01  5.3164e+01  9.3731e-01 -1.7895e+02  1.3519e+03  1.2359e+00  1.6552e-05  4.0626e+06  4.0627e+06
podaraff   F	 227226	     16	 1455.0	 104055	-3.9194	  5.7293e-02  6.3863e+01  4.5714e+01  1.3105e+00 -2.0224e+02  1.3483e+03  1.2045e+00  1.6613e-05  4.1054e+06  4.1055e+06
podoanse   F	  13775	     25	   62.9	    428	-1.8719	  7.1866e-01  3.1674e+00  5.4310e+01  8.2652e+00 -1.6926e+01  9.5581e+01  2.6147e+00  6.4519e-04  1.1875e+05  1.1880e+05
podobell   F	  17362	     16	   62.6	    691	-1.9449	  7.6217e-01  1.9770e+01  3.7558e+01  5.5902e+00 -7.9446e+01  1.7541e+02  2.6021e+00  3.5258e-04  1.5552e+05  1.5557e+05
podocurv   F	  23497	     23	   60.4	    969	-1.9797	  6.8525e-01  2.4498e+01  2.9886e+01  4.9123e+00 -6.7931e+00  9.0984e+01  1.7428e+00  2.6819e-04  2.1422e+05  2.1428e+05
podopse1   F	  17487	     16	   62.5	    726	-1.9407	  7.7391e-01  2.0994e+01  3.6390e+01  5.3581e+00 -7.7548e+01  1.7655e+02  2.5081e+00  3.8283e-04  1.5629e+05  1.5635e+05
podopse2   F	  17538	     16	   62.5	    718	-1.9417	  7.6848e-01  1.9239e+01  3.8115e+01  5.6437e+00 -7.5681e+01  1.7285e+02  2.5096e+00  3.6170e-04  1.5684e+05  1.5690e+05
podopseu   F	  17735	     16	   62.5	    705	-1.9449	  7.6181e-01  1.4070e+01  4.3258e+01  6.3819e+00 -7.4552e+01  1.6972e+02  2.5274e+00  3.6643e-04  1.5884e+05  1.5889e+05
podoxant   F	    218	     18	   61.3	   4889	-2.2030	  6.9334e-01  3.6448e+01  1.7330e+01  2.0165e+00 -1.3266e+00  8.4740e+01  1.0134e+00  7.0933e-03  2.2240e+03  2.2477e+03
poecatri   F	 202494	     18	  931.7	 114106	-3.7544	  1.0341e-01  5.7168e+01  3.4961e+01  1.5328e+00 -5.8718e+00  2.1540e+02  9.4859e-01  5.6058e-02 -5.2744e+01  8.6473e+02  1.0550e+00  1.8510e-05  3.4999e+06  3.5000e+06
poecform   F	 262398	     29	  461.0	  45662	-3.3639	  2.4804e-01 -7.8691e+01  1.6204e+02  1.3865e+01 -1.0733e+02  2.3881e+02  5.6970e+00  1.1900e-01 -1.5124e+02  8.6846e+02  1.2197e+00  2.0216e-05  4.0660e+06  4.0661e+06
poeclati   F	 250225	     18	  453.0	  55149	-3.3737	  2.8055e-01  8.4205e+00  7.6032e+01  5.7891e+00 -9.2100e+02  1.0625e+03  2.3171e+01  8.5930e-02 -1.2638e+02  8.4065e+02  1.1558e+00  2.1515e-05  3.8874e+06  3.8876e+06
poecmexi   F	 251877	     29	  450.6	  53129	-3.3698	  2.7700e-01  8.7447e-02  8.4121e+01  6.5256e+00 -1.2003e+03  1.3411e+03  3.0000e+01  8.8094e-02 -1.2982e+02  8.3765e+02  1.1656e+00  2.1518e-05  3.9075e+06  3.9076e+06
poecprol   F	 248273	     18	  425.8	  44097	-3.3191	  2.8945e-01  1.6022e+01  6.7824e+01  5.1112e+00 -7.5904e+02  9.2018e+02  1.3835e+01  1.6008e-01  6.3496e+01  7.4526e+02  1.1515e+00  2.4159e-05  3.7947e+06  3.7948e+06
poecreti   F	 236505	     29	  477.3	  48401	-3.3806	  1.6408e-01 -2.9738e+01  1.1278e+02  1.1133e+01  4.8835e+01  6.3754e+01  1.1777e+00  2.7426e-01 -1.4882e+02  1.0142e+03  1.2252e+00  1.9937e-05  3.6820e+06  3.6821e+06
pogobarb   F	  70135	     31	  216.0	  61465	-3.1483	  3.0230e-01 -1.2953e+01  9.2227e+01  6.6142e+00  6.4551e+00  2.3856e+02  1.0962e+00  6.2946e-01 -1.1627e+03  6.0427e+03  1.2504e+00  6.1731e-05  1.0167e+06  1.0168e+06
pogocabl   F	  89323	     16	  185.9	  12881	-2.9200	  4.3191e-01  3.7979e+01  4.8110e+01  3.0501e+00 -2.0408e+02  4.8800e+02  2.4541e+00  4.4909e-01  3.9143e+02  4.1425e+02  9.3283e-01  8.2848e-05  1.2011e+06  1.2012e+06
pogocali   F	     31	     36	  211.0	 241053	-3.2563	  1.0000e+00  2.1843e+01  1.1124e+02  6.8947e-01  3.2192e-02  4.7188e+02  4.7618e+02
pogopusi   F	 190156	     28	 1187.3	 166587	-3.8647	  1.0742e-01  5.8109e+01  4.1286e+01  1.4051e+00 -1.0288e+02  1.0755e+03  1.0275e+00  1.6780e-05  3.3948e+06  3.3949e+06
pogovitt   F	 217606	     16	 1540.1	 193174	-3.9921	  2.4902e-01 -1.4678e+01  1.8618e+02  9.1921e-01 -2.0960e+01  1.5259e+03  1.0528e+00  2.0928e-05  3.9995e+06  3.9996e+06
pohlnuta   F	  73814	     16	  277.8	  17607	-2.9685	  6.9739e-01  4.7294e+01  1.2931e+02  1.3586e+00 -2.1634e+03  2.5608e+03  1.1267e+01  8.6196e-05  1.0097e+06  1.0098e+06
polaglac   F	 396980	     16	  738.4	  36480	-3.5426	  1.4509e-01  8.9055e+01  2.8654e+01  1.4362e+00 -1.5085e+02  7.8345e+02  1.3367e+00  5.1464e-05  6.4772e+06  6.4773e+06
policana   F	  70860	     29	  122.3	  76615	-2.9438	  4.6194e-01 -3.1158e+02  3.9183e+02  2.9882e+01  1.1888e+01  2.0465e+02  1.0655e+00  4.3506e-01 -1.4030e+02  2.7021e+03  9.4900e-01  6.6974e-05  9.6050e+05  9.6060e+05
polidomi   F	  84103	     16	  142.7	 148916	-3.1120	  4.3572e-01 -4.6476e+01  1.2745e+02  9.3020e+00 -7.9153e+01  3.0219e+02  1.5171e+00  3.8053e-01 -2.2108e+02  2.6409e+03  8.9166e-01  5.6247e-05  1.2052e+06  1.2053e+06
polifusc   F	  80000	     16	  137.5	 122042	-3.0649	  4.5041e-01 -6.0880e+01  1.4162e+02  1.0063e+01 -7.5634e+01  2.9182e+02  1.6983e+00  3.6578e-01 -2.5568e+02  2.5404e+03  9.2752e-01  5.6801e-05  1.1288e+06  1.1289e+06
pollpoll   F	 163915	     16	  733.5	 231856	-3.7122	  1.5278e-01  5.8473e+00  1.7110e+02  6.4364e-01  1.4091e+02  4.5379e+02  8.7841e-01  2.6864e-05  2.8023e+06  2.8023e+06
polyaggr   F	  45389	     16	  146.6	    589	-2.4157	  1.0184e-02 -4.2211e+02  4.6478e+02  3.0000e+01 -8.1528e+01  2.0938e+02  4.5441e+00  2.3401e-04  5.0495e+05  5.0501e+05
polyangu   F	   5018	     30	   69.6	   3398	-2.1008	  7.6016e-01 -3.9871e+01  1.0309e+02  1.4653e+01 -1.4690e+01  2.0624e+02  1.3755e+00  5.6880e-04  4.8525e+04  4.8571e+04
polyarcu   F	  85427	     23	   58.1	    699	-1.6839	  8.8746e-01  1.4589e+01  4.0106e+01  7.3919e+00 -1.5491e+01  1.0810e+02  1.6371e+00  3.1519e-04  6.6215e+05  6.6221e+05
polybich   F	 184155	     16	 2610.5	 601683	-4.2115	  2.0870e-01  6.7328e+01  6.0649e+01  6.7102e-01 -4.8899e+02  2.7769e+03  9.5778e-01  1.9026e-05  3.5828e+06  3.5829e+06
polybrum   F	  98888	     23	   58.3	    758	-1.7090	  8.7842e-01  1.4833e+01  3.9942e+01  7.2196e+00 -1.4569e+01  1.0897e+02  1.6181e+00  2.6450e-04  7.7860e+05  7.7867e+05
polycitr   F	  13881	     23	   63.6	    730	-2.0060	  6.7313e-01  2.7362e+01  3.0322e+01  4.2750e+00 -2.2328e+01  9.7371e+01  2.0403e+00  5.1270e-04  1.2822e+05  1.2828e+05
polycomp   F	  39453	     28	   70.6	   8528	-2.1608	  7.5679e-01 -4.6632e+01  1.1053e+02  1.5156e+01  1.1245e+00  2.1026e+02  1.0463e+00  1.0603e-04  3.9242e+05  3.9248e+05
polyfusc   F	  28694	     23	   53.4	    595	-1.7862	  7.2911e-01  2.0541e+01  2.8964e+01  7.2449e+00 -1.6371e+01  9.7049e+01  2.1644e+00  4.2620e-04  2.3602e+05  2.3608e+05
polygerm   F	  24928	     28	  116.3	   3487	-2.6150	  5.3596e-01  1.2877e+00  8.2799e+01  5.4206e+00 -7.1797e+01  2.8986e+02  1.8044e+00  4.6404e-01  4.6986e+02  2.2211e+03  1.5650e-07  1.6088e-04  3.0031e+05  3.0040e+05
polyicar   F	  47188	     17	  686.0	  86164	-3.6268	  6.7594e-02  5.1733e+01  3.0873e+01  2.6625e+00 -5.5057e+01  5.8630e+02  1.0471e+00  5.1027e-05  7.8866e+05  7.8872e+05
polylatu   F	  13101	     21	   61.8	  24216	-2.6372	  4.9557e-01 -7.8331e+01  1.3272e+02  3.0000e+01  3.2816e-01  1.8304e+02  9.6051e-01  4.3059e-01  6.2256e+02  1.5353e+03  1.5468e+00  5.3799e-04  1.4679e+05  1.4687e+05
polymexi   F	  83857	     20	  236.0	 159925	-3.2292	  2.7566e-01 -3.2667e+02  4.0764e+02  3.0000e+01 -5.2103e+01  2.3521e+02  2.1940e+00  3.9420e-01 -2.8689e+01  9.2567e+02  8.1180e-01  4.9241e-05  1.2469e+06  1.2470e+06
polypall   F	  32382	     23	   88.7	   2751	-2.4433	  5.2405e-01 -2.8581e+02  3.5938e+02  2.9992e+01 -4.5049e+01  1.6691e+02  1.6146e+00  1.9450e-04  3.6596e+05  3.6602e+05
polysene   F	 224701	     28	 2723.4	 357932	-4.1883	  2.7643e-01  6.5239e+01  8.8353e+01  6.1645e-01 -6.7303e+02  3.4638e+03  1.1577e+00  2.1130e-05  4.3291e+06  4.3291e+06
polyspat   F	 323936	     21	  690.8	 106716	-3.6488	  4.8693e-02  5.4571e+01  4.3627e+01  2.5381e+00 -1.2381e+01  5.4332e+02  9.9345e-01  1.5878e-05  5.4421e+06  5.4422e+06
polysqua   F	  96309	     23	   58.7	    823	-1.7578	  8.5832e-01  2.1547e+01  3.3531e+01  5.8458e+00 -1.9786e+01  1.0523e+02  1.5988e+00  2.7074e-04  7.7901e+05  7.7908e+05
pomacana   F	 201238	     16	  485.0	  41177	-3.3867	  6.3205e-01 -2.5727e+02  5.6414e+02  3.4674e+00 -1.8046e+02  1.0333e+03  1.1632e+00  2.2026e-05  3.1392e+06  3.1393e+06
pomplaev   F	     15	     46	 1432.5	 408251	-3.4975	  3.3535e-01  4.2477e+01  7.1178e+00  1.2744e+00  5.8900e+01  1.0001e-01  2.0050e+01  5.5566e-02 -6.2586e+02  3.1081e+03  9.8341e-01  1.0444e+00  2.7579e+02  2.8358e+02
pongabel   F	 216606	     16	 1697.3	 323512	-4.0472	  2.1124e-01  6.4609e+01  7.6253e+01  7.0843e-01 -2.1234e+02  1.7480e+03  9.9183e-01  1.7088e-05  4.0319e+06  4.0320e+06
pongpygm   F	 247130	     30	 1731.7	 359439	-4.0624	  2.1281e-01  6.4677e+01  7.8867e+01  7.0483e-01 -1.8867e+02  1.7544e+03  9.7223e-01  1.6378e-05  4.6155e+06  4.6156e+06
popijapo   F	   2906	     32	   66.3	  22541	-2.5605	  5.4467e-01 -9.4212e+01  1.4975e+02  3.0000e+01  2.0524e+01  1.2910e+02  9.8341e-01  3.4588e-01  1.4238e+02  2.0193e+03  1.5112e+00  6.6948e-04  3.4245e+04  3.4310e+04
popualba   F	 164574	     16	  194.3	   5025	-2.8971	  4.3446e-01  3.4696e+01  5.9693e+01  3.1367e+00 -9.2239e+01  3.8657e+02  1.7659e+00  4.6615e-01 -2.0387e+02  8.4963e+02  3.5541e+00  4.0498e-05  2.1957e+06  2.1958e+06
popudavi   F	    107	     40	  255.0	   2793	-2.9633	  1.0103e-01  5.6487e+00  6.3544e+01  2.1082e+00 -1.1669e+02  2.1671e+02  9.0962e+00  3.4969e-01 -5.6772e+02  1.0139e+03  3.9230e+00  9.2073e-03  1.4822e+03  1.5116e+03
popudelt   F	 185559	     23	  175.7	   3588	-2.8847	  3.4541e-01  2.6260e+01  6.6445e+01  4.0875e+00 -1.4918e+02  3.0868e+02  2.6578e+00  3.9353e-01 -2.0530e+02  7.7226e+02  2.5486e+00  8.0860e-05  2.4680e+06  2.4681e+06
popueuph   F	 167639	     18	  194.5	   5657	-2.9114	  4.0688e-01  4.0682e+01  5.3291e+01  2.8691e+00 -6.7615e+01  3.1605e+02  1.5304e+00  4.2038e-01 -1.0747e+03  1.6205e+03  5.9578e+00  4.2677e-05  2.2476e+06  2.2477e+06
popunigr   F	 163931	     25	  196.9	   4523	-2.8924	  4.4116e-01  3.4053e+01  6.0253e+01  3.1550e+00 -8.0999e+01  3.7434e+02  1.8251e+00  4.3736e-01 -1.5224e+02  8.0801e+02  3.0868e+00  4.4649e-05  2.1835e+06  2.1836e+06
poputome   F	    218	     36	  193.7	  13656	-2.8643	  3.8839e-01  4.4792e+01  4.6828e+01  2.4170e+00 -6.3871e+01  3.1832e+02  1.6642e+00  4.8807e-03  2.8912e+03  2.9148e+03
poputric   F	 192769	     16	  186.1	   3988	-2.9018	  3.6073e-01  3.4507e+01  5.9048e+01  3.4073e+00 -9.3647e+01  2.9375e+02  1.8055e+00  4.6025e-01 -5.3131e+02  1.1328e+03  3.7191e+00  4.5378e-05  2.5764e+06  2.5765e+06
porchert   F	    126	     29	   55.0	    inf	-2.7869	  1.0000e+00  2.8888e+01  9.1842e+00  3.5834e-01  1.5317e-02  1.6014e+03  1.6099e+03
poriloba   F	 105440	     16	  714.1	  42206	-3.4574	  6.5660e-02 -7.1781e+01  1.7453e+02  7.3071e+00 -2.1724e+02  8.0359e+02  1.8195e+00  4.2701e-05  1.6809e+06  1.6809e+06
porilute   F	 175570	     29	  717.9	  16984	-3.4653	  1.1674e-01 -1.8575e+02  3.0282e+02  7.1730e+00 -4.6593e+01  6.7780e+02  1.6041e+00  3.1035e-05  2.8022e+06  2.8023e+06
porochry   F	  81012	     23	   59.1	    541	-1.7423	  8.6450e-01  2.6543e+01  2.8812e+01  4.7444e+00 -1.3248e+01  8.9010e+01  1.7946e+00  2.3832e-04  6.5029e+05  6.5035e+05
poroniem   F	  86991	     23	   58.7	    479	-1.7280	  8.3513e-01 -2.7256e+00  5.8023e+01  1.0057e+01 -1.0628e+01  7.7182e+01  1.8837e+00  2.1244e-04  6.9152e+05  6.9159e+05
porppurp   F	    424	     18	  239.0	 522141	-3.4139	  3.4024e-09  5.2302e+01  5.9756e+01  4.8562e+00  5.1222e+00  1.4100e+02  6.4450e-01  1.0000e+00 -4.0239e+01  5.6758e+02  7.1259e-01  2.9526e-03  6.6626e+03  6.7071e+03
porpumbi   F	  11610	     23	  212.2	   1281	-2.6997	  1.9633e-01  1.1024e+01  2.5652e+01  1.5466e+00 -1.4329e+02  3.0238e+02  7.7756e+00  4.9761e-02 -1.4506e+02  3.0283e+02  3.2982e+00  6.0371e-04  1.5057e+05  1.5065e+05
porttrit   F	 146637	     16	  813.7	 193394	-3.8351	  8.3522e-01 -3.4533e+01  4.4418e+02  1.0355e+00 -1.1313e+03  7.1103e+03  1.1647e+00  2.5539e-05  2.5891e+06  2.5891e+06
posiocea   F	 102750	     16	  298.6	  98617	-3.3279	  1.8866e-01 -1.0507e+02  1.8990e+02  1.6029e+01  1.2490e+01  9.5776e+01  2.9948e+00  2.2445e-01 -9.4294e+01  7.3233e+02  9.7092e-01  3.0075e-05  1.5748e+06  1.5749e+06
postplac   F	  64729	     16	   56.9	   1355	-1.8902	  7.0526e-01 -4.5995e+01  9.9179e+01  2.2658e+01 -1.1368e+01  8.9051e+01  1.4897e+00  2.7714e-04  5.6318e+05  5.6325e+05
potastre   F	    296	     16	 2310.0	  86196	-4.0582	  1.6986e-01 -1.3480e+00  9.0073e+01  9.7304e-01 -3.3923e+02  1.1217e+03  5.6068e+00  9.7183e-02 -9.3041e+02  3.4669e+03  1.5595e+00  3.3842e-03  5.5545e+03  5.5951e+03
pote_nas   F	  17046	     16	   56.4	  66217	-1.8072	  8.9809e-01 -1.1787e+02  1.7083e+02  2.9651e+01  9.1944e+00  2.1394e+02  5.2130e-01  2.4393e-04  1.4176e+05  1.4181e+05
poteanse   F	 100381	     30	  154.2	   3795	-2.7615	  5.0433e-01  3.9365e+01  5.4585e+01  2.9785e+00 -1.2805e+02  4.2122e+02  2.0577e+00  6.6567e-05  1.2765e+06  1.2765e+06
potelacu   F	   9176	     16	   72.4	 129055	-2.0905	  8.5828e-01 -1.6745e-01  6.7288e+01  7.7349e+00  8.6397e+00  2.1204e+02  5.1886e-01  6.9485e-04  8.8193e+04  8.8243e+04
priacaud   F	  94200	     21	  522.2	  34621	-3.4915	  7.7580e-01 -1.8630e+02  5.1636e+02  2.4650e+00 -1.0964e+03  3.6690e+03  1.6684e+00  3.3640e-05  1.5146e+06  1.5147e+06
priaserr   F	   1715	     23	   58.7	   5568	-1.9584	  6.9677e-01 -4.8455e+01  1.0244e+02  2.9999e+01  2.2900e+01  8.1856e+01  9.8954e-01  2.8187e-01  4.5843e+02  1.9344e+03  3.5243e+00  1.2873e-03  1.6552e+04  1.6612e+04
priccars   F	    238	     16	   62.0	   1202	-2.0830	  6.2073e-01  4.0204e+01  1.5349e+01  2.0036e+00 -3.6655e+01  9.9735e+01  2.2407e+00  6.0250e-03  2.2958e+03  2.3201e+03
primebur   F	 177698	     18	  197.5	   9990	-2.9462	  3.6653e-01  2.1177e+01  6.6916e+01  4.3054e+00 -9.9364e+01  3.1055e+02  2.1740e+00  4.2065e-01  2.3576e+02  4.3727e+02  1.2187e+00  3.8697e-05  2.4111e+06  2.4113e+06
primhuai   F	 165574	     30	  196.9	   7221	-2.9229	  3.7746e-01  2.7984e+01  6.0752e+01  3.7897e+00 -4.6064e+01  2.9827e+02  1.4405e+00  4.9943e-01 -8.9891e+02  1.5026e+03  6.3394e+00  4.1030e-05  2.2287e+06  2.2288e+06
prinsubf   F	 185567	     18	  929.8	 136280	-3.7720	  9.6884e-02  5.1933e+01  3.8914e+01  1.8966e+00 -6.6382e+01  8.1736e+02  1.0150e+00  1.8714e-05  3.2233e+06  3.2233e+06
priobeng   F	 214575	     29	 1479.9	 205827	-3.9806	  7.6196e-02  4.7320e+01  4.4384e+01  2.6642e+00  1.1609e+01  3.6231e+02  1.0611e+00  2.9723e-01 -2.8380e+02  2.1280e+03  1.0716e+00  1.3616e-05  3.9323e+06  3.9324e+06
prioglau   F	 133951	     16	 3241.9	 312093	-4.2842	  6.8715e-02  7.1307e+01  4.8213e+01  7.5529e-01 -5.3731e+02  2.9422e+03  1.1237e+00  1.6273e-05  2.6437e+06  2.6438e+06
priovive   F	 232537	     30	 1553.7	 254344	-4.0144	  6.3773e-02  2.0568e+01  6.9648e+01  4.9035e+00  1.7736e+01  3.3090e+02  1.0266e+00  2.9638e-01 -2.3927e+02  2.1393e+03  1.0284e+00  1.2584e-05  4.2968e+06  4.2969e+06
prisarca   F	  92286	     16	   85.0	   3407	-2.4491	  2.9276e-01 -4.1993e+01  8.6066e+01  2.9649e+01  8.4754e+00  9.3456e+01  1.3770e+00  1.7750e-04  1.0415e+06  1.0416e+06
prisento   F	 145367	     17	  123.8	   4231	-2.6293	  1.8381e-01 -4.1755e+01  8.5976e+01  2.9973e+01  7.7338e+00  1.0837e+02  1.3902e+00  1.2431e-04  1.7599e+06  1.7600e+06
prisexsp   F	 246188	     23	  130.3	   2960	-2.6697	  2.2072e-01  3.6653e+01  9.2683e+00  1.7399e+00 -3.4244e+01  1.6591e+02  1.7448e+00  1.7466e-04  3.0226e+06  3.0227e+06
prisfiss   F	    141	     41	   95.5	   1662	-2.3969	  8.3928e-01  2.5171e+01  4.3294e+01  1.4094e+00 -1.0547e+01  1.7420e+02  1.0112e+01  7.3393e-03  1.5678e+03  1.5885e+03
prisjapo   F	 223177	     17	 3643.9	 540749	-4.3667	  7.8035e-02  7.2958e+01  4.9746e+01  7.1302e-01 -4.4221e+02  3.1109e+03  1.0148e+00  1.1607e-05  4.4840e+06  4.4841e+06
prismaxp   F	 163500	     18	   76.5	   3680	-2.3935	  2.8672e-01 -1.1542e+01  5.5091e+01  2.0006e+01 -7.7720e+01  1.4419e+02  7.8933e+00  3.8355e-01  6.1963e+01  1.2172e+02  1.2327e+00  1.3481e-04  1.8015e+06  1.8016e+06
prismaye   F	 146825	     16	  106.3	   3832	-2.5515	  2.1376e-01 -3.8267e+01  8.1476e+01  3.0000e+01  1.0745e+01  9.5221e+01  1.3690e+00  1.2161e-04  1.7263e+06  1.7264e+06
prispaci   F	 443945	     23	  130.1	   4162	-2.6848	  1.5428e-01 -4.1997e+01  8.6466e+01  3.0000e+01 -1.3063e+01  1.3013e+02  1.4785e+00  1.2940e-04  5.4678e+06  5.4678e+06
prispect   F	 198479	     30	 2441.8	 201617	-4.1457	  6.6455e-02  7.0440e+01  4.1538e+01  8.1997e-01 -3.6202e+02  2.1938e+03  1.1586e+00  1.3732e-05  3.7882e+06  3.7883e+06
prispunc   F	  45206	     17	  185.0	 122340	-3.1004	  3.1695e-01 -2.0165e+02  2.7964e+02  2.3019e+01  3.4865e+00  1.8488e+02  1.4794e+00  4.9965e-01 -2.1619e+02  1.8332e+03  8.5550e-01  8.3101e-05  6.4547e+05  6.4557e+05
procclar   F	 148815	     16	 1621.1	 306915	-4.0645	  3.8861e-01 -3.8891e+01  3.4396e+02  9.1177e-01 -2.1626e+02  2.1345e+03  1.0013e+00  2.0797e-05  2.7848e+06  2.7848e+06
procvirg   F	  44243	     16	 1262.1	 543754	-3.9881	  1.0150e-01  1.4239e+01  2.8197e+01  6.1322e-01 -6.4948e+02  7.6619e+02  1.2855e+01  8.9476e-02 -6.3000e+01  1.1736e+03  8.3610e-01  4.3915e-05  8.1263e+05  8.1273e+05
propcoqu   F	 168433	     22	 1316.4	 184434	-3.9326	  9.0744e-02  5.4354e+01  3.7437e+01  1.9758e+00 -2.6604e+01  4.3250e+02  1.1054e+00  3.7525e-01 -2.4580e+02  2.2120e+03  1.0767e+00  1.6691e-05  3.0490e+06  3.0492e+06
prormini   F	     12	     50	   62.0	      9	-1.7519	  8.3702e-01  3.6157e+01  2.0041e+01  3.2277e+00 -1.3129e+02  2.6910e+02  3.0000e+01  7.0565e-02  1.9486e+02  1.9825e+02
prornasu   F	  82907	     30	   97.7	  66374	-2.8148	  5.0649e-01 -1.5632e+02  2.2918e+02  2.0455e+01  1.3796e+01  1.9226e+02  9.1092e-01  4.2981e-01 -2.7555e+02  2.9097e+03  9.7815e-01  8.1673e-05  1.0741e+06  1.0742e+06
prosalba   F	 189276	     16	  216.3	   7368	-2.9519	  4.4125e-01  4.0620e+01  5.4163e+01  2.6927e+00 -3.5028e+02  6.6063e+02  3.3577e+00  4.0382e-01  2.8858e+02  5.2860e+02  1.3253e+00  4.1652e-05  2.5733e+06  2.5734e+06
prosbici   F	  59020	     16	 3450.9	 137262	-4.2055	  1.4163e-01 -8.8306e+00  3.6102e+02  6.5377e-01 -9.3141e+02  3.7713e+03  1.6672e+00  3.4124e-05  1.1426e+06  1.1427e+06
proscine   F	 167886	     29	  259.3	  10173	-3.0556	  3.7734e-01  2.8514e+01  6.4931e+01  3.4849e+00 -1.4725e+02  4.0464e+02  2.4737e+00  3.4544e-01  1.5594e+02  6.3987e+02  1.4649e+00  3.4969e-05  2.3624e+06  2.3625e+06
protanne   F	  80447	     16	27108.5	 245287	-4.8953	  1.1393e-03  9.6900e+01  1.7039e+02  1.2539e-01 -9.8334e+00  2.0312e+03  4.5079e-01  3.1525e-05  1.9332e+06  1.9333e+06
protinou   F	   5658	     35	   49.7	    812	-2.0230	  7.5761e-01  3.0073e+01  1.1944e+01  1.8600e+00 -2.0686e+01  1.4411e+02  2.2451e+00  1.2147e-03  5.2716e+04  5.2762e+04
protlact   F	   5066	     23	   44.1	    827	-1.6988	  7.8981e-01  1.0063e+01  3.0761e+01  7.3915e+00  4.9895e+00  5.6258e+01  1.3898e+00  1.1941e-03  3.9670e+04  3.9716e+04
protmucr   F	 162081	     30	 1281.3	  53824	-3.7981	  1.1920e-01  6.8541e+01  5.4659e+01  8.1924e-01 -2.9732e+02  1.3604e+03  1.4271e+00  2.0951e-05  2.8354e+06  2.8355e+06
protterr   F	  37555	     16	  151.3	 567829	-3.3676	  3.9552e-01  1.6562e+00  6.2220e+01  8.4715e+00 -4.9264e+01  1.7383e+02  1.6756e+00  2.2217e-01 -3.3079e+02  3.4936e+03  8.5050e-01  6.1221e-05  5.8340e+05  5.8350e+05
protxeno   F	  30158	     23	  200.9	   8784	-3.0549	  4.9649e-02  9.9872e+00  1.9446e+01  7.2586e+00 -1.9206e+02  2.5853e+02  9.7123e+00  3.8676e-01 -2.0019e+02  6.1354e+02  1.7588e+00  2.1171e-04  4.2433e+05  4.2442e+05
protzopf   F	   2328	     21	  289.0	   2218	-2.9563	  1.0000e+00 -3.6184e+02  5.8762e+02  3.5798e+00  7.9263e-04  3.1842e+04  3.1860e+04
prunarme   F	 107302	     16	  192.9	  99855	-2.9782	  4.9716e-01  4.4121e+01  5.5412e+01  2.2752e+00 -4.3170e+02  7.7435e+02  3.6207e+00  3.8730e-01 -3.9268e+01  7.5581e+02  6.3844e-01  4.4546e-05  1.4743e+06  1.4744e+06
prunaviu   F	 124470	     16	  174.3	   4114	-2.8336	  5.0675e-01  4.1216e+01  5.6845e+01  2.5102e+00 -1.7094e+02  5.0426e+02  2.1445e+00  5.6763e-05  1.6241e+06  1.6242e+06
prundulc   F	 121719	     16	  180.6	   4500	-2.8662	  4.8358e-01  4.3983e+01  5.4227e+01  2.3896e+00 -2.0097e+02  5.3160e+02  2.1265e+00  5.6462e-05  1.6071e+06  1.6072e+06
prunmira   F	   2317	     16	   89.4	 899735	-3.2342	  7.5130e-14 -2.2812e+03  2.2801e+03  5.8560e+01  1.2731e+01  1.6420e+01  9.2329e-01  6.4956e-01 -7.8429e+02  3.6570e+03  7.7150e-01  7.6108e-04  3.5939e+04  3.6002e+04
prunmume   F	 113894	     25	  174.3	   3805	-2.8269	  5.1770e-01  4.3379e+01  5.5291e+01  2.3638e+00 -1.9121e+02  5.2929e+02  2.2601e+00  5.6984e-05  1.4826e+06  1.4827e+06
prunpers   F	 134844	     21	  186.0	   6536	-2.8824	  4.4599e-01  4.4913e+01  5.2856e+01  2.3743e+00 -2.2337e+01  2.6764e+02  1.3562e+00  3.8340e-01 -8.2110e+02  1.2992e+03  5.2134e+00  4.8073e-05  1.7900e+06  1.7901e+06
prunsali   F	    176	     17	  138.0	 179261	-2.9858	  4.5772e-01 -1.4686e+02  2.3982e+02  1.6731e+01  1.6153e+00  1.9632e+02  2.4359e+00  2.8440e-01  3.7846e+00  4.4252e+02  4.6483e-01  5.9746e-03  2.4370e+03  2.4719e+03
prymparv   F	  75660	     18	   88.3	   1968	-2.2666	  8.2564e-01  5.1962e+01  2.3549e+01  1.4328e+00 -9.2197e+01  2.3381e+02  2.5186e+00  1.7051e-01  6.9573e+02  2.0928e+03  4.9604e-01  2.2475e-04  7.8952e+05  7.8963e+05
psamobes   F	 193705	     28	 1369.8	 145764	-3.9078	  7.8187e-02  4.6463e+01  4.0730e+01  2.9224e+00 -2.6173e-01  2.4663e+02  1.3858e+00  1.9196e-01 -1.9703e+02  1.6721e+03  1.1155e+00  1.5119e-05  3.4845e+06  3.4846e+06
pseuamer   F	 103450	     16	  287.3	  20538	-3.1663	  7.0781e-02  5.4313e+01  3.4471e+01  4.4682e+00  5.6713e+01  5.0731e+01  1.4318e+00  3.6496e-01 -1.2249e+02  6.0716e+02  1.3425e+00  4.1617e-05  1.5090e+06  1.5091e+06
pseuanta   F	   4744	     49	   94.2	   1020	-2.4312	  6.8550e-01 -2.8246e+02  3.5883e+02  2.1501e+01 -6.3683e+02  8.9957e+02  6.7654e+00  8.7281e-04  5.3092e+04  5.3137e+04
pseubamb   F	  37619	     28	  221.7	 161714	-3.2325	  4.4357e-01  3.8722e+01  2.8948e+01  2.6322e+00 -1.3004e+01  4.0637e+02  8.8498e-01  3.0446e-01  1.7651e+02  1.2085e+03  8.7330e-01  6.1439e-05  5.5966e+05  5.5975e+05
pseucorr   F	 240866	     18	 3962.3	 238870	-4.4817	  2.4381e-01  6.8560e+01  8.5976e+01  5.4533e-01 -3.9508e+02  4.1391e+03  8.0568e-01  1.6074e-05  4.9502e+06  4.9503e+06
pseucras   F	 236585	     30	 1562.0	 232321	-4.0463	  1.6955e-01  6.5579e+01  5.9578e+01  7.6708e-01 -1.6621e+02  1.3022e+03  1.0603e+00  7.3552e-01 -1.9584e+03  1.3481e+04  1.4069e+00  1.4550e-05  4.4042e+06  4.4043e+06
pseudest   F	  15855	     19	   57.3	    996	-1.9279	  7.7950e-01  3.7417e+01  1.4852e+01  2.3990e+00 -1.5458e+01  1.0903e+02  1.6983e+00  5.7459e-04  1.4074e+05  1.4079e+05
pseuelat   F	  29243	     41	   62.5	   1140	-2.1376	  5.7717e-01 -2.9840e+01  8.2405e+01  1.6492e+01 -5.8151e+01  1.3339e+02  1.2127e+01  8.3865e-02 -2.8490e+01  1.6469e+02  2.1484e+00  2.4550e-04  2.8780e+05  2.8789e+05
pseufiji   F	  32518	     21	   46.3	   1893	-1.9792	  3.0917e-01 -3.5273e+01  6.2199e+01  1.6993e+01  2.4697e+01  1.7783e+01  9.6755e-01  4.5425e-01 -8.2128e+01  1.3545e+02  2.9500e+01  8.3361e-04  2.9643e+05  2.9652e+05
pseufloc   F	  12140	     26	  113.0	    951	-2.1833	  8.3721e-01 -1.5653e+02  2.5976e+02  1.4571e+01 -7.9680e+01  2.1816e+02  2.2052e+00  1.5513e-01 -2.3632e+02  7.6917e+02  1.2962e+01  3.5810e-04  1.2202e+05  1.2210e+05
pseugeor   F	 232068	     16	  530.4	  66240	-3.4688	  1.9975e-01  2.0249e+01  6.8679e+01  5.3580e+00  8.3824e+01  8.2393e+01  1.0757e+00  1.5418e-01 -8.6202e+01  8.0098e+02  1.1052e+00  2.2754e-05  3.7058e+06  3.7059e+06
pseugluc   F	  12297	     23	   87.1	    706	-2.0280	  7.8374e-01 -2.3262e+02  3.1349e+02  2.9997e+01 -7.9466e+01  1.8401e+02  2.5879e+00  4.0931e-04  1.1507e+05  1.1513e+05
pseugrac   F	  82361	     31	  162.8	  95839	-3.0556	  9.2957e-02 -2.2059e+01  1.0591e+02  1.3154e+01  3.1669e+01  6.5335e+01  2.0487e+00  4.5947e-01  3.3510e+00  4.2330e+02  8.2784e-01  4.2347e-05  1.1585e+06  1.1586e+06
pseuhube   F	   3464	     58	  203.7	   3297	-2.8712	  3.9347e-01 -1.6521e+02  2.5171e+02  2.0348e+01 -1.2123e+02  3.5767e+02  2.7974e+00  3.7962e-01 -9.4286e+02  1.6825e+03  4.2770e+00  4.7405e-04  4.5809e+04  4.5876e+04
pseuhumi   F	 171406	     28	  878.2	  95664	-3.7153	  1.1122e-01  5.2651e+01  3.8833e+01  1.7504e+00 -6.8266e+01  7.9801e+02  1.0816e+00  2.1159e-05  2.9322e+06  2.9323e+06
pseuhype   F	  23973	     23	   55.5	    642	-1.8469	  7.1827e-01  2.9191e+01  2.1763e+01  4.6170e+00 -8.9907e+00  8.9457e+01  2.0263e+00  4.1034e-04  2.0384e+05  2.0389e+05
pseumenz   F	 104462	     16	  235.0	 150207	-3.4210	  8.6525e-02  1.3469e+01  5.4242e+01  5.8516e-01  6.9385e+01  6.2366e+01  8.6510e-01  6.7818e-01 -1.9565e+04  2.7944e+04  2.3506e+00  3.1077e-05  1.7196e+06  1.7197e+06
pseumusa   F	  16063	     23	   58.5	   1036	-1.9937	  6.5475e-01  2.2435e+01  3.0594e+01  6.0290e+00 -9.2484e+01  1.7149e+02  3.7415e+00  3.0520e-01 -2.6304e+02  6.2678e+02  2.8427e+00  4.9566e-04  1.4751e+05  1.4759e+05
pseuneur   F	      1	     80	   40.0	      0	-1.1974	  1.0000e+00 -9.8690e+00  8.9789e+01  2.8165e+01  8.8474e-01  9.8103e+01  9.2103e+01
pseuparv   F	 275620	     28	  623.4	  80614	-3.5526	  1.2669e-01 -1.1680e+02  2.0196e+02  2.0499e+01  5.2182e+01  8.2650e+01  1.0107e+00  3.5241e-01 -3.0442e+02  1.6864e+03  1.2171e+00  2.0110e-05  4.5094e+06  4.5095e+06
pseupers   F	  59172	     23	  113.7	   2473	-2.5509	  3.6113e-01 -1.1820e+02  1.8846e+02  1.3302e+01 -6.4474e+01  1.7232e+02  6.9438e+00  2.7454e-01 -4.9119e+01  2.4926e+02  1.8501e+00  1.4438e-04  6.9401e+05  6.9411e+05
pseupipr   F	 206632	     18	  965.1	 159740	-3.7998	  9.5627e-02  5.2861e+01  4.0248e+01  1.8346e+00 -6.8116e+01  8.3994e+02  9.8983e-01  1.8552e-05  3.6153e+06  3.6154e+06
pseuregi   F	  62481	     16	 1957.6	 153322	-4.0031	  1.7836e-01  6.7565e+01  3.0102e+01  8.3911e-01 -5.5028e+02  2.3208e+03  1.2224e+00  4.0688e-05  1.1543e+06  1.1544e+06
pseuspec   F	  18902	     23	   57.0	   1019	-1.8778	  8.0022e-01  3.5382e+01  1.7137e+01  2.7821e+00 -7.8836e-01  8.6519e+01  1.4904e+00  5.4828e-04  1.6341e+05  1.6346e+05
pseuswir   F	 227337	     24	  400.9	  42354	-3.3332	  5.1108e-02 -2.6288e+02  3.4201e+02  2.9784e+01  4.6657e+01  5.4164e+01  2.0595e+00  3.0323e-01 -8.1986e+01  6.5770e+02  1.1656e+00  2.6120e-05  3.4898e+06  3.4899e+06
pseutext   F	 179298	     20	 1362.1	  77659	-3.8602	  8.9162e-02  6.8464e+01  4.3416e+01  9.3777e-01 -2.4795e+02  1.3406e+03  1.2845e+00  1.8456e-05  3.1890e+06  3.1890e+06
pseuverr   F	  19546	     22	   56.7	    776	-1.8311	  8.2988e-01  3.5730e+01  1.6880e+01  2.7081e+00 -1.9662e+00  8.5245e+01  1.5908e+00  5.8815e-04  1.6480e+05  1.6486e+05
pseuvexa   F	  29695	     23	   63.2	    712	-2.0332	  7.1719e-01  3.3841e+01  2.2244e+01  2.9231e+00 -5.5648e+01  1.5086e+02  2.4782e+00  2.7649e-04  2.7822e+05  2.7827e+05
psidguaj   F	     32	     27	  284.0	 682512	-3.0642	  4.9323e-01  8.5664e+01  1.0924e+01  4.1535e-01 -2.4589e+02  5.3241e+02  2.0440e+00  2.8132e-02  4.6696e+02  4.7722e+02
psilcube   F	  79701	     16	   57.4	    726	-1.7165	  8.5748e-01  1.9320e+00  5.2090e+01  9.7280e+00 -3.0968e+01  1.1502e+02  2.0112e+00  1.4051e-01 -5.1076e+02  3.3128e+03  9.5560e-01  2.5818e-04  6.3031e+05  6.3041e+05
psylchry   F	     17	     38	  330.0	   1581	-3.5837	  1.0000e+00  2.9438e+01  1.3620e+02  5.2085e-01  5.7517e-02  2.8375e+02  2.8625e+02
psytconc   F	  13116	     21	  264.3	   9607	-3.0518	  3.0522e-01  1.6750e+01  6.5618e+01  3.5189e+00 -6.0131e+01  3.7740e+02  1.5203e+00  2.0111e-04  1.8431e+05  1.8437e+05
psytloun   F	  14681	     23	  261.4	   9099	-3.0424	  2.8062e-01  1.4656e+01  6.5564e+01  3.9089e+00 -6.3560e+01  3.6201e+02  1.5367e+00  1.8614e-04  2.0568e+05  2.0573e+05
pteralec   F	 188478	     29	 1306.0	 155961	-3.9110	  8.0068e-02  5.4198e+01  3.7644e+01  2.0352e+00 -2.2897e+01  3.9620e+02  1.1615e+00  3.1206e-01 -1.8470e+02  1.8293e+03  1.0927e+00  1.5141e-05  3.3937e+06  3.3938e+06
ptercali   F	     66	     22	  261.0	   2287	-2.7166	  3.7679e-01  1.4253e+01  2.7270e+01  1.1193e+00  1.3876e+02  3.3195e+01  5.1250e+00  6.5104e-02 -1.6528e+02  4.9302e+02  3.4102e+00  1.3790e-02  8.9099e+02  9.1508e+02
ptergrac   F	  68146	     23	   58.8	    415	-1.6273	  8.7881e-01 -9.2631e+01  1.4822e+02  2.9036e+01 -2.4548e+01  1.0209e+02  2.1703e+00  4.9517e-04  5.1043e+05  5.1050e+05
ptergutt   F	 110009	     30	  929.9	  34612	-3.6467	  8.2390e-02  6.3495e+01  3.9323e+01  1.1912e+00 -2.0141e+02  9.5286e+02  1.4492e+00  2.9739e-05  1.8472e+06  1.8472e+06
ptermeso   F	 190064	     30	 1293.3	 161608	-3.9068	  7.6378e-02  4.8032e+01  4.1942e+01  2.7020e+00  1.0456e+01  3.2272e+02  1.0495e+00  2.7776e-01 -2.0306e+02  1.7148e+03  1.0870e+00  1.5109e-05  3.4183e+06  3.4184e+06
pterparn   F	 188482	     30	 1292.2	 166696	-3.9061	  7.5197e-02  1.8562e+01  7.0079e+01  5.0265e+00  4.4293e+01  2.3293e+02  1.0643e+00  2.1051e-01 -1.8729e+02  1.5711e+03  1.0712e+00  1.5296e-05  3.3893e+06  3.3894e+06
pterpeng   F	 111344	     16	 1084.7	  72950	-3.7554	  5.3745e-10 -1.0407e+02  2.9692e+02  3.0000e+01 -1.4161e+02  8.6828e+02  1.1946e+00  3.0916e-05  1.9134e+06  1.9135e+06
pterpupa   F	      1	     69	   34.5	      0	-0.9953	  1.0000e+00  8.9366e+00  6.0130e+01  3.0000e+01  8.1636e-01  9.3895e+00  3.3895e+00
pterscal   F	  62707	     16	  439.8	  36179	-3.4143	  3.1573e-01  6.3241e+01  3.5633e+01  1.3180e+00 -8.7490e+01  3.2659e+02  1.5766e+00  2.4955e-01 -3.4619e+02  1.4637e+03  1.3979e+00  4.7798e-05  9.8624e+05  9.8634e+05
ptervam1   F	 218064	     29	 1345.2	 194237	-3.9443	  8.5053e-02  5.7054e+01  3.6854e+01  1.7322e+00 -3.8828e+01  4.9334e+02  1.1036e+00  3.7779e-01 -1.9828e+02  2.0572e+03  1.0512e+00  1.3440e-05  3.9596e+06  3.9597e+06
ptervamp   F	 188683	     30	 1296.9	 171350	-3.9206	  9.0113e-02  5.8453e+01  3.5173e+01  1.6601e+00 -3.7982e+01  4.6861e+02  1.1416e+00  3.7976e-01 -1.9111e+02  2.0712e+03  1.0763e+00  1.5452e-05  3.4054e+06  3.4055e+06
ptycflav   F	 259199	     30	  795.3	  60676	-3.6515	  3.6197e-03 -2.9287e+02  4.0180e+02  3.0000e+01 -4.3167e+01  6.6246e+02  1.1713e+00  2.4913e-05  4.3657e+06  4.3657e+06
ptyckazn   F	  95611	     16	  404.3	  57734	-3.3830	  3.5499e-01  5.7162e+01  3.6064e+01  1.6311e+00  1.3106e+02  7.1197e+01  2.8795e+00  1.3927e-02 -1.9858e+02  8.6970e+02  1.1514e+00  5.1088e-05  1.4935e+06  1.4936e+06
pucccoro   F	  80156	     23	   87.6	   1786	-2.0820	  9.2130e-01  1.1777e+00  7.8307e+01  4.8833e+00  9.4187e-01  1.4027e+02  1.0706e+00  1.4101e-04  7.6675e+05  7.6681e+05
puccgram   F	  55135	     23	   86.3	    601	-2.0663	  8.0963e-01 -2.4414e+01  1.0289e+02  7.1841e+00 -2.6073e+01  1.1571e+02  2.1450e+00  2.1764e-04  5.2450e+05  5.2457e+05
puccnovo   F	  20268	     16	   81.2	   1316	-2.1833	  6.6989e-01 -8.1352e+01  1.5624e+02  1.2452e+01 -1.4713e+01  8.1994e+01  1.5009e+00  3.7140e-04  2.0371e+05  2.0376e+05
puccsorg   F	 102181	     39	   71.5	    524	-2.2852	  2.1127e-01 -1.5121e+02  1.9580e+02  3.0000e+01 -7.6598e+01  1.5122e+02  3.6658e+00  1.3614e-03  1.0464e+06  1.0465e+06
puccstri   F	 145566	     23	   82.3	    615	-1.9549	  9.2844e-01 -9.5303e+00  8.5679e+01  6.4705e+00 -1.8814e+01  1.1895e+02  1.5693e+00  1.4757e-04  1.3107e+06  1.3108e+06
pucctenu   F	   2942	     25	  172.0	  84018	-3.0316	  4.1500e-01 -3.2468e+02  4.1358e+02  3.0000e+01  1.5612e+01  2.9649e+02  8.0063e-01  4.6207e-01 -6.7628e+02  1.2226e+03  6.4057e+00  5.2152e-04  4.1278e+04  4.1344e+04
pucctrit   F	  67532	     16	   82.2	   2343	-1.9756	  9.7053e-01  1.2419e+01  6.3249e+01  4.4687e+00  1.5631e-01  2.1004e+02  6.9753e-01  1.5768e-04  6.1423e+05  6.1429e+05
puermont   F	  71294	     16	  250.8	  44586	-3.0602	  4.5580e-01  5.1252e+01  4.5849e+01  1.8758e+00 -7.7273e+02  1.2301e+03  4.0256e+00  4.1769e-01  3.1298e+01  4.9625e+02  7.1399e-01  6.5886e-05  1.0053e+06  1.0054e+06
pumaconc   F	 161120	     30	 1481.8	 145832	-3.9466	  7.0505e-02  5.2523e+01  3.8704e+01  2.4716e+00 -3.9498e+01  3.3575e+02  1.4061e+00  2.3946e-01 -2.7011e+02  1.9935e+03  1.1487e+00  1.6801e-05  2.9280e+06  2.9281e+06
pumayago   F	 231241	     28	 1562.3	 260353	-4.0185	  6.2536e-02  2.4845e+01  6.5334e+01  4.5900e+00  2.1120e+01  3.0262e+02  1.0574e+00  2.5922e-01 -2.5844e+02  2.0579e+03  1.0221e+00  1.2463e-05  4.2784e+06  4.2785e+06
puncstri   F	  71535	     23	   56.9	    664	-1.6613	  8.7064e-01  1.8477e+01  3.5220e+01  6.9396e+00  6.8846e+00  6.7471e+01  1.4201e+00  2.7242e-04  5.4813e+05  5.4820e+05
pundnyer   F	 233680	     30	  387.4	  46651	-3.3592	  2.1283e-01  1.2236e+01  7.6371e+01  6.0675e+00  4.2792e+01  1.3317e+02  1.1507e+00  3.4295e-01 -1.7903e+02  1.1399e+03  1.2289e+00  2.1657e-05  3.6145e+06  3.6146e+06
pungpung   F	 244837	     21	  263.0	  29819	-3.1535	  9.4736e-02 -4.0210e+01  1.2736e+02  1.3809e+01  5.3932e+01  5.4797e+01  1.2602e+00  3.9177e-01 -4.5867e+01  5.2676e+02  1.1530e+00  2.0597e-05  3.5555e+06  3.5556e+06
punigran   F	 116456	     18	  175.5	   4131	-2.8148	  4.6062e-01  3.6102e+01  5.9971e+01  3.0202e+00 -1.0289e+02  3.9409e+02  1.9697e+00  5.8556e-05  1.5096e+06  1.5096e+06
punttetr   F	 269914	     29	  380.2	  32967	-3.2843	  2.1054e-01 -9.7531e+01  1.8060e+02  1.7979e+01 -2.7405e+01  1.5366e+02  3.5994e+00  1.8992e-01 -1.0112e+02  7.4665e+02  1.2616e+00  2.2379e-05  4.0833e+06  4.0834e+06
purplila   F	  18776	     23	   62.6	   1967	-2.0109	  7.6669e-01  2.4799e+01  3.1895e+01  3.6598e+00  1.8470e+01  6.4518e+01  1.1244e+00  4.6199e-04  1.7397e+05  1.7402e+05
purpspec   F	  26097	     23	   64.1	    864	-2.0429	  6.8229e-01  3.0610e+01  2.6052e+01  3.1790e+00 -7.7000e+00  8.8051e+01  1.8082e+00  2.9778e-04  2.4552e+05  2.4558e+05
purptaka   F	  18603	     19	   67.7	    516	-2.0121	  8.8686e-01  3.6303e+01  2.3905e+01  1.9597e+00 -7.1904e+01  1.7973e+02  3.2018e+00  4.6334e-04  1.7240e+05  1.7245e+05
pycncinn   F	  77680	     23	   58.9	    547	-1.7202	  8.7210e-01  1.8061e+01  3.7235e+01  6.4340e+00 -2.6015e+01  1.1472e+02  2.0030e+00  2.7769e-04  6.1506e+05  6.1512e+05
pycncocc   F	  50267	     23	   58.7	    557	-1.6899	  8.8446e-01  1.7149e+01  3.8166e+01  6.7847e+00 -1.7386e+01  1.0474e+02  1.8322e+00  3.6044e-04  3.9132e+05  3.9138e+05
pycnprov   F	   2878	     21	 3486.0	 248586	-4.1659	  1.0571e-01  7.0774e+01  1.5348e+01  7.3142e-01 -2.1312e+01  1.5424e+02  1.7694e+00  2.6552e-01 -7.5291e+02  4.3130e+03  6.1064e-01  3.7733e-04  5.9763e+04  5.9829e+04
pycnpuni   F	  65281	     23	   58.5	    448	-1.6922	  8.8836e-01  2.5972e+01  2.9079e+01  5.0622e+00 -3.3375e+01  1.1763e+02  2.1897e+00  3.3274e-04  5.0859e+05  5.0865e+05
pycnsang   F	  77379	     23	   58.6	    560	-1.6832	  8.8933e-01  2.0397e+01  3.4762e+01  6.2863e+00 -2.5754e+01  1.1485e+02  1.8877e+00  3.4913e-04  5.9953e+05  5.9959e+05
pygoadel   F	 132920	     30	 1081.9	  89601	-3.7921	  6.6513e-02  5.9414e+01  4.0426e+01  1.4999e+00 -1.2104e+02  9.5982e+02  1.1519e+00  2.1946e-05  2.3210e+06  2.3210e+06
pygonatt   F	 275411	     19	  907.6	  68465	-3.6715	  1.0425e-01 -1.0484e+01  1.0264e+02  7.6746e+00  3.3805e+01  1.3488e+02  1.5721e+00  2.1935e-01 -1.8257e+02  1.3098e+03  1.2392e+00  1.6180e-05  4.6574e+06  4.6575e+06
pygopapu   F	     10	    263	 1392.0	  10973	-3.5618	  1.0000e+00 -1.2038e+03  2.0173e+03  2.9458e+00  9.9685e-02  1.7189e+02  1.7280e+02
pyrapark   F	     30	    143	  530.0	   3179	-3.1217	  1.0000e+00 -4.3996e+02  8.6645e+02  3.7043e+00  3.5754e-02  4.3727e+02  4.4148e+02
pyrelyco   F	  32153	     24	   56.1	    609	-1.8648	  7.2012e-01  3.1866e+01  1.9465e+01  3.9569e+00 -1.8953e+01  1.0120e+02  2.1996e+00  3.5093e-04  2.7613e+05  2.7619e+05
pyrespec   F	  31249	     24	   54.9	    549	-1.8138	  7.4249e-01  3.2177e+01  1.8434e+01  4.0491e+00 -2.1079e+01  1.0423e+02  2.3141e+00  3.4165e-04  2.6098e+05  2.6104e+05
pyretere   F	  17426	     24	   54.6	   1245	-1.7975	  7.7431e-01  3.0775e+01  1.9822e+01  4.4678e+00 -3.2066e+02  4.0001e+02  1.2390e+01  1.7888e-01 -2.2333e+02  5.6240e+02  2.2728e+00  4.7634e-04  1.4423e+05  1.4432e+05
pyretrit   F	  20045	     21	   56.9	    828	-2.0604	  6.1027e-01  2.8973e+01  2.1387e+01  5.0602e+00 -4.6869e+01  1.2932e+02  3.0477e+00  2.8708e-01 -4.0845e+03  4.4175e+03  3.0000e+01  3.9254e-04  1.9009e+05  1.9018e+05
pyrgrufi   F	 173593	     30	  900.0	 101783	-3.7335	  1.0615e-01  5.4101e+01  3.7066e+01  1.7082e+00 -8.0023e+01  8.2358e+02  1.0759e+00  2.0005e-05  2.9843e+06  2.9844e+06
pyrigris   F	  20153	     16	   86.7	   1045	-2.2213	  7.4805e-01 -1.1721e+01  8.8208e+01  5.2341e+00 -4.2400e+01  1.3662e+02  1.8853e+00  2.7717e-04  2.0614e+05  2.0619e+05
pyrioryz   F	  25018	     16	   89.2	  16311	-2.3211	  2.2345e-01 -4.8819e+02  5.6003e+02  2.1976e+01  4.9712e+01  3.1930e+01  1.1612e+00  4.5228e-04  2.6768e+05  2.6774e+05
pyripenn   F	  18772	     16	   89.2	   2491	-2.3259	  7.1710e-01 -2.4292e+01  1.0121e+02  5.7287e+00 -2.5344e+01  1.3519e+02  1.3772e+00  2.6439e-04  2.0105e+05  2.0111e+05
pyroconf   F	  22037	     23	   61.0	    761	-2.0286	  6.7584e-01  3.3940e+01  1.9825e+01  3.1105e+00 -3.8191e+01  1.3291e+02  2.3220e+00  3.9988e-04  2.0587e+05  2.0593e+05
pyrohait   F	     22	    177	  281.0	     99	-2.6434	  1.0000e+00  5.9193e+01  1.9731e+02  2.6906e+00  5.2130e-02  2.7381e+02  2.7708e+02
pyroomph   F	  22300	     23	   61.1	    763	-2.0314	  6.7881e-01  3.4825e+01  1.8992e+01  2.9387e+00 -3.9088e+01  1.3406e+02  2.3243e+00  4.0470e-04  2.0862e+05  2.0868e+05
pyroserr   F	  38886	     20	   57.9	 190144	-2.6349	  5.3069e-01  1.1470e+01  3.7279e+01  1.0893e+01  8.3948e+00  2.7705e+02  6.9458e-01  4.6931e-01 -3.0252e+03  4.1697e+03  6.3228e+00  1.0926e-04  4.7045e+05  4.7055e+05
pyroyezo   F	   2851	     18	  286.9	   9054	-2.7241	  8.1596e-02  1.6989e+01  4.4742e+01  5.2012e-01 -1.6101e+03  1.8741e+03  2.3122e+01  7.8019e-04  3.5880e+04  3.5922e+04
pyrrapte   F	  81461	     16	 1523.8	 209248	-3.9352	  1.5103e-01  5.7651e+01  2.6624e+01  1.8598e+00 -2.9909e+02  1.6389e+03  1.0579e+00  4.1412e-05  1.4809e+06  1.4809e+06
pyrrnymp   F	  41609	     16	 1797.1	 118530	-3.9200	  3.4335e-01  6.5356e+01  5.0747e+01  6.5807e-01 -1.1399e+03  3.4729e+03  1.5292e+00  5.8427e-05  7.5257e+05  7.5263e+05
pyrubret   F	 167278	     19	  174.8	   5197	-2.8508	  4.4588e-01  3.5516e+01  6.1126e+01  3.0390e+00 -1.1369e+02  4.0117e+02  1.8209e+00  4.6961e-05  2.1959e+06  2.1960e+06
pyrucomm   F	 174611	     30	  172.4	   3929	-2.8174	  5.1011e-01  4.2791e+01  5.5430e+01  2.4528e+00 -1.5550e+02  4.7868e+02  2.1375e+00  5.4955e-05  2.2652e+06  2.2653e+06
pyrupyri   F	      1	     68	   34.0	      0	-1.0075	  1.0000e+00  6.1507e+00  6.1846e+01  2.9999e+01  8.2156e-01  9.4470e+00  3.4470e+00
pyrux___   F	 136413	     16	  172.8	   4930	-2.8423	  4.6099e-01  4.1053e+01  5.5846e+01  2.7108e+00 -1.2918e+02  4.2021e+02  1.8793e+00  5.2355e-05  1.7859e+06  1.7859e+06
pythapha   F	  14069	     23	   66.3	   3220	-2.1406	  5.7118e-01 -9.7038e+01  1.5897e+02  3.0000e+01 -2.2443e+00  6.6058e+01  1.1437e+00  7.6908e-04  1.3692e+05  1.3698e+05
pytharrh   F	  20291	     23	   77.5	    994	-2.2883	  4.1595e-01 -1.1985e+02  1.8837e+02  3.0000e+01 -6.3831e+01  1.4951e+02  2.4308e+00  4.8129e-04  2.1246e+05  2.1252e+05
pythbivi   F	 181174	     30	 1352.0	  68638	-3.8395	  1.0441e-01  6.8363e+01  5.7308e+01  8.0866e-01 -2.3818e+02  1.3301e+03  1.3315e+00  1.8675e-05  3.2020e+06  3.2021e+06
pythirre   F	  23474	     23	   92.9	    850	-2.1656	  6.5862e-01 -2.7087e+02  3.5842e+02  3.0000e+01 -3.6760e+01  1.1225e+02  2.0396e+00  3.4799e-04  2.3103e+05  2.3108e+05
pythiway   F	  23815	     23	   85.1	    917	-2.2130	  6.4554e-01 -2.3454e+02  3.1306e+02  3.0000e+01 -1.7323e+02  2.8048e+02  3.1325e+00  6.3751e-04  2.4045e+05  2.4050e+05
pythulti   F	  22986	     23	   86.6	   1321	-2.1086	  7.2108e-01 -2.3182e+02  3.1255e+02  3.0000e+01 -1.9650e+01  9.3834e+01  1.5087e+00  2.8697e-04  2.2158e+05  2.2163e+05
pythvexa   F	  20880	     23	   73.7	   1181	-2.0433	  6.4272e-01 -9.9538e+01  1.6872e+02  2.4323e+01 -3.9312e+00  7.4516e+01  1.5404e+00  5.9836e-04  1.9617e+05  1.9623e+05
pyxiadsp   F	 184025	     30	 1212.3	 124716	-3.8540	  5.6031e-02  2.3188e+01  6.0940e+01  6.5643e+00 -1.5486e+01  1.4012e+02  3.3959e+00  5.2729e-02 -1.2662e+02  1.1406e+03  1.1033e+00  1.7527e-05  3.2662e+06  3.2663e+06
querglau   F	 106991	     16	  360.5	 258244	-3.3260	  4.4233e-01  6.0919e+01  4.4805e+01  1.2277e+00 -1.4200e-01  3.5649e+02  5.3803e-01  1.7470e-01 -1.7757e+02  8.8966e+02  1.8764e+00  4.2521e-05  1.6314e+06  1.6315e+06
querilex   F	  99086	     16	  338.0	  49092	-3.2251	  3.4439e-01  4.2203e+01  5.4157e+01  2.5756e+00  8.1216e+01  5.2743e+01  1.7631e+00  1.8656e-02 -1.6715e+02  6.7471e+02  1.4056e+00  4.0547e-05  1.4733e+06  1.4734e+06
querloba   F	 173633	     22	  320.3	  12700	-3.1825	  3.2157e-01  3.2263e+01  6.3281e+01  3.2720e+00 -5.1863e+01  2.9078e+02  1.5867e+00  3.3926e-01 -1.5485e+02  1.0226e+03  1.7363e+00  3.2202e-05  2.5448e+06  2.5449e+06
querrobu   F	 164498	     18	  338.5	  27814	-3.2437	  5.1977e-02 -8.2581e+01  1.6862e+02  1.9266e+01  1.7513e+01  8.3697e+01  3.3628e+00  3.1380e-01 -1.0849e+02  6.2626e+02  1.2743e+00  2.9885e-05  2.4578e+06  2.4579e+06
quersube   F	 157319	     16	  259.2	  15613	-3.1620	  1.7224e-01 -3.7145e+01  1.3277e+02  8.7525e+00  3.2399e+01  7.6837e+01  9.3829e-01  4.1744e-01 -3.6406e+02  9.9916e+02  1.8931e+00  6.7699e-05  2.2925e+06  2.2926e+06
rachanta   F	  25222	     23	   57.2	   1925	-1.8826	  7.5771e-01 -4.5735e+01  9.9156e+01  2.3177e+01 -2.1525e+01  1.4653e+02  1.4964e+00  4.8214e-04  2.1813e+05  2.1819e+05
rachcana   F	 143018	     19	  334.1	  27469	-3.2510	  6.3008e-02  6.8429e+01  2.2790e+01  2.0983e+00  5.8614e+01  5.5689e+01  1.2120e+00  3.7490e-01 -1.1579e+02  6.5264e+02  1.2713e+00  2.9279e-05  2.1417e+06  2.1418e+06
radicris   F	  12412	     16	  282.7	   8391	-3.0845	  4.6027e-02  1.3745e+01  1.4321e+01  7.7432e-01  5.3009e+01  4.6028e+01  1.1034e+00  3.9676e-01 -2.1922e+01  3.9790e+02  1.6708e+00  2.6999e-04  1.7558e+05  1.7566e+05
radispec   F	  51251	     23	   71.2	    426	-1.8772	  9.4361e-01  3.2653e+01  3.3123e+01  3.1350e+00 -8.7652e+01  1.9054e+02  2.4868e+00  4.8193e-04  4.4285e+05  4.4291e+05
ramarube   F	 112431	     23	   55.7	    296	-1.6394	  8.3756e-01 -3.3221e+00  5.6131e+01  1.1322e+01 -1.8087e+01  7.6890e+01  2.4617e+00  2.0702e-04  8.4921e+05  8.4928e+05
ramavari   F	  31980	     21	   89.2	   3541	-2.3881	  6.6644e-01  2.8394e+01  4.2328e+01  3.2442e+00 -7.4867e+01  2.5945e+02  2.5170e+00  3.2315e-01  6.7327e+02  2.0630e+03  1.6599e+00  2.1633e-04  3.5161e+05  3.5170e+05
ramibrev   F	   3289	     23	  150.2	   5269	-2.8146	  2.0195e-01  1.6980e+01  2.5369e+01  1.1101e+00 -6.4261e+00  1.3486e+02  1.4259e+00  7.6468e-01  1.0685e+02  2.8335e+02  1.5517e+00  1.6746e-03  4.2535e+04  4.2602e+04
ramucoll   F	  15848	     17	   57.7	    329	-1.7199	  8.3798e-01  2.4024e+01  2.9581e+01  5.7535e+00 -3.9515e-01  9.9858e+01  2.8998e+00  4.9953e-04  1.2562e+05  1.2568e+05
ranakuku   F	 116281	     16	 3099.1	 325128	-4.2532	  3.9224e-02  1.4386e+01  3.1879e+01  6.0290e-01  7.1364e+01  3.7733e+01  6.9513e-01  1.3160e-01 -5.6811e+02  3.3775e+03  1.1359e+00  2.2086e-05  2.2772e+06  2.2773e+06
ranamusc   F	  80640	     16	 4349.0	 196647	-4.3299	  8.1715e-02  5.9773e+01  2.9375e+01  1.9443e+00 -8.8514e+01  1.9617e+03  7.6450e-01  3.0996e-05  1.6521e+06  1.6521e+06
ranatemp   F	 192218	     16	 3261.8	 260487	-4.2485	  1.1879e-01  6.6578e+01  3.3937e+01  9.7011e-01 -8.2520e+02  3.5650e+03  1.2046e+00  1.7181e-05  3.7712e+06  3.7713e+06
raniimit   F	 226055	     30	 2090.8	 889851	-4.1667	  2.8930e-01  6.5058e+01  4.8583e+01  6.7589e-01 -3.0872e+02  2.7760e+03  8.7214e-01  4.7343e-05  4.3299e+06  4.3300e+06
rapaveno   F	 114738	     16	 1546.1	 148590	-3.9037	  3.1554e-02 -8.1810e+02  8.6261e+02  3.0000e+01 -3.0120e+02  1.5693e+03  1.4230e+00  2.7200e-05  2.0670e+06  2.0671e+06
raphsati   F	 183723	     16	   98.0	   4174	-2.3699	  6.4546e-01 -6.8808e+01  1.5269e+02  1.2601e+01 -1.2335e+02  3.0151e+02  2.7335e+00  3.4276e-01  9.1732e+02  1.6818e+03  9.9716e-01  9.9703e-05  2.0043e+06  2.0044e+06
rasabyss   F	  20879	     21	   62.8	    586	-1.8802	  8.7229e-01  2.8202e+01  2.9081e+01  3.3539e+00 -8.0291e+00  1.0811e+02  1.8962e+00  3.9800e-04  1.8078e+05  1.8084e+05
rasaemer   F	  24365	     24	   66.0	    851	-2.1618	  4.3302e-01 -2.6473e+01  8.2589e+01  1.2408e+01 -1.1087e+01  8.4265e+01  2.0324e+00  4.6769e-04  2.4239e+05  2.4245e+05
rastkana   F	  20303	     17	  193.2	   5322	-2.9217	  4.6853e-01  5.5756e+01  4.4363e+01  1.9733e+00 -5.0501e+02  7.1258e+02  6.4454e+00  2.5406e-01 -1.5796e+02  8.7154e+02  2.1836e+00  1.5736e-04  2.7316e+05  2.7325e+05
rattnorv   F	 262339	     16	 1525.2	 212171	-3.9876	  7.5093e-02  5.1611e+01  3.8476e+01  2.2842e+00  1.1326e+00  3.2847e+02  1.1146e+00  2.3680e-01 -2.2974e+02  1.9399e+03  1.0555e+00  1.1600e-05  4.8160e+06  4.8162e+06
rattratt   F	 187702	     23	 1350.1	 137302	-3.8960	  9.2071e-02  5.5065e+01  3.5099e+01  2.0370e+00 -9.4631e+01  3.6353e+02  1.9725e+00  2.0921e-01 -1.1847e+02  1.7086e+03  1.1252e+00  1.6263e-05  3.3670e+06  3.3672e+06
rauvtetr   F	 134494	     16	  273.0	  11697	-3.0883	  4.4719e-01  5.6337e+01  4.2593e+01  1.4995e+00 -3.9281e+01  3.1259e+02  9.7228e-01  1.6226e-01 -6.6850e+02  1.2505e+03  3.3249e+00  4.8734e-05  1.9129e+06  1.9130e+06
recumira   F	  13059	     16	   57.4	    609	-1.8440	  7.3691e-01  2.5139e+01  2.8585e+01  5.6126e+00 -2.9234e+01  9.5322e+01  2.0795e+00  6.0018e-04  1.1085e+05  1.1090e+05
remether   F	  13740	     22	   76.4	    512	-2.0720	  8.4677e-01  2.7302e+01  3.9912e+01  2.7346e+00 -4.5454e+01  1.4705e+02  2.7114e+00  5.0568e-04  1.3112e+05  1.3117e+05
retifilo   F	  56808	     23	   81.6	    276	-2.2380	  1.9542e-01 -1.7449e+02  2.0107e+02  3.0000e+01 -4.6347e+02  5.4152e+02  1.6299e+01  1.1979e-03  5.8510e+05  5.8516e+05
rhabcost   F	   2715	     16	  348.5	   1445	-2.9094	  4.6053e-02 -1.5406e+02  2.3537e+02  3.0000e+01 -1.2930e+03  1.5522e+03  9.5232e+00  7.6366e-01  1.5548e+02  2.3696e+02  2.8280e+00  6.4583e-04  3.6465e+04  3.6530e+04
rhabkr30   F	  24118	     24	   48.4	   5824	-2.2770	  5.9505e-01 -5.1980e+01  9.3818e+01  2.5994e+01 -5.6003e+01  1.3999e+02  3.7256e+00  1.5736e-01 -4.9090e+00  4.3636e+02  1.5015e+00  1.8700e-04  2.5335e+05  2.5344e+05
rhagfulv   F	   4201	     16	   70.3	 152856	-2.8496	  5.0235e-01  1.3447e+01  3.9884e+01  9.3249e+00 -3.8590e+00  2.2540e+02  9.3677e-01  3.6493e-01  1.0258e+02  5.4775e+03  1.0336e+00  4.8011e-04  5.5108e+04  5.5178e+04
rhagpomo   F	  63980	     16	  116.5	 386638	-3.3358	  3.6394e-01 -1.5903e+02  2.2204e+02  2.6185e+01 -1.8806e+01  1.0499e+02  1.4220e+00  2.7356e-01 -1.0529e+02  2.4795e+03  6.7858e-01  5.4375e-05  9.8386e+05  9.8396e+05
rhagzeph   F	  82859	     30	   89.4	 198072	-3.0202	  4.9447e-01  9.7405e+00  5.2688e+01  5.9808e+00  2.5551e+01  1.5090e+02  7.0802e-01  2.8992e-01 -5.5388e+02  2.9315e+03  9.9629e-01  3.5121e-05  1.1560e+06  1.1561e+06
rhambico   F	  46286	     16	  862.4	 200724	-3.7295	  2.0845e-01  4.0983e+01  1.4740e+01  2.6627e+00 -3.3595e+01  2.1232e+02  1.3231e+00  2.9077e-01 -6.3869e+02  3.4976e+03  1.1370e+00  7.3567e-05  7.9644e+05  7.9654e+05
rhazstri   F	    646	     22	  275.0	 737016	-3.2429	  4.5516e-01  4.6313e+01  4.8033e+01  2.1792e+00 -1.0030e+03  1.5585e+03  4.0060e+00  3.1898e-01  1.2054e+02  5.6485e+02  5.2962e-01  1.6541e-03  9.6754e+03  9.7246e+03
rheapenn   F	 192400	     30	  988.3	 119817	-3.7801	  7.4882e-02  1.6959e+01  7.1548e+01  4.7509e+00  8.8203e+00  1.3037e+02  3.3921e+00  3.0221e-02 -7.4835e+01  8.8819e+02  1.0569e+00  1.7193e-05  3.3488e+06  3.3489e+06
rhinaffi   F	  62224	     17	 1106.9	 106110	-3.8135	  1.2267e-01  5.9849e+01  3.4286e+01  1.4887e+00 -2.1043e+02  5.0490e+02  2.6933e+00  2.3551e-01 -1.0639e+02  1.6255e+03  1.1607e+00  3.6748e-05  1.0925e+06  1.0926e+06
rhinbiet   F	 215869	     30	 1705.0	 221520	-4.0366	  6.5100e-02  2.1381e+01  6.8475e+01  4.7252e+00  1.1797e+01  3.4238e+02  1.0305e+00  3.0598e-01 -3.5348e+02  2.5343e+03  1.0983e+00  1.2712e-05  4.0108e+06  4.0109e+06
rhinbivi   F	 233494	     16	 4956.7	 417596	-4.4742	  5.3184e-01 -5.7602e+01  7.9606e+02  8.1406e-01 -4.3019e+03  1.3819e+04  1.6324e+00  1.6790e-05  4.8090e+06  4.8091e+06
rhinferr   F	 211299	     16	 1375.9	 207280	-3.9509	  6.0143e-02  2.2873e+01  6.4842e+01  5.0694e+00  3.2829e+01  2.2988e+02  1.0575e+00  1.9894e-01 -2.2132e+02  1.6231e+03  1.0360e+00  1.3168e-05  3.8443e+06  3.8445e+06
rhinflor   F	 236527	     30	 1970.4	 250209	-4.1015	  7.6209e-02  6.9830e+01  5.5976e+01  8.1481e-01 -1.7866e+02  1.7081e+03  1.0491e+00  1.2276e-05  4.4653e+06  4.4654e+06
rhinklam   F	 233652	     21	  564.5	  70437	-3.4921	  2.2040e-01  2.6260e+01  6.1449e+01  4.7702e+00 -2.7599e+01  1.7600e+02  3.0167e+00  1.6121e-01 -1.9925e+02  1.1477e+03  1.1684e+00  2.0750e-05  3.7580e+06  3.7581e+06
rhinmack   F	  16010	     23	   57.5	    560	-1.8472	  7.9130e-01  2.9543e+01  2.3470e+01  3.7409e+00 -2.2356e+01  1.0197e+02  2.1456e+00  2.0861e-01  3.9555e+02  2.1873e+03  2.0913e+00  5.5568e-04  1.3661e+05  1.3670e+05
rhinmari   F	      6	    133	 2608.0	 340420	-4.0931	  1.0000e+00 -4.2281e+02  1.6971e+03  9.9874e-01  1.6653e-01  1.2060e+02  1.1997e+02
rhinroxe   F	 226241	     30	 1716.0	 238951	-4.0424	  6.9658e-02  4.5911e+01  4.5024e+01  2.7741e+00  8.2688e-01  3.5521e+02  1.0759e+00  2.8344e-01 -3.0514e+02  2.4189e+03  1.0691e+00  1.2316e-05  4.2097e+06  4.2098e+06
rhinsini   F	 203216	     29	 1363.6	 176534	-3.9376	  7.8990e-02  5.2549e+01  3.9490e+01  2.1336e+00 -3.9389e+01  3.5535e+02  1.4106e+00  2.5922e-01 -1.5778e+02  1.8517e+03  1.0728e+00  1.4405e-05  3.6818e+06  3.6819e+06
rhintypu   F	 157856	     29	 2529.4	 159931	-4.1221	  8.0558e-02  6.9910e+01  4.5281e+01  8.4874e-01 -3.8857e+02  2.2922e+03  1.2307e+00  1.8365e-05  2.9806e+06  2.9806e+06
rhipannu   F	  46667	     16	 1914.2	 251020	-4.0734	  9.8450e-02  2.7403e+01  5.6321e+01  2.0570e+00 -2.1922e+02  1.7351e+03  1.0435e+00  3.9438e-05  8.7468e+05  8.7474e+05
rhipappe   F	  26545	     16	 1784.1	 125693	-3.9938	  9.8224e-02 -1.0854e+03  1.1636e+03  3.0000e+01 -2.9280e+02  1.7208e+03  1.2093e+00  7.0348e-05  4.8829e+05  4.8835e+05
rhipmicr   F	 117097	     16	 2218.8	 510594	-4.1980	  5.1923e-02 -1.7480e+01  9.5262e+01  4.8932e+00 -1.4398e+01  2.6096e+02  7.5823e-01  1.4160e-01 -1.2150e+02  2.1003e+03  9.4199e-01  2.0685e-05  2.2558e+06  2.2559e+06
rhipsang   F	 145672	     16	 1837.6	 191212	-4.0426	  8.1533e-02 -4.7043e+01  1.2915e+02  4.8416e+00 -2.4320e+02  1.6727e+03  1.0992e+00  1.9618e-05  2.7113e+06  2.7114e+06
rhizdele   F	  40533	     27	   57.6	   5185	-1.9566	  6.8119e-01 -1.1048e+02  1.6232e+02  2.9829e+01 -4.6564e+01  1.3987e+02  2.5032e+00  3.8842e-04  3.6647e+05  3.6653e+05
rhizeric   F	  40907	     16	   56.2	    803	-1.9483	  6.4996e-01  3.1768e+01  1.8650e+01  3.8900e+00 -2.6440e+01  1.0529e+02  2.5145e+00  3.3457e-01  9.5925e+01  3.0173e+02  1.7412e+00  2.6942e-04  3.6699e+05  3.6708e+05
rhizglob   F	  75597	     23	   53.9	    603	-1.8257	  7.4314e-01 -6.0331e+01  1.1032e+02  1.9724e+01 -1.3573e+01  7.7562e+01  1.8949e+00  4.9204e-04  6.3566e+05  6.3572e+05
rhizirre   F	  69724	     17	   80.8	 119815	-2.2695	  8.0210e-01  3.2712e+01  4.1133e+01  4.0987e+00  1.5446e+01  1.8824e+02  5.6779e-01  2.1827e-04  7.2844e+05  7.2851e+05
rhizlign   F	  23340	     23	   57.0	    536	-1.8498	  7.3244e-01  2.3988e+01  2.8638e+01  5.5703e+00 -3.6007e+01  1.1505e+02  2.4767e+00  3.8016e-04  1.9902e+05  1.9908e+05
rhizmicr   F	  36982	     17	   54.5	    330	-1.5477	  9.2704e-01 -2.4212e+00  5.4400e+01  1.0800e+01 -2.3801e+00  6.1870e+01  1.5746e+00  4.4320e-04  2.6343e+05  2.6349e+05
rhizoryz   F	  39870	     27	   57.4	    490	-1.9220	  6.7296e-01 -1.1020e+02  1.6203e+02  2.9996e+01 -5.9740e+01  1.4593e+02  3.1480e+00  4.8060e-04  3.5248e+05  3.5254e+05
rhizpusi   F	  43633	     20	   63.5	    428	-1.6434	  9.2620e-01 -1.3189e+02  1.9197e+02  3.0000e+01 -2.2936e+00  9.5335e+01  1.7625e+00  3.8792e-04  3.2987e+05  3.2993e+05
rhizsale   F	  84639	     16	   54.1	   1032	-1.5911	  8.5989e-01 -9.1969e+00  6.0744e+01  1.4801e+01 -5.0065e+01  1.1221e+02  3.1752e+00  1.2685e-01  5.5975e+01  2.6851e+02  5.9905e-01  3.4372e-04  6.2014e+05  6.2024e+05
rhizsola   F	  72470	     21	   55.2	   1279	-1.6790	  8.3672e-01 -8.2242e+01  1.3470e+02  2.9468e+01  1.1429e+01  5.6820e+01  1.1177e+00  3.2343e-04  5.6014e+05  5.6021e+05
rhizstol   F	  32979	     18	   56.5	   5282	-1.7973	  9.7192e-01 -8.9502e+00  6.0895e+01  6.5777e+00 -2.4331e+01  4.4401e+02  6.5671e-01  4.3446e-04  2.7286e+05  2.7292e+05
rhizvari   F	  24813	     37	   64.0	    233	-1.5809	  9.3275e-01 -1.2376e+02  1.8454e+02  3.0000e+01  1.9093e+01  6.0113e+01  2.0145e+00  5.0651e-04  1.8068e+05  1.8074e+05
rhizvesi   F	  60565	     23	   53.8	    764	-1.5667	  8.8107e-01 -4.8435e+00  5.6086e+01  1.4000e+01  3.2025e+00  7.7996e+01  1.3819e+00  5.2699e-04  4.3622e+05  4.3629e+05
rhizvini   F	  70663	     16	   54.2	    489	-1.5525	  8.9161e-01  3.4488e+00  4.8217e+01  1.1373e+01 -6.1764e+00  7.2197e+01  1.5860e+00  2.9715e-04  5.0520e+05  5.0526e+05
rhodarge   F	 119553	     20	  226.3	  12666	-3.0004	  4.5285e-01  5.5652e+01  4.1754e+01  1.6028e+00 -1.0014e+01  2.4434e+02  9.3785e-01  2.0293e-01 -7.8968e+02  1.2820e+03  4.3182e+00  5.0523e-05  1.6519e+06  1.6520e+06
rhodbuty   F	 126883	     23	   54.8	    558	-1.6508	  8.1622e-01 -4.7171e+01  9.9225e+01  2.2723e+01 -2.7182e+01  8.6988e+01  2.6682e+00  1.7087e-01  2.4893e+01  2.4536e+02  1.2996e+00  2.2967e-04  9.6414e+05  9.6425e+05
rhodglut   F	  45052	     23	   62.8	    451	-1.7971	  8.2099e-01  4.3964e+01  1.4821e+01  2.6081e+00 -3.6628e+01  1.2893e+02  2.7030e+00  7.9535e-04  3.7255e+05  3.7261e+05
rhodgram   F	  36296	     19	   77.7	   2392	-2.0476	  8.7137e-01  3.8499e+01  3.2848e+01  2.9645e+00 -4.3900e+00  1.3546e+02  1.1237e+00  2.7596e-04  3.4227e+05  3.4233e+05
rhodkiyo   F	  73758	     16	  422.6	  38477	-3.2550	  1.9764e-10 -2.2863e+01  9.3661e+01  5.2129e+00  3.9463e+01  5.7211e+01  2.6132e+00  3.5265e-01 -1.8069e+02  7.6291e+02  1.5474e+00  5.1261e-05  1.1063e+06  1.1064e+06
rhodminu   F	  38439	     18	   70.3	    430	-1.8926	  8.9873e-01  3.2348e+01  3.2516e+01  3.3140e+00 -8.7256e+01  1.9083e+02  3.0398e+00  2.5681e-04  3.3499e+05  3.3505e+05
rhodmoll   F	  56710	     16	  377.7	  14039	-3.2179	  3.7658e-01  5.0934e+01  4.6241e+01  1.9811e+00 -5.1884e+01  3.0008e+02  1.1194e+00  1.2319e-01 -2.3772e+02  9.1350e+02  1.8198e+00  6.1993e-05  8.4001e+05  8.4011e+05
rhodmuci   F	  41778	     24	   73.9	    466	-1.9033	  9.1614e-01  4.0857e+01  2.8054e+01  2.6582e+00 -1.3426e+01  1.0464e+02  1.9297e+00  4.6594e-04  3.6616e+05  3.6622e+05
rhodprol   F	 129815	     30	  721.3	 171945	-3.6056	  1.9129e-01 -4.1199e+01  1.2185e+02  1.2359e+01 -8.3248e+02  9.5466e+02  3.0000e+01  7.4757e-02 -3.5891e+01  8.3567e+02  9.3593e-01  2.4762e-05  2.1576e+06  2.1577e+06
rhodrose   F	  64729	     16	   55.9	    544	-1.5828	  8.9288e-01 -2.0108e+01  7.3373e+01  1.6160e+01 -1.5474e+01  9.1439e+01  1.6789e+00  4.1681e-04  4.7164e+05  4.7170e+05
rhodspec   F	  70368	     16	   73.9	    648	-1.9599	  8.5669e-01  4.0411e+01  2.8327e+01  2.7931e+00 -1.7445e+01  1.0018e+02  1.7803e+00  3.8524e-04  6.3501e+05  6.3508e+05
rhodspj1   F	  35180	     23	   73.9	    641	-1.9593	  8.5097e-01  4.0384e+01  2.8295e+01  2.8161e+00 -1.6442e+01  1.0083e+02  1.8193e+00  3.8029e-04  3.1736e+05  3.1742e+05
rhodspj3   F	  41398	     23	   73.7	    460	-1.8972	  9.1074e-01  4.0913e+01  2.7809e+01  2.7048e+00 -1.5980e+01  1.0670e+02  1.9955e+00  5.1329e-04  3.6171e+05  3.6177e+05
rhodtoru   F	  80049	     19	   62.7	    410	-1.7787	  8.1548e-01  4.2955e+01  1.5668e+01  2.8863e+00 -3.4093e+01  1.2883e+02  2.9211e+00  7.0178e-04  6.5573e+05  6.5580e+05
rhodvial   F	 160824	     30	  404.4	  17137	-3.2587	  3.0621e-01  4.3593e+01  5.2328e+01  2.5505e+00 -8.3179e+00  2.0317e+02  1.0271e+00  1.9811e-01 -2.2893e+02  9.1753e+02  1.7439e+00  3.4517e-05  2.4142e+06  2.4143e+06
rhopescu   F	 127789	     17	  629.7	  23879	-3.4171	  7.9981e-01 -7.4656e+01  5.5116e+02  1.3446e+00 -2.2094e+03  2.7399e+03  1.5126e+01  3.4776e-05  2.0104e+06  2.0105e+06
rhopmaid   F	  90885	     31	  178.5	  78337	-3.1297	  4.9176e-01  4.1405e+01  2.7866e+01  2.0450e+00 -5.0095e+01  6.9290e+02  9.7633e-01  5.0824e-01 -4.3303e+02  2.4620e+03  1.0352e+00  4.5428e-05  1.3092e+06  1.3093e+06
rhoppadi   F	  97314	     31	  184.0	  79467	-3.1472	  4.8152e-01  4.0994e+01  2.8480e+01  2.0877e+00 -5.5813e+01  6.3908e+02  1.0003e+00  4.8090e-01 -2.6870e+02  2.5778e+03  1.0097e+00  4.1737e-05  1.4098e+06  1.4099e+06
rhynagro   F	  27352	     23	   57.5	    463	-1.9811	  5.6640e-01  3.2379e+01  1.7635e+01  4.0029e+00 -5.1587e+01  1.3299e+02  3.2932e+00  4.5764e-04  2.4955e+05  2.4960e+05
rhyncomm   F	  25826	     23	   57.2	    399	-1.9364	  5.6829e-01  1.3457e+01  3.6550e+01  8.6696e+00 -4.6890e+01  1.2717e+02  3.5522e+00  5.3124e-04  2.3050e+05  2.3056e+05
rhynferr   F	   1553	     34	   69.9	 836048	-2.8202	  5.0270e-01 -7.6979e+01  1.3226e+02  3.0000e+01  2.3223e+01  1.1346e+02  9.7665e-01  2.7034e-01  7.7342e+01  1.8126e+03  7.4021e-01  8.9969e-04  2.0068e+04  2.0127e+04
rhynhumr   F	    219	     23	   68.5	  13495	-2.1873	  8.9283e-01  8.0239e+00  5.1376e+01  3.9280e+00 -6.4663e+02  1.4153e+03  1.8537e+00  7.6292e-03  2.2289e+03  2.2527e+03
rhynseca   F	  26006	     23	   57.5	    456	-1.9738	  5.4181e-01  2.0650e+01  2.9259e+01  7.0735e+00 -4.2418e+01  1.2156e+02  3.1989e+00  4.7123e-04  2.3649e+05  2.3655e+05
rhytrufu   F	  52063	     37	   57.1	    977	-1.8943	  7.0096e-01  4.3876e+00  4.7722e+01  9.9513e+00  8.8468e+00  8.0712e+01  1.6433e+00  4.0643e-04  4.5381e+05  4.5387e+05
ricicomm   F	 196901	     21	  169.6	   3421	-2.8539	  3.5654e-01  2.2341e+01  6.9016e+01  4.4483e+00 -1.5081e+02  3.1174e+02  2.9384e+00  3.8822e-01 -2.0374e+02  7.7252e+02  2.5782e+00  6.1752e-05  2.5883e+06  2.5884e+06
rickfibu   F	 122242	     23	   56.9	    423	-1.7049	  8.2737e-01  2.0235e+01  3.3281e+01  6.4882e+00 -2.0210e+01  8.9764e+01  2.2091e+00  2.8157e-04  9.5968e+05  9.5975e+05
rickmell   F	 181390	     17	   55.6	    417	-1.5725	  8.8731e-01  1.2131e+00  5.1690e+01  1.1618e+01 -1.5410e+01  8.7779e+01  1.9405e+00  2.3571e-04  1.3131e+06  1.3132e+06
rigimicr   F	  75561	     23	   58.9	    534	-1.8127	  7.8327e-01  2.3150e+01  3.1849e+01  5.4275e+00 -1.7845e+01  8.5669e+01  2.0172e+00  3.2946e-04  6.3056e+05  6.3062e+05
risstrid   F	 202459	     30	 1053.8	 155916	-3.8271	  1.0677e-01  5.4675e+01  4.3991e+01  1.6672e+00 -6.9360e+01  9.3424e+02  1.0127e+00  1.6021e-05  3.5669e+06  3.5670e+06
romaculi   F	 132289	     23	  644.7	  12475	-3.4471	  1.2661e-01 -9.4243e+01  1.5088e+02  3.0000e+01 -5.9050e+01  2.7356e+02  1.3380e+00  4.5274e-01 -2.7339e+03  4.2180e+03  4.0608e+00  3.8457e-05  2.1020e+06  2.1021e+06
rosachin   F	 171180	     16	  178.9	   5822	-2.8715	  4.5988e-01  3.7807e+01  5.7416e+01  2.9294e+00 -1.1363e+02  4.3266e+02  1.7862e+00  4.4637e-05  2.2638e+06  2.2639e+06
rosarugo   F	 167727	     26	  180.3	   5400	-2.8637	  4.6544e-01  3.6964e+01  5.8185e+01  2.9637e+00 -1.1415e+02  4.3861e+02  1.8438e+00  5.2190e-05  2.2119e+06  2.2120e+06
rotamagn   F	  33272	     28	   60.3	   2956	-1.9765	  8.2336e-01 -2.3007e+00  5.7651e+01  9.5621e+00 -1.1722e+02  4.0504e+02  1.7519e+00  1.7664e-01  4.3560e+02  1.9139e+03  4.4627e+00  2.9975e-04  3.0226e+05  3.0235e+05
rotasoci   F	   2121	     18	   60.5	  76900	-2.1352	  7.6813e-01 -1.1754e+02  1.7266e+02  3.0000e+01 -9.3540e+00  2.8645e+02  8.3913e-01  8.7207e-04  2.0894e+04  2.0934e+04
rotasord   F	   6363	     16	   65.7	 259513	-2.4629	  7.0959e-01 -1.6590e+02  2.2332e+02  3.0000e+01 -5.8801e+02  1.1049e+03  2.4598e+00  2.1759e-01 -5.8177e+01  2.0547e+03  5.4623e-01  3.5065e-04  7.2312e+04  7.2387e+04
rotyreni   F	 222128	     16	  153.8	  27212	-2.9083	  3.3637e-01 -6.8531e+01  1.1541e+02  2.0800e+01 -2.6791e+02  3.4103e+02  1.9762e+01  4.7364e-02 -2.3813e+01  2.8523e+02  1.0551e+00  5.4811e-05  2.9777e+06  2.9778e+06
rousaegy   F	 212791	     16	 1323.6	 209524	-3.9365	  6.4762e-02  3.7058e+01  5.1565e+01  3.7042e+00  2.8497e+01  2.3364e+02  1.1122e+00  1.8417e-01 -1.8624e+02  1.5115e+03  1.0194e+00  1.3453e-05  3.8571e+06  3.8572e+06
rozeallo   F	  20102	     16	   29.1	  39091	-1.5598	  5.5828e-02 -5.4143e+01  7.5474e+01  2.0445e+01  2.5900e+01  1.0837e+00  4.9923e-01  2.0636e-02  1.4072e+05  1.4077e+05
rudiphil   F	 259669	     27	  778.6	  51415	-3.6223	  8.5476e-05  1.2190e+02  1.0199e-01  4.7402e+00 -4.6909e+01  6.5232e+02  1.2124e+00  2.7009e-05  4.3296e+06  4.3297e+06
russbrev   F	  78978	     23	   57.8	   4779	-1.8003	  8.8840e-01  3.5047e+01  1.9401e+01  2.8407e+00  1.8630e+01  3.3588e+01  7.8283e-01  3.7300e-04  6.5516e+05  6.5522e+05
russcomp   F	  64264	     23	   57.6	    480	-1.7574	  8.4820e-01  3.1343e+01  2.2601e+01  3.6714e+00 -6.3717e+00  7.0818e+01  1.7647e+00  3.7681e-04  5.1985e+05  5.1992e+05
russdiss   F	  70622	     23	   57.6	    844	-1.7571	  8.9738e-01  3.2476e+01  2.1633e+01  3.3634e+00 -4.8769e+00  8.6777e+01  1.3141e+00  3.1938e-04  5.6998e+05  5.7004e+05
russrugu   F	  75607	     23	   57.9	   5207	-1.8084	  8.7131e-01  3.2236e+01  2.2274e+01  3.3071e+00  1.4049e+01  4.5655e+01  9.2611e-01  2.9507e-04  6.2860e+05  6.2867e+05
russvina   F	  77826	     23	   56.8	   4068	-1.8034	  8.5075e-01  3.4570e+01  1.9102e+01  3.0477e+00  1.6469e+01  3.5148e+01  9.0680e-01  3.6519e-04  6.4539e+05  6.4546e+05
rutilept   F	 212814	     28	  168.3	  14068	-2.8961	  3.5393e-01 -3.2595e+02  4.1622e+02  3.0000e+01  4.1600e+00  2.0596e+02  1.1028e+00  5.2948e-01 -9.6397e+02  1.4708e+03  8.0351e+00  4.8949e-05  2.8404e+06  2.8405e+06
rutiruti   F	 177466	     16	  578.8	 191733	-3.5630	  4.7297e-02 -2.5144e+02  3.3574e+02  3.0000e+01  6.3724e+01  3.6245e+01  1.2414e+00  2.9815e-01 -8.6575e+01  8.9861e+02  9.0839e-01  2.5280e-05  2.9156e+06  2.9157e+06
rutsfirm   F	  32030	     23	   61.3	    730	-2.0282	  7.0404e-01  3.7174e+01  1.6524e+01  2.3612e+00 -3.7684e+01  1.3377e+02  2.3434e+00  2.9076e-04  2.9919e+05  2.9925e+05
ryutnish   F	  69400	     16	 5649.7	 162825	-4.4147	  1.2047e-11 -1.7192e+02  2.2215e+02  3.5701e+00  5.7358e+00  1.9454e+02  5.5972e-01  5.7161e-02 -2.4922e+03  6.9312e+03  1.7468e+00  2.3783e-05  1.4154e+06  1.4155e+06
sabecyan   F	  51107	     30	   91.8	 134418	-3.1514	  4.6332e-01 -5.5263e+01  1.1539e+02  2.0761e+01  2.2593e+01  1.7465e+02  7.5764e-01  3.0462e-01 -7.4494e+03  1.7812e+04  2.0885e+00  5.2204e-05  7.4267e+05  7.4276e+05
saccbili   F	 215434	     20	 1576.6	 261376	-4.0162	  6.4212e-02  3.9100e+01  4.9496e+01  3.5849e+00  2.2148e+01  2.7213e+02  1.0683e+00  2.3654e-01 -2.3482e+02  1.9907e+03  1.0185e+00  1.2563e-05  3.9835e+06  3.9836e+06
sacccere   F	    488	     16	   94.0	 435241	-2.9685	  3.6448e-09  2.8906e+01  1.3347e+01  2.1197e+00  1.3708e+01  3.9662e+01  5.6925e-01  3.4545e-03  6.6168e+03  6.6461e+03
sacccrat   F	   1146	     18	   92.4	   2249	-2.4309	  6.8056e-01  4.5634e+01  2.9334e+01  1.4570e+00 -3.8603e+01  1.5118e+02  1.6346e+00  1.6204e-03  1.2841e+04  1.2876e+04
sacccucc   F	 279055	     16	  399.8	  35911	-3.3957	  7.1877e-01  4.5400e+01  1.5589e+02  1.0109e+00 -4.5869e+02  1.4861e+03  1.5360e+00  5.0300e-05  4.3628e+06  4.3629e+06
saccechi   F	 217353	     27	  449.9	  30040	-3.4383	  2.7225e-01  5.7690e+01  6.4907e+01  1.3622e+00 -2.7261e+01  2.9800e+02  2.5548e+00  2.8249e-01 -3.7280e+02  1.4785e+03  1.4872e+00  2.0364e-05  3.4423e+06  3.4424e+06
sacceuba   F	     84	     60	  225.0	    235	-2.5739	  5.1888e-01 -2.7713e+02  3.6225e+02  1.6813e+01 -5.8185e+02  9.5673e+02  1.4034e+01  1.0980e-02  1.0063e+03  1.0233e+03
saccglom   F	  54659	     16	  452.7	 932043	-3.6497	  3.5108e-02  1.4362e+01  4.8775e+01  5.2960e-01  6.1442e+01  2.3750e+02  6.4033e-01  5.2425e-05  9.1721e+05  9.1727e+05
sacchybr   F	     59	     17	  392.5	 424483	-3.6861	  4.6304e-01  5.7059e+01  5.1306e+01  1.3942e+00 -7.3629e+02  2.9758e+03  9.4156e-01  1.6055e-02  1.0287e+03  1.0432e+03
sacckowa   F	 137621	     21	  674.0	  36682	-3.5406	  1.6801e-01  6.8894e+01  7.4180e+01  1.0011e+00 -1.0765e+02  7.0598e+02  1.3107e+00  2.7772e-05  2.2435e+06  2.2436e+06
sacckudr   F	    170	     53	  120.0	    inf	-2.5385	  6.1308e-01 -2.4958e+02  3.3307e+02  1.5941e+01 -6.5507e+02  1.0256e+03  1.2494e+01  5.4787e-03  2.0019e+03  2.0238e+03
sacclati   F	   6334	     18	  540.7	   3331	-3.1703	  2.8496e-02  1.5482e+01  1.6492e+01  9.3199e-01 -5.6171e+02  1.0044e+03  3.9186e+00  3.1615e-04  9.2347e+04  9.2394e+04
sacclept   F	 213782	     30	 1559.5	 233853	-4.0084	  8.4239e-02  6.0151e+01  3.3226e+01  1.5879e+00 -3.6878e+01  4.4879e+02  1.1300e+00  3.2846e-01 -2.2309e+02  2.3345e+03  1.0460e+00  1.3126e-05  3.9449e+06  3.9450e+06
saccludw   F	    157	     55	  416.2	    inf	-3.1325	  6.2660e-01  3.8291e+01  1.0366e+02  9.7442e-01 -5.3977e+03  6.0121e+03  3.0000e+01  6.6637e-03  2.2761e+03  2.2975e+03
saccmika   F	    159	     52	  117.5	    inf	-2.5489	  6.0614e-01 -4.0026e+01  1.2206e+02  5.9069e+00 -4.4028e+02  8.1126e+02  1.0192e+01  5.9103e-03  1.8796e+03  1.9011e+03
saccoffi   F	 175599	     16	  185.2	 597995	-3.1406	  3.9350e-01 -1.4211e+02  2.3184e+02  1.4801e+01  5.0254e-01  3.3324e+02  1.1650e+00  4.4351e-01  8.3672e+00  3.1638e+02  4.6172e-01  4.5007e-05  2.5348e+06  2.5349e+06
saccpara   F	    197	     21	   99.8	    inf	-2.5227	  5.1855e-01 -4.3377e+02  5.1260e+02  3.0000e+01 -3.6966e+03  3.8877e+03  2.5333e+01  5.7264e-03  2.3424e+03  2.3653e+03
saccprot   F	  18985	     17	   60.4	    956	-2.0506	  5.8125e-01  3.3273e+01  2.0019e+01  3.6342e+00 -7.0401e+00  8.4103e+01  1.8137e+00  3.7049e-04  1.7930e+05  1.7935e+05
saccspec   F	    403	     59	  128.2	    973	-2.5905	  6.3839e-01  4.1967e+01  4.0942e+01  1.8799e+00 -5.7597e+02  9.4282e+02  9.5027e+00  3.6425e-03  4.8127e+03  4.8407e+03
sactspec   F	     37	     41	   63.2	   1034	-1.9337	  7.6404e-01  5.1733e+00  5.1720e+01  7.8761e+00 -2.0813e+01  1.1441e+02  1.7307e+00  2.2931e-02  3.4436e+02  3.5564e+02
saimboli   F	 207259	     30	 1677.0	 203556	-4.0155	  6.3144e-02  1.4162e+01  7.4193e+01  5.5578e+00  2.5495e+01  2.7707e+02  1.0337e+00  2.5464e-01 -3.0404e+02  2.2281e+03  1.1004e+00  1.3254e-05  3.8323e+06  3.8324e+06
saitcomp   F	   9238	     19	   55.5	    625	-1.6288	  8.3132e-01 -2.7552e+01  8.0415e+01  2.0218e+01 -1.1462e+01  7.9835e+01  1.6874e+00  6.1904e-04  6.9259e+04  6.9309e+04
saksvasi   F	  38630	     23	   54.9	    813	-1.7239	  8.7525e-01  1.9692e+01  3.1780e+01  5.0510e+00  1.8638e+01  3.8226e+01  1.0538e+00  1.2475e-01  3.6588e+01  3.3186e+02  3.2770e+00  3.9583e-04  3.0657e+05  3.0666e+05
salafasc   F	 250023	     18	  268.4	  42966	-3.2286	  2.1780e-01 -9.5101e+01  1.7769e+02  1.7961e+01  3.6753e+01  9.1054e+01  1.4728e+00  3.1572e-01 -1.4417e+02  9.1355e+02  1.1774e+00  2.4119e-05  3.7170e+06  3.7171e+06
salapavo   F	 161995	     16	  413.6	  55216	-3.3642	  2.3898e-01 -3.9182e+01  1.2563e+02  1.0184e+01 -2.0543e+02  3.3971e+02  8.8307e+00  1.0595e-01 -1.3880e+02  7.5263e+02  1.1334e+00  2.6592e-05  2.5126e+06  2.5127e+06
salipurp   F	 170284	     23	  180.9	   4578	-2.8850	  3.7842e-01  3.4444e+01  5.7847e+01  3.4900e+00 -8.2063e+01  3.0152e+02  1.6773e+00  4.7982e-01 -5.3108e+02  1.1330e+03  4.4905e+00  5.1496e-05  2.2627e+06  2.2628e+06
salisape   F	  10424	     30	   58.1	   1497	-1.5796	  8.8003e-01 -1.1977e+01  6.6969e+01  1.3930e+01 -2.7998e+00  7.8293e+01  3.3177e+00  1.1388e-01  4.4589e+02  2.1281e+03  7.5903e-01  1.1476e-03  7.5823e+04  7.5903e+04
salivimi   F	    959	     37	  199.5	   4297	-2.8886	  4.6722e-01  5.2973e+01  4.0864e+01  1.7717e+00 -8.2041e+01  3.7136e+02  1.7677e+00  3.8298e-01 -3.7957e+02  9.8563e+02  5.7291e+00  1.2917e-03  1.2780e+04  1.2833e+04
salmbras   F	 248033	     30	  647.2	  53262	-3.5316	  1.1354e-01 -1.3548e+00  9.4046e+01  6.8754e+00  6.6507e+01  1.1550e+02  8.8868e-01  3.3284e-01 -1.9133e+02  1.1240e+03  1.3050e+00  1.7395e-05  4.0337e+06  4.0339e+06
salmsala   F	 473712	     16	  521.3	 184159	-3.6482	  5.1147e-01  3.9842e+01  1.2389e+02  1.2440e+00 -2.9687e+02  1.6488e+03  9.7269e-01  1.6998e-05  7.9763e+06  7.9764e+06
salmtrut   F	 397373	     16	  453.1	 111425	-3.5710	  5.8146e-01  4.3302e+01  1.2438e+02  1.1587e+00 -4.0866e+02  1.8571e+03  1.0900e+00  1.9812e-05  6.5508e+06  6.5508e+06
salprose   F	 173471	     21	  223.4	   1291	-2.5343	  9.2125e-01 -1.5152e+03  1.7146e+03  3.0000e+01 -7.3529e+01  2.3916e+02  1.5647e+00  1.3338e-04  2.0236e+06  2.0236e+06
salpthom   F	   8060	     16	  355.8	   2493	-3.0051	  5.5841e-02 -1.3965e+02  2.1461e+02  2.9332e+01 -1.1950e+03  1.4864e+03  6.6032e+00  9.3905e-01  2.0290e+02  3.0174e+02  1.4680e-01  9.2645e-04  1.1389e+05  1.1397e+05
salvalpi   F	 431683	     17	  490.4	 104745	-3.6045	  6.7816e-01  5.0356e+01  1.3714e+02  9.3863e-01 -6.2005e+02  2.7690e+03  1.2282e+00  2.0121e-05  7.1682e+06  7.1683e+06
salvfont   F	 422816	     22	  485.1	 102584	-3.5990	  6.6387e-01  5.0456e+01  1.3459e+02  9.6888e-01 -6.1955e+02  2.6712e+03  1.2159e+00  1.7271e-05  7.0135e+06  7.0135e+06
salvhisp   F	 162793	     18	  142.0	   3514	-2.7496	  5.0263e-01  2.8577e+01  5.5997e+01  3.5743e+00 -1.8066e+02  4.8434e+02  2.2613e+00  1.1079e-04  2.0603e+06  2.0604e+06
salvmilt   F	 156574	     29	  172.3	   6984	-2.8854	  3.6740e-01 -4.9756e+01  1.3316e+02  1.0402e+01 -1.3178e+01  2.1955e+02  1.3541e+00  4.6424e-01  2.3817e+01  5.9135e+02  2.1977e+00  6.1516e-05  2.0807e+06  2.0808e+06
salvnama   F	 366302	     18	  423.2	  64566	-3.5204	  6.9888e-01  4.8820e+01  1.3540e+02  1.0042e+00 -7.9074e+02  2.7976e+03  1.4054e+00  2.1091e-05  5.9429e+06  5.9430e+06
salvsple   F	 295373	     30	  145.2	   4402	-2.7737	  4.9292e-01  2.4800e+01  6.0184e+01  3.8563e+00 -1.2964e+02  4.3381e+02  1.9667e+00  8.0951e-05  3.7711e+06  3.7712e+06
sandluci   F	 263615	     16	  588.3	  62064	-3.5216	  2.6758e-02  6.2499e+01  3.1263e+01  1.0493e+00  6.8360e+01  4.6996e+01  1.0287e+00  3.2385e-01 -1.8219e+02  9.5643e+02  1.1748e+00  1.7967e-05  4.2756e+06  4.2757e+06
sapaapel   F	 224321	     21	 1722.9	 333408	-4.0546	  1.9518e-01  6.5310e+01  7.0293e+01  7.0701e-01 -2.5352e+02  1.7616e+03  9.8813e-01  1.6277e-05  4.1860e+06  4.1861e+06
saprdicl   F	  54949	     20	   47.8	    554	-1.4037	  9.5294e-01 -7.0509e+01  1.1609e+02  3.0000e+01  1.1466e+01  5.5735e+01  9.6079e-01  7.5663e-04  3.5361e+05  3.5367e+05
saprpara   F	  59198	     23	   49.1	    553	-1.5236	  8.9048e-01 -7.9108e+01  1.2576e+02  3.0000e+01  1.2346e+01  3.4171e+01  1.1090e+00  7.4599e-04  4.1398e+05  4.1404e+05
sarccocc   F	  31784	     23	   53.9	    666	-1.7784	  7.8619e-01 -3.8781e+00  5.3816e+01  1.0791e+01 -1.1968e+01  9.4570e+01  1.9014e+00  2.6161e-04  2.6025e+05  2.6031e+05
sarcglab   F	  65593	     16	  756.1	 106603	-3.7719	  3.1540e-01  4.1076e+01  5.5527e+01  2.5246e+00 -1.4161e+02  8.1876e+02  9.7138e-01  4.7589e-01 -1.8854e+04  3.0096e+04  3.8769e+00  3.1450e-05  1.1416e+06  1.1417e+06
sarcharr   F	 211141	     16	 1794.5	 419081	-4.0946	  1.7954e-01  6.6641e+01  9.2423e+01  6.9817e-01 -1.8576e+02  1.6861e+03  9.4333e-01  1.4783e-05  3.9751e+06  3.9752e+06
sarcneur   F	  46685	     16	 1107.9	   6390	-3.5250	  2.6978e-01 -1.4416e+02  3.7334e+02  1.5902e+00 -6.0545e+03  7.1650e+03  1.0539e+01  8.0877e-05  7.6319e+05  7.6325e+05
sarcscab   F	  29500	     17	   72.5	  40477	-2.3418	  8.2140e-01  3.3420e+01  2.9991e+01  2.5347e+00 -1.2726e+01  4.1353e+02  7.7694e-01  1.9886e-04  3.1773e+05  3.1778e+05
sardpilc   F	 264886	     29	  511.5	  53467	-3.4715	  2.2715e-01  6.8394e+01  5.7374e+01  9.8246e-01 -3.5915e+01  5.3163e+02  1.1047e+00  2.0085e-05  4.2327e+06  4.2328e+06
sarrpurp   F	 170523	     16	  180.7	   4692	-2.8863	  3.7817e-01  3.4470e+01  5.7871e+01  3.4876e+00 -8.2073e+01  3.0151e+02  1.6624e+00  4.8253e-01 -5.3108e+02  1.1330e+03  4.5423e+00  5.1493e-05  2.2666e+06  2.2667e+06
saxotyrr   F	  15284	     16	   56.7	    522	-1.8073	  7.5340e-01  2.0015e+01  3.3231e+01  6.8792e+00 -4.7809e+01  1.1886e+02  2.4799e+00  7.5419e-04  1.2717e+05  1.2722e+05
scapcouc   F	    154	     16	   93.8	    922	-2.4610	  3.6140e-01  1.2366e+01  1.1620e+01  1.1716e+00 -1.5265e+02  2.4078e+02  2.3490e+01  1.9968e-01 -2.2578e+02  3.6809e+02  4.4336e+00  6.4879e-03  1.7649e+03  1.7984e+03
scapleba   F	  53383	     30	   88.6	 114765	-2.9233	  4.6464e-01 -1.2492e+02  1.8506e+02  3.0000e+01 -1.1808e+01  1.1417e+02  2.0478e+00  1.5634e-01 -4.9463e+01  9.2448e+02  8.9624e-01  5.5667e-05  7.1793e+05  7.1803e+05
scatargu   F	 258108	     28	  372.5	  43322	-3.3189	  7.8930e-02  5.5962e+01  3.5856e+01  2.9879e+00  5.9049e+01  6.4202e+01  1.0817e+00  3.7350e-01 -6.1013e+01  6.5680e+02  1.1357e+00  1.7907e-05  3.9442e+06  3.9443e+06
scatster   F	   5198	     17	   93.3	  72087	-3.0129	  4.7500e-01 -9.8481e+01  1.6293e+02  2.2813e+01 -9.5264e+01  2.2186e+02  2.5508e+00  1.9147e-01 -2.8221e+02  2.2639e+03  1.2101e+00  2.8819e-04  7.2089e+04  7.2161e+04
scedapio   F	  22027	     47	   78.6	    995	-2.1717	  8.6972e-01  2.0450e+01  4.8525e+01  3.2271e+00 -1.3544e+02  3.5722e+02  2.8225e+00  2.5871e-04  2.2022e+05  2.2028e+05
scelundu   F	 209998	     29	 1599.1	 149673	-3.9745	  1.0202e-01  6.8720e+01  6.4077e+01  8.1962e-01 -1.7305e+02  1.4456e+03  1.1256e+00  1.4225e-05  3.8430e+06  3.8430e+06
scheamaz   F	    902	     18	   90.5	   4953	-2.6195	  1.9954e-01 -2.3613e+02  3.0904e+02  3.0000e+01 -3.2051e+00  9.1532e+01  1.2708e+00  2.8564e-03  1.0997e+04  1.1030e+04
schecoip   F	   1076	     21	   87.0	   2039	-2.5648	  2.4595e-01  5.2422e+01  1.4094e+01  1.2036e+00  3.8037e+00  6.3028e+01  1.4494e+00  6.4086e-01 -5.6812e+02  1.0495e+03  6.8973e+00  2.4596e-03  1.2722e+04  1.2777e+04
schespar   F	   1049	     18	  173.8	   2473	-2.8253	  8.1356e-02  6.2690e+00  2.2366e+01  2.0781e+00  3.8084e+00  5.8510e+01  3.6493e+00  2.7645e-01 -1.2713e+02  3.5339e+02  2.4316e+00  1.2319e-03  1.3671e+04  1.3726e+04
schestip   F	   2443	     16	   50.2	   2888	-2.4322	  1.0000e+00  3.1413e+00  4.5302e+01  1.2749e+00  4.7302e-03  2.7313e+04  2.7331e+04
schexylo   F	   1444	     18	   88.4	   3734	-2.5945	  1.0000e+00 -3.7538e+00  7.0114e+01  1.3319e+00  2.8318e-03  1.7228e+04  1.7244e+04
schiamer   F	 138111	     16	 8358.9	 463092	-4.4789	  1.9765e-02  1.3811e+01  9.5907e+00  9.7646e-01 -1.9326e+02  2.8830e+02  1.0046e+01  1.0372e-01 -3.3741e+02  3.2354e+03  7.5077e-01  2.8467e-05  2.9471e+06  2.9472e+06
schicanc   F	 126092	     22	 8982.7	 345827	-4.4482	  2.4514e-03  7.6895e+01  1.0462e-01  1.5544e+01  6.1685e+01  2.8854e+01  1.4786e+00  9.2484e-02 -3.9360e+02  3.0591e+03  7.6794e-01  6.3837e-04  2.7006e+06  2.7007e+06
schicomm   F	  75635	     16	   53.8	    697	-1.6811	  8.0168e-01  1.6471e+01  3.4422e+01  9.1781e+00 -1.4635e+01  9.8023e+01  1.8505e+00  3.2793e-04  5.8550e+05  5.8557e+05
schicryo   F	   5869	     21	   55.2	    435	-2.0195	  6.1735e-01 -6.0218e+01  1.0706e+02  1.4678e+01 -8.2853e+01  1.5832e+02  3.6572e+00  7.9330e-04  5.4617e+04  5.4664e+04
schicura   F	  42420	     24	 1217.3	  10465	-3.5054	  1.4804e-01  2.4382e+01  1.0581e+01  2.2898e+00 -2.2077e+01  1.5089e+02  1.5270e+00  1.0038e-01 -1.9366e+03  3.1798e+03  3.7037e+00  7.0624e-05  6.8783e+05  6.8792e+05
schigram   F	  81693	     16	  180.9	 688827	-3.2446	  4.7609e-01  4.1513e+01  2.7818e+01  2.0938e+00 -8.4427e+01  6.5820e+02  9.9293e-01  4.2631e-01 -3.6359e+01  2.3529e+03  5.3474e-01  4.3412e-05  1.2205e+06  1.2206e+06
schigreg   F	 108968	     24	 7748.7	 407835	-4.3681	  1.3134e-01 -9.8217e+01  1.8557e+02  7.5211e+00 -6.1993e+02  3.4803e+03  8.3645e-01  8.6866e-01 -3.1105e+02  3.4284e+02  5.4616e-03  2.6941e-05  2.2955e+06  2.2956e+06
schihaem   F	  71441	     16	 1459.2	  24694	-3.6457	  1.2379e-01  1.0640e+01  2.4098e+01  6.0975e+00  6.8013e+00  6.2637e+01  9.1751e-01  1.1218e-01 -9.6044e+02  2.4372e+03  2.1768e+00  4.2464e-05  1.2018e+06  1.2019e+06
schijapa   F	  46464	     16	 1307.1	  19678	-3.5844	  2.0089e-01  2.4328e+01  1.1844e+01  1.4504e+00 -1.1512e+03  2.4369e+03  2.3638e+00  1.1508e-04  7.6889e+05  7.6895e+05
schijapo   F	  71340	     16	 1465.7	  81753	-3.6935	  1.8482e-01  1.0095e+01  2.5314e+01  5.3891e+00  2.7556e+00  1.8581e+02  7.1984e-01  9.5576e-02 -1.0804e+02  1.6857e+03  1.3490e+00  4.0288e-05  1.2138e+06  1.2139e+06
schimans   F	  65616	     16	 1573.5	  24129	-3.6577	  1.4241e-01  1.2029e+01  2.2599e+01  5.6674e+00 -1.4146e+02  2.4243e+02  4.2246e+00  5.5930e-02 -9.2181e+02  2.4521e+03  2.1834e+00  5.4461e-05  1.1061e+06  1.1062e+06
schimarg   F	  50267	     23	 1400.6	  13113	-3.6252	  1.0425e-01  2.5474e+01  1.1767e+01  1.4752e+00 -2.2105e+01  1.5085e+02  1.6347e+00  7.0627e-02 -1.9365e+03  3.1799e+03  3.2893e+00  7.0430e-05  8.4880e+05  8.4889e+05
schimatt   F	  39498	     24	 1238.7	  10190	-3.5433	  1.3230e-01  2.4846e+01  1.1784e+01  1.6935e+00 -2.2070e+01  1.5091e+02  1.5952e+00  1.0012e-01 -1.9366e+03  3.1798e+03  3.7766e+00  9.1430e-05  6.4684e+05  6.4694e+05
schinite   F	 119174	     18	 9025.0	 338500	-4.4335	  9.1146e-02  5.9075e+01  3.2423e+01  1.6622e+00  1.8908e+01  1.0537e+02  1.5891e-05  2.1146e-09 -4.8548e+02  3.1294e+03  7.8437e-01  2.4109e-05  2.5590e+06  2.5591e+06
schiocto   F	   5514	     26	   54.3	    373	-1.9643	  7.7857e-01 -3.3764e+00  5.0383e+01  6.2630e+00 -2.6474e+02  3.7755e+02  7.2197e+00  1.0404e-03  4.9906e+04  4.9952e+04
schiosmo   F	   5215	     17	   53.9	    369	-1.9614	  7.1844e-01 -2.9390e+01  7.6326e+01  1.0320e+01 -1.9528e+02  2.8558e+02  5.9053e+00  9.3990e-04  4.7134e+04  4.7180e+04
schipara   F	 109559	     16	   57.5	    373	-1.6408	  8.8985e-01  9.1260e+00  4.5218e+01  8.4062e+00 -3.1963e+01  1.0778e+02  2.3166e+00  1.8780e-04  8.2769e+05  8.2776e+05
schipice   F	  85282	     16	 8214.0	 323188	-4.5905	  4.5455e-05 -9.6456e+01  1.2464e-03  3.9043e-02  6.1911e+01  5.0589e+01  9.2561e-01  1.1822e-01 -5.1284e+02  4.9910e+03  8.9602e-01  3.1011e-05  1.8042e+06  1.8043e+06
schipomb   F	   5254	     30	   55.8	    489	-2.0552	  7.8830e-01  2.2249e+01  2.5074e+01  2.5847e+00 -1.5358e+02  2.7663e+02  4.5290e+00  8.3118e-04  4.9738e+04  4.9784e+04
schipylz   F	 147950	     16	  454.3	  64659	-3.4270	  2.3015e-01 -2.4815e+02  3.3310e+02  3.0000e+01  8.0060e+01  7.3749e+01  1.2146e+00  1.9246e-01 -2.1743e+02  1.0804e+03  1.1611e+00  2.7074e-05  2.3366e+06  2.3367e+06
schirodh   F	  46393	     24	 1209.4	  10638	-3.4792	  1.7534e-01  1.9645e+01  1.5673e+01  2.9571e+00 -2.3969e+01  1.4881e+02  2.3582e+00  8.5902e-02 -1.9355e+03  3.1808e+03  3.6327e+00  8.5767e-05  7.4735e+05  7.4744e+05
schiseri   F	 128872	     28	 9038.2	 346266	-4.5197	  1.3483e-04  4.2260e+01  1.4970e+01  2.9997e+01  1.2259e+01  7.9879e+01  4.2052e+00  9.7189e-02 -2.5998e+02  3.1665e+03  7.3348e-01  2.6015e-05  2.7656e+06  2.7657e+06
schisoli   F	  52748	     23	 1275.5	  15626	-3.6402	  5.1065e-02  1.7793e+01  1.6393e+01  3.3277e+00 -1.8007e+01  1.2435e+02  1.6321e+00  2.4419e-01 -2.7499e+03  4.2589e+03  3.3948e+00  8.7747e-05  8.9809e+05  8.9819e+05
schivest   F	  27842	     23	   62.2	   1072	-2.0378	  6.5165e-01  1.2801e+01  4.2539e+01  6.4394e+00 -8.2031e+00  9.2588e+01  1.7241e+00  2.5949e-04  2.6146e+05  2.6152e+05
schiyoun   F	 142305	     16	  442.5	  54983	-3.3971	  1.9686e-01 -8.5409e+01  1.6944e+02  1.6329e+01 -1.5717e+01  1.4459e+02  3.4638e+00  1.7237e-01 -1.8817e+02  9.1403e+02  1.1788e+00  2.9332e-05  2.2291e+06  2.2292e+06
schmarcu   F	     71	     22	   66.8	   3443	-2.4150	  1.0000e+00  1.2575e+01  3.9007e+01  1.1829e+00  1.6150e-02  7.9967e+02  8.0645e+02
schmmedi   F	 190653	     16	  271.3	 147455	-3.2882	  3.9189e-01  1.4531e+01  3.1204e+01  7.1178e+00  1.1099e+01  8.2063e+01  6.0527e-01  1.8052e-01 -2.0666e+03  5.2890e+03  1.4756e+00  4.5722e-05  2.9339e+06  2.9340e+06
schmpoly   F	  80397	     17	   84.8	  64707	-3.0281	  4.6700e-01  1.9520e+01  2.5859e+01  6.2174e+00  1.0738e+01  1.2466e+02  5.5516e-01  1.3780e-01 -2.2963e+03  4.5105e+03  2.3071e+00  9.4192e-05  1.1312e+06  1.1313e+06
scirince   F	    976	     16	  203.5	   3663	-2.9278	  2.1065e-01 -1.5679e+02  2.3699e+02  2.9516e+01 -1.2027e+02  2.6938e+02  2.2686e+00  5.1875e-01 -5.2432e+02  1.0256e+03  3.0448e+00  1.2209e-03  1.3204e+04  1.3258e+04
sciucaro   F	      5	    354	  989.5	    inf	-3.3327	  1.0000e+00  1.2581e+02  4.5393e+02  1.5006e+00  1.9927e-01  8.2465e+01  8.1293e+01
sclebore   F	  21297	     35	   60.6	    767	-2.0268	  6.1738e-01  2.9141e+01  2.3276e+01  4.4605e+00 -2.3143e+02  3.1222e+02  1.1022e+01  2.7882e-01 -6.7801e+01  3.0001e+02  2.9392e+00  4.8881e-04  1.9876e+05  1.9885e+05
sclebria   F	   1532	     16	 1675.3	  76318	-3.9281	  3.4481e-02 -8.3154e+02  8.6999e+02  3.0000e+01 -3.4077e+02  1.5809e+03  1.3554e+00  6.4182e-04  2.7765e+04  2.7803e+04
sclecitr   F	 187279	     16	   58.0	    905	-1.8764	  7.7101e-01  2.9508e+01  2.3452e+01  3.6886e+00 -2.2346e+01  1.0198e+02  2.3059e+00  2.2537e-01  3.9555e+02  2.1873e+03  2.0692e+00  1.4719e-04  1.6173e+06  1.6174e+06
scleform   F	 261202	     30	  473.0	  44853	-3.4414	  1.8046e-01  5.2725e+01  4.7703e+01  2.0328e+00  5.6564e+00  3.0347e+02  1.2459e+00  5.2616e-01 -1.9892e+02  1.3197e+03  1.2177e+00  1.6962e-05  4.1391e+06  4.1392e+06
sclehyst   F	 103485	     23	   53.4	    395	-1.5341	  8.7795e-01 -6.9508e+01  1.2053e+02  2.9393e+01 -2.1913e+00  6.2763e+01  1.7214e+00  4.1986e-04  7.3023e+05  7.3029e+05
sclesang   F	  20685	     23	   53.2	    479	-1.5615	  8.7461e-01 -6.5854e+01  1.1640e+02  2.8304e+01 -5.2062e+00  8.4045e+01  1.8280e+00  5.4976e-04  1.4873e+05  1.4878e+05
sclescle   F	  25684	     24	   77.4	    911	-2.3553	  3.6615e-02 -5.8652e+01  9.9034e+01  1.2430e+01  4.0979e+01  1.3428e+01  1.5265e+00  5.6672e-01 -2.3945e+02  4.0588e+02  4.3989e+00  4.3921e-04  2.7831e+05  2.7840e+05
scolcall   F	  86234	     16	  613.7	 191324	-3.5685	  6.1734e-01 -1.5584e+01  3.0642e+02  7.4759e-01 -1.0561e+02  6.8469e+02  2.2708e+00  5.9506e-05  1.4168e+06  1.4169e+06
scomcoli   F	  99270	     16	  380.0	 102437	-3.3395	  3.0414e-02  6.0264e+01  2.9736e+01  4.4730e+00  5.9648e+01  5.0666e+01  1.4931e+00  3.4797e-01 -9.6797e+01  6.6637e+02  1.1207e+00  3.5721e-05  1.5281e+06  1.5282e+06
scomjapo   F	 222736	     30	  422.0	  35993	-3.3534	  1.8730e-01  2.7004e+01  6.6802e+01  4.8232e+00 -6.1130e+00  1.4982e+02  2.8288e+00  1.9057e-01 -1.3647e+02  7.9059e+02  1.2610e+00  2.5032e-05  3.4399e+06  3.4400e+06
scomscom   F	 224506	     23	  419.1	  44660	-3.3671	  3.2973e-03  8.4900e+01  1.0466e-01  1.4035e+00  6.8569e+01  4.0068e+01  1.0874e+00  3.8468e-01 -1.1208e+02  7.2726e+02  1.1751e+00  1.4668e-04  3.4689e+06  3.4690e+06
scopmaxi   F	 269017	     16	  381.9	  44764	-3.3284	  1.3995e-01  6.3344e+01  3.3411e+01  2.0453e+00  5.8228e+01  6.2549e+01  1.0828e+00  2.8447e-01 -8.1763e+01  6.7902e+02  1.1429e+00  1.7046e-05  4.1249e+06  4.1250e+06
scutcalo   F	  12376	     18	   85.1	    684	-2.0720	  8.0228e-01  2.9001e-01  7.6897e+01  6.7168e+00 -1.4212e+02  2.7774e+02  3.3636e+00  4.9291e-04  1.1807e+05  1.1812e+05
scylcani   F	 221459	     16	 3940.4	 492857	-4.3722	  6.2066e-02  7.0804e+01  3.2759e+01  9.7340e-01 -5.8824e+02  3.3505e+03  1.0481e+00  1.1564e-05  4.4712e+06  4.4713e+06
scylpara   F	 189581	     19	  828.5	 357850	-3.8321	  2.2921e-01  6.0193e+01  1.9811e+02  7.8672e-01 -2.0442e+01  7.3149e+02  8.3471e-01  2.2483e-05  3.3429e+06  3.3430e+06
scyltora   F	 243399	     21	 4514.9	 951036	-4.4777	  8.7751e-02  7.2256e+01  6.2448e+01  6.5029e-01 -4.6307e+02  3.6584e+03  9.4188e-01  1.0962e-05  5.0108e+06  5.0109e+06
scytspec   F	  96887	     23	   54.7	    475	-1.6377	  8.4357e-01  1.5137e+01  3.6686e+01  8.2304e+00 -8.4705e+01  1.5086e+02  4.2834e+00  1.4403e-01  7.3315e+01  2.5889e+02  1.8292e+00  3.1106e-04  7.3084e+05  7.3095e+05
sebacaur   F	 104429	     16	  423.5	  23225	-3.2924	  8.3583e-03  8.6900e+01  1.6127e-01  7.1907e-01  5.1138e+01  5.2958e+01  1.9374e+00  3.5352e-01 -1.8047e+02  7.7569e+02  1.4224e+00  2.1959e-04  1.5948e+06  1.5949e+06
sebacili   F	  83856	     16	  365.4	  18725	-3.2690	  1.9317e-08  5.4644e+01  1.1297e+01  9.1936e-05  6.1771e+01  4.4660e+01  1.3640e+00  4.3191e-01 -3.0454e+02  9.7826e+02  1.6010e+00  6.7322e-05  1.2653e+06  1.2654e+06
sebaumbr   F	 260083	     22	  581.5	  53097	-3.4881	  1.7666e-01  1.3305e+01  7.8466e+01  6.0325e+00 -4.3435e+01  1.9240e+02  3.4657e+00  1.8190e-01 -2.0319e+02  1.0702e+03  1.2411e+00  2.1891e-05  4.1796e+06  4.1797e+06
sebavari   F	  79070	     16	  375.8	  18858	-3.2760	  5.0652e-02  2.2299e+01  6.3431e+01  5.8872e+00  7.0478e+01  4.2127e+01  1.0420e+00  3.9033e-01 -3.6933e+02  1.0371e+03  1.6638e+00  5.4573e-05  1.1964e+06  1.1966e+06
sebaverm   F	  95007	     16	   53.8	   2015	-1.7665	  8.2260e-01  2.7610e+01  2.2712e+01  4.8813e+00 -3.2137e+02  3.9955e+02  1.0591e+01  1.2818e-01 -2.2605e+02  5.5779e+02  1.6062e+00  1.7803e-04  7.7554e+05  7.7565e+05
secacere   F	   1141	     17	  296.5	 185555	-3.3692	  3.2732e-01  4.2803e+01  4.8321e+01  2.5081e+00 -1.3727e+02  5.6062e+02  1.9648e+00  3.4934e-01  7.1674e+00  3.4635e+02  4.7452e-01  1.0401e-03  1.7766e+04  1.7822e+04
selamoel   F	 185680	     29	   58.3	    776	-1.7865	  8.5094e-01 -5.0930e+00  5.9030e+01  8.6725e+00  1.6059e+01  6.9619e+01  1.4135e+00  1.3411e-04  1.5276e+06  1.5277e+06
seleunda   F	    192	     16	  335.0	  28654	-3.2203	  3.1960e-02  1.0560e+01  8.7072e+00  2.4909e+00  3.7649e+01  5.6129e+01  2.9094e+00  3.5498e-01 -1.2896e+02  6.2634e+02  1.2553e+00  5.3581e-03  2.8839e+03  2.9198e+03
semipulc   F	 232454	     30	  360.8	  37692	-3.3285	  1.5945e-01  3.6936e+01  5.1412e+01  4.9013e+00  5.1554e+01  1.0091e+02  1.0450e+00  4.1390e-01 -2.3209e+02  1.1761e+03  1.3324e+00  2.4458e-05  3.5631e+06  3.5632e+06
sepiless   F	     12	    438	 2225.0	  10749	-3.7163	  1.0000e+00 -3.6807e+03  5.1456e+03  5.1358e+00  8.3103e-02  2.1240e+02  2.1385e+02
septmusi   F	  18860	     18	   72.3	   1771	-2.1986	  8.6706e-01  4.2956e+01  2.0409e+01  1.1613e+00 -7.4026e+01  1.4391e+02  3.6533e+00  3.0825e-04  1.9106e+05  1.9111e+05
septpopu   F	  11527	     16	   69.8	   1764	-2.2107	  8.4813e-01  4.2448e+01  2.0486e+01  1.2354e+00  3.5636e+00  4.6172e+01  1.2762e+00  4.1963e-04  1.1731e+05  1.1736e+05
septspec   F	  53974	     23	   58.3	    464	-1.5751	  9.2389e-01 -1.3781e+01  6.9281e+01  1.3634e+01 -2.6048e+01  1.0738e+02  1.8547e+00  7.5503e-02  4.1475e+02  2.1203e+03  1.3226e+00  4.0017e-04  3.9152e+05  3.9161e+05
sequsemp   F	      1	    805	  402.5	      4	-2.7969	  1.0000e+00 -3.0206e+03  3.8083e+03  3.0000e+01  9.9714e-01  9.8103e+01  9.2103e+01
serajapo   F	  39440	     16	   95.1	 164140	-3.0420	  4.7103e-01  3.8088e+01  1.3174e+01  3.1382e+00 -1.3308e+03  1.4566e+03  1.9984e+01  1.4207e-01 -3.2481e+02  2.2314e+03  1.0098e+00  1.4099e-04  5.5222e+05  5.5232e+05
sereindi   F	  48334	     23	   48.9	    311	-1.4653	  8.8550e-01  2.7267e+01  1.9457e+01  5.9914e+00 -2.3711e+01  9.4286e+01  2.4513e+00  6.5015e-04  3.2608e+05  3.2614e+05
sereverm   F	  56087	     23	   52.3	    627	-1.5538	  8.8615e-01  1.2822e+01  3.6937e+01  9.2928e+00 -1.0513e+00  7.7971e+01  1.4876e+00  4.0061e-04  4.0207e+05  4.0213e+05
seriaure   F	 251960	     29	  421.5	  47760	-3.3752	  2.2622e-01  1.5180e+01  8.0639e+01  5.0185e+00  8.3716e+01  1.2123e+02  1.0216e+00  2.5061e-01 -8.6988e+01  7.9096e+02  1.1614e+00  1.9662e-05  3.9159e+06  3.9161e+06
sericana   F	 160167	     17	  953.3	 110936	-3.7648	  9.2409e-02  5.4946e+01  3.8053e+01  1.6760e+00 -8.0929e+01  8.5015e+02  1.0670e+00  1.9887e-05  2.7767e+06  2.7768e+06
seridume   F	 240052	     24	  407.1	  38156	-3.3480	  3.1441e-01  5.7917e+01  4.6044e+01  1.6837e+00  8.9217e+00  2.7142e+02  1.1900e+00  2.2386e-01 -1.2578e+02  8.5255e+02  1.2234e+00  2.1298e-05  3.7007e+06  3.7009e+06
serilala   F	 238970	     21	  386.7	  38127	-3.3233	  1.3825e-01  6.6860e+01  3.0710e+01  1.6184e+00  5.5030e+01  7.0099e+01  1.2328e+00  2.9277e-01 -7.3477e+01  6.9494e+02  1.1869e+00  2.1110e-05  3.6566e+06  3.6567e+06
seriquin   F	     15	     54	  129.5	   1758	-2.6679	  4.8615e-01  2.7524e+01  5.8585e+01  5.0183e+00 -8.1316e+03  8.4757e+03  3.0000e+01  6.8417e-02  2.0335e+02  2.0831e+02
serphima   F	  37926	     23	   57.5	   1015	-1.7948	  7.7038e-01  1.1065e+01  4.2823e+01  8.8239e+00  3.5627e+00  6.7652e+01  1.4108e+00  3.5165e-04  3.1311e+05  3.1317e+05
serplacr   F	  59013	     16	   57.2	    679	-1.7068	  8.4758e-01  1.0207e+01  4.3909e+01  8.4100e+00 -6.6505e+00  7.5976e+01  1.5461e+00  2.9308e-04  4.6355e+05  4.6361e+05
sesaindi   F	 127448	     19	  215.4	   4548	-2.9458	  3.8703e-01  3.5944e+01  5.4459e+01  3.2054e+00 -9.2832e+01  2.9198e+02  2.5006e+00  2.8678e-01 -2.3922e+02  8.6817e+02  2.4772e+00  5.0664e-05  1.7289e+06  1.7290e+06
setaital   F	 133142	     16	  138.1	   3650	-2.8055	  4.4199e-01  3.1373e+01  5.8271e+01  3.8059e+00 -7.0220e+01  2.2138e+02  1.8154e+00  3.0541e-01 -4.5572e+02  9.9921e+02  3.0904e+00  5.9236e-05  1.7204e+06  1.7205e+06
setaviri   F	 141945	     16	  143.0	   3860	-2.8285	  4.3213e-01  3.1367e+01  5.8268e+01  3.7725e+00 -7.0217e+01  2.2138e+02  1.8211e+00  2.9751e-01 -4.5572e+02  9.9921e+02  2.9814e+00  5.4895e-05  1.8493e+06  1.8494e+06
setoholm   F	  23984	     23	   54.4	    879	-1.9418	  5.8014e-01  2.8066e+01  2.1770e+01  5.9365e+00 -3.5956e+00  7.2745e+01  1.7724e+00  4.7057e-04  2.1460e+05  2.1466e+05
setoturc   F	  45566	     16	   57.4	   1064	-1.9570	  6.7907e-01  3.3150e+01  1.8336e+01  3.2998e+00 -3.0145e+01  1.0665e+02  2.5268e+00  3.0475e-01  9.6068e+01  3.0209e+02  1.0444e+00  3.8641e-04  4.1119e+05  4.1129e+05
shirbamb   F	     26	     47	   61.0	     26	-1.8493	  8.3205e-01  3.3746e+01  2.0761e+01  3.0623e+00 -2.2156e+01  1.4967e+02  6.0157e+00  4.1924e-02  3.1957e+02  3.2838e+02
sialfuli   F	  32319	     25	  152.7	  68409	-2.9604	  3.6659e-01 -7.2594e+00  6.7039e+01  1.4801e+01 -9.4502e+02  1.0380e+03  3.0000e+01  1.5790e-01  6.0995e+01  4.7380e+02  9.1514e-01  1.1907e-04  4.4048e+05  4.4057e+05
sialluta   F	  39810	     25	  195.3	  73527	-3.0790	  2.1277e-01 -1.2050e+01  7.1967e+01  2.1068e+01  4.7447e+01  2.2297e+01  1.0553e+00  2.7735e-01 -7.8896e+01  6.8370e+02  9.8968e-01  7.1087e-05  5.6462e+05  5.6471e+05
sileconi   F	 128459	     16	  356.6	 177468	-3.2984	  3.1269e-01  5.2435e+01  4.1662e+01  2.1109e+00  1.4840e+01  9.7178e+01  4.1561e-01  1.1276e-01 -1.2817e+02  6.3635e+02  1.4838e+00  3.7492e-05  1.9497e+06  1.9498e+06
silelati   F	    235	     71	  273.0	  35732	-3.0845	  4.1389e-01  5.5777e+01  3.4420e+01  2.2070e+00  5.1022e+01  3.1515e+02  8.4994e-01  2.7237e-01 -9.7525e+01  6.2326e+02  1.8838e+00  4.2400e-03  3.3616e+03  3.3997e+03
silenoct   F	     62	     67	  120.0	   3109	-2.6358	  4.7943e-01  4.0782e+01  5.0885e+01  6.6013e+00 -2.8289e+02  5.6872e+02  2.5985e+00  1.4686e-02  7.6798e+02  7.8287e+02
sileundu   F	   3803	     16	  156.7	   2383	-2.7639	  4.0281e-01  5.0696e+01  4.2064e+01  2.7019e+00 -2.4663e+02  4.4262e+02  3.0010e+00  4.8487e-01 -3.4516e+02  8.7710e+02  3.2781e+00  4.9517e-04  4.8530e+04  4.8598e+04
siluasot   F	 117287	     17	  352.8	  18121	-3.2560	  2.2067e-01  1.0275e+01  7.9242e+01  6.0790e+00  3.1080e+01  1.2648e+02  1.9012e+00  2.5103e-01 -2.5425e+02  9.6076e+02  1.5790e+00  3.5017e-05  1.7562e+06  1.7563e+06
silumeri   F	 248301	     17	  473.0	  47627	-3.4245	  2.1279e-01 -2.1041e+00  9.2712e+01  6.6601e+00  7.9005e+01  1.1004e+02  1.0754e+00  2.7163e-01 -1.7096e+02  1.0747e+03  1.2422e+00  1.6380e-05  3.9152e+06  3.9153e+06
simmchin   F	      2	    406	 2182.0	     22	 0.0000	  1.0000e+00  4.0590e+02  2.5999e+02  1.3461e-01  4.0614e-01  3.0090e+01  2.6169e+01
simodiag   F	 275788	     28	  388.0	  53765	-3.3726	  1.7633e-01  1.1545e+01  7.6510e+01  6.5402e+00  4.8166e+01  1.0461e+02  1.1107e+00  3.4772e-01 -1.7613e+02  1.0646e+03  1.1773e+00  1.8265e-05  4.2830e+06  4.2831e+06
sinichua   F	 249546	     16	  559.0	  65564	-3.5098	  1.4247e-01 -6.9752e+00  1.0109e+02  6.9859e+00  8.7146e+00  1.4593e+02  2.4833e+00  1.7834e-01 -1.2714e+02  8.5555e+02  1.1306e+00  1.7008e-05  4.0339e+06  4.0340e+06
sinoanop   F	     36	     74	  448.0	 259639	-3.4418	  6.2140e-01  7.0529e+01  3.0531e+01  6.4134e-01  8.6814e+02  9.4616e+02  8.5404e-01  2.6786e-02  5.8181e+02  5.9290e+02
sinoansh   F	 407143	     28	  484.0	  49703	-3.4245	  2.0921e-01 -2.3995e+02  3.2570e+02  3.0000e+01  7.3137e+01  8.2858e+01  1.2612e+00  2.3294e-01 -2.0598e+02  1.1363e+03  1.2492e+00  1.6285e-05  6.4218e+06  6.4219e+06
sinocons   F	      7	     93	 1668.5	 385671	-4.0122	  1.0000e+00 -2.0374e+02  1.1100e+03  9.0508e-01  1.4266e-01  1.3631e+02  1.3615e+02
sinograh   F	 397692	     16	  451.5	  49938	-3.4102	  1.9106e-01 -2.3866e+02  3.2344e+02  3.0000e+01  4.8858e+01  9.6109e+01  1.4704e+00  2.6726e-01 -2.1068e+02  1.1681e+03  1.2464e+00  1.8318e-05  6.2457e+06  6.2458e+06
sinopuri   F	 125574	     16	 1341.0	  58790	-3.7803	  1.7716e-13 -9.3535e+02  6.3150e+02  1.3669e+02 -2.2587e+02  8.6200e+02  1.1849e+00  7.2064e-01  1.7310e+02  1.4494e+03  1.9609e+00  3.7533e-05  2.2006e+06  2.2007e+06
sinorhin   F	 408847	     23	  463.7	  48480	-3.4097	  1.9394e-01 -2.4171e+02  3.2708e+02  3.0000e+01  4.1939e+01  1.0139e+02  1.7548e+00  2.3529e-01 -1.9671e+02  1.0870e+03  1.2452e+00  1.9038e-05  6.4200e+06  6.4201e+06
siphflav   F	  86152	     28	  165.7	 106738	-3.1536	  4.5242e-01  3.7351e+01  3.0034e+01  2.5954e+00  8.6911e+00  2.0846e+02  1.0284e+00  2.0563e-01 -6.4434e+01  1.1462e+03  9.4563e-01  3.6347e-05  1.2508e+06  1.2509e+06
sipunudu   F	 127049	     16	 1044.9	 199094	-3.8257	  1.1694e-11 -2.6670e+02  5.9443e+02  1.1573e+02  1.8447e+02  5.1483e+02  9.4706e-01  5.5068e-01 -1.0928e+02  9.2146e+02  9.2804e-01  2.3653e-05  2.2398e+06  2.2399e+06
sirointe   F	  50057	     23	   47.5	   1589	-1.6327	  7.3635e-01 -4.6114e+01  9.2483e+01  3.0000e+01  2.4309e+01  2.2022e+01  9.2782e-01  1.9906e-03  3.7062e+05  3.7068e+05
sistcate   F	   9632	     51	 1052.2	  32961	-3.6678	  1.6180e-01  7.0137e+01  4.6476e+01  7.7013e-01 -3.1899e+02  1.2326e+03  1.6233e+00  1.5790e-04  1.6265e+05  1.6270e+05
sistnive   F	  59603	     16	   53.5	    458	-1.5227	  8.9403e-01 -4.3135e+00  5.5487e+01  1.3860e+01 -6.7915e+00  7.1049e+01  1.6129e+00  3.5394e-04  4.1809e+05  4.1815e+05
sistsuec   F	  76903	     16	   53.7	    279	-1.4745	  9.2515e-01 -2.8483e-01  5.1694e+01  1.2429e+01 -2.1683e+01  8.9839e+01  2.2120e+00  3.2171e-04  5.2215e+05  5.2222e+05
sisynigr   F	  36210	     25	   77.8	  41973	-2.8764	  5.0000e-01 -9.3490e+01  1.5112e+02  3.0000e+01  1.5396e+01  2.0179e+02  8.6238e-01  2.5446e-01  1.5763e+02  1.9999e+03  1.5123e+00  1.3299e-04  4.7963e+05  4.7972e+05
sisyterm   F	  41427	     27	   70.6	  65092	-2.7606	  5.2776e-01 -8.3641e+01  1.4095e+02  3.0000e+01  1.6581e+01  2.1173e+02  8.5026e-01  3.1801e-01  1.5329e+01  2.2351e+03  1.2121e+00  9.6830e-05  5.2656e+05  5.2665e+05
sitoaven   F	  53573	     16	  158.6	 216298	-3.1486	  5.0406e-01  4.2193e+01  2.7118e+01  2.0580e+00 -1.0039e+02  6.6340e+02  1.1309e+00  3.9428e-01 -5.8583e+01  2.1807e+03  6.7650e-01  6.3652e-05  7.7664e+05  7.7674e+05
sitomose   F	  84533	     30	  126.2	  50889	-2.9559	  7.4587e-01  4.6345e+01  3.8699e+01  1.2632e+00 -1.8612e+02  1.0758e+03  1.0986e+00  2.2657e-01  1.5678e+03  6.4692e+03  1.3630e+00  5.4436e-05  1.1506e+06  1.1507e+06
sitooryz   F	  88071	     16	  652.0	 190967	-3.5450	  2.6378e-01 -4.0806e+01  9.6715e+01  1.9809e+01 -9.1688e+00  1.6773e+02  1.1849e+00  2.7667e-01 -2.4382e+01  2.5090e+03  1.0453e+00  4.3478e-05  1.4361e+06  1.4362e+06
sitozeam   F	  47014	     16	  514.2	  91609	-3.3812	  2.9346e-01 -1.9125e+01  7.4971e+01  1.6128e+01 -3.8367e+01  1.7640e+02  1.7951e+00  2.1728e-01 -5.8453e+01  1.7368e+03  1.1545e+00  7.5556e-05  7.3216e+05  7.3226e+05
skeldohr   F	   2503	     19	   90.7	   1026	-2.1592	  7.0118e-01 -2.3715e+02  3.1907e+02  2.8968e+01 -6.9458e+01  1.7914e+02  2.2537e+00  6.1160e-03  2.4959e+04  2.5000e+04
skelmari   F	   5484	     16	   93.2	  41758	-2.2878	  1.7791e-01  1.5165e+01  3.2238e+01  4.9645e-01  5.0952e+01  3.6740e+01  2.3825e+00  9.4159e-04  5.7655e+04  5.7701e+04
skelmenz   F	   6346	     18	   95.5	   1443	-2.2052	  7.8990e-01  3.2708e+01  5.4056e+01  3.7693e+00 -5.9509e+01  1.8816e+02  1.7941e+00  8.0057e-04  6.4441e+04  6.4488e+04
smincras   F	      1	    116	   58.0	      1	-1.4326	  1.0000e+00 -4.8468e+01  1.6460e+02  3.0000e+01  9.3292e-01  9.8103e+01  9.2103e+01
smitculi   F	  13647	     39	  109.3	   1248	-2.4901	  9.9673e-01 -7.1869e+00  1.0319e+02  2.1183e+00 -2.2477e+02  3.4727e+02  1.9632e+01  5.3841e-04  1.5568e+05  1.5574e+05
smitmucr   F	   9920	     39	   90.2	   1456	-2.3824	  8.2184e-01 -2.9947e+01  1.0246e+02  4.5789e+00  3.7244e+01  2.1492e+02  1.8859e+00  5.9732e-04  1.0885e+05  1.0890e+05
sodialca   F	  24691	     16	   68.2	    625	-2.1461	  5.2113e-01  9.7972e+00  3.4228e+01  1.6092e+00  1.1920e+01  5.7333e+01  3.9609e+00  4.1951e-04  2.4417e+05  2.4423e+05
sodialka   F	  26923	     23	   89.0	    915	-2.2897	  5.8605e-02 -2.8803e+02  3.2800e+02  3.0000e+01  3.0168e+01  4.9626e+01  1.8175e+00  2.4916e-04  2.8396e+05  2.8401e+05
solachac   F	  54718	     16	  232.2	   4690	-2.9952	  3.8918e-01  4.3319e+01  4.6451e+01  2.8731e+00 -4.0563e+02  5.9969e+02  4.8562e+00  2.2468e-01 -6.2541e+02  1.3073e+03  3.0955e+00  8.5207e-05  7.5510e+05  7.5520e+05
solachil   F	  92668	     16	  255.6	  22139	-3.1228	  4.1027e-01  4.6699e+01  4.3606e+01  2.3211e+00  1.5064e+01  4.4635e+01  4.7077e-01  3.0636e-02 -1.0664e+02  5.8897e+02  1.4047e+00  5.9087e-05  1.3349e+06  1.3350e+06
solacomm   F	  77102	     16	  297.9	  53349	-3.1751	  2.7656e-01  4.2355e+01  4.6267e+01  3.2254e+00  5.4945e+01  1.2887e+02  6.9505e-01  3.2774e-01 -4.3202e+02  1.0084e+03  2.2066e+00  4.9889e-05  1.1287e+06  1.1288e+06
soladulc   F	 135410	     16	  314.8	  15923	-3.1672	  3.1444e-01  3.5106e+01  5.4091e+01  3.5432e+00 -7.9415e+01  2.5207e+02  2.6348e+00  2.2959e-01 -4.5400e+01  7.9370e+02  1.5019e+00  3.8070e-05  1.9750e+06  1.9752e+06
solalyco   F	 138788	     22	  260.9	  10731	-3.0848	  2.7838e-01 -2.6071e+02  3.4619e+02  2.8922e+01 -1.6140e+02  2.9160e+02  5.8361e+00  2.0086e-01 -2.0319e+02  7.7929e+02  1.7571e+00  4.0944e-05  1.9716e+06  1.9717e+06
solamelo   F	  86630	     16	  277.4	  13171	-3.1300	  3.4768e-01  4.0297e+01  4.8082e+01  2.9323e+00 -9.0675e+01  3.5690e+02  1.5588e+00  4.0171e-01  5.6518e+01  8.5431e+02  1.5541e+00  5.3144e-05  1.2487e+06  1.2488e+06
solapenn   F	 139847	     29	  259.3	  11411	-3.0883	  2.7262e-01 -2.6652e+02  3.5191e+02  3.0000e+01 -1.5766e+02  2.8459e+02  5.8455e+00  2.0324e-01 -1.9594e+02  7.6660e+02  1.7103e+00  3.8703e-05  1.9891e+06  1.9892e+06
solasiti   F	   1281	     24	  302.5	  34499	-3.1358	  4.5940e-01  5.5336e+01  3.7352e+01  1.5958e+00 -5.7100e+02  1.1715e+03  2.8916e+00  3.6720e-01  5.2097e+01  4.7929e+02  8.2747e-01  9.4185e-04  1.8520e+04  1.8577e+04
solasten   F	 138622	     19	  262.4	  20906	-3.1153	  3.5212e-01  3.5290e+01  5.3722e+01  3.4342e+00 -2.0950e+01  3.2749e+02  1.1054e+00  4.8377e-01 -1.8226e+02  9.9009e+02  2.3127e+00  3.9864e-05  1.9886e+06  1.9887e+06
solatube   F	 191073	     17	  263.6	   7534	-3.0575	  3.4446e-01  1.1509e+01  7.6392e+01  5.2481e+00 -3.7757e+02  5.4510e+02  7.2733e+00  1.7952e-01 -2.8718e+02  9.1344e+02  2.1193e+00  5.8806e-05  2.6895e+06  2.6896e+06
solaverr   F	 125954	     27	  246.1	  12540	-3.0741	  2.8254e-01 -2.6869e+02  3.5540e+02  3.0000e+01 -2.6925e+02  3.9747e+02  7.3603e+00  2.2767e-01 -9.5969e+01  6.8934e+02  1.5745e+00  4.7459e-05  1.7849e+06  1.7850e+06
soleinvi   F	 116157	     16	  328.7	 216651	-3.4295	  2.6926e-01  2.0659e+01  6.0306e+01  3.8214e+00 -9.8513e+01  3.3626e+02  1.8701e+00  4.1621e-01 -1.4957e+02  1.8172e+03  8.6457e-01  4.0974e-05  1.8333e+06  1.8334e+06
solesene   F	 248231	     29	  399.2	  34191	-3.2967	  1.0220e-01 -1.7976e+02  2.6677e+02  3.0000e+01  4.7201e+01  5.6691e+01  1.6553e+00  2.8855e-01 -9.1680e+01  7.1012e+02  1.2381e+00  2.0355e-05  3.7688e+06  3.7689e+06
solesole   F	 247511	     30	  419.8	  38338	-3.3225	  7.2319e-02  9.3970e+00  7.8677e+01  1.0041e+01  5.2346e+01  4.8852e+01  1.5567e+00  3.1267e-01 -9.2415e+01  7.3183e+02  1.2143e+00  1.8701e-05  3.7896e+06  3.7897e+06
solevelu   F	 110156	     16	 1739.5	  79161	-3.9417	  1.0000e+00 -4.2453e+02  1.6471e+03  1.3657e+00  2.4362e-05  2.0037e+06  2.0038e+06
sonncase   F	  84681	     17	  182.2	  11032	-2.8154	  4.3701e-01  2.8500e+01  6.5260e+01  3.6700e+00 -9.3630e+01  3.8393e+02  2.0080e+00  7.1977e-05  1.0982e+06  1.0983e+06
sordmacr   F	  15549	     23	   73.6	    938	-2.1684	  7.0193e-01  2.1375e+01  4.1518e+01  3.8303e+00 -5.9096e+01  1.7373e+02  2.3348e+00  4.3801e-04  1.5523e+05  1.5528e+05
sorearan   F	 162793	     20	 1265.3	 125271	-3.8561	  1.0418e-01  4.9897e+01  3.6768e+01  2.4231e+00 -3.8095e+01  3.5793e+02  1.0912e+00  3.2258e-01 -1.5687e+02  1.8505e+03  1.1508e+00  2.0192e-05  2.8925e+06  2.8926e+06
sorecine   F	 184642	     30	 1357.1	 180633	-3.9125	  1.0487e-01  3.5728e+01  5.1377e+01  3.3897e+00 -8.0136e+01  3.1648e+02  2.0346e+00  1.7328e-01 -1.4562e+02  1.6983e+03  1.0646e+00  1.5909e-05  3.3263e+06  3.3264e+06
sorefume   F	 185835	     30	 1360.4	 179260	-3.9136	  1.0457e-01  3.6716e+01  5.0481e+01  3.3092e+00 -5.1961e+01  3.2488e+02  1.5786e+00  2.2369e-01 -1.1598e+02  1.8119e+03  1.0661e+00  1.5842e-05  3.3485e+06  3.3487e+06
sorgbico   F	 149896	     16	  156.2	   7547	-2.9044	  4.6689e-01  3.9485e+01  5.2404e+01  2.8286e+00 -4.2546e+01  2.3479e+02  1.2798e+00  2.4503e-01 -2.9525e+02  8.0300e+02  2.1476e+00  4.3427e-05  2.0062e+06  2.0063e+06
sparaura   F	 275600	     16	  419.7	  58728	-3.3988	  1.2808e-01  5.3894e+01  3.7077e+01  3.2888e+00  5.6967e+01  8.5714e+01  9.8257e-01  3.8176e-01 -1.3601e+02  9.8355e+02  1.1521e+00  1.8410e-05  4.3126e+06  4.3128e+06
sparcris   F	  60579	     24	   55.8	    570	-1.5246	  9.2415e-01 -3.0026e+01  8.3163e+01  1.8262e+01  1.8902e+01  6.7615e+01  1.2800e+00  4.0683e-04  4.2529e+05  4.2535e+05
sparlati   F	  75510	     23	   56.8	    570	-1.6996	  8.2927e-01  9.6416e+00  4.3972e+01  8.8913e+00 -6.6528e+00  7.7906e+01  1.7571e+00  3.2141e-04  5.9078e+05  5.9085e+05
spatflav   F	  24601	     41	   62.9	   1059	-2.1320	  5.2947e-01  3.7054e+00  4.8783e+01  9.8301e+00 -3.6178e+02  4.2903e+02  2.8237e+01  1.7705e-01 -3.9006e+01  1.9008e+02  2.3168e+00  2.6334e-04  2.4154e+05  2.4163e+05
spatpass   F	   6075	     16	 1011.5	 426661	-3.8746	  5.8000e-02 -8.1031e+00  6.2979e+01  1.3220e+01 -4.5304e+00  9.9283e+01  1.1504e+00  3.8231e-01 -6.1100e+02  3.1093e+03  9.5846e-01  2.4358e-04  1.0995e+05  1.1002e+05
speabomb   F	 189331	     30	  618.4	  79060	-3.5771	  1.0544e-01  6.5074e+01  2.9472e+01  1.3495e+00 -3.6752e+01  5.4749e+02  1.0425e+00  1.9998e-05  3.1190e+06  3.1191e+06
speamult   F	  96988	     16	  510.1	  31207	-3.4346	  7.8713e-02  6.3786e+01  2.6744e+01  1.8620e+00 -1.1458e+02  5.1368e+02  1.2684e+00  9.2129e-01 -2.9594e+03  4.3216e+03  3.6411e+00  4.6488e-05  1.5365e+06  1.5366e+06
sphaarct   F	  91982	     21	  456.0	   2945	-3.1308	  6.8058e-01 -6.0595e+02  8.7085e+02  5.3185e+00 -1.7736e+02  8.6636e+02  3.2994e+00  1.0830e-04  1.3275e+06  1.3276e+06
sphafall   F	 135191	     23	  248.4	   1815	-2.8460	  1.0000e+00 -1.8972e+02  3.9771e+02  3.2737e+00  1.5285e-04  1.7741e+06  1.7741e+06
sphagran   F	    186	     16	  775.0	  45164	-3.6151	  1.0352e-01 -2.6002e+01  4.8603e+01  6.7220e+00 -1.2233e+02  8.5063e+02  1.3048e+00  8.9644e-01  7.3281e+02  9.4073e+02  1.1872e+02  5.3682e-03  3.0535e+03  3.0890e+03
sphamusi   F	  13228	     17	   70.5	    963	-2.1248	  8.4697e-01  4.1992e+01  1.9851e+01  1.3468e+00 -7.3068e+01  1.4565e+02  3.4199e+00  3.7713e-04  1.2941e+05  1.2947e+05
sphaorbi   F	 247079	     18	  752.8	  61901	-3.5687	  2.0726e-01  2.8865e+01  6.1468e+01  4.4947e+00 -1.2031e+02  2.8080e+02  4.3341e+00  1.3991e-01 -2.7366e+02  1.3589e+03  1.2733e+00  1.9699e-05  4.0623e+06  4.0624e+06
spharuep   F	  60182	     19	   73.2	 312106	-2.9648	  5.3954e-01 -1.4011e+02  1.9927e+02  3.0000e+01 -2.1135e+02  3.3326e+02  4.9355e+00  1.3142e-01 -3.2732e+02  2.5708e+03  8.7061e-01  1.3605e-04  8.2002e+05  8.2012e+05
sphastel   F	 136519	     16	   55.6	   1383	-1.6525	  8.6441e-01 -8.1440e+01  1.3431e+02  2.8869e+01  7.9180e+00  6.0077e+01  1.0482e+00  1.9020e-04  1.0389e+06  1.0390e+06
sphatown   F	 188450	     29	 1703.8	 121608	-3.9816	  8.5848e-02  7.1750e+01  5.0338e+01  7.8544e-01 -2.6734e+02  1.6177e+03  1.2134e+00  1.6225e-05  3.4576e+06  3.4576e+06
sphepunc   F	  80568	     16	 2095.0	 859249	-4.2258	  5.2705e-02  6.7904e+01  3.5806e+01  1.0927e+00 -1.1982e+02  1.5911e+03  8.3310e-01  2.3227e-05  1.5669e+06  1.5670e+06
sphipina   F	  28356	     18	  591.3	  49225	-3.5167	  6.3308e-02  4.0479e+01  3.7175e+01  4.5250e+00 -5.8014e+01  5.1664e+02  1.1475e+00  7.9049e-05  4.5961e+05  4.5967e+05
spinfusi   F	  62693	     23	   68.4	    417	-2.0736	  9.9727e-01  6.2652e+00  5.3554e+01  2.7450e+00 -7.7984e+01  1.6524e+02  4.1071e-01  4.2171e-04  6.0154e+05  6.0161e+05
spinoler   F	 123768	     16	  309.7	  15732	-3.1787	  3.5851e-01  4.0459e+01  5.2449e+01  3.0716e+00 -1.9596e+02  4.0037e+02  2.8571e+00  2.1813e-01 -1.2637e+02  9.5824e+02  1.5800e+00  4.0718e-05  1.8094e+06  1.8095e+06
spirerin   F	  38632	     23	  420.4	   8785	-3.2971	  1.2792e-01 -3.3776e+01  6.9182e+01  1.6714e+01 -9.2020e+00  1.1040e+02  1.6698e+00  3.8636e-01 -2.3458e+03  3.5820e+03  4.0785e+00  1.8503e-04  5.8835e+05  5.8844e+05
spirpoly   F	  79779	     16	  176.8	   5827	-2.9596	  3.7421e-01 -7.5553e+01  1.6412e+02  1.1342e+01 -7.8653e+01  2.5910e+02  2.0978e+00  3.5239e-01 -6.0776e+02  1.4633e+03  2.7672e+00  6.6543e-05  1.0872e+06  1.0873e+06
spirsalm   F	      6	     43	   62.0	     10	-4.1214	  1.0000e+00  4.2867e+01  3.1212e+01  1.9945e-01  1.9707e-01  5.6177e+01  5.5553e+01
spizpunc   F	  44563	     23	   65.5	    340	-1.6269	  9.2983e-01 -1.3398e+02  1.9639e+02  2.9929e+01  1.8202e+01  6.4928e+01  1.6671e+00  6.9817e-02 -2.8673e+03  6.4095e+03  1.3108e+00  5.8555e-04  3.3065e+05  3.3074e+05
spodfrug   F	  78588	     16	  486.6	 103125	-3.5413	  7.1974e-02 -1.3105e+02  2.1235e+02  2.9999e+01 -4.4445e+01  4.3714e+02  9.5554e-01  6.2186e-05  1.2847e+06  1.2847e+06
spodlitt   F	  44507	     16	  432.2	  94356	-3.4665	  8.4110e-02  2.2014e+01  5.9207e+01  9.0079e+00 -5.0062e+01  3.7717e+02  9.4297e-01  9.1589e-01 -2.9896e+03  4.3553e+03  4.6306e+00  1.0836e-04  7.1134e+05  7.1144e+05
spodlitu   F	  97374	     16	  530.8	  96741	-3.5340	  9.0578e-02  2.7673e+01  5.3717e+01  6.0780e+00 -2.3540e+01  4.4950e+02  9.6811e-01  3.9161e-05  1.5873e+06  1.5874e+06
sponsubt   F	     40	     47	   56.5	     57	-1.4530	  9.7495e-01 -6.5848e+01  1.1908e+02  2.3798e+01 -1.5076e+01  2.9612e+02  3.0000e+01  3.1794e-02  3.6400e+02  3.7582e+02
sporbras   F	  10097	     23	   78.8	   1141	-2.2014	  6.4063e-01 -1.4576e+02  2.1478e+02  1.8158e+01 -3.1122e+01  1.2648e+02  1.9168e+00  4.1621e-04  1.0236e+05  1.0241e+05
sporfime   F	  21261	     16	   52.7	    600	-1.7821	  7.3416e-01  3.0588e+01  1.8281e+01  4.6638e+00 -1.7292e+01  9.6142e+01  2.1325e+00  5.3063e-04  1.7445e+05  1.7451e+05
sporgram   F	   2915	     47	   94.8	   1158	-2.1527	  7.6974e-01 -2.5874e+02  3.4467e+02  3.0000e+01 -7.2824e+01  2.5055e+02  2.3992e+00  8.9023e-04  2.8879e+04  2.8921e+04
sporinse   F	  16680	     23	   83.8	   1023	-2.1103	  8.1598e-01 -1.4190e+02  2.1732e+02  1.5584e+01 -5.4694e+01  1.7025e+02  1.9463e+00  3.5117e-04  1.6197e+05  1.6202e+05
sporlact   F	   5043	     23	   87.5	   3098	-2.4891	  5.1947e-01  3.9397e+00  6.4060e+01  4.0442e+00 -3.0381e+01  1.4436e+02  1.4825e+00  1.0861e-03  5.7644e+04  5.7689e+04
sporlind   F	  47550	     23	   39.3	    652	-1.2674	  8.8788e-01 -1.9038e+01  5.6806e+01  2.9972e+01 -6.4549e+01  1.5033e+02  8.6989e+00  9.4786e-02 -7.2819e+01  2.9367e+02  1.1926e+00  8.4513e-04  2.7768e+05  2.7778e+05
sporpara   F	  44343	     24	   71.6	    375	-1.7863	  9.0461e-01  1.9893e+01  4.7388e+01  5.9446e+00 -1.0351e+02  2.1383e+02  3.6280e+00  4.7123e-04  3.6464e+05  3.6470e+05
sporreil   F	   2921	     17	   87.5	   1046	-2.1273	  7.6223e-01 -2.3319e+02  3.1258e+02  2.8823e+01 -1.1244e+02  2.5980e+02  2.5757e+00  1.0258e-03  2.8623e+04  2.8665e+04
sporrose   F	  34152	     16	   76.5	    721	-2.0761	  6.7966e-01 -4.5043e+00  7.4798e+01  8.3775e+00 -5.4950e+01  1.3946e+02  2.4197e+00  2.6747e-04  3.2669e+05  3.2675e+05
sporsalm   F	  26237	     23	   69.9	    397	-1.9921	  6.1526e-01  2.5582e+01  3.8027e+01  5.9551e+00 -1.1288e+02  1.9391e+02  4.4900e+00  1.2261e-03  2.4050e+05  2.4056e+05
sporsche   F	  10196	     23	   74.8	    492	-2.0681	  6.4353e-01 -1.4545e+02  2.1407e+02  1.9349e+01 -4.1353e+01  1.1042e+02  2.7044e+00  8.1525e-04  9.7185e+04  9.7236e+04
sporscit   F	   5294	     37	   99.2	   1339	-2.3851	  4.2424e-01 -4.0633e+01  1.2649e+02  1.1675e+01 -3.7837e+01  1.4376e+02  2.0989e+00  7.7940e-04  5.8251e+04  5.8297e+04
sporumbe   F	  48520	     23	   60.4	    536	-1.8780	  9.3370e-01  1.7000e+00  5.3197e+01  4.9056e+00 -2.3649e+01  1.2112e+02  1.6643e+00  2.2491e-04  4.1986e+05  4.1992e+05
spraloph   F	     96	     18	  388.0	  72065	-3.3657	  2.8628e-01  1.6796e+01  1.3220e+01  6.2835e-01 -2.1449e+01  1.8935e+02  9.4468e+00  6.5238e-02 -6.5672e+01  5.3759e+02  1.0530e+00  1.0657e-02  1.5060e+03  1.5342e+03
spum_lla   F	  10623	     16	   76.5	   3309	-2.1730	  6.9006e-01  4.3309e+01  2.4812e+01  2.8025e+00 -3.1919e+01  1.5158e+02  1.7961e+00  6.9011e-04  1.0632e+05  1.0637e+05
spumvulg   F	  11696	     16	   63.7	   3046	-2.0773	  6.2691e-01 -1.0043e+02  1.5687e+02  3.0000e+01 -5.9123e+01  1.7667e+02  2.5052e+00  8.5318e-04  1.1200e+05  1.1205e+05
squaacan   F	 181793	     16	 3042.6	 401400	-4.2880	  5.2546e-02  6.6579e+01  4.1194e+01  1.1627e+00 -4.4100e+02  2.6491e+03  1.0438e+00  1.2655e-05  3.5934e+06  3.5935e+06
stacchar   F	  20432	     23	   59.5	   1039	-1.9126	  7.6749e-01 -1.8902e+01  7.3223e+01  1.0910e+01  1.9097e+00  9.0061e+01  1.5669e+00  5.6149e-04  1.7998e+05  1.8004e+05
stacchlo   F	  18820	     23	   59.4	    936	-1.8996	  7.7214e-01  8.3301e+00  4.5957e+01  6.9074e+00  1.9304e+00  8.6970e+01  1.6042e+00  5.9803e-04  1.6465e+05  1.6470e+05
staceleg   F	  34227	     23	   58.7	    723	-1.9236	  2.8833e-02  1.4900e+01  2.1988e+01  2.4706e+00  2.1621e+01  3.2003e+01  4.3234e+00  8.0554e-01 -2.5992e+01  1.3828e+02  2.0642e+00  3.7755e-04  3.0310e+05  3.0319e+05
stagnodo   F	  19920	     16	   55.8	    602	-2.1080	  8.1409e-02 -1.1001e+02  1.3554e+02  1.8357e+01  2.9615e+01  2.0505e+01  5.2710e+00  5.0032e-01 -8.7836e+01  1.8215e+02  3.3199e+00  6.2811e-04  1.9325e+05  1.9334e+05
stagspec   F	  27929	     17	   54.5	    595	-1.8037	  7.4217e-01  3.1458e+01  1.8936e+01  4.4408e+00 -2.2786e+01  1.0622e+02  2.2332e+00  3.9249e-04  2.3199e+05  2.3205e+05
stangris   F	  21696	     16	   58.4	    849	-1.9235	  1.7441e-02  1.2495e+01  2.0531e+01  4.9049e+00  3.2418e+01  2.1014e+01  2.9638e+00  8.1423e-01 -3.1233e+01  1.3567e+02  1.8738e+00  3.4959e-04  1.9224e+05  1.9232e+05
stegdumi   F	 132866	     28	 4196.7	 126706	-4.2589	  1.1169e-01  6.3987e+01  3.9544e+01  1.2236e+00 -1.9897e+02  1.4922e+03  9.9416e-01  2.3757e-01 -2.6714e+03  7.2761e+03  1.9852e+00  1.6659e-05  2.6083e+06  2.6084e+06
stegfasc   F	 208420	     30	 2997.9	 326569	-4.2523	  8.7577e-02  7.1397e+01  6.2836e+01  6.7672e-01 -4.0402e+02  2.6264e+03  1.0901e+00  1.3036e-05  4.0769e+06  4.0770e+06
stegmagn   F	  19595	     16	   80.2	   6036	-2.4945	  6.2285e-01  1.2853e+01  5.1439e+01  5.0577e+00 -5.1598e+01  2.8647e+02  1.4123e+00  2.2925e-04  2.2494e+05  2.2500e+05
stegmimo   F	  86883	     27	 3829.4	  59169	-4.1620	  1.3864e-01  6.7681e+01  4.2138e+01  9.1112e-01 -7.2708e+02  1.8212e+03  2.2340e+00  1.4938e-01 -3.1307e+03  7.3702e+03  2.3454e+00  2.4595e-05  1.6671e+06  1.6672e+06
stegpart   F	 222071	     28	  484.8	  36873	-3.4066	  2.0524e-01  1.2572e+01  7.6753e+01  5.8923e+00 -1.8590e+00  1.6352e+02  2.1727e+00  2.1943e-01 -2.1443e+02  1.0881e+03  1.3436e+00  2.4226e-05  3.4842e+06  3.4843e+06
stegtigr   F	 229071	     26	 3180.6	 375968	-4.2847	  8.5829e-02  7.1146e+01  6.3849e+01  6.7566e-01 -4.0347e+02  2.7433e+03  1.0680e+00  1.2502e-05  4.5154e+06  4.5155e+06
steicarp   F	 106004	     23	   47.8	   4247	-2.0024	  6.8036e-01 -2.4899e+00  4.6798e+01  1.7380e+01 -3.6395e+02  4.3356e+02  1.5011e+01  7.1970e-02 -1.0361e+02  3.8631e+02  1.6075e+00  4.7079e-04  9.7564e+05  9.7574e+05
steifelt   F	 114115	     23	   48.2	   3975	-1.9782	  6.6977e-01 -4.3419e+01  8.7896e+01  3.0000e+01  2.5534e+01  4.1563e+01  1.0175e+00  1.1959e-01 -3.5465e+01  2.5036e+02  1.4402e+00  4.6183e-04  1.0348e+06  1.0349e+06
steiglas   F	 109723	     23	   50.8	   3475	-2.2906	  5.1729e-01 -1.8883e+01  6.2611e+01  2.2413e+01  2.6136e-01  9.0076e+01  1.5571e+00  2.3651e-01 -1.3287e+02  4.4140e+02  1.9336e+00  4.0787e-04  1.1554e+06  1.1555e+06
steimont   F	 108481	     23	   48.8	   3508	-2.0327	  6.7117e-01 -5.1832e+01  9.6418e+01  3.0000e+01 -6.3823e+00  1.2382e+02  1.3721e+00  1.8074e-01 -3.9710e+01  2.8534e+02  1.5202e+00  3.3939e-04  1.0117e+06  1.0118e+06
steiscap   F	 117548	     23	   48.0	   2973	-1.9483	  6.7663e-01 -2.4941e+01  6.9495e+01  2.5928e+01  1.5700e+00  9.8599e+01  1.4156e+00  2.1803e-01  7.5299e+01  2.7194e+02  1.4637e+00  5.3824e-04  1.0522e+06  1.0523e+06
stemlyco   F	  20177	     27	   59.4	   1646	-2.2174	  4.8163e-01  1.7434e+01  3.2943e+01  8.8184e+00 -2.7066e+02  3.3532e+02  1.2713e+01  2.8245e-01 -1.0824e+02  3.4812e+02  2.3769e+00  3.7543e-04  2.0598e+05  2.0606e+05
stencoer   F	      8	     78	  130.0	     67	-2.8376	  1.0000e+00  7.7900e+01  7.6814e+00  3.1960e-01  1.1764e-01  1.0537e+02  1.0561e+02
stepjapo   F	  85647	     16	  259.9	  31689	-3.1698	  3.1178e-01  2.6616e+01  6.5025e+01  3.9050e+00  6.7281e+01  9.7426e+01  7.6320e-01  2.3172e-01 -2.1491e+02  7.7124e+02  1.4314e+00  4.0812e-05  1.2524e+06  1.2525e+06
steptrip   F	   6770	     18	   96.1	   3639	-2.2038	  9.5153e-01  4.9367e+01  3.9399e+01  1.9851e+00  1.6118e+01  5.8469e+01  5.4373e-01  8.4870e-04  6.8709e+04  6.8757e+04
sterhirs   F	  90100	     17	   65.8	   1226	-1.9538	  8.5638e-01  3.1360e+01  2.9029e+01  3.2211e+00 -1.3657e+01  1.1317e+02  1.3958e+00  1.7628e-04  8.1083e+05  8.1090e+05
stevreba   F	  97178	     16	  190.3	 172595	-2.9865	  4.0371e-01 -3.8014e+02  4.6722e+02  3.0000e+01 -8.9127e+02  1.2451e+03  5.6105e+00  3.9742e-01  5.3598e+01  2.5028e+02  5.6160e-01  6.5649e-05  1.3364e+06  1.3365e+06
sticbiso   F	  47042	     16	 3117.0	 110763	-4.1656	  2.4962e-02  1.3137e+01  6.3108e+01  5.3242e-01 -9.1871e+02  3.1570e+03  1.5053e+00  3.7923e-05  9.0345e+05  9.0351e+05
sticheli   F	  50923	     16	  408.2	 140665	-3.2728	  4.3174e-01  6.3423e+01  8.3084e+01  5.9896e-01 -6.7779e+02  1.0749e+03  4.1808e+00  6.5999e-05  7.6904e+05  7.6911e+05
stichorr   F	   6467	     16	  793.1	   8649	-3.4356	  1.1937e-02  1.3948e+01  8.6176e+00  9.4365e-01 -5.1475e+02  1.1343e+03  2.5308e+00  2.3801e-04  1.0246e+05  1.0251e+05
sticmert   F	  34557	     16	  388.4	 141856	-3.2225	  3.8183e-01  6.3281e+01  6.9537e+01  6.4791e-01 -4.7246e+02  8.4644e+02  3.2017e+00  9.6212e-05  5.1396e+05  5.1402e+05
stomcalc   F	  57301	     28	  200.3	 215068	-3.4251	  3.9140e-01 -8.4834e+01  1.4767e+02  2.0918e+01  2.0367e+01  1.3263e+02  1.0010e+00  2.2418e-01 -1.0701e+03  6.3457e+03  1.2369e+00  3.5697e-05  9.0362e+05  9.0372e+05
striacum   F	  44114	     29	   68.1	   7857	-2.2347	  7.2528e-01 -3.1748e+01  9.3051e+01  1.4488e+01 -4.8518e+01  3.4689e+02  1.2785e+00  1.6420e-04  4.5344e+05  4.5350e+05
strihabr   F	 194343	     29	  980.4	 137354	-3.7894	  1.0710e-01  5.4402e+01  3.7235e+01  1.7531e+00 -7.8669e+01  8.8552e+02  1.0273e+00  1.7907e-05  3.3910e+06  3.3911e+06
striherm   F	  61139	     16	  194.0	  16526	-2.9181	  4.8866e-01  4.4865e+01  5.2209e+01  2.2578e+00 -1.5633e+00  2.2910e+02  6.5297e-01  8.3420e-02 -2.6224e+02  6.4642e+02  2.7953e+00  7.2257e-05  8.2122e+05  8.2132e+05
strimari   F	 111632	     23	   70.5	  12240	-2.4263	  6.2488e-01 -3.7289e+00  6.4644e+01  9.3488e+00 -3.6330e+01  2.6085e+02  1.1194e+00  9.7141e-05  1.2433e+06  1.2434e+06
striural   F	 159353	     16	 1020.1	 145289	-3.8133	  9.2727e-02  5.1355e+01  4.1572e+01  2.0510e+00  7.3166e+01  1.1888e+02  1.0755e+00  1.0789e-02 -1.0405e+02  9.3117e+02  1.0270e+00  1.8122e-05  2.7985e+06  2.7987e+06
stropapi   F	  21895	     23	   48.9	   2590	-2.0575	  6.9961e-01 -1.0304e+02  1.4608e+02  2.6235e+01 -1.0894e+01  8.6395e+01  1.9135e+00  1.9374e-01 -1.9029e+02  5.7636e+02  1.9680e+00  3.0251e-04  2.0742e+05  2.0751e+05
stropurp   F	 208234	     16	  825.8	  47726	-3.5800	  4.3687e-01 -6.5145e+02  1.2126e+03  5.6629e+00 -2.6061e+02  1.1685e+03  1.2703e+00  1.9389e-05  3.4362e+06  3.4362e+06
stroratt   F	  22163	     17	   52.1	   4076	-2.1403	  7.3266e-01 -8.0066e+01  1.2521e+02  1.8807e+01 -4.8449e+02  5.7952e+02  1.4951e+01  1.1813e-01 -1.3549e+02  5.2702e+02  1.6258e+00  3.6308e-04  2.1855e+05  2.1864e+05
stroster   F	  20854	     24	   51.9	   4370	-2.1346	  7.4324e-01 -8.3066e+01  1.2812e+02  1.8556e+01 -4.8741e+02  5.7704e+02  1.4056e+01  1.0753e-01 -1.3506e+02  5.2824e+02  1.5765e+00  2.9735e-04  2.0502e+05  2.0510e+05
strovene   F	  23451	     24	   50.4	   4303	-2.2114	  6.8570e-01 -3.7992e+00  4.6973e+01  7.6799e+00 -5.6197e+01  1.8309e+02  1.9621e+00  2.4776e-01  3.1609e+02  5.8305e+02  1.3821e+00  2.7156e-04  2.3873e+05  2.3882e+05
strovulg   F	  69558	     23	   72.6	   2672	-2.4390	  3.9666e-02 -1.2965e+02  1.7215e+02  1.2881e+01  4.0882e+01  1.5294e+01  1.6595e+00  6.1616e-01 -1.3546e+02  3.6386e+02  2.0796e+00  2.6243e-04  7.8188e+05  7.8198e+05
strucame   F	 156524	     30	 1151.7	 121921	-3.8428	  6.1362e-02  5.4900e+01  4.4449e+01  1.7545e+00 -9.9153e+01  9.8209e+02  1.0850e+00  1.8421e-05  2.7697e+06  2.7698e+06
sturhond   F	 194850	     29	 1350.5	 159805	-3.9305	  8.7340e-02  5.8096e+01  3.5368e+01  1.6933e+00 -3.9232e+01  4.7278e+02  1.1223e+00  3.5749e-01 -2.7238e+02  2.1112e+03  1.1125e+00  1.5198e-05  3.5253e+06  3.5255e+06
sturvulg   F	 161529	     16	  889.0	  99803	-3.7285	  9.6677e-02  5.2187e+01  3.8282e+01  1.9764e+00 -8.9044e+01  8.0899e+02  1.0784e+00  2.1286e-05  2.7734e+06  2.7735e+06
styeclav   F	 162013	     21	  486.1	   9330	-3.2711	  7.6317e-02  4.7831e+01  3.3136e+01  2.3874e+00 -1.1965e+02  5.2383e+02  1.8034e+00  4.6441e-05  2.4420e+06  2.4421e+06
styllemn   F	  30514	     29	   62.2	    414	-2.1924	  3.0020e-01 -3.9770e+01  7.2953e+01  2.3590e+01 -6.7420e+00  6.5625e+01  3.1524e+00  4.6031e-01 -1.6740e+03  1.8141e+03  2.9683e+01  2.0488e-03  3.0801e+05  3.0811e+05
stylpist   F	 152476	     30	  533.4	  12727	-3.3559	  1.1080e-01 -8.5326e+01  1.9149e+02  6.6667e+00 -1.2427e+02  6.0230e+02  1.6920e+00  3.5845e-05  2.3555e+06  2.3555e+06
suaesals   F	  98455	     16	  269.6	  24583	-3.1627	  4.1484e-01  4.9206e+01  4.8855e+01  2.0908e+00  1.5265e+01  3.9388e+01  4.5707e-01  4.7248e-02 -1.1654e+02  6.3322e+02  1.4579e+00  4.2188e-05  1.4341e+06  1.4342e+06
sugiamer   F	   4777	     23	   81.8	   1124	-2.3208	  2.8526e-01  3.1592e+01  1.9082e+01  4.0093e+00 -3.0119e+02  3.7777e+02  1.1407e+01  5.6700e-01 -2.2533e+02  4.5471e+02  3.0976e+00  1.0074e-03  5.1126e+04  5.1197e+04
sugilign   F	    196	     42	  224.0	   3501	-2.9240	  3.3688e-01  2.3505e+01  4.3923e+01  2.3095e+00 -2.1819e+02  5.0111e+02  2.4379e+00  5.2366e-03  2.6629e+03  2.6859e+03
suhotanz   F	   1327	     19	   79.5	   3623	-2.5165	  1.0025e-01  4.1900e+01  7.1219e-01  4.5135e-01 -7.9018e+00  7.9319e+01  1.5016e+00  5.4209e-03  1.5253e+04  1.5289e+04
suilamer   F	  88192	     23	   54.1	    591	-1.5786	  8.6200e-01 -9.2449e+00  6.0760e+01  1.4566e+01 -4.9996e+01  1.1226e+02  3.4230e+00  1.2640e-01  5.5975e+01  2.6851e+02  9.5933e-01  3.2837e-04  6.4124e+05  6.4135e+05
suilbovi   F	  69085	     16	   53.5	    451	-1.5894	  8.3811e-01 -6.2963e+01  1.1415e+02  2.9048e+01 -1.0836e+01  6.9341e+01  1.8188e+00  1.5954e-01 -1.1407e+02  2.8141e+02  1.4020e+01  3.9164e-04  5.0571e+05  5.0581e+05
suilbrev   F	 183996	     16	   53.9	    527	-1.5804	  8.6870e-01  3.4052e+00  4.7975e+01  1.1469e+01 -2.7526e+00  6.6406e+01  1.5642e+00  3.0095e-04  1.3386e+06  1.3386e+06
suilclin   F	  77446	     16	   53.7	    449	-1.5669	  8.5904e-01 -6.2998e+01  1.1434e+02  2.8760e+01 -1.4315e+01  7.7369e+01  1.8553e+00  1.4032e-01 -5.9085e+01  2.8415e+02  7.0725e+00  3.3403e-04  5.5869e+05  5.5879e+05
suildeci   F	  91211	     23	   54.0	    456	-1.5775	  8.5547e-01 -9.2692e+00  6.0679e+01  1.4828e+01 -4.8740e+01  1.1341e+02  3.3340e+00  1.3608e-01  5.5961e+01  2.6849e+02  1.0627e+00  2.3125e-04  6.6309e+05  6.6319e+05
suildisc   F	  82329	     16	   53.6	    537	-1.6194	  8.2096e-01 -6.4566e+01  1.1573e+02  2.9675e+01 -9.5266e+00  6.9634e+01  1.7283e+00  1.7827e-01 -3.9683e+01  2.6575e+02  6.5351e+00  3.2966e-04  6.1382e+05  6.1392e+05
suilfusc   F	  88743	     16	   53.5	    554	-1.6262	  8.1565e-01 -5.9637e+01  1.1077e+02  2.8341e+01 -7.2025e+00  6.5315e+01  1.6700e+00  1.8401e-01 -4.6565e+01  2.8510e+02  6.7226e+00  2.7720e-04  6.6435e+05  6.6446e+05
suilgran   F	  83479	     23	   54.1	    518	-1.5977	  8.4483e-01 -9.2736e+00  6.0753e+01  1.4698e+01 -4.9459e+01  1.1268e+02  3.4030e+00  1.4394e-01  5.5964e+01  2.6849e+02  1.2820e+00  2.7637e-04  6.1438e+05  6.1448e+05
suilhirt   F	  95063	     23	   54.1	    457	-1.6024	  8.4116e-01  2.9963e+00  4.8463e+01  1.1747e+01 -3.8530e+00  6.6862e+01  1.7823e+00  3.2105e-04  7.0190e+05  7.0196e+05
suillute   F	 245493	     16	   55.2	    597	-1.6994	  8.3445e-01  2.1300e+01  3.0601e+01  6.4025e+00 -1.1478e+01  8.8691e+01  1.8088e+00  1.8389e-04  1.9213e+06  1.9213e+06
suilpalu   F	  80559	     16	   53.7	    544	-1.6635	  7.8326e-01 -6.5417e+01  1.1669e+02  2.9995e+01 -8.3316e+00  6.4215e+01  1.7468e+00  3.7907e-04  6.1691e+05  6.1697e+05
suilpict   F	 107469	     23	   54.0	    470	-1.6074	  8.3797e-01  2.7101e+00  4.8725e+01  1.1742e+01 -2.0198e+00  6.1518e+01  1.6997e+00  2.7618e-04  7.9519e+05  7.9526e+05
suilplor   F	  80079	     16	   53.6	    480	-1.5874	  8.3995e-01 -6.0627e+01  1.1185e+02  2.8641e+01 -9.2178e+00  6.9704e+01  1.7668e+00  1.5901e-01 -6.4918e+01  2.7295e+02  9.6639e+00  3.5329e-04  5.8513e+05  5.8524e+05
suilsub1   F	  70691	     16	   53.6	    498	-1.6410	  7.9711e-01 -6.4470e+01  1.1566e+02  2.9999e+01 -1.1887e+01  6.9528e+01  1.8521e+00  4.0185e-04  5.3411e+05  5.3417e+05
suilsuba   F	 101872	     23	   54.5	    902	-1.6514	  8.1654e-01  1.5103e+01  3.6480e+01  8.6155e+00 -8.6965e+01  1.4872e+02  4.8963e+00  1.6698e-01  7.3475e+01  2.5903e+02  8.7846e-01  3.2205e-04  7.7539e+05  7.7549e+05
suiltome   F	  99582	     23	   54.1	    689	-1.6115	  8.5650e-01 -9.4414e+00  6.0839e+01  1.4370e+01 -4.5451e+01  1.1633e+02  2.8814e+00  1.3360e-01  5.6024e+01  2.6845e+02  6.4125e-01  2.6782e-04  7.3826e+05  7.3836e+05
suncetru   F	 170923	     30	 1385.7	 149541	-3.9040	  1.0038e-01  3.7706e+01  5.0667e+01  3.5882e+00 -7.3955e+01  3.2012e+02  1.7842e+00  2.0801e-01 -2.0065e+02  1.8763e+03  1.1249e+00  1.7136e-05  3.0726e+06  3.0727e+06
surisuri   F	 219770	     30	 1428.9	 181547	-3.9594	  9.7122e-02  6.1872e+01  3.3992e+01  1.3877e+00 -1.6953e+01  4.4109e+02  1.1345e+00  3.1629e-01 -2.7469e+02  2.1926e+03  1.0937e+00  1.3111e-05  4.0066e+06  4.0067e+06
sus_scro   F	 433880	     24	 1625.7	 343785	-4.0293	  2.0090e-01  6.3793e+01  7.3492e+01  7.3348e-01 -1.5697e+02  1.5625e+03  9.5590e-01  1.3116e-05  8.0505e+06  8.0506e+06
sycocili   F	 156206	     19	  731.6	  24264	-3.5372	  5.3728e-01 -5.4754e+02  9.2377e+02  4.0300e+00 -3.8407e+02  1.5159e+03  1.6217e+00  3.3209e-05  2.5455e+06  2.5456e+06
sylvatri   F	 169869	     30	  891.4	  98289	-3.7265	  1.0233e-01  5.3476e+01  3.7758e+01  1.7852e+00 -8.1747e+01  8.1098e+02  1.0811e+00  2.0378e-05  2.9150e+06  2.9151e+06
symb_ium   F	  25068	     16	  208.3	 118693	-3.1157	  8.4603e-03 -5.2738e+02  5.6782e+02  3.0000e+01  4.4295e+01  5.2198e+01  6.5396e-01  7.8604e-01 -1.0935e+03  1.6779e+03  5.4586e+00  1.4775e-04  3.6020e+05  3.6029e+05
symbkawa   F	  33578	     17	  408.3	 182096	-3.4136	  4.1243e-02  1.2896e+01  4.9995e+01  4.9705e+00  3.9111e-01  2.9355e+02  9.5092e-01  8.8891e-05  5.2927e+05  5.2933e+05
symbkoch   F	  26390	     18	   56.3	    440	-1.7721	  7.8669e-01  2.6988e+01  2.5326e+01  4.5460e+00 -8.2924e+00  7.8967e+01  2.1553e+00  3.8780e-04  2.1534e+05  2.1540e+05
sympatti   F	   3351	     23	   66.9	   1717	-2.1921	  5.9279e-01 -9.9204e+00  6.7397e+01  7.0306e+00 -1.0087e+00  8.3831e+01  1.4547e+00  1.1067e-03  3.3806e+04  3.3849e+04
sympsynd   F	 239948	     30	 1777.7	 382149	-4.0769	  2.0873e-01  6.4321e+01  7.7545e+01  7.0566e-01 -2.0979e+02  1.8054e+03  9.6543e-01  1.5944e-05  4.4987e+06  4.4988e+06
sympvulg   F	     37	     68	  322.5	   3528	-2.8548	  3.6684e-01 -2.7577e+01  1.0378e+02  1.3756e+01 -4.0430e+02  7.8827e+02  3.0098e+00  2.7095e-02  5.0054e+02  5.1182e+02
symsrosc   F	  78349	     16	  833.0	 477118	-3.8945	  2.1046e-02 -6.0547e+01  1.3244e+02  3.0000e+01 -3.3791e+02  6.0561e+02  3.1838e+00  4.3325e-01 -7.3311e+01  1.8504e+03  8.4430e-01  3.7525e-05  1.4081e+06  1.4082e+06
syncendo   F	     19	     52	   76.0	     33	-2.1723	  4.4974e-01 -8.2243e+01  1.4945e+02  3.0000e+01 -4.6227e+01  1.4634e+02  2.8365e+00  4.3899e-02  2.0366e+02  2.1027e+02
syncfusc   F	  44070	     23	   59.4	   1397	-1.8805	  8.5756e-01  2.2738e+01  3.2615e+01  3.9086e+00  1.4718e+01  4.0307e+01  9.4254e-01  3.3992e-04  3.8166e+05  3.8172e+05
syncmicr   F	  42477	     19	   72.9	    544	-1.9243	  8.8521e-01  3.8685e+01  2.8719e+01  2.7940e+00 -7.8616e+00  1.0486e+02  1.9103e+00  3.8461e-04  3.7642e+05  3.7648e+05
syncplum   F	  52196	     23	   67.8	   1843	-1.9537	  8.5430e-01 -2.1398e+01  8.4126e+01  8.1647e+00  1.3390e+01  5.0493e+01  9.3443e-01  2.8226e-04  4.6965e+05  4.6971e+05
syncrace   F	  44734	     23	   62.5	    435	-1.8279	  9.6350e-01  2.9301e+01  2.8404e+01  2.9019e+00 -4.1670e+01  1.4959e+02  1.7339e+00  2.2856e-04  3.7614e+05  3.7620e+05
syncsple   F	 245604	     30	  211.6	  41290	-3.0986	  4.1235e-01  3.4681e+01  3.4842e+01  3.2020e+00 -2.8899e+01  4.3720e+02  1.0656e+00  5.4759e-01 -4.1371e+02  2.6842e+03  1.4633e+00  6.1008e-05  3.4990e+06  3.4992e+06
syneumbr   F	     46	     70	  152.0	   5347	-2.7392	  7.6262e-01  6.1073e+01  3.7717e+01  1.0791e+00 -2.4675e+02  6.3571e+02  2.3835e+00  2.2096e-02  5.9222e+02  6.0503e+02
syngacus   F	 223707	     18	  153.9	  35177	-2.9696	  4.4570e-01  3.5007e+01  4.0673e+01  2.9292e+00 -1.3013e+01  3.3400e+02  1.0100e+00  5.9441e-05  3.0570e+06  3.0571e+06
syngbiac   F	 241842	     28	  519.3	  69454	-3.4345	  2.6126e-01 -1.3662e+02  2.1454e+02  1.8526e+01 -4.3008e+01  1.8267e+02  2.9344e+00  1.5153e-01 -1.3144e+02  1.1088e+03  1.1504e+00  1.9193e-05  3.8244e+06  3.8245e+06
syngscov   F	 237560	     28	  153.9	  38847	-2.9850	  4.5658e-01  3.3150e+01  4.2382e+01  2.9879e+00  1.7990e-01  3.2974e+02  9.9554e-01  5.3444e-01  2.1147e+03  6.1968e+03  1.7562e+00  5.7332e-05  3.2631e+06  3.2632e+06
syngtyph   F	 233644	     21	  149.0	  34972	-2.9608	  4.6518e-01  3.3724e+01  4.1749e+01  2.9930e+00 -1.2930e+00  3.2961e+02  1.0140e+00  5.2724e-01  1.7911e+03  6.3002e+03  1.8108e+00  5.8787e-05  3.1828e+06  3.1829e+06
synu_ura   F	   6211	     16	   78.0	   1292	-2.3453	  5.2354e-01  3.3367e+01  2.3996e+01  2.6925e+00 -5.8384e+01  1.8113e+02  2.2669e+00  5.4125e-04  6.7107e+04  6.7155e+04
syphmuri   F	  79648	     23	  137.3	   2388	-2.6440	  2.0705e-01 -1.1791e+02  1.8875e+02  1.4629e+01 -5.7606e+01  1.7915e+02  4.6179e+00  3.2197e-01 -7.0805e+01  2.3355e+02  1.9287e+00  9.4811e-05  9.7158e+05  9.7169e+05
syzyoleo   F	 138860	     16	  238.9	   7546	-3.0023	  4.1371e-01  4.3840e+01  5.0880e+01  2.3597e+00 -2.0088e+02  5.0195e+02  2.4237e+00  4.1163e-01  2.2769e+02  5.5419e+02  1.4167e+00  4.3786e-05  1.9207e+06  1.9208e+06
tachacul   F	 194435	     30	 1693.4	 159898	-3.9953	  6.4179e-02  5.8937e+01  3.8696e+01  2.0514e+00 -1.4935e+02  3.8535e+02  2.5577e+00  1.5218e-01 -2.1619e+02  1.9095e+03  1.1405e+00  1.4347e-05  3.5773e+06  3.5774e+06
tachbico   F	  59607	     16	  696.4	  87757	-3.6327	  9.4963e-02  5.6235e+01  3.1133e+01  1.9876e+00 -9.7356e+01  6.4690e+02  1.0579e+00  4.4741e-05  9.9825e+05  9.9832e+05
tachfulv   F	 268508	     29	  447.1	  46898	-3.4076	  2.0116e-01  4.7489e+01  4.5981e+01  2.6582e+00  1.8955e+01  1.5262e+02  1.6622e+00  2.4426e-01 -1.3039e+02  9.2173e+02  1.1972e+00  1.7163e-05  4.2138e+06  4.2139e+06
tachgiga   F	     68	    167	 2436.0	  36917	-3.9720	  2.2408e-01 -2.5412e+02  6.1878e+02  3.8371e+00 -9.4967e+02  3.5049e+03  2.1183e+00  1.4861e-02  1.2584e+03  1.2739e+03
tachtrid   F	      1	    328	  164.0	      3	-2.7713	  1.0000e+00 -3.2373e+03  3.5901e+03  3.0000e+01  9.9698e-01  1.7602e+01  1.1602e+01
tachvach   F	 242834	     28	  441.5	  42300	-3.3905	  1.1849e-01  2.4299e+01  6.5420e+01  5.4814e+00  4.9118e+01  9.5752e+01  1.1940e+00  3.5676e-01 -1.3689e+02  9.3609e+02  1.2322e+00  1.7868e-05  3.7914e+06  3.7915e+06
taenasia   F	  74987	     23	  268.7	  23070	-3.1559	  1.1894e-01  1.2365e+01  2.3079e+01  4.6521e+00 -1.2405e+02  1.9736e+02  2.5962e+01  1.6992e-01 -7.9400e+01  4.1999e+02  1.2355e+00  7.1336e-05  1.0906e+06  1.0907e+06
taengutt   F	 205725	     16	  966.0	 148998	-3.8011	  8.2432e-02  5.1637e+01  3.7975e+01  2.1064e+00 -1.0977e+02  8.6375e+02  1.0113e+00  1.7088e-05  3.6021e+06  3.6022e+06
taensagi   F	  67437	     24	  286.4	  25141	-3.1779	  1.0099e-01  1.2631e+01  2.3434e+01  4.8183e+00 -1.2399e+02  1.9723e+02  2.7373e+01  1.7218e-01 -7.9114e+01  4.2027e+02  1.2152e+00  8.0473e-05  9.8989e+05  9.8999e+05
taensoli   F	  56209	     23	  248.3	  11166	-3.0674	  1.3042e-01  1.1350e+01  2.3278e+01  4.7188e+00 -1.4571e+02  2.1882e+02  3.0000e+01  1.6223e-01 -1.3702e+02  4.5085e+02  1.5360e+00  9.7007e-05  7.9391e+05  7.9401e+05
tageerec   F	   3793	     18	  145.2	   4185	-2.7821	  4.7971e-01  2.5685e+01  6.0057e+01  4.0586e+00 -1.8710e+02  4.9311e+02  2.1263e+00  4.6358e-04  4.8617e+04  4.8661e+04
takiflav   F	 248030	     22	  177.9	  34885	-3.0211	  4.3788e-01  4.8012e+01  3.4233e+01  2.2445e+00 -2.5069e+01  3.7830e+02  1.0427e+00  4.7782e-05  3.4482e+06  3.4482e+06
takirubr   F	 253901	     23	  175.2	  33216	-3.0064	  4.5315e-01  4.7520e+01  3.4980e+01  2.2340e+00 -1.5135e+01  3.7750e+02  1.0475e+00  5.0690e-05  3.5124e+06  3.5125e+06
talaacul   F	  33953	     16	   59.4	    626	-1.8025	  8.4785e-01  2.4649e+01  3.0538e+01  4.4635e+00 -3.4174e+00  7.8000e+01  1.6273e+00  2.7764e-04  2.8189e+05  2.8195e+05
talaames   F	  24121	     35	   58.1	   2762	-1.8174	  9.0412e-01  2.3260e+01  3.0807e+01  4.7027e+00 -1.8583e+01  2.1779e+02  1.1493e+00  9.5883e-02  4.9556e+02  4.5591e+03  9.1239e+01        -nan  2.0169e+05  2.0178e+05
talaatro   F	  22806	     28	   65.4	    982	-1.9990	  6.7488e-01 -1.7532e+02  2.3468e+02  2.9762e+01  6.1875e+00  7.0292e+01  1.5839e+00  4.0992e-04  2.0891e+05  2.0897e+05
talacell   F	   3807	     35	   59.4	   3951	-1.9067	  8.4976e-01  4.6283e+00  5.0310e+01  7.4457e+00  1.3621e+01  1.2644e+02  9.7857e-01  1.4672e-01  2.5060e+02  2.2258e+03  1.0765e+01  8.0079e-04  3.3498e+04  3.3567e+04
talaisla   F	  23706	     37	   60.8	   2220	-1.8687	  8.7920e-01 -8.4818e+00  6.4683e+01  8.7347e+00  1.3148e+00  1.4898e+02  1.1713e+00  2.7604e-04  2.0426e+05  2.0432e+05
talamarn   F	  21945	     16	   60.2	    488	-1.8237	  8.2681e-01  2.0139e+01  3.5753e+01  5.1923e+00 -3.6197e+01  1.0912e+02  2.2486e+00  4.0930e-04  1.8432e+05  1.8438e+05
talaprot   F	  34927	     23	   59.5	    458	-1.8020	  8.6130e-01  2.5021e+01  3.0349e+01  4.0689e+00 -8.6132e+00  7.4105e+01  1.7973e+00  2.8882e-04  2.8976e+05  2.8982e+05
talarugu   F	  27519	     22	   59.9	   1118	-1.8114	  8.9722e-01  8.0990e+00  4.7581e+01  6.8436e+00 -6.0930e+01  2.2207e+02  1.7962e+00  3.5584e-04  2.2943e+05  2.2949e+05
talastip   F	  28958	     16	   59.0	    641	-1.9517	  3.9737e-02 -9.7432e+01  1.2261e+02  3.0000e+01  9.8865e+00  4.4483e+01  6.8845e+00  6.8726e-01 -1.6429e+01  9.1035e+01  2.0181e+00  3.5639e-04  2.6028e+05  2.6037e+05
talpocci   F	 210622	     30	 1248.6	 117634	-3.8739	  8.3452e-02  4.0702e+01  4.8256e+01  2.8181e+00 -2.2880e+01  3.9113e+02  1.1729e+00  3.4535e-01 -2.6367e+02  1.9692e+03  1.1788e+00  1.5227e-05  3.7560e+06  3.7561e+06
taphdefo   F	   2934	     26	   48.5	   1675	-1.6460	  7.2736e-01 -4.6114e+01  9.2483e+01  3.0000e+01  2.4309e+01  2.2022e+01  9.2418e-01  1.5273e-03  2.2346e+04  2.2387e+04
tarakok-   F	  91989	     16	   96.8	  13120	-2.5338	  6.1121e-01 -1.1768e+02  1.9764e+02  1.5840e+01 -5.8794e+01  2.9003e+02  1.4312e+00  1.1663e-04  1.0740e+06  1.0741e+06
tarehass   F	 146137	     29	  130.5	   2262	-2.6175	  4.9864e-01  1.7665e+01  7.3271e+01  4.7369e+00 -6.2461e+01  2.6825e+02  2.0922e+00  4.5842e-01 -3.4870e+02  8.8391e+02  6.9871e+00  7.7050e-05  1.7605e+06  1.7606e+06
tarssyri   F	 171076	     28	 1512.6	 151801	-3.9360	  5.0952e-02 -2.4965e+02  3.3564e+02  3.0000e+01  2.0608e+01  1.5648e+02  1.5061e+00  1.4028e-01 -2.6614e+02  1.6297e+03  1.1208e+00  1.6993e-05  3.1044e+06  3.1046e+06
taureryt   F	 112112	     30	  982.6	  41012	-3.6827	  8.6084e-02  6.4162e+01  4.0097e+01  1.1261e+00 -1.9789e+02  9.9165e+02  1.3986e+00  2.7314e-05  1.9009e+06  1.9009e+06
taxichin   F	 101246	     16	  276.1	 135982	-3.2428	  2.3425e-01 -3.1298e+01  1.2358e+02  7.2859e+00  6.2879e+01  1.3961e+02  6.3545e-01  3.7612e-01 -1.1241e+02  5.1237e+02  1.2944e+00  3.7175e-05  1.5124e+06  1.5125e+06
telacirc   F	 106664	     23	  338.8	  27974	-3.2611	  3.8829e-01  4.5086e+01  1.7608e+01  1.2367e+00 -1.0035e+02  4.6110e+02  1.2955e+00  3.6147e-01 -2.9005e+02  1.7732e+03  1.5723e+00  6.9672e-05  1.6009e+06  1.6010e+06
telecomm   F	  54433	     16	  882.7	 194716	-3.7137	  1.3045e-01 -1.2004e+02  1.9913e+02  2.6574e+01  4.9035e+01  7.4655e+01  1.1560e+00  2.1201e-01 -3.2504e+02  1.6327e+03  1.0203e+00  4.2273e-05  9.3406e+05  9.3415e+05
teledalm   F	  92725	     16	   97.2	 202584	-3.0464	  4.3574e-01 -9.6306e+01  1.5679e+02  2.2562e+01 -2.6794e+02  3.6456e+02  7.0298e+00  1.7998e-01 -8.7596e+01  1.2445e+03  8.5126e-01  4.2059e-05  1.3000e+06  1.3001e+06
telospec   F	 125167	     28	  299.4	  38994	-3.3546	  4.0697e-01  3.9824e+01  5.8323e+01  2.6684e+00 -1.3605e+02  6.6934e+02  1.1779e+00  5.0266e-01 -2.0132e+04  2.6940e+04  5.9350e+00  2.7847e-05  1.9349e+06  1.9350e+06
temncurv   F	  90077	     29	  211.4	  58675	-3.1222	  2.8239e-01 -5.5045e+01  1.3546e+02  1.1122e+01  7.7022e+00  2.1828e+02  1.1016e+00  6.4658e-01 -8.7223e+02  4.9404e+03  1.1832e+00  5.8925e-05  1.2950e+06  1.2951e+06
temnlong   F	 101204	     30	  230.5	  86664	-3.1957	  2.7378e-01 -5.1300e+01  1.3168e+02  1.0456e+01  1.1498e+01  2.3169e+02  1.0297e+00  6.5862e-01 -1.5024e+03  7.8573e+03  1.2107e+00  4.9592e-05  1.4891e+06  1.4892e+06
temnnyla   F	 103149	     31	  223.1	  77698	-3.1760	  2.7337e-01 -1.2503e+02  2.0507e+02  1.6460e+01  1.5768e+01  2.2407e+02  9.7891e-01  6.7275e-01 -2.2562e+03  9.4044e+03  1.3678e+00  5.0710e-05  1.5084e+06  1.5085e+06
tenemoli   F	  90215	     26	   57.7	 519170	-2.6314	  5.9093e-01 -8.5441e+01  1.3602e+02  2.9972e+01 -4.7107e+02  5.6233e+02  3.0000e+01  2.5784e-02  1.5908e+01  3.9160e+02  6.0264e-01  1.9380e-04  1.0852e+06  1.0853e+06
tenuilis   F	     57	     83	  248.5	  83298	-3.0344	  3.0007e-01 -1.8662e+01  1.1542e+02  9.1864e+00  1.7104e+02  1.0872e+02  7.4374e-01  1.6595e-02  8.0582e+02  8.2012e+02
teradest   F	  16659	     18	   61.5	    526	-1.8981	  8.1806e-01  3.1804e+01  2.4122e+01  3.3318e+00 -6.7278e+01  1.7397e+02  2.9229e+00  3.3434e-04  1.4559e+05  1.4564e+05
teranubi   F	  16352	     18	   60.4	    923	-1.9436	  7.5574e-01  2.9827e+01  2.5008e+01  4.1340e+00 -2.7770e+01  1.3321e+02  1.9732e+00  3.0001e-04  1.4635e+05  1.4641e+05
terfboud   F	  35909	     16	   65.1	    668	-2.0373	  7.3532e-01  3.3901e+01  2.4203e+01  2.6947e+00 -4.3847e+01  1.2530e+02  2.2919e+00  2.2572e-04  3.3694e+05  3.3700e+05
terfclav   F	  40159	     23	   66.7	    951	-2.0631	  7.6721e-01  3.7131e+01  2.2402e+01  2.0918e+00 -1.2014e-01  7.5705e+01  1.5402e+00  2.1880e-04  3.8155e+05  3.8161e+05
term_ces   F	     13	     47	   59.8	     12	-1.7878	  8.4659e-01 -3.6061e+01  9.0706e+01  1.3036e+01 -1.9333e+02  3.4028e+02  2.0484e+01  6.4217e-02  2.0567e+02  2.0962e+02
termspec   F	  48104	     23	   54.2	    529	-1.5468	  8.8402e-01 -2.6303e+01  7.7939e+01  1.8853e+01  4.1381e+00  6.6855e+01  1.5157e+00  4.8117e-04  3.4204e+05  3.4210e+05
terrtriu   F	 200048	     30	 1573.0	 215483	-3.9973	  5.6875e-02  6.8533e+01  3.8275e+01  9.7675e-01 -1.2127e+02  1.2679e+03  1.0202e+00  1.4744e-05  3.6791e+06  3.6792e+06
testcype   F	   5515	     17	  119.8	   1788	-2.5780	  2.8881e-01 -1.1409e+01  7.2440e+01  1.6460e+00 -6.9071e+01  1.7593e+02  7.2988e+00  5.3482e-01 -3.4688e+02  6.6217e+02  3.3295e+00  9.4693e-04  6.5502e+04  6.5575e+04
tetralpe   F	  43584	     23	  203.7	  54253	-3.0915	  2.9690e-01 -2.8624e+02  3.6471e+02  3.0000e+01  2.0721e+01  2.0615e+02  1.0758e+00  6.3856e-01 -1.9573e+03  6.2852e+03  1.3297e+00  8.4159e-05  6.2181e+05  6.2191e+05
tetrbica   F	  55670	     17	  181.3	  17772	-2.9567	  3.4967e-01  8.3003e+00  7.1241e+01  5.2591e+00 -1.4249e+01  2.6889e+02  1.1604e+00  1.0302e-04  7.5821e+05  7.5827e+05
tetrblat   F	    138	     51	  131.0	    913	-2.5428	  8.6479e-02 -1.2321e+02  1.8128e+02  3.0000e+01 -7.0279e+01  1.7256e+02  8.6715e+00  5.5242e-01 -3.2024e+01  2.9848e+02  3.7083e+00  6.8178e-03  1.6353e+03  1.6675e+03
tetrcarb   F	  29558	     25	  102.0	  11651	-2.6867	  5.6678e-01 -2.9437e+01  1.0634e+02  8.3292e+00 -3.1935e+01  2.8855e+02  1.3116e+00  4.0182e-01 -9.0863e+02  2.7331e+03  1.8261e+00  1.7864e-04  3.6552e+05  3.6562e+05
tetrimmi   F	    337	     56	  132.5	   5928	-2.7248	  4.5405e-01 -3.6904e+02  4.5041e+02  3.0000e+01 -1.0552e+01  2.1483e+02  1.7385e+00  5.0737e-01  5.6653e+02  1.3000e+03  1.6773e+00  3.0958e-03  4.2364e+03  4.2784e+03
tetrmont   F	  85583	     16	  760.2	  44574	-3.5898	  1.2549e-01  6.2027e+01  2.5167e+01  1.5231e+00 -1.6544e+02  8.0849e+02  1.2861e+00  4.2111e-05  1.4164e+06  1.4164e+06
tetrparv   F	  49273	     25	  163.5	  13685	-2.8761	  3.6340e-01 -6.4388e+01  1.4323e+02  1.1194e+01  7.9118e+00  2.2521e+02  1.1793e+00  1.1822e-04  6.5218e+05  6.5224e+05
tetrphaf   F	    114	     55	  145.0	   1225	-2.6847	  5.9966e-01 -6.5133e+00  9.5621e+01  3.8569e+00 -2.6577e+02  7.1687e+02  5.9867e+00  8.1169e-03  1.4209e+03  1.4400e+03
tetrsimi   F	  55135	     36	  167.2	  13232	-2.8814	  3.4600e-01 -7.9997e+01  1.5901e+02  1.2870e+01  3.6677e+00  2.2444e+02  1.1946e+00  1.0878e-04  7.3109e+05  7.3115e+05
tetrther   F	  87703	     24	   84.1	   1517	-2.4619	  2.9796e-01 -2.9798e+01  8.4981e+01  1.6046e+01 -2.0066e+01  9.1370e+01  2.1137e+00  4.1267e-01 -1.1096e+02  2.9225e+02  2.4972e+00  3.1591e-04  9.9409e+05  9.9419e+05
tetrurti   F	  59072	     16	  107.1	  28563	-2.7947	  4.1125e-01  7.6177e+00  6.2898e+01  4.6728e+00  6.1772e+00  1.5757e+02  9.1625e-01  1.0080e-04  7.5877e+05  7.5884e+05
thalalle   F	  11627	     18	   91.3	   1273	-2.1168	  7.9097e-01 -2.0059e+01  1.0460e+02  8.4161e+00 -3.7979e+01  1.3357e+02  1.6293e+00  4.1973e-04  1.1328e+05  1.1333e+05
thalamaz   F	 217088	     19	 1265.0	 293446	-3.8325	  4.5609e-02 -1.6371e+02  2.4926e+02  3.0000e+01  5.5181e+01  5.3084e+01  1.1468e+00  3.1859e-01 -2.9776e+02  2.1516e+03  9.8541e-01  1.6799e-05  3.8392e+06  3.8393e+06
thalgrav   F	   6149	     19	  103.6	   1635	-2.3007	  7.3142e-01  4.4977e+00  8.7432e+01  5.4979e+00 -7.4912e+01  2.1885e+02  1.9333e+00  5.5745e-04  6.5159e+04  6.5206e+04
thalocea   F	  44305	     42	   91.8	   1656	-2.4025	  3.0068e-01 -2.0315e+02  2.7362e+02  3.0000e+01  1.4638e+00  9.7670e+01  1.7449e+00  5.1862e-04  4.9017e+05  4.9023e+05
thalpaci   F	   9491	     18	  105.7	   1703	-2.2784	  7.9856e-01  1.2298e+01  8.2163e+01  4.7219e+00 -9.5879e+01  2.5705e+02  1.8933e+00  3.6250e-04  9.9665e+04  9.9715e+04
thalpseu   F	  17308	     18	   90.8	    888	-2.2831	  5.0607e-01 -4.3937e+01  1.2011e+02  2.2511e+00  4.0383e+01  4.3928e+01  3.9305e+00  6.9129e-04  1.8188e+05  1.8194e+05
thalrotu   F	  27362	     18	  107.4	  37209	-2.4937	  7.8036e-01  5.0532e+01  4.4063e+01  2.1510e+00  7.9653e+00  1.3169e+02  6.6821e-01  2.1964e-01  5.2827e+02  1.9300e+03  2.3751e+01  2.0253e-04  3.1321e+05  3.1330e+05
thalthal   F	  58655	     16	  194.2	   5367	-2.9379	  3.3940e-01 -2.9510e+02  3.8441e+02  3.0000e+01 -1.2554e+02  2.6292e+02  6.2044e+00  1.6917e-01 -3.8053e+02  8.5606e+02  2.4066e+00  7.6140e-05  7.9428e+05  7.9438e+05
thaltumi   F	   3070	     18	  100.3	   1755	-2.2748	  7.1884e-01  7.8184e+00  8.2630e+01  5.5654e+00 -4.3742e+01  1.5812e+02  1.6535e+00  2.8116e-01  4.7667e+02  1.9165e+03  2.8581e-05  8.5488e-04  3.2146e+04  3.2212e+04
thameleg   F	 184782	     30	 1539.6	  83340	-3.9076	  1.1026e-01  6.7181e+01  5.6862e+01  8.4114e-01 -2.7689e+02  1.5497e+03  1.3108e+00  1.8429e-05  3.3261e+06  3.3262e+06
thamsirt   F	  92784	     30	 1430.3	  89058	-3.8867	  1.2054e-01  6.7788e+01  5.3697e+01  8.2987e-01 -2.5837e+02  1.4408e+03  1.2648e+00  2.7956e-05  1.6595e+06  1.6596e+06
thancucu   F	  89526	     23	   54.9	    413	-1.5831	  8.8089e-01 -6.1819e+00  5.8310e+01  1.2787e+01 -8.3583e+00  7.7731e+01  1.8631e+00  3.7734e-04  6.5104e+05  6.5111e+05
thectrah   F	   8981	     23	  118.1	   1537	-2.6776	  4.6480e-01  1.3810e+01  2.6234e+01  1.4508e+00  5.7922e+01  4.0574e+01  1.8837e+00  1.1528e-01 -2.8749e+02  5.3617e+02  3.8864e+00  1.4004e-03  1.1070e+05  1.1078e+05
theiannu   F	  10701	     18	   48.8	    456	-1.9792	  3.8500e-01  2.4531e+01  5.5696e+00  3.1492e+00 -5.9785e+01  1.1826e+02  4.6934e+00  5.7014e-01 -2.6626e+02  4.5582e+02  4.9093e+00  7.9473e-04  9.7560e+04  9.7640e+04
theiequi   F	  13128	     20	   36.2	   2793	-1.6151	  7.1292e-01  1.9126e+01  1.4977e+01  8.6737e+00 -1.3129e+01  7.1949e+01  2.6684e+00  2.3805e-01  3.6828e+01  3.1469e+02  1.0288e+00  1.6651e-03  9.7628e+04  9.7711e+04
theiorie   F	  12247	     18	   65.6	    641	-2.1946	  3.6894e-01  2.7708e+01  3.3267e+00  1.3686e+00 -7.0822e+01  1.5253e+02  3.1771e+00  1.0243e-03  1.2383e+05  1.2388e+05
theiparv   F	  10415	     16	   63.9	    723	-2.1715	  3.2291e-01  2.3954e+01  6.3353e+00  3.4564e+00 -1.5482e+02  2.2116e+02  7.6960e+00  5.4346e-01 -4.9458e+01  2.3267e+02  2.7256e+00  6.9987e-04  1.0416e+05  1.0424e+05
thelcall   F	  76717	     23	  203.0	   1641	-2.7604	  1.9674e-01  4.7665e+01  4.5610e+01  1.3135e+00 -1.9040e+02  3.7598e+02  3.4968e+00  9.4205e-05  9.7517e+05  9.7523e+05
thelganb   F	  72941	     23	   57.1	    500	-1.7056	  8.6677e-01  2.4655e+01  2.9170e+01  5.2171e+00 -1.4499e+01  9.2299e+01  1.9005e+00  2.8313e-04  5.7269e+05  5.7275e+05
thelkita   F	  11045	     23	   73.0	 474955	-2.7912	  1.0000e+00  2.1406e+01  2.3066e+01  5.3318e-01  8.6466e-04  1.3943e+05  1.3945e+05
thelmicr   F	  17160	     18	   59.0	    817	-2.0468	  6.0545e-01  3.8732e+01  1.3674e+01  2.6060e+00 -3.2671e+01  1.1225e+02  2.1565e+00  6.2931e-04  1.6167e+05  1.6173e+05
thelster   F	  15175	     41	   63.8	   1052	-2.1904	  5.0337e-01 -1.3764e+00  5.3248e+01  1.2266e+01 -2.2566e+02  3.0189e+02  1.3278e+01  2.5518e-01 -2.2254e+02  4.3966e+02  3.6320e+00  4.5662e-04  1.5306e+05  1.5315e+05
theocaca   F	 125662	     21	  210.5	  13140	-2.9881	  3.9389e-01  1.9256e+01  7.3986e+01  4.1787e+00 -2.1433e+01  3.3291e+02  1.2773e+00  5.5037e-01 -4.0024e+02  1.0778e+03  4.2868e+00  4.4827e-05  1.7289e+06  1.7291e+06
theoeleg   F	  38944	     25	  160.6	 350865	-3.1034	  3.9616e-01 -1.9277e+02  2.6851e+02  2.8209e+01 -5.1913e+01  2.2817e+02  1.9681e+00  3.2224e-01  2.5063e+02  8.8664e+02  6.7260e-01  8.2703e-05  5.5629e+05  5.5638e+05
theraura   F	  20390	     17	   66.4	   1055	-2.0667	  7.6117e-01  3.7157e+01  2.2038e+01  2.1223e+00  8.1834e-01  7.6557e+01  1.4881e+00  3.1643e-04  1.9413e+05  1.9418e+05
thercrus   F	  22327	     23	   65.5	   1410	-2.0333	  8.3761e-01  3.4647e+01  2.3939e+01  2.3985e+00 -1.8815e+00  1.1769e+02  1.3987e+00  3.0208e-04  2.0904e+05  2.0909e+05
therdome   F	 100640	     25	 5549.4	 504090	-4.5204	  2.0008e-02 -1.1539e+03  1.2118e+03  3.0000e+01 -8.3537e+02  4.7761e+03  1.1319e+00  1.8455e-05  2.0980e+06  2.0981e+06
therdupo   F	  14619	     32	   58.9	    508	-1.6882	  9.3647e-01  1.4412e+01  4.0921e+01  5.9962e+00  1.0337e+01  9.4431e+01  1.5055e+00  6.0174e-04  1.1365e+05  1.1370e+05
thergela   F	 218299	     30	 1704.9	 238119	-4.0442	  7.6454e-02  5.6967e+01  3.6012e+01  1.8144e+00 -3.8326e+01  4.4597e+02  1.1077e+00  3.2848e-01 -2.8033e+02  2.5892e+03  1.0702e+00  1.2695e-05  4.0640e+06  4.0641e+06
therhete   F	  16980	     17	   77.3	    769	-2.2033	  6.6659e-01  4.1166e+01  2.4102e+01  1.4973e+00 -5.3231e+01  1.3209e+02  3.1997e+00  4.1443e-04  1.7228e+05  1.7233e+05
therlanu   F	  17029	     25	   58.0	    833	-1.7009	  9.1431e-01  6.1883e+00  4.8270e+01  7.8019e+00  3.9593e+00  1.1269e+02  1.4090e+00  5.2363e-04  1.3334e+05  1.3340e+05
therterr   F	  17907	     16	   73.1	    993	-2.1210	  7.4918e-01  2.9373e+01  3.4980e+01  2.8882e+00 -1.4295e+01  1.0346e+02  1.7210e+00  3.6575e-04  1.7492e+05  1.7497e+05
therthe1   F	  16358	     17	   78.2	   1017	-2.2067	  7.4749e-01  4.2207e+01  2.3808e+01  1.3508e+00 -1.1975e+02  2.0372e+02  4.9654e+00  4.0436e-04  1.6629e+05  1.6635e+05
therther   F	  15482	     24	   77.8	    961	-2.1901	  7.3136e-01  4.2372e+01  2.3221e+01  1.3558e+00 -1.3678e+02  2.1968e+02  5.7775e+00  4.2289e-04  1.5620e+05  1.5626e+05
thieanta   F	  19233	     16	   66.2	   1008	-2.0759	  6.8253e-01  2.9304e+01  2.8998e+01  3.4499e+00 -1.2585e+01  9.9442e+01  1.7795e+00  3.0298e-04  1.8388e+05  1.8393e+05
thieappe   F	  27625	     16	   66.7	    978	-2.0941	  6.4394e-01  2.6904e+01  3.1682e+01  3.6943e+00 -9.8455e+00  9.0151e+01  1.7792e+00  1.9750e-04  2.6651e+05  2.6657e+05
thiearen   F	  29213	     16	   68.9	    887	-2.0606	  7.6860e-01  2.6246e+01  3.4442e+01  3.3428e+00 -2.2339e+01  1.1968e+02  1.8869e+00  2.6914e-04  2.7724e+05  2.7730e+05
thiehyrc   F	  24739	     17	   69.5	   1003	-2.1206	  6.8605e-01  3.1005e+01  2.9573e+01  2.8621e+00 -1.1898e+01  9.6005e+01  1.7549e+00  2.6326e-04  2.4165e+05  2.4171e+05
thiepunc   F	   8659	     23	   70.2	    961	-2.1567	  7.4014e-01  3.3276e+01  2.6422e+01  2.3600e+00 -4.9497e+01  1.6321e+02  2.1804e+00  5.8265e-04  8.6007e+04  8.6057e+04
thieterr   F	  17910	     17	   73.0	    987	-2.1220	  7.4200e-01  2.8974e+01  3.5333e+01  2.9436e+00 -1.4183e+01  1.0307e+02  1.7343e+00  3.6517e-04  1.7508e+05  1.7514e+05
thlaarve   F	   1342	     63	  102.0	  49115	-2.3788	  5.2493e-01 -1.6625e+02  2.5507e+02  2.5744e+01  5.4686e+01  7.3940e+01  9.2282e-01  1.5460e-03  1.4737e+04  1.4773e+04
thozspec   F	  47463	     16	   64.8	    877	-1.9985	  7.4400e-01  2.8549e+01  3.0045e+01  3.5078e+00 -4.9775e+00  8.2743e+01  1.6593e+00  2.5083e-04  4.3691e+05  4.3697e+05
thripalm   F	 112553	     25	  103.4	  63232	-2.7937	  5.4729e-01  1.5360e+01  6.5360e+01  7.0453e+00 -7.7346e-01  3.6862e+02  8.7472e-01  8.4344e-05  1.4467e+06  1.4468e+06
thritaba   F	  46359	     25	  100.9	  45111	-2.7027	  6.0621e-01  3.8672e+01  4.3362e+01  4.1845e+00 -5.9863e+00  3.7521e+02  9.1032e-01  1.5031e-04  5.7666e+05  5.7672e+05
thunalba   F	 266730	     16	  482.1	  53992	-3.4458	  1.9689e-01  2.7423e+01  6.8870e+01  4.2565e+00  4.5824e+00  1.6484e+02  2.3337e+00  1.8964e-01 -1.4296e+02  9.1277e+02  1.1771e+00  1.9384e-05  4.2331e+06  4.2332e+06
thunmacc   F	 275637	     28	  488.9	  54362	-3.4480	  1.0271e-01  3.0010e+01  6.2909e+01  5.2072e+00  5.3491e+01  9.5211e+01  1.1293e+00  3.6733e-01 -1.3268e+02  1.0062e+03  1.1817e+00  1.7680e-05  4.3767e+06  4.3768e+06
thunorie   F	     33	     80	 1137.0	 233911	-3.8343	  4.5545e-01  5.4329e+01  1.3364e+02  8.5021e-01 -9.8426e+01  1.6099e+03  9.7607e-01  2.9851e-02  5.9597e+02  6.0645e+02
thunthyn   F	 270082	     16	  478.1	  52137	-3.4370	  9.8919e-02 -7.7384e+01  1.6902e+02  1.5188e+01  5.1446e+01  8.9775e+01  1.3128e+00  3.3374e-01 -1.4057e+02  9.4844e+02  1.1829e+00  1.9490e-05  4.2756e+06  4.2757e+06
thymthym   F	 242573	     16	  407.4	 192381	-3.5350	  4.9310e-01  4.9930e+01  1.0193e+02  1.2041e+00 -1.1469e+02  9.4190e+02  8.6942e-01  2.3782e-05  3.9510e+06  3.9511e+06
thyrcurv   F	  22927	     37	   65.6	   1314	-2.0145	  6.3987e-01 -3.1199e+01  8.9949e+01  1.2037e+01  2.3102e+01  5.5958e+01  1.3607e+00  4.0317e-04  2.1271e+05  2.1276e+05
tigrcali   F	  64663	     17	  161.1	  31996	-3.0394	  4.0150e-01 -6.9684e+01  1.3773e+02  1.7080e+01  1.7962e+01  1.8379e+02  1.0147e+00  3.3090e-01 -4.5652e+02  1.6498e+03  1.4793e+00  5.5467e-05  9.0512e+05  9.0522e+05
tigrjapo   F	   1294	     46	  187.0	  34945	-3.0359	  4.6010e-01  4.0787e+01  2.5008e+01  3.2564e+00 -6.0749e+01  5.4025e+02  1.1295e+00  4.3947e-01 -1.2152e+03  3.3201e+03  1.9016e+00  1.0669e-03  1.8113e+04  1.8170e+04
tiliscin   F	 186293	     30	 1533.5	 101522	-3.9245	  9.3887e-02  6.9791e+01  5.4791e+01  7.9244e-01 -2.2709e+02  1.4518e+03  1.2346e+00  1.7271e-05  3.3676e+06  3.3677e+06
tillalbe   F	  35009	     23	   92.8	    763	-2.1911	  6.8470e-01 -7.1704e+01  1.5248e+02  1.1734e+01 -7.6521e+01  2.0372e+02  2.9212e+00  3.3898e-04  3.5329e+05  3.5335e+05
tillanom   F	  18309	     19	   78.4	    573	-1.9581	  8.6215e-01 -2.1683e+01  9.3994e+01  8.4945e+00 -7.2681e+01  1.7176e+02  2.4912e+00  3.3998e-04  1.6514e+05  1.6519e+05
tillcari   F	  25223	     49	   82.1	    935	-1.8889	  9.2210e-01 -2.0457e+02  2.8122e+02  2.6188e+01 -1.3011e+00  1.5575e+02  1.5128e+00  3.3355e-04  2.1943e+05  2.1949e+05
tillcont   F	  24350	     44	   81.9	    844	-1.8788	  9.2373e-01 -2.0462e+02  2.8115e+02  2.6303e+01 -5.6488e+00  1.5162e+02  1.5618e+00  3.3367e-04  2.1069e+05  2.1074e+05
tillindi   F	  25418	     52	   78.6	   1059	-1.9653	  8.2410e-01 -2.0561e+02  2.8004e+02  3.0000e+01 -3.3230e+01  1.3169e+02  1.6759e+00  8.3922e-04  2.1550e+05  2.1555e+05
tillspec   F	  32873	     23	  113.0	   1610	-2.3496	  7.3891e-01 -1.0456e+02  2.0429e+02  9.3575e+00 -5.6500e+01  1.8659e+02  1.8076e+00  2.6055e-01 -3.2627e+02  9.6307e+02  2.8889e+00  4.8693e-04  3.5286e+05  3.5295e+05
tillwalk   F	  22877	     48	   78.4	    691	-1.9374	  8.2323e-01 -1.9816e+02  2.7155e+02  3.0000e+01 -6.8083e+01  1.6322e+02  2.3105e+00  1.0456e-03  1.8971e+05  1.8977e+05
tillwash   F	  26544	     21	   58.6	    880	-1.8518	  7.6436e-01  2.8241e+01  2.6099e+01  5.6577e+00 -2.5447e+01  1.3537e+02  2.0214e+00  7.9265e-04  2.2616e+05  2.2622e+05
timebart   F	  28471	     16	 1630.5	  63264	-3.9075	  8.9322e-02 -8.7610e+01  2.1434e+02  2.2836e+00 -3.5781e+02  1.6722e+03  1.4296e+00  6.5611e-05  5.1237e+05  5.1242e+05
timecris   F	  28956	     16	 1718.0	 147060	-4.0038	  1.4672e-01 -2.6650e-01  1.3044e+02  7.2812e-01 -2.7259e+02  1.6801e+03  1.1914e+00  6.5416e-05  5.3380e+05  5.3385e+05
timedoug   F	  29469	     16	 1642.4	  65756	-3.9122	  5.0182e-02 -8.4118e+02  9.4433e+02  1.7884e+01 -3.9056e+02  1.6404e+03  1.4185e+00  6.2547e-05  5.3106e+05  5.3112e+05
timegene   F	  36573	     16	 1615.3	  63586	-3.9018	  5.2598e-02 -8.3079e+02  9.3004e+02  1.7916e+01 -3.7171e+02  1.6038e+03  1.4221e+00  5.5833e-05  6.5731e+05  6.5737e+05
timepodu   F	   8554	     16	 1194.5	  22730	-3.7156	  1.8173e-01  1.7876e+00  8.1642e+01  8.4068e-01 -4.8729e+02  1.3436e+03  2.0375e+00  5.9575e-01 -1.2094e+03  3.3514e+03  2.5029e+00  1.7204e-04  1.4630e+05  1.4638e+05
timepopp   F	  19425	     16	 1602.3	  68978	-3.9185	  1.2638e-01 -1.7166e+01  1.5195e+02  9.9304e-01 -3.7868e+02  1.7236e+03  1.4129e+00  8.5005e-05  3.5046e+05  3.5051e+05
timeshep   F	  33602	     16	 1638.1	  65622	-3.9088	  3.6408e-02 -8.2069e+02  9.2073e+02  3.0000e+01 -4.3834e+02  1.6559e+03  1.4266e+00  5.6491e-05  6.0555e+05  6.0561e+05
timetaho   F	  35926	     16	 1632.5	  64011	-3.9021	  5.0014e-02  7.0750e+01  4.1475e+01  8.0528e-01 -4.4115e+02  1.6682e+03  1.4427e+00  5.2077e-05  6.4630e+05  6.4636e+05
tinagutt   F	 129788	     28	  874.7	  54684	-3.6719	  7.8212e-02  4.6689e+01  4.8089e+01  2.0014e+00 -1.2439e+02  8.2314e+02  1.2419e+00  2.4738e-05  2.1945e+06  2.1946e+06
tinctinc   F	   6742	     16	  124.5	   2342	-2.6668	  4.8664e-02 -1.9628e+02  2.2039e+02  3.0000e+01  5.1833e+01  3.9911e+01  1.8721e+00  5.7706e-01 -2.2650e+02  4.8363e+02  2.6168e+00  4.0646e-04  8.2766e+04  8.2841e+04
tinebiss   F	  70750	     16	  296.8	  21165	-3.1425	  2.0780e-01  3.3833e+01  3.7798e+01  4.8405e+00 -4.4863e+01  3.3426e+02  1.2197e+00  6.5830e-05  1.0250e+06  1.0251e+06
tinocord   F	  22448	     16	  206.7	  16509	-3.0672	  3.9299e-01  1.1020e+01  8.3373e+01  4.8480e+00 -2.9180e+01  1.8592e+02  3.4141e+00  1.1020e-01 -1.9041e+02  7.2509e+02  1.4644e+00  1.0880e-04  3.1728e+05  3.1737e+05
tiphfemo   F	  39735	     16	  118.5	  55436	-2.8566	  4.6191e-01 -2.0383e+01  9.7893e+01  7.2538e+00  2.9376e+01  1.6704e+02  9.5605e-01  4.7180e-01 -5.0329e+02  2.4963e+03  9.7014e-01  1.1355e-04  5.2294e+05  5.2304e+05
tisbholo   F	  48076	     16	  138.1	  10054	-2.7249	  3.6742e-01 -7.1276e+01  1.2728e+02  3.0000e+01 -3.5584e+01  2.4737e+02  1.3042e+00  1.1876e-04  6.0336e+05  6.0343e+05
tokuosim   F	 182815	     16	 1480.3	 346263	-3.9980	  1.3559e-01  6.5127e+01  3.9746e+01  9.2887e-01 -1.9185e+02  1.3616e+03  9.3078e-01  1.6823e-05  3.3697e+06  3.3698e+06
tolyinfl   F	  15769	     23	   60.2	    752	-1.9466	  6.4926e-01 -2.5674e+00  5.8172e+01  9.3183e+00 -1.4743e+00  6.3707e+01  1.7178e+00  7.7890e-04  1.4125e+05  1.4131e+05
tolyophi   F	  16790	     23	   61.1	    874	-1.9665	  6.8419e-01  9.3491e+00  4.6531e+01  6.9079e+00 -4.7438e+00  7.3704e+01  1.6692e+00  4.9745e-04  1.5218e+05  1.5223e+05
topoyanb   F	  72065	     29	  131.3	 249020	-3.3879	  3.8778e-01 -1.0439e+02  1.6380e+02  3.0000e+01  2.4570e+01  1.5013e+02  8.3956e-01  3.0929e-01 -6.1095e+03  1.6593e+04  1.5469e+00  6.3198e-05  1.1164e+06  1.1165e+06
torpradi   F	  23148	     23	   65.3	   1005	-2.0943	  7.3487e-01  3.3006e+01  2.3347e+01  2.2161e+00 -5.2145e+00  9.0635e+01  1.6594e+00  3.0872e-04  2.2319e+05  2.2325e+05
torrhemi   F	  16828	     25	   59.0	    530	-1.7290	  8.9925e-01  2.1815e+01  3.3332e+01  5.2525e+00 -2.0346e+01  1.2807e+02  2.0434e+00  6.8793e-04  1.3375e+05  1.3381e+05
tortcase   F	   1005	     23	   73.5	   3842	-2.4794	  2.5766e-01  1.3856e+01  3.8037e+01  6.1022e+00  4.9926e-01  7.7316e+01  1.2794e+00  2.1369e-03  1.1477e+04  1.1511e+04
torudelb   F	    170	     51	   72.0	   6113	-2.0828	  7.8557e-01  1.6410e+00  6.1779e+01  7.1067e+00  1.0605e+02  8.9982e+01  1.5546e+00  7.8066e-03  1.6472e+03  1.6691e+03
toruglob   F	    103	     57	   72.5	    inf	-2.0996	  7.8046e-01  5.0730e+01  1.4171e+01  1.7327e+00  2.2977e+01  1.8746e+02  3.3776e+00  9.4684e-03  1.0102e+03  1.0287e+03
tothfusc   F	  32661	     16	   58.0	    654	-1.9008	  7.1689e-01  2.3792e+01  2.9122e+01  5.5338e+00 -3.1864e+01  1.2006e+02  2.3104e+00  2.8835e-04  2.8583e+05  2.8589e+05
toxiradi   F	  64017	     16	  191.6	  55045	-2.9571	  3.9389e-01  3.6158e+01  5.5628e+01  3.4041e+00 -7.0873e+01  3.7469e+02  1.3987e+00  8.8068e-05  8.7295e+05  8.7301e+05
toxocani   F	  99353	     23	  739.7	   5386	-3.3236	  1.4479e-02 -6.4831e+02  7.1822e+02  1.7022e+01 -6.6891e+02  1.2636e+03  3.8683e+00  9.4722e-01 -9.3269e+02  3.0735e+03  3.5807e+00  4.7863e-05  1.5206e+06  1.5207e+06
toxogond   F	  70472	     23	  471.3	   1795	-3.0153	  6.6491e-01 -2.6480e+03  2.9603e+03  1.5294e+01  3.7996e+02  2.8160e+01  5.5183e-01  2.2763e-03  1.5371e+01  5.1638e+02  3.6964e+00  2.4878e-04  9.7945e+05  9.7955e+05
toxojacu   F	 240868	     24	  321.2	  37217	-3.2645	  1.4158e-01  3.4966e+01  5.9188e+01  4.2648e+00  5.1299e+01  1.1141e+02  1.1294e+00  4.1943e-01 -8.3593e+01  6.9512e+02  1.1540e+00  2.1074e-05  3.6206e+06  3.6208e+06
toxoruti   F	  70029	     18	  134.5	 164476	-3.3275	  4.0818e-01 -1.0132e+02  1.6066e+02  3.0000e+01  2.4734e+01  1.1628e+02  8.9008e-01  2.5562e-01 -7.7834e+03  1.7344e+04  1.8665e+00  4.0966e-05  1.0861e+06  1.0862e+06
tracanak   F	 267730	     21	  432.5	  48211	-3.3865	  2.0118e-01  3.6573e+01  5.8490e+01  3.5853e+00 -7.7870e+00  1.6300e+02  2.8649e+00  1.5199e-01 -8.2044e+01  6.9773e+02  1.1467e+00  1.8921e-05  4.1755e+06  4.1756e+06
traccorn   F	  77624	     29	  265.6	  79417	-3.2624	  2.8768e-01  9.6730e-01  7.8879e+01  5.5962e+00  1.0570e+00  3.1941e+02  9.2077e-01  6.8688e-01 -1.1666e+04  2.2869e+04  2.5524e+00  5.4747e-05  1.1657e+06  1.1658e+06
tracfran   F	 238562	     28	 1786.9	 339511	-4.0684	  2.2175e-01  6.4025e+01  8.5211e+01  6.9674e-01 -2.4130e+02  1.8765e+03  9.9880e-01  1.6508e-05  4.4627e+06  4.4628e+06
trachomi   F	      1	    303	  151.5	      2	-1.7876	  1.0000e+00 -6.9083e+01  3.7273e+02  3.0000e+01  9.7038e-01  9.8103e+01  9.2103e+01
tracscri   F	 195969	     23	 1735.2	 283110	-4.0586	  4.9688e-02  6.9165e+01  3.7051e+01  1.0009e+00 -1.1741e+02  1.3698e+03  9.8395e-01  1.3572e-05  3.6590e+06  3.6591e+06
tracsept   F	  74823	     30	  281.0	  89037	-3.2910	  2.9761e-01  1.8521e+01  6.1466e+01  4.1140e+00 -5.9220e+00  3.3448e+02  1.0099e+00  6.4654e-01 -8.3819e+02  7.5771e+03  1.2140e+00  5.6204e-05  1.1336e+06  1.1337e+06
tractrac   F	    857	     25	  562.5	  27213	-3.4075	  1.9895e-01  6.0030e+00  8.9701e+01  5.6663e+00 -1.0804e+03  1.2322e+03  2.9148e+01  1.3611e-01 -2.6244e+02  1.0058e+03  1.4774e+00  1.2869e-03  1.3483e+04  1.3535e+04
traczete   F	  72652	     30	  266.9	  89682	-3.2505	  2.7464e-01 -5.6307e+01  1.3492e+02  1.0425e+01 -3.4326e+01  2.1037e+02  1.8714e+00  3.1023e-01 -3.0985e+01  7.4450e+02  9.2115e-01  5.5753e-05  1.0872e+06  1.0873e+06
tramcerv   F	  75580	     23	   56.8	    335	-1.6044	  8.9988e-01  1.6181e+01  3.7632e+01  7.3780e+00 -2.5945e+01  1.0400e+02  2.3869e+00  4.1394e-04  5.5823e+05  5.5829e+05
tramcing   F	  85320	     23	   58.4	    471	-1.6762	  8.9122e-01  1.8811e+01  3.6211e+01  6.4208e+00 -2.1607e+01  1.1000e+02  2.0377e+00  2.8774e-04  6.5845e+05  6.5851e+05
tramcinn   F	  49321	     42	   58.0	   1169	-1.7138	  7.6372e-01 -3.9565e+01  9.3887e+01  2.0313e+01  3.4369e+01  3.3783e+01  1.0940e+00  2.3628e-01  1.9414e+02  2.0735e+03  2.7562e+01  5.8273e-04  3.8845e+05  3.8854e+05
tramgibb   F	  70679	     23	   58.7	    550	-1.7208	  8.8611e-01  2.6250e+01  2.8822e+01  4.8582e+00 -2.9445e+01  1.2101e+02  1.9817e+00  2.7590e-04  5.6000e+05  5.6007e+05
tramljub   F	  78755	     16	   58.4	    560	-1.6871	  8.8874e-01  1.8646e+01  3.6349e+01  6.4659e+00 -2.2639e+01  1.0927e+02  1.8396e+00  3.0255e-04  6.1174e+05  6.1180e+05
trammaxi   F	  81199	     23	   58.9	    670	-1.7418	  8.8399e-01  2.5372e+01  2.9823e+01  4.9277e+00 -2.5576e+01  1.2351e+02  1.8071e+00  3.2516e-04  6.5077e+05  6.5084e+05
trammeye   F	  81781	     23	   59.1	    525	-1.7254	  8.9100e-01  2.6380e+01  2.8978e+01  4.7091e+00 -2.9442e+01  1.2101e+02  2.0100e+00  2.9032e-04  6.5012e+05  6.5019e+05
trampube   F	  51405	     23	   57.6	   1101	-1.6956	  8.7557e-01  3.2072e+00  5.1585e+01  9.8292e+00 -8.3894e+00  9.7184e+01  1.4602e+00  1.2270e-01  4.3317e+02  2.2064e+03  6.7259e-01  7.9689e-04  4.0146e+05  4.0156e+05
tramsang   F	   1660	     32	   60.5	   3024	-1.7917	  8.3603e-01  2.8194e+01  2.8062e+01  5.0423e+00  1.9670e+01  8.0982e+01  1.2580e+00  2.1802e-03  1.3728e+04  1.3766e+04
tramvers   F	  82058	     16	   58.2	   2068	-1.7165	  8.6982e-01  3.2058e+00  5.1583e+01  9.8292e+00 -8.3891e+00  9.7184e+01  1.4773e+00  1.2501e-01  4.3317e+02  2.2064e+03  6.7872e-01  2.7560e-04  6.4863e+05  6.4873e+05
trapnata   F	  95648	     17	  158.0	   2134	-2.7178	  4.6662e-01  3.1442e+01  6.0163e+01  3.5458e+00 -1.2942e+02  3.7024e+02  2.5169e+00  4.5121e-01 -3.3830e+02  8.4915e+02  5.2927e+00  7.9335e-05  1.1971e+06  1.1972e+06
treckuzn   F	  35472	     16	  175.2	  16557	-2.9332	  3.6384e-01  2.1096e+01  3.5561e+01  7.6183e+00 -1.9643e+01  2.4202e+02  1.0780e+00  4.6855e-01 -2.0274e+03  3.1519e+03  4.1545e+00  1.4879e-04  4.7919e+05  4.7928e+05
trembern   F	 246687	     16	  532.0	  72717	-3.4768	  1.9004e-01  1.3152e+01  7.7374e+01  5.8357e+00  9.5545e+01  9.9506e+01  7.5096e-01  1.4852e-01 -1.2551e+02  7.4270e+02  1.1159e+00  2.5383e-05  3.9514e+06  3.9516e+06
tremence   F	  47161	     23	   52.9	    455	-1.9727	  8.0512e-01 -1.2608e+02  1.7222e+02  1.8199e+01 -9.6420e+01  2.0377e+02  3.6661e+00  2.1813e-03  4.2732e+05  4.2738e+05
tremmese   F	  38759	     17	   80.3	    718	-2.3141	  3.3628e-01 -5.0902e+01  9.5236e+01  3.0000e+01 -2.4976e+01  9.7313e+01  2.1491e+00  3.7278e-01 -8.7968e+02  1.0476e+03  1.6195e+01  2.9534e-04  4.1297e+05  4.1307e+05
trempert   F	  35208	     16	   55.5	    626	-1.8620	  7.0678e-01  3.0435e+01  2.0363e+01  4.4589e+00 -1.9597e+01  1.0171e+02  2.1985e+00  3.6211e-04  3.0187e+05  3.0193e+05
triadimi   F	  38234	     16	  689.4	  83923	-3.5347	  1.8990e-01 -1.1859e+02  1.9751e+02  2.3418e+01  4.4607e+01  7.7548e+01  1.4921e+00  2.2906e-01 -3.5200e+02  1.7242e+03  1.2219e+00  5.1612e-05  6.2335e+05  6.2344e+05
triainfe   F	     10	     76	  168.0	     75	-2.8071	  1.0000e+00  7.5142e+01  1.6683e+01  4.5186e-01  9.0755e-02  1.3128e+02  1.3218e+02
tribcast   F	  79550	     18	   61.1	 110229	-2.7446	  4.7340e-01  1.0468e+01  3.7209e+01  1.0813e+01  2.6623e+01  1.1392e+02  6.0485e-01  3.2153e-01 -2.8360e+03  4.2878e+03  2.9980e+00  9.3944e-05  1.0234e+06  1.0235e+06
tribmade   F	  66149	     28	   54.4	  73807	-2.5589	  5.6738e-01 -5.2249e+01  1.0040e+02  3.0000e+01  2.9298e+01  1.1317e+02  6.2093e-01  2.7345e-01 -2.2988e+03  4.8194e+03  2.5199e+00  9.1796e-05  7.7932e+05  7.7942e+05
tric_lax   F	  99077	     18	  131.3	  11621	-2.6990	  7.6277e-01  4.2937e+01  5.5470e+01  1.7173e+00  4.7102e+00  3.0568e+02  1.0641e+00  2.1290e-01 -3.9934e+02  1.1704e+03  1.6389e+00  4.9085e-05  1.2315e+06  1.2316e+06
tric_lla   F	  53192	     16	   76.9	  51046	-2.6157	  5.7824e-01  2.6130e+01  3.4680e+01  3.2955e+00 -1.5430e-01  1.6908e+02  7.7565e-01  7.9536e-05  6.4004e+05  6.4010e+05
tricabie   F	  83380	     16	   57.8	    485	-1.6741	  8.7541e-01  1.5029e+01  3.9556e+01  7.3699e+00 -2.2208e+01  9.8358e+01  1.9469e+00  2.1972e-04  6.4280e+05  6.4287e+05
tricadha   F	 121705	     18	  139.4	   5307	-2.7366	  6.8303e-01  4.4559e+01  5.5011e+01  1.6279e+00 -4.2085e+01  2.5975e+02  1.3745e+00  2.5520e-01 -6.7724e+02  1.3835e+03  3.1240e+00  4.8296e-05  1.5338e+06  1.5339e+06
tricaggr   F	  20353	     37	   66.5	    848	-1.9974	  6.5471e-01 -3.4852e+01  9.4080e+01  1.1825e+01  1.3976e+01  6.6203e+01  1.6686e+00  4.3558e-04  1.8717e+05  1.8723e+05
tricasah   F	  17973	     37	   59.9	    675	-2.1629	  7.6296e-01  2.5089e+01  2.3180e+01  2.0597e+00 -1.0791e+02  2.4381e+02  3.4464e+00  1.1590e-03  1.7922e+05  1.7928e+05
tricaspe   F	  23636	     17	   69.3	    877	-2.0666	  7.8463e-01  2.7835e+01  3.3977e+01  3.0946e+00 -2.8721e+01  1.1847e+02  1.8474e+00  2.8135e-04  2.2498e+05  2.2503e+05
tricatro   F	  23665	     16	   68.9	   1160	-2.0936	  7.1087e-01  2.2409e+01  3.8368e+01  3.9824e+00 -1.0375e+01  1.0008e+02  1.6467e+00  2.7048e-04  2.2837e+05  2.2843e+05
tricbenh   F	  12521	     19	   69.3	    275	-2.0620	  4.8431e-01 -1.5458e+02  2.1472e+02  2.9999e+01 -1.1052e+03  1.1828e+03  3.0000e+01  1.2163e-03  1.1880e+05  1.1885e+05
tricbisp   F	  23403	     16	   51.6	    796	-1.8214	  7.6666e-01  2.7904e+01  1.9498e+01  3.9539e+00 -4.7095e+00  8.3676e+01  1.6967e+00  4.0404e-04  1.9624e+05  1.9630e+05
tricbrev   F	  25005	     37	   65.6	    561	-1.9185	  6.1845e-01 -1.5857e+01  7.5325e+01  9.5735e+00  2.2267e+01  4.4218e+01  1.7310e+00  1.0318e-03  2.2093e+05  2.2098e+05
tricbrit   F	  77884	     23	   79.6	   6922	-2.5470	  4.7818e-01  2.2960e+01  3.7554e+01  3.8929e+00  5.8735e+00  9.3615e+01  1.0290e+00  3.8393e-01 -1.9526e+02  4.7243e+02  2.1177e+00  8.0497e-05  9.1438e+05  9.1448e+05
tricchia   F	  28537	     21	   61.9	    643	-2.1694	  9.1349e-02 -1.2588e+02  1.6981e+02  2.5960e+01  3.8903e+01  1.3706e+01  1.7811e+00  5.8955e-01 -2.0906e+02  3.4072e+02  4.6900e+00  3.8979e-04  2.8533e+05  2.8542e+05
tricchil   F	  40541	     25	   89.8	 159434	-2.8161	  5.5570e-01 -2.0056e+02  2.7321e+02  2.9988e+01  8.4170e+00  3.6751e+02  7.3797e-01  1.4835e-04  5.2487e+05  5.2493e+05
triccitr   F	  18373	     16	   71.0	    989	-2.1483	  6.4824e-01  3.6669e+01  2.6507e+01  2.3530e+00 -3.4181e+00  7.4865e+01  1.6541e+00  4.9113e-04  1.8174e+05  1.8179e+05
triccla1   F	 152392	     16	 2357.8	 882241	-4.2145	  7.2800e-02  4.9128e+01  4.3539e+01  2.2939e+00 -2.8496e+02  1.8542e+03  8.4667e-01  2.3688e-05  2.9739e+06  2.9740e+06
tricclav   F	      1	    763	  381.5	      4	-2.7564	  1.0000e+00 -2.7009e+03  3.4691e+03  3.0000e+01  9.9682e-01  9.8103e+01  9.2103e+01
tricdros   F	  42318	     17	  333.5	 235012	-3.5028	  4.0992e-01  3.6417e+01  3.0871e+01  2.2904e+00 -3.8784e+02  6.3385e+02  4.4187e+00  1.5382e-01 -3.2071e+02  2.9233e+03  1.0170e+00  1.2807e-04  6.8269e+05  6.8279e+05
tricequi   F	  18649	     23	   68.4	    717	-2.0546	  6.7398e-01 -2.5179e+01  8.6115e+01  1.0142e+01 -3.7929e+01  1.2615e+02  2.3308e+00  3.0231e-04  1.7645e+05  1.7651e+05
tricevan   F	  37294	     25	   84.3	  29822	-2.5309	  6.2665e-01 -1.8885e+02  2.6145e+02  3.0000e+01  4.3840e+00  2.6714e+02  9.1332e-01  2.1856e-04  4.3402e+05  4.3408e+05
tricgams   F	  19548	     23	   66.9	    907	-2.0419	  7.1217e-01 -3.2330e+01  9.1544e+01  1.0493e+01 -9.5132e+00  1.0737e+02  1.8860e+00  3.6079e-04  1.8360e+05  1.8366e+05
tricghan   F	  17739	     16	   70.6	   1053	-2.1407	  7.0873e-01  2.3853e+01  3.8149e+01  3.5812e+00 -3.7122e+01  1.2910e+02  1.9019e+00  4.0404e-04  1.7485e+05  1.7491e+05
tricgueh   F	  34021	     23	   53.1	   1074	-2.1808	  6.5059e-01  8.9676e+00  3.3281e+01  4.4240e+00 -5.4256e+01  1.7549e+02  2.2781e+00  9.8322e-04  3.4158e+05  3.4164e+05
tricguiz   F	  20782	     23	   66.5	    665	-1.9326	  8.3045e-01  1.8487e+01  4.1795e+01  4.7117e+00 -1.5175e+01  1.2099e+02  2.0328e+00  3.4711e-04  1.8493e+05  1.8499e+05
tricharz   F	  27072	     16	   66.8	    881	-2.0185	  7.9448e-01  2.7015e+01  3.3189e+01  3.4605e+00 -3.1326e+01  1.2216e+02  1.8427e+00  2.3742e-04  2.5162e+05  2.5168e+05
trichybr   F	  46863	     23	   59.0	    643	-1.8863	  7.4135e-01  2.2326e+01  3.1655e+01  4.9511e+00 -6.4462e+00  8.1514e+01  1.8969e+00  2.8371e-04  4.0705e+05  4.0711e+05
tricinau   F	  57796	     16	 1668.7	  69016	-3.8893	  1.5187e-01  6.9117e+01  3.6260e+01  8.4081e-01 -5.4468e+02  1.9595e+03  1.4527e+00  4.0940e-05  1.0365e+06  1.0366e+06
tricinte   F	  15739	     23	   66.2	    412	-1.8425	  8.8192e-01  2.0530e+01  4.0642e+01  4.5395e+00 -2.2219e+01  1.0481e+02  2.2150e+00  3.8332e-04  1.3356e+05  1.3361e+05
triclong   F	  21755	     17	   71.6	   1426	-2.1561	  7.1487e-01  3.2710e+01  2.9750e+01  2.6881e+00 -8.1067e+00  1.0139e+02  1.5248e+00  2.8590e-04  2.1601e+05  2.1607e+05
tricmana   F	 185851	     30	 1519.0	 257338	-4.0066	  6.5070e-02  4.6502e+01  4.2841e+01  2.9439e+00  1.0734e+01  3.0092e+02  1.0675e+00  2.5378e-01 -2.2033e+02  1.9668e+03  1.0152e+00  1.4455e-05  3.4278e+06  3.4279e+06
tricmats   F	  86129	     16	   55.2	    812	-1.6572	  8.3571e-01 -4.7079e+01  9.9503e+01  2.1804e+01 -2.7708e+01  8.6574e+01  2.4062e+00  1.5037e-01  2.4901e+01  2.4537e+02  8.3910e-01  1.3777e-04  6.5733e+05  6.5743e+05
tricmuri   F	  71415	     31	   58.9	  10550	-2.3469	  6.4051e-01 -9.2774e+01  1.4496e+02  3.0000e+01 -4.4137e+00  1.7025e+02  1.1436e+00  2.6284e-01 -5.5170e+02  2.0350e+03  2.1080e+00  2.4004e-04  7.6853e+05  7.6864e+05
tricmurr   F	  75575	     23	   79.4	   5416	-2.5301	  4.7341e-01  2.3483e+01  3.6955e+01  3.8275e+00  2.3591e+00  9.5346e+01  1.1124e+00  3.9425e-01 -1.9512e+02  4.7211e+02  2.1696e+00  8.6070e-05  8.8093e+05  8.8103e+05
tricnati   F	  50705	     23	   75.2	   2203	-2.3553	  6.3132e-01 -4.2554e+00  6.4889e+01  6.1302e+00 -5.3942e+01  2.1429e+02  1.8237e+00  1.8129e-04  5.5002e+05  5.5009e+05
tricnels   F	  74099	     23	   79.8	   5746	-2.5375	  4.7599e-01  2.3130e+01  3.7450e+01  3.8680e+00  4.2994e+00  9.3632e+01  1.0800e+00  3.8011e-01 -1.9651e+02  4.7155e+02  2.1842e+00  8.1124e-05  8.6638e+05  8.6648e+05
tricni__   F	 105117	     16	  421.4	  58130	-3.4177	  8.0533e-02 -5.3747e+01  1.3283e+02  1.7957e+01 -3.7330e+00  3.6174e+02  1.0260e+00  6.1627e-05  1.6599e+06  1.6600e+06
tricolea   F	  25087	     16	   40.6	    800	-1.9252	  7.3591e-01  2.6474e+01  8.2278e+00  1.7648e+00 -2.9911e+01  1.2152e+02  2.0854e+00  9.6753e-04  2.2235e+05  2.2241e+05
tricpapu   F	  72149	     23	   79.5	   7379	-2.5410	  5.6428e-01 -3.2665e+00  6.4675e+01  6.0683e+00 -4.1173e+01  2.1936e+02  1.2671e+00  9.9340e-05  8.4315e+05  8.4321e+05
tricpata   F	  77101	     23	   79.1	   5211	-2.5243	  4.7508e-01  2.2733e+01  3.7851e+01  3.9420e+00  2.3968e+00  9.2195e+01  1.1220e+00  3.8568e-01 -1.9504e+02  4.7278e+02  2.0915e+00  8.8113e-05  8.9874e+05  8.9884e+05
tricpenn   F	  26724	     16	  122.9	 214806	-3.2456	  4.5558e-01 -3.3011e+01  9.5747e+01  1.1775e+01 -5.0626e+01  2.1245e+02  1.5747e+00  1.7996e-01 -4.0368e+02  3.3232e+03  1.0269e+00  6.9327e-05  3.9924e+05  3.9933e+05
tricpeta   F	   3570	     19	   47.6	   1809	-1.9632	  6.6411e-01  4.3839e+00  3.8481e+01  7.9023e+00 -6.2269e-01  6.7850e+01  1.2791e+00  9.1084e-04  3.2276e+04  3.2320e+04
tricprae   F	  22723	     16	   62.6	    687	-1.9331	  7.6916e-01  2.8443e+01  2.8554e+01  3.6977e+00 -1.0140e+01  8.9541e+01  1.8622e+00  3.4854e-04  2.0229e+05  2.0234e+05
tricpret   F	  71752	     29	   91.9	 124182	-2.8270	  5.4330e-01 -2.0721e+02  2.7962e+02  2.9909e+01  1.1220e+01  3.5405e+02  7.6947e-01  1.1848e-04  9.3208e+05  9.3215e+05
tricpseu   F	  63293	     16	   80.7	  64018	-2.6700	  5.7388e-01  2.8573e+01  3.3084e+01  2.9009e+00 -6.2573e-02  1.8537e+02  7.5958e-01  7.1135e-05  7.7745e+05  7.7751e+05
tricrees   F	  36416	     16	   74.8	    966	-2.1801	  6.6650e-01  3.0143e+01  3.3993e+01  2.8063e+00 -1.9747e+01  1.1118e+02  1.9269e+00  2.8640e-04  3.6568e+05  3.6574e+05
tricrege   F	  31061	     23	 1314.1	  11677	-3.6174	  1.1451e-01 -2.5218e+02  2.9486e+02  2.7571e+01 -5.8009e+01  2.1733e+02  2.0417e+00  2.1072e-01 -3.6678e+03  5.3058e+03  4.6268e+00  1.0237e-04  5.2019e+05  5.2028e+05
tricrosa   F	 232169	     16	  746.7	  56179	-3.5559	  1.6418e-01 -1.7884e+01  1.0696e+02  9.3161e+00 -6.5126e+00  1.5062e+02  2.5818e+00  1.5486e-01 -1.7431e+02  1.1309e+03  1.2563e+00  1.8485e-05  3.8023e+06  3.8025e+06
tricrubr   F	  18134	     16	   67.1	    468	-1.9554	  7.6479e-01  1.2345e+01  4.8475e+01  5.6385e+00 -7.2468e+01  1.5926e+02  3.1426e+00  3.6721e-04  1.6329e+05  1.6335e+05
tricsarc   F	   2237	     44	   90.6	  13651	-2.5462	  5.5252e-01 -1.7642e+02  2.5163e+02  2.9091e+01  1.5728e+01  1.9243e+02  1.0535e+00  9.9883e-04  2.6219e+04  2.6259e+04
tricsoud   F	  15288	     23	   66.4	    426	-1.8788	  8.4253e-01  2.0985e+01  3.9993e+01  4.4826e+00 -2.8990e+01  1.1132e+02  2.4425e+00  4.5063e-04  1.3231e+05  1.3237e+05
tricspir   F	  74380	     16	   82.0	   5303	-2.5887	  4.4527e-01  1.2425e+01  4.8046e+01  4.6857e+00  1.0698e+01  3.6474e+01  8.6121e-01  1.7160e-01 -4.2630e+01  2.2357e+02  1.5651e+00  8.9620e-05  8.8632e+05  8.8642e+05
tricsuis   F	  73953	     23	   61.2	  16394	-2.5351	  5.1450e-01 -8.9884e+01  1.4129e+02  2.9994e+01 -4.8154e+02  5.3919e+02  2.4798e+01  9.3627e-02 -7.3038e+01  4.1500e+02  1.1832e+00  1.7685e-04  8.6315e+05  8.6326e+05
trict6__   F	  76319	     23	   79.4	   6366	-2.5392	  4.7381e-01  2.2995e+01  3.7305e+01  3.9446e+00  5.3141e+00  9.3451e+01  1.0514e+00  3.8960e-01 -1.9697e+02  4.7142e+02  2.1957e+00  8.6146e-05  8.9290e+05  8.9300e+05
trict8__   F	  75866	     23	   79.8	   5946	-2.5361	  4.6728e-01  2.2409e+01  3.8060e+01  3.9563e+00  5.2260e+00  9.1822e+01  1.0674e+00  3.9960e-01 -1.9861e+02  4.7047e+02  2.2974e+00  9.3573e-05  8.8555e+05  8.8565e+05
trict9__   F	  75597	     23	   79.7	   5704	-2.5410	  4.8543e-01  2.3693e+01  3.6785e+01  3.8208e+00  2.8719e+00  9.3554e+01  1.1094e+00  3.4786e-01 -1.9441e+02  4.7294e+02  1.8986e+00  7.7017e-05  8.9054e+05  8.9064e+05
trictons   F	  18206	     23	   67.7	    551	-2.0047	  7.0894e-01 -6.7190e+00  6.7673e+01  7.8255e+00 -4.9271e+01  1.3411e+02  2.7061e+00  3.0997e-04  1.6800e+05  1.6806e+05
trictric   F	  44298	     23	   58.1	   6225	-2.2792	  6.2237e-01 -9.6909e+01  1.4855e+02  2.9662e+01 -8.5098e+00  8.9258e+01  1.4767e+00  2.0314e-01 -2.4323e+02  7.8788e+02  1.7189e+00  2.2949e-04  4.6466e+05  4.6476e+05
tricvagi   F	    323	     18	  269.5	 308794	-3.8456	  1.0761e-01 -3.9895e+01  1.1250e+02  4.6669e+00  1.6725e+01  1.4488e+02  3.5888e-01  8.9239e-01 -7.3013e+02  3.3100e+03  6.7214e-01  3.8791e-03  5.6886e+03  5.7301e+03
tricverr   F	  12537	     19	   68.9	    300	-2.0649	  4.8040e-01 -1.2041e+02  1.8072e+02  2.5256e+01 -3.3714e+02  4.1202e+02  1.0633e+01  9.8292e-04  1.1921e+05  1.1926e+05
tricviol   F	  15889	     40	   66.4	    727	-1.8980	  8.8848e-01  1.5652e+01  4.5193e+01  5.0334e+00  7.2416e+00  1.3022e+02  1.8026e+00  4.6660e-04  1.3851e+05  1.3857e+05
tricvire   F	  24075	     17	   68.0	    976	-2.0887	  6.5521e-01  1.5664e+01  4.4526e+01  5.1013e+00 -1.1405e+01  9.5358e+01  1.8077e+00  2.9260e-04  2.3158e+05  2.3164e+05
tricvulp   F	 195065	     16	 1765.7	 194313	-4.0568	  1.0034e-01  7.0128e+01  4.5163e+01  8.6957e-01 -8.6486e+01  7.4372e+02  1.1321e+00  4.5237e-01 -4.9729e+02  3.4960e+03  1.1659e+00  1.3883e-05  3.6428e+06  3.6429e+06
triczimb   F	  74019	     23	   79.3	   7032	-2.5390	  5.6331e-01 -3.2708e+00  6.4704e+01  5.9696e+00 -4.3099e+01  2.1758e+02  1.2821e+00  1.0111e-04  8.6424e+05  8.6431e+05
tridmaxi   F	  47185	     16	 1457.5	  65924	-3.7973	  1.0000e+00 -3.8746e+02  1.5384e+03  1.6753e+00  5.5038e-05  8.2676e+05  8.2678e+05
trifprat   F	 155184	     16	  221.8	   8141	-2.9815	  3.8443e-01  3.8006e+01  5.5860e+01  3.1956e+00 -9.8291e+01  4.1282e+02  1.5739e+00  5.5773e-01 -2.6523e+02  1.0124e+03  4.1148e+00  4.4203e-05  2.1309e+06  2.1311e+06
trifrepe   F	    317	     43	  234.5	   3386	-2.9050	  4.2493e-01  3.5863e+01  5.7957e+01  3.1413e+00 -3.2005e+02  6.4321e+02  3.1380e+00  4.4917e-01  4.5762e+02  3.0999e+02  1.6353e+00  3.3107e-03  4.2625e+03  4.3038e+03
tringuia   F	  26352	     17	   66.1	    602	-2.0540	  7.3370e-01  3.4658e+01  2.3487e+01  2.5613e+00 -6.8757e+01  1.6433e+02  2.8512e+00  3.6634e-04  2.4923e+05  2.4929e+05
triocanc   F	  48731	     18	   78.2	  12169	-2.5248	  6.3234e-01  3.3628e+01  2.6323e+01  2.5964e+00 -3.6049e+00  2.3801e+02  1.0905e+00  1.3132e-04  5.6631e+05  5.6637e+05
triolong   F	  15794	     16	  101.4	  18163	-2.7969	  5.6599e-01  3.7381e+01  2.4511e+01  1.8962e+00 -4.2036e+01  3.0353e+02  1.3008e+00  3.6434e-01 -8.7933e+02  3.2074e+03  1.7111e+00  1.6867e-04  2.0333e+05  2.0342e+05
triourti   F	  22307	     16	 1584.9	 114560	-3.8794	  1.0000e+00 -5.5327e+02  1.7470e+03  1.5728e+00  8.2810e-05  4.0013e+05  4.0015e+05
tripdala   F	 256937	     18	  269.6	  43549	-3.2205	  2.7541e-01 -6.9852e+00  9.1205e+01  8.2350e+00  8.0805e+01  9.2560e+01  9.9796e-01  3.1588e-01 -1.0616e+02  8.4451e+02  1.1519e+00  2.3845e-05  3.8088e+06  3.8090e+06
triprosa   F	 252293	     30	  284.9	  62194	-3.2725	  2.6399e-01 -2.5001e+02  3.3487e+02  3.0000e+01  8.4672e+01  1.0054e+02  9.0189e-01  3.6485e-01 -1.0722e+02  9.6903e+02  1.0934e+00  2.4004e-05  3.7973e+06  3.7974e+06
tripwilf   F	 162777	     16	  206.2	   4936	-2.9324	  4.0488e-01  3.3451e+01  5.9213e+01  3.3446e+00 -9.2319e+01  3.6197e+02  1.6835e+00  4.1716e-01 -1.8809e+03  2.5257e+03  8.0787e+00  4.4187e-05  2.1983e+06  2.1984e+06
tripyark   F	  37409	     16	  249.8	  46363	-3.1908	  1.4185e-01 -2.7517e+01  1.0751e+02  1.4314e+01  5.4022e+01  5.6139e+01  1.0486e+00  4.0783e-01 -1.0577e+02  7.4036e+02  1.1039e+00  7.6304e-05  5.4965e+05  5.4974e+05
trisbasa   F	  67004	     17	  165.2	  44637	-3.0081	  4.1358e-01  2.8862e+01  5.3203e+01  4.1080e+00 -9.0964e+00  3.2668e+02  9.6803e-01  9.4291e-05  9.2727e+05  9.2734e+05
tritaest   F	 579367	     16	  169.0	  30715	-2.9961	  4.7716e-01  3.0575e+01  6.0395e+01  3.3236e+00  1.5131e+01  6.2504e+01  4.1798e-01  5.5192e-02 -1.0767e+02  5.4358e+02  1.5195e+00  2.4879e-05  7.9940e+06  7.9941e+06
tritdico   F	 343625	     29	  162.3	  10238	-2.9134	  4.9840e-01  2.6735e+01  6.3762e+01  3.6682e+00 -1.0861e+02  5.1461e+02  1.5339e+00  3.4520e-05  4.6099e+06  4.6100e+06
tritfoet   F	      5	     28	  498.0	    inf	-2.9206	  1.0000e+00 -7.2698e+03  7.5423e+03  3.0000e+01  1.9908e-01  7.7174e+01  7.6002e+01
tritspec   F	  34686	     17	   67.1	    329	-1.7776	  9.4649e-01  2.3396e+01  3.9492e+01  4.3970e+00 -2.7858e+01  1.1249e+02  2.0335e+00  4.4275e-04  2.8383e+05  2.8389e+05
tritturg   F	  10704	     16	  141.7	  14694	-2.8878	  4.6705e-01  3.4294e+01  5.4472e+01  3.5614e+00 -5.4776e+01  3.0706e+02  1.1332e+00  4.0370e-01 -2.3089e+02  7.8620e+02  3.1086e+00  2.0533e-04  1.4241e+05  1.4249e+05
triturar   F	 163145	     18	  162.8	   9746	-2.9129	  4.9973e-01  2.9863e+01  6.0475e+01  3.4758e+00 -1.2281e+02  5.3361e+02  1.5770e+00  4.9316e-05  2.1883e+06  2.1884e+06
trunangu   F	  35879	     23	   62.8	    801	-2.0333	  6.2861e-01  3.2071e+01  2.2829e+01  3.4614e+00 -6.8595e+00  8.9923e+01  1.9597e+00  2.5377e-04  3.3596e+05  3.3601e+05
trypbru1   F	      6	     36	  186.0	    inf	-3.0318	  1.0000e+00 -5.0779e+00  1.2614e+02  1.0069e+00  1.6479e-01  8.9315e+01  8.8690e+01
trypbruc   F	     16	     23	 1324.0	   6569	-3.9076	  6.3888e-02 -9.0472e+01  1.3053e+02  2.9827e+01  2.5690e+00  1.9398e+02  4.7012e-01  4.9076e-01 -2.4950e+03  4.6221e+03  3.2100e+00  6.1751e-02  3.0632e+02  3.1482e+02
trypcong   F	     36	     20	  511.0	  85175	-3.4236	  3.5880e-02  3.7706e+01  2.6801e-01  2.2407e+01 -1.2115e+00  9.9478e+01  1.0057e+00  5.9616e-01 -1.8082e+03  3.9671e+03  1.4368e+00  5.4503e-02  6.2673e+02  6.4415e+02
trypcono   F	      3	    666	 1442.0	    inf	-3.2580	  1.0000e+00 -1.0035e+04  1.1011e+04  3.0000e+01  3.3274e-01  5.0791e+01  4.8087e+01
trypcruz   F	     51	     29	  382.5	  32180	-3.1448	  4.4752e-02 -2.2683e+01  7.8422e+01  1.4880e+01  3.5038e+00  6.9533e+01  1.0731e+00  5.6580e-01 -8.2486e+01  5.3995e+02  1.1050e+00  1.9766e-02  8.7143e+02  8.9268e+02
trypdich   F	  67408	     16	  247.9	 359747	-3.4013	  3.6236e-01  2.1455e+01  3.4466e+01  6.3058e+00 -1.2724e+00  1.6660e+02  8.2014e-01  2.8327e-01  1.1065e+02  3.1984e+03  9.2424e-01  6.4174e-05  1.0555e+06  1.0556e+06
trypelut   F	  26606	     17	   59.2	    595	-1.9144	  7.1947e-01  2.7559e+01  2.5977e+01  4.3490e+00 -2.4410e+01  1.0949e+02  2.3190e+00  3.0709e-04  2.3455e+05  2.3461e+05
trypevan   F	      6	     30	  652.0	    151	-4.3602	  1.0000e+00  2.9900e+01  7.9366e+01  2.2153e-01  1.5246e-01  9.5409e+01  9.4784e+01
trypgray   F	      1	   1324	  662.0	      7	 0.0000	  1.0000e+00 -4.1501e+02  1.6999e+03  3.0000e+01  9.9474e-01  9.8103e+01  9.2103e+01
trypmelo   F	   1070	     38	  103.5	   1170	-2.5557	  6.4269e-01  2.8668e+01  2.6817e+01  1.3096e+00 -3.1857e+03  3.4359e+03  3.0000e+01  1.7859e-03  1.2549e+04  1.2584e+04
tryprang   F	      1	   1487	    inf	    inf	 0.0000	  1.0000e+00 -2.9691e+02  1.8314e+03  3.0000e+01  9.9590e-01  1.6992e+01  1.0992e+01
trypviva   F	     10	    153	  831.0	   8047	-3.7186	  1.9991e-01  1.5290e+02  4.1083e+00  2.5936e-01  3.3577e+02  2.0603e+02  5.0671e-01  9.4336e-02  1.8172e+02  1.8384e+02
tsucwing   F	  35591	     23	   50.2	    280	-1.5238	  8.4878e-01  2.7470e+01  2.0427e+01  5.9286e+00 -2.7304e+01  9.0729e+01  2.7837e+00  7.7616e-04  2.4989e+05  2.4995e+05
tubeborc   F	  40410	     23	   64.4	    822	-2.0001	  7.6836e-01  3.1239e+01  2.6676e+01  2.9772e+00 -1.1267e+01  9.2166e+01  1.7400e+00  2.9363e-04  3.7209e+05  3.7215e+05
tubemela   F	  21080	     16	   63.2	    815	-1.9546	  8.7842e-01  3.6093e+01  2.2217e+01  2.1712e+00  6.2531e+00  5.3907e+01  1.2009e+00  3.7870e-04  1.8980e+05  1.8985e+05
tubesali   F	  45307	     30	  131.2	  42205	-2.9932	  5.3154e-01  3.8780e+01  3.1192e+01  2.3229e+00 -5.8206e+01  6.2254e+02  1.0751e+00  4.6846e-01 -4.7527e+02  2.5996e+03  1.0248e+00  6.8191e-05  6.2443e+05  6.2453e+05
tulacalo   F	 180621	     16	   62.7	   1056	-1.8074	  8.5501e-01  1.5462e+01  4.3306e+01  6.4704e+00  1.0417e+00  7.7644e+01  1.2838e+00  1.8764e-04  1.5035e+06  1.5035e+06
tupachin   F	 180497	     17	 1785.8	 241002	-4.0384	  2.2988e-01  6.1115e+01  8.5681e+01  7.1857e-01 -3.2021e+02  1.9954e+03  1.0844e+00  1.9963e-05  3.3532e+06  3.3532e+06
tupinota   F	  75527	     28	  321.5	  54855	-3.3181	  1.4185e-01 -1.6952e+02  2.4883e+02  3.0000e+01  5.1019e+01  1.3348e+02  9.7365e-01  5.5246e-01 -1.8756e+02  1.1205e+03  1.1518e+00  5.8118e-05  1.1496e+06  1.1497e+06
turnsubu   F	 130777	     16	  167.6	   5597	-2.8886	  1.3713e-01  8.1998e+00  4.5342e+01  8.9467e-01  6.0109e+01  5.2285e+01  1.1466e+00  6.2177e-01 -4.0762e+02  8.7157e+02  3.6527e+00  7.8773e-05  1.7374e+06  1.7376e+06
turstrun   F	 223888	     22	 1495.5	 207680	-3.9973	  1.0218e-01  6.0815e+01  3.7638e+01  1.3381e+00 -5.3305e+01  6.5803e+02  1.0745e+00  4.6946e-01 -3.6070e+02  2.9618e+03  1.0962e+00  1.3940e-05  4.1191e+06  4.1192e+06
tymppall   F	 197738	     20	  902.0	 147704	-3.7660	  1.2009e-01  5.1692e+01  3.8382e+01  1.6290e+00 -6.5947e+01  8.2151e+02  9.9524e-01  1.7071e-05  3.4286e+06  3.4287e+06
typhangu   F	 119473	     29	  208.5	   8827	-3.0090	  3.2612e-01 -2.6930e+02  3.5485e+02  2.8379e+01 -4.0988e+01  1.7485e+02  3.4558e+00  2.1065e-01 -2.3797e+02  8.3360e+02  1.8955e+00  3.9463e-05  1.6556e+06  1.6557e+06
typhlati   F	 120345	     33	  210.9	   9308	-3.0164	  3.1804e-01 -2.6719e+02  3.5269e+02  2.8395e+01 -4.1165e+01  1.7299e+02  3.4659e+00  2.1779e-01 -2.1442e+02  8.1463e+02  1.8406e+00  3.9294e-05  1.6717e+06  1.6718e+06
tytoalba   F	 213511	     16	 1099.3	 196234	-3.8694	  8.6100e-02  5.2767e+01  4.3063e+01  1.9350e+00 -1.0296e+02  9.6299e+02  9.7894e-01  1.4873e-05  3.8040e+06  3.8040e+06
uleiplan   F	  27514	     16	   59.7	  69559	-2.6092	  5.8581e-01 -9.4400e+00  6.2416e+01  1.7050e+01 -1.1879e+03  1.3276e+03  1.5184e+01  1.5595e-01 -5.9009e+02  2.6517e+03  1.2013e+00  1.5613e-04  3.3109e+05  3.3118e+05
ulmumino   F	  45264	     16	  157.6	   3641	-2.7782	  4.9092e-01  4.6387e+01  4.6073e+01  2.6440e+00 -1.8353e+02  4.8384e+02  2.2343e+00  1.1607e-04  5.7919e+05  5.7925e+05
ulobdive   F	 119571	     27	 2765.6	 119433	-4.1222	  8.4209e-02  6.6468e+01  2.7443e+01  1.0890e+00 -7.1827e+02  2.9054e+03  1.3996e+00  2.1151e-05  2.2714e+06  2.2714e+06
ulobplum   F	    628	     16	 2219.0	  94723	-4.0139	  7.1141e-02  6.9492e+01  1.7948e+01  1.2420e+00 -5.5044e+02  2.2157e+03  1.3884e+00  1.5688e-03  1.1627e+04  1.1658e+04
umberama   F	  40107	     19	   70.9	    318	-1.7268	  9.2852e-01  2.0714e+01  4.6328e+01  6.1179e+00 -1.0857e+02  2.0964e+02  3.6914e+00  3.9790e-04  3.1885e+05  3.1891e+05
umbespec   F	  40824	     23	   71.5	    375	-1.7466	  9.2335e-01  2.0484e+01  4.6956e+01  6.1516e+00 -1.0325e+02  2.1402e+02  3.3517e+00  3.5167e-04  3.2828e+05  3.2834e+05
umbipust   F	  18974	     23	   59.2	   3735	-2.0023	  7.1076e-01  2.2327e+01  3.1182e+01  5.6597e+00 -1.6673e+02  2.4275e+02  9.0961e+00  1.7246e-01 -7.5813e+01  3.6183e+02  1.3290e+00  2.6486e-04  1.7493e+05  1.7502e+05
umbocras   F	   2596	     21	 2799.0	  45246	-3.9935	  3.3024e-07  6.6782e+01  6.7249e-06  1.2383e-04 -1.1940e+03  3.0072e+03  1.9348e+00  3.6764e-04  4.8058e+04  4.8099e+04
umbrpygm   F	  44984	     16	  337.5	  16692	-3.2944	  4.2045e-01  6.0850e+01  5.3751e+01  1.2052e+00 -3.0691e+02  6.0639e+02  2.8150e+00  3.0245e-01 -7.7600e+02  2.2813e+03  2.0140e+00  6.3930e-05  6.8274e+05  6.8284e+05
uncirees   F	  16198	     17	   65.1	    648	-2.1155	  5.7257e-01 -1.0270e+01  6.7098e+01  1.0036e+01 -8.8120e+01  1.7492e+02  3.0919e+00  4.5796e-04  1.5788e+05  1.5794e+05
undapinn   F	  72904	     16	  991.9	 108445	-3.7325	  8.8747e-06 -7.7404e+01  2.5100e+02  1.3272e+02 -3.1684e+02  7.6089e+02  1.9443e+00  2.4701e-01  1.1673e+02  7.3018e+02  1.0030e+00  3.5897e-05  1.2564e+06  1.2565e+06
uranlowi   F	  77529	     23	  140.5	 285323	-3.3391	  3.8435e-01 -6.2093e+01  1.2373e+02  2.3149e+01  3.3058e+01  1.4007e+02  6.9289e-01  3.6172e-01 -3.1038e+03  1.3857e+04  1.4428e+00  3.8526e-05  1.1923e+06  1.1924e+06
urocparr   F	 188046	     30	 1382.0	 164163	-3.9323	  7.8519e-02  4.6827e+01  4.2301e+01  2.5947e+00 -1.2923e+01  3.3715e+02  1.1997e+00  2.7016e-01 -2.2647e+02  1.9057e+03  1.0990e+00  1.5489e-05  3.4043e+06  3.4044e+06
uropcaro   F	  47223	     16	 1148.2	 203176	-3.8464	  1.5099e-01  5.1784e+01  3.0033e+01  2.4510e+00 -3.6523e+01  2.4013e+02  2.0848e+00  2.0319e-01 -4.1360e+02  2.1917e+03  1.0719e+00  4.4132e-05  8.3938e+05  8.3947e+05
ursuamer   F	 215016	     30	 1446.7	 197873	-3.9711	  8.4065e-02  5.5420e+01  3.7613e+01  1.9434e+00 -2.0382e+01  4.5964e+02  1.0859e+00  3.5523e-01 -2.4876e+02  2.2359e+03  1.0746e+00  1.3614e-05  3.9303e+06  3.9304e+06
ursuarct   F	 211069	     30	 1437.2	 200778	-3.9690	  8.1999e-02  5.2901e+01  3.9272e+01  2.1381e+00 -1.2092e+01  4.2936e+02  1.0796e+00  3.3445e-01 -2.3486e+02  2.1343e+03  1.0665e+00  1.4142e-05  3.8561e+06  3.8562e+06
ursumari   F	 227375	     16	 1424.6	 190068	-3.9667	  8.0125e-02  5.8070e+01  3.5526e+01  1.7582e+00 -4.7036e+01  5.1307e+02  1.0920e+00  3.9948e-01 -2.7065e+02  2.3320e+03  1.0846e+00  1.3228e-05  4.1517e+06  4.1518e+06
usneflor   F	  39059	     23	   60.1	    566	-1.9642	  6.4591e-01  3.0610e+01  2.2530e+01  3.9264e+00 -1.9959e+01  1.0334e+02  2.4517e+00  2.3354e-04  3.5317e+05  3.5323e+05
ustibrom   F	   3668	     24	   97.4	   1960	-2.3700	  6.9289e-01  2.5538e+01  6.7537e+01  3.3089e+00 -1.8862e+01  1.2457e+02  1.4868e+00  3.0711e-01  6.1158e+02  1.9930e+03  1.9888e+01  1.6533e-03  3.8194e+04  3.8262e+04
ustihord   F	   4130	     16	   96.1	    972	-2.3165	  4.6809e-01 -2.4456e+02  3.3276e+02  3.0000e+01 -5.7444e+01  1.4795e+02  2.4039e+00  1.2420e-03  4.4046e+04  4.4091e+04
ustimayd   F	   7533	     19	   97.3	    842	-2.4076	  2.7931e-01  4.8759e+00  3.6941e+01  1.5239e+00 -1.4358e+02  2.3355e+02  1.4073e+01  5.3311e-01 -2.1867e+02  4.3272e+02  4.7592e+00  7.4139e-04  8.3480e+04  8.3556e+04
ustispec   F	  17942	     20	  138.9	   1112	-2.4329	  1.0680e-01  3.6568e+00  8.3533e+01  1.2645e+00  6.6569e+00  1.1678e+02  3.0171e+00  8.9320e-01 -1.3051e+02  1.0529e+03  6.5764e-01  3.3291e-04  2.0094e+05  2.0102e+05
ustivire   F	  14596	     30	   88.1	    705	-2.2110	  7.0309e-03 -2.9846e+02  3.4273e+02  3.0000e+01  2.5402e+01  5.1229e+01  2.0461e+00  4.5004e-04  1.4857e+05  1.4862e+05
vacccory   F	  15084	     16	  361.0	   8418	-3.1874	  2.9418e-01  3.1801e+01  6.2077e+01  3.4774e+00 -1.0836e+02  3.1707e+02  1.7538e+00  2.7843e-01 -5.3529e+02  1.2847e+03  2.3863e+00  1.5535e-04  2.2158e+05  2.2167e+05
vaccmacr   F	  29773	     16	  325.0	  12748	-3.1191	  4.3495e-01  5.4752e+01  4.4100e+01  1.6891e+00 -4.5374e+02  1.0213e+03  2.6525e+00  5.2279e-01 -1.6685e+01  3.9195e+02  6.3518e-01  1.0293e-04  4.2716e+05  4.2725e+05
vairneca   F	    553	     28	   76.9	  30070	-2.6443	  4.4906e-02 -1.2243e+01  5.6121e+01  9.7125e+00  2.3984e+01  3.6886e+01  7.8324e-01  3.0428e-03  6.7160e+03  6.7462e+03
valelaxa   F	  18109	     17	   69.9	    970	-2.0391	  8.5170e-01  2.8418e+01  3.4101e+01  3.0052e+00 -3.1476e+01  1.4905e+02  1.7743e+00  3.0911e-04  1.7005e+05  1.7010e+05
valsmali   F	  18221	     23	   74.2	   1373	-2.1755	  8.3080e-01  4.0827e+01  2.3604e+01  1.5868e+00 -6.5782e+00  1.0177e+02  1.4708e+00  2.8611e-04  1.8253e+05  1.8258e+05
vandpoly   F	    124	     48	  150.0	   1829	-2.6914	  4.6697e-01 -9.3943e+01  1.9975e+02  1.1312e+01 -3.5513e+02  6.1545e+02  3.6827e+00  7.4007e-03  1.5415e+03  1.5613e+03
vaneatal   F	  91005	     30	  429.8	  72986	-3.4081	  1.2070e-01  3.8668e+01  3.9889e+01  4.2821e+00  5.7529e+00  3.5372e+02  9.6949e-01  4.2948e-05  1.4303e+06  1.4303e+06
vanecard   F	  92442	     23	  538.5	  68202	-3.4886	  1.3518e-01  4.3742e+01  3.5670e+01  3.2366e+00 -2.0081e+01  4.8618e+02  1.0417e+00  4.7931e-05  1.4875e+06  1.4875e+06
vanetame   F	  84671	     28	  438.2	  71911	-3.4222	  1.1345e-01  3.9505e+01  3.8989e+01  4.2551e+00 -5.1529e+00  3.6883e+02  9.8145e-01  4.4466e-05  1.3364e+06  1.3365e+06
vanralbi   F	  29014	     28	   44.0	    586	-1.8157	  9.1963e-01  2.6806e+01  1.1442e+01  1.7287e+00 -7.7367e+01  2.3541e+02  2.9002e+00  2.0184e-03  2.4255e+05  2.4261e+05
vanrpseu   F	  31620	     18	   47.1	    947	-1.9271	  8.1769e-01  2.5710e+01  1.4532e+01  2.1141e+00 -2.7187e+01  1.1860e+02  1.7140e+00  1.5490e-03  2.8068e+05  2.8074e+05
varakomo   F	 197660	     18	 1421.0	 105867	-3.9047	  8.1588e-02  6.7166e+01  4.8941e+01  9.3754e-01 -1.6962e+02  1.3012e+03  1.1869e+00  1.6252e-05  3.5549e+06  3.5550e+06
varamini   F	  52220	     23	   54.3	    595	-1.6573	  8.0952e-01 -6.1001e+01  1.1252e+02  2.7651e+01 -8.3592e+00  7.7808e+01  1.7704e+00  5.0935e-04  3.9855e+05  3.9862e+05
varrdest   F	 101714	     16	  627.0	 104128	-3.6766	  6.9164e-01 -1.8472e+01  3.2699e+02  1.5356e+00 -6.4231e+02  3.3231e+03  1.1979e+00  2.6081e-05  1.7223e+06  1.7223e+06
varrjaco   F	 150168	     16	  779.6	  97798	-3.7803	  6.0441e-01 -1.8118e+02  4.9118e+02  2.2871e+00 -8.3958e+02  3.6909e+03  1.3286e+00  2.2428e-05  2.6139e+06  2.6140e+06
vavrculi   F	      2	     58	   83.0	      1	-1.6987	  1.0000e+00  9.8981e+00  5.3482e+01  5.7305e+00  4.7718e-01  2.1719e+01  1.7799e+01
ventcane   F	  81948	     30	  252.3	 129492	-3.2442	  2.5410e-01 -1.1717e+01  9.6218e+01  6.6715e+00 -1.8187e+01  2.0451e+02  1.7594e+00  4.0537e-01 -2.3019e+01  8.2315e+02  8.3320e-01  4.5057e-05  1.2238e+06  1.2239e+06
ventinae   F	  23501	     42	   55.7	   1006	-1.8611	  6.7135e-01 -3.9397e+01  9.0500e+01  2.3572e+01  2.7157e+01  4.9991e+01  1.4833e+00  2.7498e-01  1.2553e+02  9.1339e+01  1.5211e+00  4.1267e-04  2.0110e+05  2.0119e+05
ventpiri   F	  19993	     42	   55.3	    938	-1.8322	  6.8822e-01 -3.9427e+01  9.0427e+01  2.4240e+01  2.5563e+01  5.0985e+01  1.5469e+00  2.5568e-01  1.3577e+02  8.9989e+01  1.5012e+00  5.3092e-04  1.6848e+05  1.6856e+05
venuechi   F	  22365	     21	   57.9	    604	-1.9009	  7.6162e-01  3.3307e+01  1.9224e+01  3.1477e+00 -3.1965e+01  1.2337e+02  2.3527e+00  4.8464e-04  1.9576e+05  1.9582e+05
venunigr   F	  48763	     25	  593.6	  55484	-3.4722	  1.8380e-01  4.1565e+01  3.0753e+01  2.6878e+00 -6.5119e+01  5.9629e+02  1.1230e+00  7.1217e-05  7.8048e+05  7.8054e+05
verrenal   F	  30788	     16	   56.4	    724	-1.9172	  6.8009e-01  3.0748e+01  2.0506e+01  4.2069e+00 -1.5483e+01  9.7277e+01  2.0463e+00  3.4952e-04  2.7182e+05  2.7188e+05
verrgall   F	  17379	     21	   58.5	    540	-1.8889	  7.5385e-01  2.8699e+01  2.4416e+01  4.2052e+00 -3.8939e+01  1.3617e+02  2.6858e+00  4.8009e-04  1.5116e+05  1.5121e+05
vertalfa   F	  18465	     20	   69.6	   1182	-2.2221	  6.6412e-01  3.8394e+01  1.8719e+01  2.0926e+00 -6.9806e+01  1.9593e+02  2.2784e+00  4.7612e-04  1.8893e+05  1.8899e+05
vertdahl   F	  19057	     17	   64.9	    856	-2.0822	  7.1536e-01  3.6248e+01  2.0346e+01  2.4918e+00 -5.1424e+01  1.5527e+02  2.2923e+00  3.8953e-04  1.8273e+05  1.8279e+05
vertlong   F	  39003	     23	   64.2	  18218	-2.3025	  6.4858e-01  1.0305e+01  4.5556e+01  5.9106e+00  1.3738e+01  1.0684e+02  8.2626e-01  3.3409e-04  4.1187e+05  4.1193e+05
vertnona   F	  16837	     23	   62.3	   1222	-1.9895	  8.3499e-01  3.3057e+01  2.3409e+01  2.7923e+00 -2.8352e+01  1.5942e+02  1.6913e+00  4.8031e-04  1.5423e+05  1.5428e+05
vespcrab   F	  85580	     17	  144.6	 116193	-3.0880	  4.9455e-01  1.7055e+01  6.5434e+01  3.6475e+00 -6.9966e+01  3.3206e+02  1.4948e+00  3.3809e-01 -2.3773e+02  2.6715e+03  9.2894e-01  5.7366e-05  1.2166e+06  1.2167e+06
vespgerm   F	      6	     66	   89.0	     11	-2.1855	  1.0000e+00  5.9940e+01  1.8453e+01  1.0241e+00  1.9871e-01  6.6183e+01  6.5558e+01
vespmacu   F	 103382	     16	  142.7	 114328	-3.0852	  3.5975e-01  2.0939e+00  7.7062e+01  5.3160e+00 -8.4123e+00  2.2654e+02  7.7480e-01  6.2372e-01 -2.8315e+02  2.5432e+03  2.6658e+00  6.9953e-05  1.4677e+06  1.4678e+06
vespmand   F	  85745	     22	  142.6	 114268	-3.0855	  4.7346e-01  8.8631e+00  7.2864e+01  4.3117e+00 -2.5764e+01  2.6924e+02  1.2430e+00  3.6502e-01 -2.3905e+02  2.6037e+03  9.2512e-01  5.4864e-05  1.2182e+06  1.2183e+06
vesppens   F	  80484	     29	  128.1	  98860	-3.0145	  4.9921e-01 -1.4995e+00  8.1764e+01  5.2905e+00 -1.6015e+01  2.6788e+02  1.1885e+00  3.6799e-01 -3.9502e+02  3.1413e+03  9.6414e-01  6.2094e-05  1.1175e+06  1.1176e+06
vespsqua   F	  91748	     16	  145.1	 116958	-3.0919	  3.7764e-01  7.6670e+00  7.2232e+01  4.9365e+00 -1.0082e+01  2.5530e+02  7.8287e-01  6.0808e-01 -3.3069e+02  2.5468e+03  2.7326e+00  5.9944e-05  1.3055e+06  1.3056e+06
vespvelu   F	  88947	     30	  147.4	 112125	-3.0912	  4.5363e-01  5.6449e-01  8.1232e+01  4.8767e+00  1.0451e+01  2.4044e+02  1.0057e+00  4.1112e-01 -2.3725e+02  2.5366e+03  9.1496e-01  5.2099e-05  1.2661e+06  1.2662e+06
vespvulg   F	  87798	     24	  132.2	  89283	-3.0370	  4.9583e-01 -3.4762e+00  8.3600e+01  5.3426e+00 -4.1914e+00  3.1237e+02  9.9605e-01  4.2968e-01 -1.2757e+03  6.8671e+03  1.1802e+00  6.8785e-05  1.2276e+06  1.2277e+06
vicifaba   F	   1525	     16	  113.3	   7106	-2.7637	  1.3548e-01 -2.5726e+02  3.4145e+02  2.5990e+01 -2.0049e+01  1.0962e+02  1.2337e+00  1.2804e-03  1.9372e+04  1.9409e+04
vicivill   F	 236076	     30	  143.2	   9555	-2.8029	  4.9082e-01  3.9846e+01  5.1397e+01  3.1443e+00 -4.1432e+01  3.1548e+02  1.3524e+00  5.3884e-05  3.0456e+06  3.0457e+06
vicupaco   F	 197329	     28	 1360.6	 171161	-3.9335	  7.5047e-02  5.4737e+01  3.6861e+01  2.1187e+00 -2.1535e+01  3.7315e+02  1.1912e+00  2.8438e-01 -2.0083e+02  1.8497e+03  1.0794e+00  1.4707e-05  3.5736e+06  3.5737e+06
viduchal   F	 199564	     20	  898.2	 106118	-3.7335	  1.1207e-01  5.4210e+01  3.8338e+01  1.6925e+00 -7.5994e+01  8.2013e+02  1.0644e+00  1.9571e-05  3.4306e+06  3.4307e+06
vidumacr   F	 192408	     20	  900.4	 107355	-3.7365	  1.0734e-01  5.3366e+01  3.8511e+01  1.7767e+00 -7.9360e+01  8.1909e+02  1.0627e+00  1.9498e-05  3.3103e+06  3.3104e+06
vignangu   F	 134224	     18	  202.7	   9584	-2.9718	  4.6076e-01  4.4988e+01  4.7774e+01  2.3356e+00 -1.0680e+02  4.9634e+02  1.5737e+00  5.2751e-05  1.8363e+06  1.8364e+06
vignradi   F	 144103	     16	  205.7	   9546	-2.9827	  4.5246e-01  4.7439e+01  4.5034e+01  2.1980e+00 -1.3020e+02  5.1701e+02  1.6017e+00  5.2151e-05  1.9791e+06  1.9791e+06
vignumbe   F	 123531	     28	  195.4	   8309	-2.9473	  4.6444e-01  4.5322e+01  4.7276e+01  2.3547e+00 -1.2309e+02  5.0000e+02  1.6529e+00  5.8378e-05  1.6762e+06  1.6763e+06
vignungu   F	 146631	     16	  190.5	   8436	-2.9442	  4.7087e-01  4.6506e+01  4.5914e+01  2.2898e+00 -1.3486e+02  5.1325e+02  1.6544e+00  5.3838e-05  1.9877e+06  1.9878e+06
violpalu   F	  18040	     24	  139.0	   1112	-2.4329	  1.0680e-01  3.6568e+00  8.3533e+01  1.2645e+00  6.6569e+00  1.1678e+02  3.0171e+00  8.9320e-01 -1.3051e+02  1.0529e+03  6.5764e-01  3.3052e-04  2.0232e+05  2.0241e+05
vitepara   F	 121244	     18	  442.0	  58210	-3.3917	  3.6681e-01  4.3583e+01  5.6125e+01  2.2405e+00 -1.8447e+02  3.3439e+02  2.8306e+01  1.5943e-04 -1.2142e+02  8.0777e+02  1.1303e+00  2.9119e-05  1.8944e+06  1.8945e+06
vitiripa   F	 137256	     27	  270.0	  24662	-3.1793	  3.0938e-01  1.6389e+01  7.5069e+01  4.9043e+00  5.0719e+00  1.4448e+02  1.6833e+00  2.2435e-01 -1.6574e+02  8.7172e+02  1.3549e+00  3.1169e-05  2.0093e+06  2.0094e+06
vitivini   F	 141985	     16	  307.3	  57730	-3.2777	  3.7413e-01  4.6943e+01  4.7510e+01  2.4181e+00  2.4303e+02  1.9331e+02  3.9183e-07  1.3681e-06 -1.1054e+02  6.2462e+02  1.0657e+00  3.1745e-05  2.1525e+06  2.1526e+06
vitrbras   F	 174734	     42	   83.0	    467	-1.9891	  9.7091e-01 -1.0952e+02  1.8505e+02  1.1421e+01 -1.0920e+03  1.3668e+03  1.2669e+01  1.3940e-04  1.6001e+06  1.6002e+06
vittcorn   F	      2	     26	  194.0	      2	-1.0397	  1.0000e+00  2.5900e+01  2.6131e-01  4.6759e-01  8.0886e-01  2.3065e+01  1.9145e+01
vollemer   F	  83769	     29	  228.8	  80836	-3.1754	  2.7512e-01 -2.9248e+02  3.7023e+02  3.0000e+01  1.4643e+01  2.3841e+02  9.3804e-01  6.8391e-01  1.2605e+03  3.0531e+03  9.0139e-01  6.2126e-05  1.2264e+06  1.2265e+06
volvcart   F	  99833	     16	  358.5	   3574	-3.0443	  3.2970e-02 -2.1682e+02  2.9100e+02  3.0000e+01 -1.5661e+03  1.7566e+03  1.6205e+01  4.6658e-01  1.8736e+01  4.2701e+02  2.1710e+00  7.2159e-05  1.4009e+06  1.4010e+06
volvvolv   F	  64052	     19	   56.5	    804	-1.9031	  6.8766e-01  1.0107e+01  4.2149e+01  9.0523e+00 -4.3332e+02  4.8722e+02  2.0107e+01  1.6234e-01 -1.0008e+02  2.4871e+02  2.6213e+00  2.7803e-04  5.6140e+05  5.6150e+05
vombursi   F	 205720	     29	 1805.4	 269776	-4.0689	  5.3754e-02  6.5499e+01  3.2058e+01  1.5460e+00 -1.3161e+02  4.0399e+02  2.1193e+00  1.8245e-01 -2.0822e+02  2.0644e+03  1.0312e+00  1.2958e-05  3.8537e+06  3.8538e+06
vuilcome   F	 118945	     23	   54.9	    667	-1.6253	  8.6190e-01 -6.0489e+00  5.8126e+01  1.3151e+01 -4.0446e+00  7.9549e+01  1.5474e+00  2.9321e-04  8.9087e+05  8.9094e+05
vulplago   F	 219909	     30	 1503.7	 250247	-4.0031	  8.4595e-02  5.9037e+01  3.4709e+01  1.6533e+00 -1.5277e+01  4.4761e+02  1.0310e+00  3.4531e-01 -2.2587e+02  2.2571e+03  1.0276e+00  1.2747e-05  4.0527e+06  4.0528e+06
vulpvulp   F	 193024	     30	 1422.4	 168382	-3.9506	  8.2968e-02  5.5296e+01  3.7156e+01  1.9680e+00 -2.0333e+01  4.2316e+02  1.1013e+00  3.4011e-01 -2.5937e+02  2.1782e+03  1.1133e+00  1.5200e-05  3.5099e+06  3.5100e+06
wallicht   F	  11708	     23	   49.0	    606	-1.4176	  9.2821e-01  6.1278e-01  4.6300e+01  1.3678e+01 -1.0616e+00  8.4754e+01  1.3345e+00  1.2992e-03  7.6395e+04  7.6447e+04
wallmell   F	  13024	     23	   47.4	  12294	-1.4039	  9.5245e-01 -7.0290e+01  1.1586e+02  3.0000e+01  1.1569e+01  5.5605e+01  9.6248e-01  3.2558e-03  8.8430e+04  8.8482e+04
wallsebi   F	  15871	     16	   46.9	   7896	-2.4628	  6.7153e-01  2.9832e+01  1.5582e+01  5.9240e+00  1.6806e+01  9.1492e+01  1.9876e-01  2.1000e-01 -2.8639e+03  4.3843e+03  2.1759e+00  1.6067e-03  1.4856e+05  1.4865e+05
wasmauro   F	  83673	     30	  242.3	  83400	-3.1798	  2.4987e-01 -5.2121e+01  1.3451e+02  1.0854e+01  2.0914e+01  2.4615e+02  8.5962e-01  5.3924e-05  1.2257e+06  1.2257e+06
watascin   F	    686	     16	  298.0	   3054	-3.0241	  2.4534e-01  1.0713e+01  2.0025e+01  1.1446e+00 -1.1044e+02  2.4411e+02  4.3605e+00  2.5743e-01 -2.0677e+02  6.9211e+02  3.0744e+00  1.4995e-03  9.5624e+03  9.6122e+03
watesuba   F	 154823	     17	 1041.9	  27357	-3.6854	  1.4912e-01  6.8509e+01  6.3184e+01  9.1262e-01 -1.6986e+02  5.1766e+02  2.1960e+00  2.4855e-01 -6.1127e+02  1.9880e+03  1.8614e+00  2.5981e-05  2.6281e+06  2.6282e+06
westorna   F	  22293	     17	   56.6	    624	-1.8945	  7.0011e-01  3.3411e+01  1.8028e+01  3.6059e+00 -1.9188e+01  1.0149e+02  2.2136e+00  3.8035e-04  1.9452e+05  1.9458e+05
wickanom   F	   3338	     16	   60.5	  19820	-2.3973	  4.5147e-01 -6.9087e+01  1.2280e+02  2.9933e+01  8.6336e+00  7.3734e+01  8.3904e-01  8.0144e-04  3.6858e+04  3.6901e+04
wickcife   F	   1113	     59	   97.3	    964	-2.4411	  6.2101e-01 -2.8256e+02  3.5601e+02  2.4511e+01 -6.5424e+02  8.8217e+02  7.1218e+00  2.5614e-03  1.2565e+04  1.2600e+04
wickdome   F	    457	     24	   93.3	   3766	-2.5512	  1.0000e+00  7.7109e+00  5.9880e+01  1.2794e+00  3.5535e-03  5.3663e+03  5.3787e+03
wicksorb   F	    325	     20	   59.8	   1470	-2.2896	  2.7131e-01 -7.7526e+01  1.2092e+02  3.0000e+01 -6.5908e+00  7.1752e+01  1.6461e+00  4.5696e-03  3.4345e+03  3.4610e+03
wilcmiko   F	  32554	     16	   58.4	    673	-1.8782	  7.3118e-01  4.8636e+00  4.8807e+01  8.4663e+00 -1.4172e+01  9.2910e+01  1.9868e+00  3.0954e-04  2.8157e+05  2.8163e+05
withsomn   F	  58277	     16	  358.6	  27534	-3.2722	  1.5793e-01 -1.0444e+02  1.8989e+02  1.7979e+01  4.8039e+01  6.6577e+01  1.3214e+00  3.0359e-01 -2.3136e+02  9.5388e+02  1.3931e+00  5.8182e-05  8.7829e+05  8.7839e+05
wolfcoco   F	  75363	     16	   56.2	   1421	-1.6979	  8.5337e-01  3.8179e+00  4.9251e+01  1.0143e+01 -7.2419e+00  8.6528e+01  1.5392e+00  1.4280e-01  3.9327e+02  2.1485e+03  6.9444e-01  2.7267e-04  5.8902e+05  5.8913e+05
wollnobi   F	  52488	     16	  296.0	 146805	-3.5802	  6.7831e-01  6.5642e+01  6.6036e+01  9.3263e-01  7.4350e+02  2.5454e+03  7.6739e-01  8.5330e-02 -2.1344e+04  3.0377e+04  3.3559e+00  3.8861e-05  8.7857e+05  8.7867e+05
wuchbanc   F	  74674	     23	  226.1	   1459	-2.7811	  7.6688e-03 -2.9150e+02  3.2820e+02  2.9651e+01 -7.6355e+01  1.7243e+02  6.0707e+00  2.3550e-01 -1.4778e+02  3.7808e+02  3.4665e+00  9.8485e-05  9.5648e+05  9.5658e+05
wyeosmit   F	  68572	     18	  121.7	 214486	-3.2328	  4.1536e-01 -9.5735e+01  1.5457e+02  3.0000e+01  3.0065e+01  1.4905e+02  7.2731e-01  3.3380e-01 -7.1062e+03  1.6334e+04  1.6561e+00  4.1404e-05  1.0347e+06  1.0348e+06
xantdend   F	  45389	     26	   93.9	    585	-2.0092	  9.3347e-01 -1.8398e+02  2.7059e+02  1.7534e+01 -4.1403e+01  2.2162e+02  2.4543e+00  2.9725e-04  4.1887e+05  4.1893e+05
xantpari   F	  25916	     16	   58.7	    569	-1.9166	  7.3367e-01  3.3061e+01  2.0101e+01  3.2801e+00 -3.6560e+01  1.2050e+02  2.4582e+00  4.2983e-04  2.2883e+05  2.2889e+05
xantsorb   F	    128	     76	  271.0	 138206	-3.0686	  5.2923e-01  5.4338e+01  5.3081e+01  1.6060e+00 -7.2042e+03  7.7168e+03  3.0000e+01  4.1321e-01  2.7669e+03  1.0063e+03  4.8927e-01  7.4079e-03  1.8140e+03  1.8454e+03
xantxant   F	   1866	     26	  841.0	  81408	-3.6337	  1.9495e-01  5.1328e+01  2.7544e+01  1.3324e+00 -1.0766e+02  8.5255e+02  1.1138e+00  5.5645e-04  3.1256e+04  3.1294e+04
xenavaga   F	 111382	     23	   60.8	    721	-1.8030	  8.4597e-01  1.2838e+01  4.3815e+01  6.5365e+00 -9.1019e+00  8.7043e+01  1.6039e+00  1.5889e-04  9.2434e+05  9.2441e+05
xeni_nia   F	  61358	     16	  249.8	 653388	-3.2196	  4.3439e-01  5.5862e+01  2.7814e+01  1.0818e+00 -6.5049e+02  9.8556e+02  4.6419e+00  3.3098e-01 -1.1226e+01  7.3612e+02  5.6558e-01  6.6355e-05  9.1024e+05  9.1034e+05
xenobock   F	  64971	     16	  152.7	  20271	-2.9067	  4.1263e-01  5.6250e+01  2.5174e+01  1.6998e+00 -3.2309e+01  2.5999e+02  1.0929e+00  1.0420e-04  8.7050e+05  8.7056e+05
xenocheo   F	  31805	     27	   98.0	  44130	-2.8559	  4.5730e-01 -3.7742e+01  1.0090e+02  1.5720e+01  2.9258e+01  1.4064e+02  1.0201e+00  3.8521e-01 -7.4348e+02  3.1734e+03  1.3907e+00  1.1589e-04  4.1853e+05  4.1862e+05
xenolaev   F	 355111	     16	 1324.4	 115816	-3.8774	  4.7698e-02 -5.3995e+01  1.3941e+02  1.4951e+01  4.7201e+01  1.5450e+02  1.0080e+00  1.7413e-01 -2.1416e+02  1.4778e+03  1.1664e+00  1.1766e-05  6.3402e+06  6.3403e+06
xenotrop   F	 346354	     25	 1128.1	  91884	-3.8011	  5.6186e-02  2.3955e+01  6.2376e+01  5.9926e+00 -1.0983e+01  1.6552e+02  2.6248e+00  8.8382e-02 -1.4504e+02  1.1393e+03  1.1702e+00  1.7030e-05  6.0632e+06  6.0633e+06
xerobadi   F	  84880	     23	   54.7	    447	-1.6254	  8.4593e-01  1.5075e+01  3.6708e+01  7.9522e+00 -8.5392e+01  1.5024e+02  5.0524e+00  1.4312e-01  7.3422e+01  2.5899e+02  1.5362e+00  3.1384e-04  6.3542e+05  6.3552e+05
xiphcame   F	      4	    150	  369.0	     10	-3.0726	  1.0000e+00  1.4990e+02  7.4007e+00  2.6303e-01  2.2336e-01  5.2962e+01  5.1121e+01
xiphcouc   F	 253328	     20	  489.9	  44108	-3.3761	  9.4981e-02 -3.9344e+01  1.2255e+02  1.5152e+01  5.2429e+01  4.4412e+01  1.3271e+00  3.0934e-01 -1.7433e+02  9.8682e+02  1.2573e+00  2.0012e-05  3.9399e+06  3.9401e+06
xiphglad   F	 245260	     28	  506.0	  43899	-3.4405	  1.5020e-01  3.0065e+00  9.2576e+01  6.2180e+00  1.9083e+00  1.5767e+02  2.4153e+00  2.2157e-01 -1.1620e+02  8.6001e+02  1.2272e+00  1.8487e-05  3.8858e+06  3.8859e+06
xiphhell   F	 256242	     16	  474.2	  43619	-3.3650	  2.8903e-01  2.4464e+01  6.0454e+01  4.4108e+00 -1.7478e+03  1.8950e+03  3.0000e+01  1.1652e-01 -1.0247e+02  9.2974e+02  1.2398e+00  2.4750e-05  3.9720e+06  3.9721e+06
xiphmacu   F	 251886	     28	  479.5	  42052	-3.3608	  2.5399e-01 -9.0571e+01  1.7379e+02  1.5018e+01 -7.2995e+01  2.1165e+02  4.2083e+00  1.4775e-01 -1.1736e+02  9.3561e+02  1.2553e+00  2.2314e-05  3.8993e+06  3.8994e+06
xiphnoto   F	   3767	     16	  732.5	  84391	-3.4135	  3.0391e-01  1.3759e+01  5.0770e+01  5.5274e-01 -5.9289e+03  6.6764e+03  1.3765e+01  3.6260e-04  5.9416e+04  5.9460e+04
xylabamb   F	  25688	     23	   66.8	    495	-2.0489	  6.5185e-01  3.5792e+01  2.1485e+01  2.5691e+00 -4.7836e+01  1.3568e+02  3.0937e+00  3.9046e-04  2.4238e+05  2.4243e+05
xylahypo   F	  33948	     23	   67.8	    558	-2.1049	  5.9693e-01  2.8457e+01  2.8267e+01  3.6798e+00 -6.5228e+01  1.6083e+02  3.2371e+00  2.6467e-04  3.2940e+05  3.2946e+05
xylaspec   F	  37733	     23	   74.3	    632	-2.1002	  8.1094e-01  3.0085e+01  3.5447e+01  2.5381e+00 -4.2467e+01  1.3135e+02  2.2919e+00  2.0748e-04  3.6501e+05  3.6507e+05
xyloheve   F	  22556	     18	   66.0	    587	-2.0308	  6.8859e-01  2.9127e+01  2.8422e+01  3.5589e+00 -3.5075e+01  1.3058e+02  2.6447e+00  3.5480e-04  2.1102e+05  2.1107e+05
xyloviol   F	  43166	     26	  111.1	  50138	-2.8236	  4.6549e-01 -2.4993e+02  3.2659e+02  2.9899e+01  1.8739e+01  2.2135e+02  8.6073e-01  1.0828e-04  5.6200e+05  5.6206e+05
xyratexa   F	 406795	     16	  640.8	  80334	-3.6021	  1.5327e-01  2.2569e+01  6.9139e+01  4.7654e+00  4.1268e+01  1.5845e+02  1.0636e+00  3.7406e-01 -3.4277e+02  1.8809e+03  1.2368e+00  1.2878e-05  6.7478e+06  6.7479e+06
yamatenu   F	   1070	     19	   78.0	   2232	-2.4716	  1.3001e-01  1.7988e+01  3.4842e+01  8.4990e+00 -9.7713e+00  7.6803e+01  1.5284e+00  2.9621e-03  1.2181e+04  1.2216e+04
yarr_wia   F	     29	     84	  433.0	   4138	-3.7067	  1.7300e-01  8.3900e+01  2.1487e+01  2.4311e-01 -3.4672e+00  4.4492e+02  9.2024e-01  3.3271e-02  4.8480e+02  4.9437e+02
yarrlipo   F	   1873	     41	  196.7	   3460	-2.7836	  5.6546e-01  3.5330e+01  2.9151e+01  1.0643e+00  4.1996e+01  2.8096e+02  2.2767e+00  1.4913e-03  2.3893e+04  2.3932e+04
ylisball   F	 161379	     18	  661.3	  36782	-3.5190	  5.2579e-09 -2.2242e+03  2.7145e+03  1.3679e+01 -5.1087e+01  5.4016e+02  1.2543e+00  2.5955e-05  2.6162e+06  2.6163e+06
zalocali   F	 233680	     30	 1523.2	 266537	-4.0138	  6.6951e-02  3.4438e+01  5.6599e+01  3.6709e+00  6.8168e+00  3.6722e+02  1.0341e+00  3.0990e-01 -2.2492e+02  2.1304e+03  1.0129e+00  1.2151e-05  4.3171e+06  4.3172e+06
zancculi   F	   5718	     39	  125.6	   3139	-2.6267	  2.3776e-01 -8.6865e+01  1.3765e+02  1.7912e+01  2.7936e+01  1.0209e+02  1.4702e+00  5.8402e-04  6.9236e+04  6.9283e+04
zantarma   F	 121503	     16	  195.6	 143036	-2.9995	  5.0558e-01  5.6507e+01  4.1022e+01  1.6072e+00  1.1303e+01  1.8464e+02  4.6615e-01  1.1359e-01 -5.2518e+02  9.5316e+02  3.4650e+00  6.1412e-05  1.6773e+06  1.6774e+06
zasmcell   F	  23940	     17	   56.3	    903	-1.8152	  7.3406e-01  6.3526e+00  4.6281e+01  1.0085e+01  2.3247e+00  7.0869e+01  1.5592e+00  4.0692e-04  2.0007e+05  2.0013e+05
zea_mays   F	 176399	     16	  149.5	  42797	-2.9620	  4.0416e-01 -3.3822e+02  4.2491e+02  3.0000e+01  5.8740e+01  1.4889e+02  7.7345e-01  3.7560e-01 -2.3201e+02  7.1065e+02  1.5978e+00  4.6239e-05  2.3977e+06  2.3978e+06
zereceso   F	  85299	     29	  470.1	  38378	-3.4054	  7.7756e-02  1.3473e+01  6.5471e+01  7.3855e+00 -6.2747e+00  3.9637e+02  1.1403e+00  4.9967e-05  1.3407e+06  1.3408e+06
zeugcucu   F	  63495	     16	  118.0	 165361	-3.1248	  4.2818e-01 -3.5772e+01  9.8190e+01  1.3498e+01 -9.9773e-01  1.4102e+02  1.3613e+00  2.4420e-01 -3.2099e+02  2.3226e+03  9.7906e-01  4.5166e-05  9.1329e+05  9.1339e+05
zingoffi   F	 357532	     16	  153.3	  30779	-3.0055	  5.0664e-01  2.9301e+01  5.4806e+01  3.3465e+00 -7.3475e+01  5.5527e+02  1.1417e+00  4.7687e-05  4.9422e+06  4.9423e+06
zizijuju   F	 123960	     24	  206.4	   5198	-2.9233	  4.2826e-01  3.4914e+01  6.4485e+01  2.7766e+00 -1.0493e+02  4.1045e+02  1.8117e+00  5.1483e-01 -1.9221e+02  8.9962e+02  4.2388e+00  5.4387e-05  1.6687e+06  1.6688e+06
zonoalbi   F	 150575	     16	 1069.7	 177591	-3.8606	  5.1408e-02  4.5110e+01  4.4836e+01  2.9824e+00 -1.4003e+02  9.2752e+02  9.9760e-01  2.2365e-05  2.6808e+06  2.6808e+06
zonoleuc   F	 192200	     23	  975.0	 127016	-3.7806	  1.0242e-01  5.3160e+01  3.8376e+01  1.8187e+00 -7.7437e+01  8.7383e+02  1.0417e+00  1.7901e-05  3.3464e+06  3.3465e+06
zootneva   F	 183511	     16	  817.9	  43774	-3.6412	  8.7560e-02  5.4426e+01  5.3584e+01  1.3464e+00 -1.2610e+02  8.1930e+02  1.3077e+00  3.0947e-05  3.0806e+06  3.0807e+06
zootvivi   F	  70851	     16	 1454.7	  89979	-3.9020	  6.1042e-02  6.2475e+01  4.7868e+01  1.3644e+00 -2.1902e+02  1.3679e+03  1.2493e+00  3.4789e-05  1.2743e+06  1.2743e+06
zopfrhiz   F	  43653	     16	   57.7	    908	-2.0055	  5.8140e-01  2.7049e+01  2.4824e+01  5.0113e+00 -4.8458e+00  7.5615e+01  1.7751e+00  2.8666e-04  4.0326e+05  4.0332e+05
zophatra   F	  59999	     20	   61.6	 403749	-2.9989	  4.5879e-01 -6.7129e+01  1.1672e+02  3.0000e+01  3.2854e+01  9.9333e+01  5.6138e-01  3.0964e-01 -1.1842e+03  5.1728e+03  1.0778e+00  1.0235e-04  8.0877e+05  8.0887e+05
zophmori   F	 142438	     30	   59.8	 561025	-2.6041	  5.7543e-01 -9.2151e+01  1.4289e+02  2.9942e+01 -4.7046e+02  5.5071e+02  1.9227e+01  9.0020e-02  2.1390e+01  4.1867e+02  5.8272e-01  5.2898e-05  1.7048e+06  1.7049e+06
zostmari   F	 175893	     20	  110.4	   9848	-2.6837	  6.0122e-01  1.9576e+00  8.2056e+01  5.2654e+00 -4.3558e+01  3.2964e+02  1.3511e+00  3.8480e-01  6.3851e+02  2.0639e+03  1.6510e+00  8.1390e-05  2.1727e+06  2.1729e+06
zychmexi   F	  63873	     23	   90.2	    707	-2.0902	  9.1728e-01 -1.0000e+01  9.1833e+01  5.1150e+00 -1.8673e+01  1.2482e+02  1.5796e+00  1.7586e-04  6.1457e+05  6.1463e+05
zygafaus   F	  42755	     16	  694.1	  52283	-3.5897	  8.3843e-02  4.1802e+01  4.0822e+01  4.0588e+00 -1.2204e+02  6.8929e+02  1.2025e+00  6.5100e-05  7.0813e+05  7.0819e+05
zygobail   F	    297	     24	   57.4	   3657	-2.3051	  1.0000e+00  1.8331e+01  2.6121e+01  1.0728e+00  5.6691e-03  3.1493e+03  3.1603e+03
zygohell   F	   2421	     23	   74.1	   1357	-2.3172	  4.3642e-01  3.4866e+01  2.2030e+01  2.2199e+00 -1.3508e+01  9.7452e+01  1.7893e+00  1.3578e-03  2.5843e+04  2.5884e+04
zygomrak   F	    170	     29	   82.0	    inf	-2.3028	  6.8522e-01 -2.7977e+02  3.4977e+02  3.0000e+01 -3.4526e+03  3.6827e+03  3.0000e+01  6.4163e-03  1.8147e+03  1.8366e+03
zygopara   F	    374	     50	   68.7	    737	-2.0160	  8.3475e-01  3.9736e+01  2.1833e+01  2.6039e+00 -5.8693e+01  2.4266e+02  2.9495e+00  5.8456e-03  3.4854e+03  3.5129e+03
zygoroux   F	    145	     47	   79.5	    642	-2.1205	  8.0675e-01 -1.7379e+02  2.4391e+02  2.1569e+01 -1.0289e+02  3.2929e+02  4.4615e+00  8.4459e-03  1.4321e+03  1.4530e+03
zymoarda   F	  15338	     24	   58.3	   1282	-1.8272	  7.8991e-01  2.6477e+01  2.7668e+01  5.4749e+00  8.1051e+00  8.7138e+01  1.3893e+00  5.3196e-04  1.2905e+05  1.2911e+05
zymobrev   F	  14700	     23	   58.2	   1076	-1.8074	  7.9365e-01  2.6696e+01  2.7439e+01  5.4929e+00  6.6524e+00  8.6384e+01  1.4737e+00  5.3820e-04  1.2237e+05  1.2243e+05
zymopseu   F	  15549	     22	   58.1	   1071	-1.7959	  7.9963e-01  2.5277e+01  2.8772e+01  5.7809e+00  8.9633e+00  8.4687e+01  1.4545e+00  5.1508e-04  1.2861e+05  1.2867e+05
zymotrit   F	  21217	     18	   61.4	   1107	-2.0655	  6.4845e-01  3.0731e+01  2.3617e+01  4.5053e+00 -3.3036e+01  1.4473e+02  2.0568e+00  3.2019e-04  2.0173e+05  2.0179e+05
